date,d5y_bp,d10y_bp,fx_ret_pct,oas_bp,doas_bp,etf_ret_pct,etf_ret_tr_pct,etf_ret_rmb_pct,etf_rate_attrib_tr_pct,etf_spread_proxy_tr_pct,is_exdate,div_yield_pct
2021-08-03,-1.0,-1.0,0.1237,,,0.043,0.043,0.1667,0.0511,-0.0081,False,0.0
2021-08-04,2.0,0.0,-0.0696,,,0.0621,0.0621,-0.0075,-0.0013,0.0634,False,0.0
2021-08-05,5.0,4.0,-0.0727,,,-0.1626,-0.1626,-0.2353,-0.1417,-0.0209,False,0.0
2021-08-06,5.0,8.0,0.3353,,,-0.3308,-0.3308,0.0045,-0.2589,-0.0719,False,0.0
2021-08-09,2.0,2.0,0.0494,,,-0.0817,-0.0817,-0.0323,-0.0599,-0.0218,False,0.0
2021-08-10,3.0,3.0,-0.0077,,,-0.0481,-0.0481,-0.0558,-0.0969,0.0488,False,0.0
2021-08-11,-1.0,-1.0,-0.1065,,,0.1489,0.1489,0.0424,0.0511,0.0978,False,0.0
2021-08-12,2.0,1.0,-0.0015,,,0.0048,0.0048,0.0033,-0.0306,0.0354,False,0.0
2021-08-13,-4.0,-7.0,-0.0216,,,0.3211,0.3211,0.2995,0.2501,0.071,False,0.0
2021-08-16,-4.0,-3.0,-0.0402,,,0.1291,0.1291,0.0889,0.1329,-0.0038,False,0.0
2021-08-17,2.0,0.0,0.1728,,,0.0048,0.0048,0.1776,-0.0013,0.0061,False,0.0
2021-08-18,2.0,1.0,-0.02,,,0.1337,0.1337,0.1137,-0.0306,0.1643,False,0.0
2021-08-19,-1.0,-3.0,0.1556,,,0.2145,0.2145,0.3701,0.1097,0.1048,False,0.0
2021-08-20,2.0,2.0,0.1077,,,-0.0333,-0.0333,0.0744,-0.0599,0.0266,False,0.0
2021-08-23,-2.0,-1.0,-0.3189,,,0.0619,0.0619,-0.257,0.0589,0.003,False,0.0
2021-08-24,2.0,4.0,-0.1467,,,-0.1525,-0.1525,-0.2992,-0.1185,-0.034,False,0.0
2021-08-25,4.0,6.0,0.0711,,,-0.1718,-0.1718,-0.1007,-0.1926,0.0208,False,0.0
2021-08-26,0.0,-1.0,0.0818,,,0.1241,0.1241,0.2059,0.0434,0.0807,False,0.0
2021-08-27,-5.0,-3.0,-0.1513,,,0.1716,0.1716,0.0203,0.1406,0.031,False,0.0
2021-08-30,-2.0,-2.0,-0.0819,,,0.1713,0.1713,0.0894,0.0882,0.0831,False,0.0
2021-08-31,0.0,1.0,-0.0836,,,-0.0761,-0.0761,-0.1597,-0.0152,-0.0609,False,0.0
2021-09-01,1.0,1.0,-0.0279,,,0.0428,0.0428,0.0149,-0.0229,0.0657,False,0.0
2021-09-02,0.0,-2.0,-0.0403,,,0.0903,0.0903,0.05,0.0727,0.0176,False,0.0
2021-09-03,0.0,4.0,-0.0496,,,-0.1046,-0.1046,-0.1542,-0.1031,-0.0015,False,0.0
2021-09-07,4.0,5.0,0.2074,,,-0.1047,-0.1047,0.1027,-0.1633,0.0586,False,0.0
2021-09-08,-1.0,-3.0,-0.0774,,,0.1332,0.1332,0.0558,0.1097,0.0235,False,0.0
2021-09-09,-2.0,-5.0,-0.1007,,,0.2138,0.2138,0.1131,0.1761,0.0377,False,0.0
2021-09-10,3.0,5.0,-0.1659,,,-0.1947,-0.1947,-0.3606,-0.1555,-0.0392,False,0.0
2021-09-13,-1.0,-2.0,0.1101,,,0.114,0.114,0.2241,0.0804,0.0336,False,0.0
2021-09-14,-2.0,-5.0,-0.2002,,,0.2372,0.2372,0.037,0.1761,0.0611,False,0.0
2021-09-15,2.0,3.0,-0.0963,,,-0.2372,-0.2372,-0.3335,-0.0892,-0.148,False,0.0
2021-09-16,3.0,3.0,0.3817,,,-0.1426,-0.1426,0.2391,-0.0969,-0.0457,False,0.0
2021-09-17,4.0,3.0,0.1377,,,-0.1761,-0.1761,-0.0384,-0.1046,-0.0715,False,0.0
2021-09-20,-5.0,-6.0,-0.0062,,,0.0476,0.0476,0.0414,0.2285,-0.1809,False,0.0
2021-09-21,1.0,2.0,0.0,,,-0.0762,-0.0762,-0.0762,-0.0522,-0.024,False,0.0
2021-09-22,2.0,-1.0,-0.0619,,,0.0,0.0,-0.0619,0.028,-0.028,False,0.0
2021-09-23,8.0,9.0,-0.0325,,,-0.358,-0.358,-0.3905,-0.3113,-0.0467,False,0.0
2021-09-24,3.0,6.0,0.1083,,,-0.1436,-0.1436,-0.0353,-0.1848,0.0412,False,0.0
2021-09-27,1.0,1.0,-0.1548,,,-0.0479,-0.0479,-0.2027,-0.0229,-0.025,False,0.0
2021-09-28,4.0,6.0,0.0542,,,-0.2879,-0.2879,-0.2337,-0.1926,-0.0953,False,0.0
2021-09-29,-1.0,1.0,0.1655,,,-0.0817,-0.0817,0.0838,-0.0075,-0.0742,False,0.0
2021-09-30,-3.0,-3.0,-0.4151,,,0.0817,0.0817,-0.3334,0.1252,-0.0435,False,0.0
2021-10-01,-5.0,-4.0,0.0,,,0.0,0.0,0.0,0.1699,-0.1699,False,0.0
2021-10-04,2.0,1.0,0.0,,,-0.5783,0.1638,0.1638,-0.0306,0.1945,True,0.7406
2021-10-05,3.0,5.0,0.0,,,-0.3874,-0.3874,-0.3874,-0.1555,-0.2319,False,0.0
2021-10-06,1.0,-1.0,0.0,,,-0.0825,-0.0825,-0.0825,0.0357,-0.1182,False,0.0
2021-10-07,3.0,5.0,0.0,,,-0.2382,-0.2382,-0.2382,-0.1555,-0.0827,False,0.0
2021-10-08,3.0,3.0,0.0016,,,-0.1803,-0.1803,-0.1787,-0.0969,-0.0834,False,0.0
2021-10-12,3.0,-2.0,0.0776,,,-0.1952,-0.1952,-0.1176,0.0496,-0.2448,False,0.0
2021-10-13,1.0,-3.0,-0.3464,,,0.0,0.0,-0.3464,0.0943,-0.0943,False,0.0
2021-10-14,-4.0,-4.0,0.1835,,,0.0,0.0,0.1835,0.1622,-0.1622,False,0.0
2021-10-15,8.0,7.0,-0.0622,,,0.3122,0.3122,0.25,-0.2527,0.5649,False,0.0
2021-10-18,3.0,0.0,-0.0777,,,0.0828,0.0828,0.0051,-0.009,0.0918,False,0.0
2021-10-19,1.0,6.0,-0.7306,,,-0.1217,-0.1217,-0.8523,-0.1694,0.0477,False,0.0
2021-10-20,-1.0,0.0,0.1785,,,-0.0049,-0.0049,0.1736,0.0218,-0.0267,False,0.0
2021-10-21,7.0,3.0,-0.0172,,,-0.1561,-0.1561,-0.1733,-0.1278,-0.0283,False,0.0
2021-10-22,-1.0,-2.0,-0.1346,,,0.234,0.234,0.0994,0.0804,0.1536,False,0.0
2021-10-25,-3.0,-2.0,0.0266,,,0.073,0.073,0.0996,0.0959,-0.0229,False,0.0
2021-10-26,1.0,-1.0,-0.0564,,,0.0875,0.0875,0.0311,0.0357,0.0518,False,0.0
2021-10-27,-4.0,-9.0,0.1487,,,0.3009,0.3009,0.4496,0.3087,-0.0078,False,0.0
2021-10-28,2.0,3.0,0.0031,,,-0.1843,-0.1843,-0.1812,-0.0892,-0.0951,False,0.0
2021-10-29,0.0,-2.0,0.2079,,,0.1262,0.1262,0.3341,0.0727,0.0535,False,0.0
2021-11-01,2.0,3.0,-0.1219,,,-0.165,-0.165,-0.2869,-0.0892,-0.0758,False,0.0
2021-11-02,-5.0,-2.0,0.0359,,,0.034,0.034,0.0699,0.1113,-0.0773,False,0.0
2021-11-03,4.0,4.0,0.1031,,,-0.1506,-0.1506,-0.0475,-0.134,-0.0166,False,0.0
2021-11-04,-9.0,-7.0,-0.1422,,,0.2817,0.2817,0.1395,0.2887,-0.007,False,0.0
2021-11-05,-6.0,-8.0,-0.0141,,,0.1647,0.1647,0.1506,0.2948,-0.1301,False,0.0
2021-11-08,9.0,6.0,-0.0923,,,-0.3686,-0.3686,-0.4609,-0.2311,-0.1375,False,0.0
2021-11-09,-5.0,-5.0,0.0219,,,0.0583,0.0583,0.0802,0.1992,-0.1409,False,0.0
2021-11-10,15.0,10.0,-0.0532,,,-0.399,-0.399,-0.4522,-0.3946,-0.0044,False,0.0
2021-11-12,1.0,2.0,-0.1488,,,0.1559,0.1559,0.0071,-0.0522,0.2081,False,0.0
2021-11-15,2.0,5.0,0.058,,,-0.1315,-0.1315,-0.0735,-0.1478,0.0163,False,0.0
2021-11-16,1.0,0.0,0.1487,,,-0.0536,-0.0536,0.0951,0.0064,-0.06,False,0.0
2021-11-17,-3.0,-3.0,-0.2255,,,0.336,0.336,0.1105,0.1252,0.2108,False,0.0
2021-11-18,-2.0,-1.0,0.1191,,,0.17,0.17,0.2891,0.0589,0.1111,False,0.0
2021-11-19,0.0,-5.0,0.0188,,,0.1261,0.1261,0.1449,0.1606,-0.0345,False,0.0
2021-11-22,11.0,9.0,-0.0329,,,-0.3155,-0.3155,-0.3484,-0.3345,0.019,False,0.0
2021-11-23,0.0,4.0,0.1065,,,-0.2531,-0.2531,-0.1466,-0.1031,-0.15,False,0.0
2021-11-24,1.0,-3.0,0.011,,,0.2288,0.2288,0.2398,0.0943,0.1345,False,0.0
2021-11-26,-18.0,-16.0,0.011,,,0.4706,0.4706,0.4816,0.6218,-0.1512,False,0.0
2021-11-29,2.0,4.0,-0.0767,,,-0.218,-0.218,-0.2947,-0.1185,-0.0995,False,0.0
2021-11-30,-4.0,-9.0,-0.3686,,,0.2035,0.2035,-0.1651,0.3087,-0.1052,False,0.0
2021-12-01,1.0,0.0,0.0016,,,0.0484,0.0484,0.05,0.0064,0.042,False,0.0
2021-12-02,6.0,1.0,0.1915,,,-0.1646,-0.1646,0.0269,-0.0615,-0.1031,False,0.0
2021-12-03,-8.0,-9.0,-0.0078,,,0.3677,0.3677,0.3599,0.3396,0.0281,False,0.0
2021-12-06,8.0,8.0,-0.0031,,,-0.2805,-0.2805,-0.2836,-0.282,0.0015,False,0.0
2021-12-07,5.0,5.0,-0.1554,,,-0.1211,-0.1211,-0.2765,-0.171,0.0499,False,0.0
2021-12-08,1.0,4.0,-0.3494,,,-0.0825,-0.0825,-0.4319,-0.1108,0.0283,False,0.0
2021-12-09,-1.0,-3.0,0.5298,,,0.1745,0.1745,0.7043,0.1097,0.0648,False,0.0
2021-12-10,-1.0,-1.0,-0.1365,,,0.0678,0.0678,-0.0687,0.0511,0.0167,False,0.0
2021-12-13,-4.0,-6.0,-0.0408,,,0.29,0.29,0.2492,0.2208,0.0692,False,0.0
2021-12-14,2.0,2.0,0.0188,,,-0.1304,-0.1304,-0.1116,-0.0599,-0.0705,False,0.0
2021-12-15,3.0,3.0,0.0031,,,-0.1596,-0.1596,-0.1565,-0.0969,-0.0627,False,0.0
2021-12-16,-7.0,-3.0,0.0016,,,0.1644,0.1644,0.166,0.156,0.0084,False,0.0
2021-12-17,-1.0,-3.0,0.1161,,,0.1063,0.1063,0.2224,0.1097,-0.0034,False,0.0
2021-12-20,-1.0,2.0,0.0125,,,-0.1063,-0.1063,-0.0938,-0.0368,-0.0695,False,0.0
2021-12-21,7.0,5.0,-0.0628,,,-0.0919,-0.0919,-0.1547,-0.1864,0.0945,False,0.0
2021-12-22,-1.0,-2.0,-0.033,,,0.0435,0.0435,0.0105,0.0804,-0.0369,False,0.0
2021-12-23,2.0,4.0,0.0016,,,-0.1936,-0.1936,-0.192,-0.1185,-0.0751,False,0.0
2021-12-27,1.0,-2.0,0.0141,,,0.0,0.0,0.0141,0.065,-0.065,False,0.0
2021-12-28,1.0,1.0,-0.033,,,0.063,0.063,0.03,-0.0229,0.0859,False,0.0
2021-12-29,2.0,6.0,-0.0063,,,-0.2084,-0.2084,-0.2147,-0.1771,-0.0313,False,0.0
2021-12-30,-2.0,-3.0,0.0722,,,0.2423,0.2423,0.3145,0.1175,0.1248,False,0.0
2021-12-31,-1.0,0.0,0.0,,,-0.0097,-0.0097,-0.0097,0.0218,-0.0315,False,0.0
2022-01-03,11.0,11.0,-0.2766,,,-0.5095,-0.5095,-0.7861,-0.3931,-0.1164,False,0.0
2022-01-04,0.0,3.0,0.2687,,,-0.7226,0.029,0.2977,-0.0738,0.1028,True,0.749
2022-01-05,6.0,5.0,-0.1272,,,-0.2404,-0.2404,-0.3676,-0.1787,-0.0617,False,0.0
2022-01-06,4.0,2.0,0.2856,,,-0.3346,-0.3346,-0.049,-0.0753,-0.2593,False,0.0
2022-01-07,3.0,3.0,-0.0831,,,-0.1628,-0.1628,-0.2459,-0.0969,-0.0659,False,0.0
2022-01-10,3.0,2.0,-0.0204,,,-0.0494,-0.0494,-0.0698,-0.0676,0.0182,False,0.0
2022-01-11,-2.0,-3.0,-0.0329,,,0.0987,0.0987,0.0658,0.1175,-0.0188,False,0.0
2022-01-12,-1.0,-1.0,-0.2435,,,-0.1135,-0.1135,-0.357,0.0511,-0.1646,False,0.0
2022-01-13,-3.0,-4.0,0.0236,,,0.0395,0.0395,0.0631,0.1545,-0.115,False,0.0
2022-01-14,8.0,8.0,-0.1117,,,-0.6092,-0.6092,-0.7209,-0.282,-0.3272,False,0.0
2022-01-18,10.0,9.0,0.0016,,,-0.6279,-0.6279,-0.6263,-0.3268,-0.3011,False,0.0
2022-01-19,-3.0,-4.0,-0.1229,,,0.2995,0.2995,0.1766,0.1545,0.145,False,0.0
2022-01-20,0.0,0.0,-0.0646,,,0.1544,0.1544,0.0898,0.0141,0.1403,False,0.0
2022-01-21,-8.0,-8.0,-0.0331,,,0.3229,0.3229,0.2898,0.3103,0.0126,False,0.0
2022-01-24,-1.0,0.0,-0.1279,,,-0.1539,-0.1539,-0.2818,0.0218,-0.1757,False,0.0
2022-01-25,3.0,3.0,-0.0743,,,-0.0895,-0.0895,-0.1638,-0.0969,0.0074,False,0.0
2022-01-26,10.0,7.0,-0.0807,,,-0.3886,-0.3886,-0.4693,-0.2681,-0.1205,False,0.0
2022-01-27,0.0,-4.0,0.7424,,,0.1496,0.1496,0.892,0.1313,0.0183,False,0.0
2022-01-28,-5.0,-3.0,-0.1131,,,0.0548,0.0548,-0.0583,0.1406,-0.0858,False,0.0
2022-01-31,1.0,1.0,0.0079,,,-0.0748,-0.0748,-0.0669,-0.0229,-0.0519,False,0.0
2022-02-01,1.0,2.0,0.0,,,0.0,0.0,0.0,-0.0522,0.0522,False,0.0
2022-02-02,-3.0,-3.0,0.0,,,0.0,0.0,0.0,0.1252,-0.1252,False,0.0
2022-02-03,6.0,4.0,0.0,,,0.0,0.0,0.0,-0.1494,0.1494,False,0.0
2022-02-04,12.0,11.0,0.0,,,-0.7054,-0.7054,-0.7054,-0.4008,-0.3046,False,0.0
2022-02-07,-2.0,-1.0,0.0,,,-0.0603,-0.0603,-0.0603,0.0589,-0.1192,False,0.0
2022-02-08,5.0,4.0,0.0786,,,-0.2767,-0.2767,-0.1981,-0.1417,-0.135,False,0.0
2022-02-09,1.0,-2.0,-0.0644,,,0.141,0.141,0.0766,0.065,0.076,False,0.0
2022-02-10,14.0,9.0,-0.1463,,,-0.6207,-0.6207,-0.767,-0.3576,-0.2631,False,0.0
2022-02-11,-12.0,-11.0,0.022,,,0.5905,0.5905,0.6125,0.429,0.1615,False,0.0
2022-02-14,6.0,6.0,0.0425,,,-0.5955,-0.5955,-0.553,-0.208,-0.3875,False,0.0
2022-02-15,4.0,7.0,-0.2867,,,-0.2078,-0.2078,-0.4945,-0.2219,0.0141,False,0.0
2022-02-16,-4.0,-2.0,-0.03,,,0.1774,0.1774,0.1474,0.1036,0.0738,False,0.0
2022-02-17,-5.0,-6.0,0.0237,,,0.2225,0.2225,0.2462,0.2285,-0.006,False,0.0
2022-02-18,-3.0,-5.0,-0.2053,,,0.1363,0.1363,-0.069,0.1838,-0.0475,False,0.0
2022-02-22,3.0,2.0,0.0142,,,-0.1919,-0.1919,-0.1777,-0.0676,-0.1243,False,0.0
2022-02-23,4.0,5.0,-0.1994,,,-0.3494,-0.3494,-0.5488,-0.1633,-0.1861,False,0.0
2022-02-24,-5.0,-3.0,0.2357,,,-0.2489,-0.2489,-0.0132,0.1406,-0.3895,False,0.0
2022-02-25,2.0,1.0,-0.1803,,,0.0254,0.0254,-0.1549,-0.0306,0.056,False,0.0
2022-02-28,-15.0,-14.0,-0.1347,,,0.3705,0.3705,0.2358,0.5401,-0.1696,False,0.0
2022-03-01,-15.0,-11.0,0.0507,,,0.4145,0.4145,0.4652,0.4522,-0.0377,False,0.0
2022-03-02,18.0,14.0,0.1488,,,-1.0242,-1.0242,-0.8754,-0.535,-0.4892,False,0.0
2022-03-03,0.0,0.0,-0.0237,,,0.2189,0.2189,0.1952,0.0141,0.2048,False,0.0
2022-03-04,-9.0,-12.0,-0.0111,,,0.3046,0.3046,0.2935,0.4352,-0.1306,False,0.0
2022-03-07,6.0,4.0,0.0095,,,-0.5337,-0.5337,-0.5242,-0.1494,-0.3843,False,0.0
2022-03-08,9.0,8.0,-0.0253,,,-0.6135,-0.6135,-0.6388,-0.2897,-0.3238,False,0.0
2022-03-09,7.0,8.0,-0.0063,,,-0.5193,-0.5193,-0.5256,-0.2743,-0.245,False,0.0
2022-03-10,5.0,4.0,0.0601,,,-0.0567,-0.0567,0.0034,-0.1417,0.085,False,0.0
2022-03-11,4.0,2.0,0.2796,,,-0.3048,-0.3048,-0.0252,-0.0753,-0.2295,False,0.0
2022-03-14,14.0,14.0,0.403,,,-1.0349,-1.0349,-0.6319,-0.5041,-0.5308,False,0.0
2022-03-15,0.0,1.0,0.0801,,,-0.4716,-0.4716,-0.3915,-0.0152,-0.4564,False,0.0
2022-03-16,8.0,4.0,-0.2924,,,0.2465,0.2465,-0.0459,-0.1648,0.4113,False,0.0
2022-03-17,-1.0,1.0,-0.0803,,,0.6788,0.6788,0.5985,-0.0075,0.6863,False,0.0
2022-03-18,-3.0,-6.0,0.2361,,,0.2183,0.2183,0.4544,0.2131,0.0052,False,0.0
2022-03-21,19.0,18.0,-0.0897,,,-0.6198,-0.6198,-0.7095,-0.6599,0.0401,False,0.0
2022-03-22,6.0,6.0,0.1698,,,-0.3559,-0.3559,-0.1861,-0.208,-0.1479,False,0.0
2022-03-23,-5.0,-6.0,0.0942,,,0.7054,0.7054,0.7996,0.2285,0.4769,False,0.0
2022-03-24,3.0,2.0,-0.0785,,,-0.3912,-0.3912,-0.4697,-0.0676,-0.3236,False,0.0
2022-03-25,18.0,14.0,-0.0188,,,-0.6082,-0.6082,-0.627,-0.535,-0.0732,False,0.0
2022-03-28,-1.0,-2.0,0.0879,,,0.2521,0.2521,0.34,0.0804,0.1717,False,0.0
2022-03-29,-5.0,-5.0,-0.1241,,,0.5232,0.5232,0.3991,0.1992,0.324,False,0.0
2022-03-30,-5.0,-6.0,-0.2596,,,0.5412,0.5412,0.2816,0.2285,0.3127,False,0.0
2022-03-31,-2.0,-3.0,-0.1214,,,0.0519,0.0519,-0.0695,0.1175,-0.0656,False,0.0
2022-04-01,13.0,7.0,0.3653,,,-1.0167,-0.2836,0.0817,-0.2913,0.0077,True,0.7284
2022-04-04,1.0,3.0,-0.0094,,,0.0157,0.0157,0.0063,-0.0815,0.0972,False,0.0
2022-04-05,13.0,12.0,0.0,,,0.0,0.0,0.0,-0.4378,0.4378,False,0.0
2022-04-06,1.0,7.0,-0.0456,,,-0.5517,-0.5517,-0.5973,-0.1987,-0.353,False,0.0
2022-04-07,0.0,5.0,0.0157,,,-0.0949,-0.0949,-0.0792,-0.1324,0.0375,False,0.0
2022-04-08,6.0,6.0,0.0676,,,-0.3751,-0.3751,-0.3075,-0.208,-0.1671,False,0.0
2022-04-11,3.0,7.0,0.077,,,-0.3925,-0.3925,-0.3155,-0.2141,-0.1784,False,0.0
2022-04-12,-13.0,-7.0,-0.0644,,,0.0637,0.0637,-0.0007,0.3195,-0.2558,False,0.0
2022-04-13,0.0,-2.0,0.0424,,,0.0849,0.0849,0.1273,0.0727,0.0122,False,0.0
2022-04-14,13.0,13.0,0.1522,,,-0.5054,-0.5054,-0.3532,-0.4671,-0.0383,False,0.0
2022-04-18,0.0,2.0,-0.2276,,,0.0,0.0,-0.2276,-0.0445,0.0445,False,0.0
2022-04-19,12.0,8.0,0.4704,,,-0.4597,-0.4597,0.0107,-0.3129,-0.1468,False,0.0
2022-04-20,-4.0,-8.0,0.4028,,,0.2782,0.2782,0.681,0.2794,-0.0012,False,0.0
2022-04-21,9.0,5.0,0.4849,,,-0.305,-0.305,0.1799,-0.2018,-0.1032,False,0.0
2022-04-22,-2.0,0.0,0.7876,,,-0.1609,-0.1609,0.6267,0.0295,-0.1904,False,0.0
2022-04-25,-10.0,-9.0,0.8806,,,-0.0161,-0.0161,0.8645,0.355,-0.3711,False,0.0
2022-04-26,-5.0,-4.0,-0.0503,,,0.4018,0.4018,0.3515,0.1699,0.2319,False,0.0
2022-04-27,2.0,5.0,0.0656,,,-0.3696,-0.3696,-0.304,-0.1478,-0.2218,False,0.0
2022-04-28,5.0,3.0,0.983,,,-0.0376,-0.0376,0.9454,-0.1124,0.0748,False,0.0
2022-04-29,6.0,4.0,-0.2464,,,-0.3011,-0.3011,-0.5475,-0.1494,-0.1517,False,0.0
2022-05-02,9.0,10.0,-0.0015,,,0.0,0.0,-0.0015,-0.3483,0.3483,False,0.0
2022-05-03,0.0,-2.0,0.0,,,-0.4912,-0.4912,-0.4912,0.0727,-0.5639,False,0.0
2022-05-04,-8.0,-4.0,0.0,,,0.4535,0.4535,0.4535,0.193,0.2605,False,0.0
2022-05-05,8.0,12.0,0.6877,,,-0.4698,-0.4698,0.2179,-0.3992,-0.0706,False,0.0
2022-05-06,5.0,7.0,0.1742,,,-0.4231,-0.4231,-0.2489,-0.2296,-0.1935,False,0.0
2022-05-09,-11.0,-7.0,0.9616,,,0.0,0.0,0.9616,0.3041,-0.3041,False,0.0
2022-05-10,-4.0,-6.0,0.0713,,,0.1304,0.1304,0.2017,0.2208,-0.0904,False,0.0
2022-05-11,-2.0,-8.0,-0.2334,,,0.3468,0.3468,0.1134,0.264,0.0828,False,0.0
2022-05-12,-8.0,-7.0,0.9982,,,-0.1137,-0.1137,0.8845,0.281,-0.3947,False,0.0
2022-05-13,8.0,9.0,0.0295,,,-0.2169,-0.2169,-0.1874,-0.3113,0.0944,False,0.0
2022-05-16,-6.0,-5.0,-0.0413,,,0.2223,0.2223,0.181,0.2069,0.0154,False,0.0
2022-05-17,13.0,10.0,-0.7263,,,-0.407,-0.407,-1.1333,-0.3792,-0.0278,False,0.0
2022-05-18,-7.0,-9.0,0.2654,,,0.4611,0.4611,0.7265,0.3318,0.1293,False,0.0
2022-05-19,-5.0,-5.0,-0.6402,,,-0.0054,-0.0054,-0.6456,0.1992,-0.2046,False,0.0
2022-05-20,-4.0,-6.0,-0.2805,,,0.3458,0.3458,0.0653,0.2208,0.125,False,0.0
2022-05-23,8.0,8.0,-0.6461,,,-0.2322,-0.2322,-0.8783,-0.282,0.0498,False,0.0
2022-05-24,-12.0,-10.0,0.0601,,,0.5123,0.5123,0.5724,0.3997,0.1126,False,0.0
2022-05-25,-5.0,-1.0,0.5785,,,0.1881,0.1881,0.7666,0.082,0.1061,False,0.0
2022-05-26,-1.0,0.0,0.691,,,0.1717,0.1717,0.8627,0.0218,0.1499,False,0.0
2022-05-27,1.0,-1.0,-0.5954,,,0.1607,0.1607,-0.4347,0.0357,0.125,False,0.0
2022-05-31,10.0,11.0,-0.3964,,,-0.1982,-0.1982,-0.5946,-0.3854,0.1872,False,0.0
2022-06-01,13.0,9.0,0.2141,,,-0.3437,-0.3437,-0.1296,-0.3499,0.0062,False,0.0
2022-06-02,-2.0,-2.0,-0.3926,,,0.0592,0.0592,-0.3334,0.0882,-0.029,False,0.0
2022-06-03,3.0,4.0,-0.0015,,,0.0,0.0,-0.0015,-0.1262,0.1262,False,0.0
2022-06-06,8.0,8.0,-0.0916,,,-0.3771,-0.3771,-0.4687,-0.282,-0.0951,False,0.0
2022-06-07,-4.0,-6.0,0.2117,,,0.2587,0.2587,0.4704,0.2208,0.0379,False,0.0
2022-06-08,4.0,5.0,0.2247,,,-0.1077,-0.1077,0.117,-0.1633,0.0556,False,0.0
2022-06-09,4.0,1.0,0.1346,,,-0.0701,-0.0701,0.0645,-0.046,-0.0241,False,0.0
2022-06-10,18.0,11.0,0.2478,,,-0.6981,-0.6981,-0.4503,-0.4471,-0.251,False,0.0
2022-06-13,31.0,28.0,0.6671,,,-1.3449,-1.3449,-0.6778,-1.0455,-0.2994,False,0.0
2022-06-14,5.0,6.0,-0.2001,,,-0.6018,-0.6018,-0.8019,-0.2003,-0.4015,False,0.0
2022-06-15,-23.0,-16.0,-0.397,,,0.8821,0.8821,0.4851,0.6604,0.2217,False,0.0
2022-06-16,-3.0,-5.0,-0.1461,,,0.296,0.296,0.1499,0.1838,0.1122,False,0.0
2022-06-17,-1.0,-3.0,0.1938,,,-0.2137,-0.2137,-0.0199,0.1097,-0.3234,False,0.0
2022-06-21,4.0,6.0,-0.4178,,,-0.1647,-0.1647,-0.5825,-0.1926,0.0279,False,0.0
2022-06-22,-16.0,-15.0,0.1539,,,0.5478,0.5478,0.7017,0.5771,-0.0293,False,0.0
2022-06-23,-8.0,-7.0,-0.0045,,,0.1692,0.1692,0.1647,0.281,-0.1118,False,0.0
2022-06-24,4.0,4.0,-0.1524,,,-0.1638,-0.1638,-0.3162,-0.134,-0.0298,False,0.0
2022-06-27,6.0,7.0,0.0314,,,-0.1695,-0.1695,-0.1381,-0.2373,0.0678,False,0.0
2022-06-28,1.0,0.0,0.2553,,,0.0055,0.0055,0.2608,0.0064,-0.0009,False,0.0
2022-06-29,-10.0,-10.0,-0.1089,,,0.1913,0.1913,0.0824,0.3843,-0.193,False,0.0
2022-06-30,-14.0,-12.0,-0.0239,,,0.1583,0.1583,0.1344,0.4738,-0.3155,False,0.0
2022-07-01,-13.0,-10.0,0.0284,,,0.0,0.0,0.0284,0.4074,-0.4074,False,0.0
2022-07-05,-6.0,-6.0,0.2862,,,0.4787,0.4787,0.7649,0.2362,0.2425,False,0.0
2022-07-06,14.0,11.0,-0.1817,,,-1.3,-0.5323,-0.714,-0.4162,-0.1161,True,0.7607
2022-07-07,9.0,8.0,-0.097,,,-0.358,-0.358,-0.455,-0.2897,-0.0683,False,0.0
2022-07-08,8.0,8.0,-0.0896,,,-0.2154,-0.2154,-0.305,-0.282,0.0666,False,0.0
2022-07-11,-8.0,-10.0,0.343,,,0.3147,0.3147,0.6577,0.3689,-0.0542,False,0.0
2022-07-12,-4.0,-3.0,0.0878,,,-0.0827,-0.0827,0.0051,0.1329,-0.2156,False,0.0
2022-07-13,1.0,-5.0,-0.0878,,,0.1268,0.1268,0.039,0.1529,-0.0261,False,0.0
2022-07-14,4.0,5.0,0.5448,,,-0.3145,-0.3145,0.2303,-0.1633,-0.1512,False,0.0
2022-07-15,-1.0,-3.0,0.034,,,0.0221,0.0221,0.0561,0.1097,-0.0876,False,0.0
2022-07-18,1.0,3.0,-0.2148,,,-0.1548,-0.1548,-0.3696,-0.0815,-0.0733,False,0.0
2022-07-19,8.0,5.0,0.0148,,,-0.316,-0.316,-0.3012,-0.1941,-0.1219,False,0.0
2022-07-20,4.0,3.0,0.163,,,0.0222,0.0222,0.1852,-0.1046,0.1268,False,0.0
2022-07-21,-18.0,-13.0,0.1701,,,0.6528,0.6528,0.8229,0.5339,0.1189,False,0.0
2022-07-22,-13.0,-14.0,-0.2294,,,0.7089,0.7089,0.4795,0.5247,0.1842,False,0.0
2022-07-25,2.0,4.0,-0.0015,,,-0.0493,-0.0493,-0.0508,-0.1185,0.0692,False,0.0
2022-07-26,0.0,0.0,0.1732,,,0.0712,0.0712,0.2444,0.0141,0.0571,False,0.0
2022-07-27,-7.0,-3.0,-0.0681,,,0.104,0.104,0.0359,0.156,-0.052,False,0.0
2022-07-28,-13.0,-10.0,-0.1555,,,0.5127,0.5127,0.3572,0.4074,0.1053,False,0.0
2022-07-29,1.0,-1.0,-0.0474,,,0.212,0.212,0.1646,0.0357,0.1763,False,0.0
2022-08-01,-4.0,-7.0,0.3568,,,0.3631,0.3631,0.7199,0.2501,0.113,False,0.0
2022-08-02,19.0,15.0,-0.2589,,,-0.673,-0.673,-0.9319,-0.572,-0.101,False,0.0
2022-08-03,1.0,-2.0,0.0977,,,0.2285,0.2285,0.3262,0.065,0.1635,False,0.0
2022-08-04,-10.0,-5.0,-0.1185,,,0.1846,0.1846,0.0661,0.2378,-0.0532,False,0.0
2022-08-05,21.0,15.0,0.1806,,,-0.7185,-0.7185,-0.5379,-0.5874,-0.1311,False,0.0
2022-08-08,-6.0,-6.0,-0.151,,,0.2401,0.2401,0.0891,0.2362,0.0039,False,0.0
2022-08-09,6.0,3.0,0.0296,,,-0.1091,-0.1091,-0.0795,-0.1201,0.011,False,0.0
2022-08-10,-4.0,-2.0,-0.4378,,,0.0055,0.0055,-0.4323,0.1036,-0.0981,False,0.0
2022-08-11,5.0,9.0,0.3193,,,-0.0655,-0.0655,0.2538,-0.2882,0.2227,False,0.0
2022-08-12,-1.0,-3.0,-0.0297,,,0.2617,0.2617,0.232,0.1097,0.152,False,0.0
2022-08-15,-6.0,-5.0,0.4292,,,0.1958,0.1958,0.625,0.2069,-0.0111,False,0.0
2022-08-16,4.0,3.0,0.236,,,0.0706,0.0706,0.3066,-0.1046,0.1752,False,0.0
2022-08-17,9.0,7.0,-0.1032,,,-0.4626,-0.4626,-0.5658,-0.2604,-0.2022,False,0.0
2022-08-18,-2.0,-1.0,0.0737,,,0.0436,0.0436,0.1173,0.0589,-0.0153,False,0.0
2022-08-19,9.0,10.0,0.4543,,,-0.3441,-0.3441,0.1102,-0.3483,0.0042,False,0.0
2022-08-22,6.0,5.0,0.4567,,,-0.4112,-0.4112,0.0455,-0.1787,-0.2325,False,0.0
2022-08-23,1.0,2.0,0.0,,,-0.011,-0.011,-0.011,-0.0522,0.0412,False,0.0
2022-08-24,2.0,6.0,0.1532,,,-0.0605,-0.0605,0.0927,-0.1771,0.1166,False,0.0
2022-08-25,-5.0,-8.0,-0.1518,,,0.4225,0.4225,0.2707,0.2871,0.1354,False,0.0
2022-08-26,5.0,1.0,0.347,,,0.1313,0.1313,0.4783,-0.0538,0.1851,False,0.0
2022-08-29,7.0,8.0,0.511,,,-0.5373,-0.5373,-0.0263,-0.2743,-0.263,False,0.0
2022-08-30,0.0,-1.0,0.0478,,,0.1264,0.1264,0.1742,0.0434,0.083,False,0.0
2022-08-31,3.0,4.0,-0.3044,,,-0.2144,-0.2144,-0.5188,-0.1262,-0.0882,False,0.0
2022-09-01,9.0,11.0,0.2552,,,-0.4743,-0.4743,-0.2191,-0.3776,-0.0967,False,0.0
2022-09-02,-9.0,-6.0,-0.1173,,,0.1712,0.1712,0.0539,0.2594,-0.0882,False,0.0
2022-09-06,13.0,13.0,0.7898,,,-0.5368,-0.5368,0.253,-0.4671,-0.0697,False,0.0
2022-09-07,-6.0,-6.0,0.1696,,,0.3158,0.3158,0.4854,0.2362,0.0796,False,0.0
2022-09-08,2.0,2.0,-0.1264,,,-0.1218,-0.1218,-0.2482,-0.0599,-0.0619,False,0.0
2022-09-09,6.0,4.0,-0.464,,,0.0277,0.0277,-0.4363,-0.1494,0.1771,False,0.0
2022-09-12,2.0,4.0,0.0361,,,0.0,0.0,0.0361,-0.1185,0.1185,False,0.0
2022-09-13,11.0,5.0,-0.0289,,,-0.3161,-0.3161,-0.345,-0.2173,-0.0988,False,0.0
2022-09-14,2.0,-1.0,0.5286,,,-0.2502,-0.2502,0.2784,0.028,-0.2782,False,0.0
2022-09-15,6.0,4.0,0.4615,,,-0.1058,-0.1058,0.3557,-0.1494,0.0436,False,0.0
2022-09-16,-4.0,0.0,-0.1932,,,-0.0948,-0.0948,-0.288,0.045,-0.1398,False,0.0
2022-09-19,7.0,4.0,0.359,,,-0.134,-0.134,0.225,-0.1571,0.0231,False,0.0
2022-09-20,6.0,8.0,0.1797,,,-0.2237,-0.2237,-0.044,-0.2666,0.0429,False,0.0
2022-09-21,-1.0,-6.0,0.4308,,,0.1007,0.1007,0.5315,0.1977,-0.097,False,0.0
2022-09-22,17.0,19.0,0.4149,,,-0.7129,-0.7129,-0.298,-0.6738,-0.0391,False,0.0
2022-09-23,5.0,-1.0,0.6956,,,-0.1917,-0.1917,0.5039,0.0049,-0.1966,False,0.0
2022-09-26,19.0,19.0,0.1654,,,-0.9128,-0.9128,-0.7474,-0.6892,-0.2236,False,0.0
2022-09-27,6.0,9.0,0.5253,,,-0.451,-0.451,0.0743,-0.2959,-0.1551,False,0.0
2022-09-28,-29.0,-25.0,0.32,,,0.5534,0.5534,0.8734,0.9704,-0.417,False,0.0
2022-09-29,6.0,4.0,-1.1091,,,-0.3648,-0.3648,-1.4739,-0.1494,-0.2154,False,0.0
2022-09-30,8.0,7.0,-0.0857,,,-0.16,-0.16,-0.2457,-0.2527,0.0927,False,0.0
2022-10-03,-16.0,-16.0,-0.045,,,0.485,0.485,0.44,0.6064,-0.1214,False,0.0
2022-10-04,-6.0,-5.0,0.0,,,0.0,0.0,0.0,0.2069,-0.2069,False,0.0
2022-10-05,12.0,14.0,0.0,,,-0.1367,-0.1367,-0.1367,-0.4887,0.352,False,0.0
2022-10-06,9.0,7.0,0.0,,,-1.0428,-0.2389,-0.2389,-0.2604,0.0215,True,0.7987
2022-10-07,9.0,6.0,0.0,,,-0.2768,-0.2768,-0.2768,-0.2311,-0.0457,False,0.0
2022-10-11,0.0,4.0,0.751,,,-0.5386,-0.5386,0.2124,-0.1031,-0.4355,False,0.0
2022-10-12,-2.0,-2.0,0.113,,,0.0116,0.0116,0.1246,0.0882,-0.0766,False,0.0
2022-10-13,9.0,6.0,-0.0279,,,-0.4539,-0.4539,-0.4818,-0.2311,-0.2228,False,0.0
2022-10-14,4.0,3.0,0.2716,,,-0.333,-0.333,-0.0614,-0.1046,-0.2284,False,0.0
2022-10-17,-1.0,2.0,0.0709,,,-0.2285,-0.2285,-0.1576,-0.0368,-0.1917,False,0.0
2022-10-18,-3.0,-1.0,0.0764,,,0.0879,0.0879,0.1643,0.0666,0.0213,False,0.0
2022-10-19,14.0,13.0,0.3867,,,-0.5288,-0.5288,-0.1421,-0.4748,-0.054,False,0.0
2022-10-20,10.0,10.0,-0.2091,,,-0.5553,-0.5553,-0.7644,-0.3561,-0.1992,False,0.0
2022-10-21,-11.0,-3.0,0.3736,,,-0.1363,-0.1363,0.2373,0.1869,-0.3232,False,0.0
2022-10-24,2.0,4.0,0.3172,,,-0.196,-0.196,0.1212,-0.1185,-0.0775,False,0.0
2022-10-25,-11.0,-15.0,0.0812,,,0.2434,0.2434,0.3246,0.5385,-0.2951,False,0.0
2022-10-26,-5.0,-6.0,-1.3546,,,0.3019,0.3019,-1.0527,0.2285,0.0734,False,0.0
2022-10-27,-11.0,-8.0,0.735,,,0.4012,0.4012,1.1362,0.3334,0.0678,False,0.0
2022-10-28,10.0,6.0,0.3593,,,-0.2771,-0.2771,0.0822,-0.2388,-0.0383,False,0.0
2022-10-31,8.0,8.0,0.7544,,,-0.3608,-0.3608,0.3936,-0.282,-0.0788,False,0.0
2022-11-01,0.0,-3.0,-0.4363,,,-0.0119,-0.0119,-0.4482,0.102,-0.1139,False,0.0
2022-11-02,3.0,3.0,0.2198,,,-0.0415,-0.0415,0.1783,-0.0969,0.0554,False,0.0
2022-11-03,6.0,4.0,0.1508,,,-0.3683,-0.3683,-0.2175,-0.1494,-0.2189,False,0.0
2022-11-04,-3.0,3.0,-0.0055,,,-0.0833,-0.0833,-0.0888,-0.0506,-0.0327,False,0.0
2022-11-07,6.0,5.0,-1.0051,,,-0.0238,-0.0238,-1.0289,-0.1787,0.1549,False,0.0
2022-11-08,-8.0,-8.0,0.3026,,,0.4161,0.4161,0.7187,0.3103,0.1058,False,0.0
2022-11-09,-4.0,-2.0,-0.116,,,0.3612,0.3612,0.2452,0.1036,0.2576,False,0.0
2022-11-10,-32.0,-30.0,-0.7779,,,1.0232,1.0232,0.2453,1.1401,-0.1169,False,0.0
2022-11-14,5.0,6.0,-1.5854,,,0.9144,0.9144,-0.671,-0.2003,1.1147,False,0.0
2022-11-15,-7.0,-8.0,-0.3826,,,0.6472,0.6472,0.2646,0.3025,0.3447,False,0.0
2022-11-16,-10.0,-13.0,0.7411,,,0.4483,0.4483,1.1894,0.4722,-0.0239,False,0.0
2022-11-17,10.0,10.0,0.8238,,,-0.3446,-0.3446,0.4792,-0.3561,0.0115,False,0.0
2022-11-18,6.0,5.0,-0.503,,,-0.265,-0.265,-0.768,-0.1787,-0.0863,False,0.0
2022-11-21,-2.0,1.0,0.6273,,,0.0173,0.0173,0.6446,0.0002,0.0171,False,0.0
2022-11-22,-4.0,-7.0,-0.3524,,,0.2765,0.2765,-0.0759,0.2501,0.0264,False,0.0
2022-11-23,-5.0,-5.0,0.2686,,,0.4076,0.4076,0.6762,0.1992,0.2084,False,0.0
2022-11-25,-3.0,-3.0,0.0866,,,0.4744,0.4744,0.561,0.1252,0.3492,False,0.0
2022-11-28,3.0,1.0,0.6012,,,0.0684,0.0684,0.6696,-0.0383,0.1067,False,0.0
2022-11-29,4.0,6.0,-0.7045,,,-0.0114,-0.0114,-0.7159,-0.1926,0.1812,False,0.0
2022-11-30,-10.0,-7.0,-0.9674,,,0.6079,0.6079,-0.3595,0.2964,0.3115,False,0.0
2022-12-01,-14.0,-15.0,-0.644,,,0.9078,0.9078,0.2638,0.5617,0.3461,False,0.0
2022-12-02,-1.0,-2.0,-0.3328,,,0.2411,0.2411,-0.0917,0.0804,0.1607,False,0.0
2022-12-05,13.0,9.0,-0.8298,,,-0.3084,-0.3084,-1.1382,-0.3499,0.0415,False,0.0
2022-12-06,-7.0,-9.0,0.4658,,,0.2524,0.2524,0.7182,0.3318,-0.0794,False,0.0
2022-12-07,-11.0,-9.0,-0.3337,,,0.3858,0.3858,0.0521,0.3627,0.0231,False,0.0
2022-12-08,9.0,6.0,-0.0761,,,-0.0949,-0.0949,-0.171,-0.2311,0.1362,False,0.0
2022-12-09,4.0,9.0,-0.1293,,,-0.3245,-0.3245,-0.4538,-0.2805,-0.044,False,0.0
2022-12-12,5.0,4.0,0.3072,,,-0.0617,-0.0617,0.2455,-0.1417,0.08,False,0.0
2022-12-13,-14.0,-10.0,-0.4928,,,0.4309,0.4309,-0.0619,0.4152,0.0157,False,0.0
2022-12-14,-2.0,-2.0,0.0979,,,0.2899,0.2899,0.3878,0.0882,0.2017,False,0.0
2022-12-15,-2.0,-5.0,0.3132,,,0.0835,0.0835,0.3967,0.1761,-0.0926,False,0.0
2022-12-16,-1.0,4.0,-0.0115,,,-0.1113,-0.1113,-0.1228,-0.0954,-0.0159,False,0.0
2022-12-19,9.0,9.0,0.0918,,,-0.3794,-0.3794,-0.2876,-0.319,-0.0604,False,0.0
2022-12-20,9.0,12.0,-0.2468,,,-0.2799,-0.2799,-0.5267,-0.4069,0.127,False,0.0
2022-12-21,-1.0,-1.0,0.3013,,,-0.0112,-0.0112,0.2901,0.0511,-0.0623,False,0.0
2022-12-22,1.0,-1.0,0.0272,,,-0.0168,-0.0168,0.0104,0.0357,-0.0525,False,0.0
2022-12-23,7.0,8.0,0.073,,,-0.2358,-0.2358,-0.1628,-0.2743,0.0385,False,0.0
2022-12-27,8.0,9.0,-0.4015,,,0.0,0.0,-0.4015,-0.3113,0.3113,False,0.0
2022-12-28,3.0,4.0,0.2497,,,-0.4055,-0.4055,-0.1558,-0.1262,-0.2793,False,0.0
2022-12-29,-3.0,-5.0,-0.2138,,,0.2368,0.2368,0.023,0.1838,0.053,False,0.0
2022-12-30,5.0,5.0,-0.9423,,,-0.2029,-0.2029,-1.1452,-0.171,-0.0319,False,0.0
2023-01-03,-5.0,-9.0,0.236,,,0.2648,0.2648,0.5008,0.3164,-0.0516,False,0.0
2023-01-04,-9.0,-10.0,-0.3768,,,-0.406,0.3857,0.0089,0.3766,0.0091,True,0.7916
2023-01-05,5.0,2.0,-0.109,,,0.0113,0.0113,-0.0977,-0.0831,0.0944,False,0.0
2023-01-06,-21.0,-16.0,-0.627,,,0.5914,0.5914,-0.0356,0.645,-0.0536,False,0.0
2023-01-09,-3.0,-2.0,-0.9848,,,0.3756,0.3756,-0.6092,0.0959,0.2797,False,0.0
2023-01-10,6.0,8.0,0.1033,,,-0.2745,-0.2745,-0.1712,-0.2666,-0.0079,False,0.0
2023-01-11,-6.0,-7.0,-0.1033,,,0.3025,0.3025,0.1992,0.2655,0.037,False,0.0
2023-01-12,-13.0,-11.0,-0.4961,,,0.4632,0.4632,-0.0329,0.4367,0.0265,False,0.0
2023-01-13,7.0,6.0,-0.5284,,,-0.156,-0.156,-0.6844,-0.2157,0.0597,False,0.0
2023-01-17,0.0,4.0,1.0584,,,0.0725,0.0725,1.1309,-0.1031,0.1756,False,0.0
2023-01-18,-17.0,-16.0,-0.2795,,,0.6996,0.6996,0.4201,0.6141,0.0855,False,0.0
2023-01-19,5.0,2.0,0.3016,,,0.1217,0.1217,0.4233,-0.0831,0.2048,False,0.0
2023-01-20,8.0,9.0,0.1284,,,-0.2989,-0.2989,-0.1705,-0.3113,0.0124,False,0.0
2023-01-23,5.0,4.0,0.109,,,0.0,0.0,0.109,-0.1417,0.1417,False,0.0
2023-01-24,-3.0,-6.0,0.0,,,0.0,0.0,0.0,0.2131,-0.2131,False,0.0
2023-01-25,-4.0,0.0,0.0,,,0.0,0.0,0.0,0.045,-0.045,False,0.0
2023-01-26,4.0,3.0,0.0,,,-0.0222,-0.0222,-0.0222,-0.1046,0.0824,False,0.0
2023-01-27,4.0,3.0,0.0,,,-0.0776,-0.0776,-0.0776,-0.1046,0.027,False,0.0
2023-01-30,6.0,3.0,-0.5879,,,-0.1666,-0.1666,-0.7545,-0.1201,-0.0465,False,0.0
2023-01-31,-5.0,-3.0,0.0578,,,0.344,0.344,0.4018,0.1406,0.2034,False,0.0
2023-02-01,-15.0,-13.0,-0.1986,,,0.4256,0.4256,0.227,0.5108,-0.0852,False,0.0
2023-02-02,1.0,1.0,-0.2079,,,0.1433,0.1433,-0.0646,-0.0229,0.1662,False,0.0
2023-02-03,18.0,13.0,0.6919,,,-0.3641,-0.3641,0.3278,-0.5057,0.1416,False,0.0
2023-02-06,14.0,10.0,0.2728,,,-0.4987,-0.4987,-0.2259,-0.3869,-0.1118,False,0.0
2023-02-07,4.0,4.0,-0.0118,,,-0.1445,-0.1445,-0.1563,-0.134,-0.0105,False,0.0
2023-02-08,-3.0,-4.0,-0.0295,,,0.2278,0.2278,0.1983,0.1545,0.0733,False,0.0
2023-02-09,5.0,4.0,-0.1592,,,-0.2835,-0.2835,-0.4427,-0.1417,-0.1418,False,0.0
2023-02-10,6.0,7.0,0.4769,,,-0.3066,-0.3066,0.1703,-0.2373,-0.0693,False,0.0
2023-02-13,0.0,-2.0,0.135,,,0.0112,0.0112,0.1462,0.0727,-0.0615,False,0.0
2023-02-14,7.0,5.0,0.0835,,,-0.1564,-0.1564,-0.0729,-0.1864,0.03,False,0.0
2023-02-15,4.0,4.0,0.3729,,,-0.1679,-0.1679,0.205,-0.134,-0.0339,False,0.0
2023-02-16,2.0,5.0,0.1167,,,-0.1794,-0.1794,-0.0627,-0.1478,-0.0316,False,0.0
2023-02-17,-3.0,-4.0,0.1035,,,-0.0056,-0.0056,0.0979,0.1545,-0.1601,False,0.0
2023-02-21,13.0,13.0,0.0568,,,-0.6756,-0.6756,-0.6188,-0.4671,-0.2085,False,0.0
2023-02-22,-3.0,-2.0,0.3023,,,0.0169,0.0169,0.3192,0.0959,-0.079,False,0.0
2023-02-23,-4.0,-5.0,0.2421,,,0.3045,0.3045,0.5466,0.1915,0.113,False,0.0
2023-02-24,10.0,7.0,0.6781,,,-0.3102,-0.3102,0.3679,-0.2681,-0.0421,False,0.0
2023-02-27,-2.0,-3.0,-0.1367,,,0.1411,0.1411,0.0044,0.1175,0.0236,False,0.0
2023-02-28,1.0,0.0,-0.1801,,,0.186,0.186,0.0059,0.0064,0.1796,False,0.0
2023-03-01,9.0,9.0,-0.9697,,,-0.3666,-0.3666,-1.3363,-0.319,-0.0476,False,0.0
2023-03-02,5.0,7.0,0.6765,,,-0.2433,-0.2433,0.4332,-0.2296,-0.0137,False,0.0
2023-03-03,-6.0,-11.0,-0.1071,,,0.4014,0.4014,0.2943,0.3827,0.0187,False,0.0
2023-03-06,1.0,1.0,0.3571,,,-0.0226,-0.0226,0.3345,-0.0229,0.0003,False,0.0
2023-03-07,4.0,-1.0,0.4464,,,-0.0847,-0.0847,0.3617,0.0126,-0.0973,False,0.0
2023-03-08,3.0,1.0,-0.1567,,,-0.1639,-0.1639,-0.3206,-0.0383,-0.1256,False,0.0
2023-03-09,-12.0,-5.0,0.1926,,,0.3501,0.3501,0.5427,0.2532,0.0969,False,0.0
2023-03-10,-26.0,-23.0,-0.8727,,,0.8644,0.8644,-0.0083,0.8887,-0.0243,False,0.0
2023-03-13,-28.0,-15.0,-0.8292,,,0.7128,0.7128,-0.1164,0.6697,0.0431,False,0.0
2023-03-14,10.0,9.0,0.3281,,,-0.562,-0.562,-0.2339,-0.3268,-0.2352,False,0.0
2023-03-15,-19.0,-13.0,0.4721,,,0.7671,0.7671,1.2392,0.5416,0.2255,False,0.0
2023-03-16,13.0,5.0,-0.058,,,-0.4996,-0.4996,-0.5576,-0.2327,-0.2669,False,0.0
2023-03-17,-28.0,-17.0,-0.1378,,,0.7154,0.7154,0.5776,0.7283,-0.0129,False,0.0
2023-03-20,12.0,8.0,-0.1453,,,-0.4264,-0.4264,-0.5717,-0.3129,-0.1135,False,0.0
2023-03-21,17.0,12.0,0.0872,,,-0.3168,-0.3168,-0.2296,-0.4687,0.1519,False,0.0
2023-03-22,-19.0,-11.0,-0.0407,,,0.699,0.699,0.6583,0.483,0.216,False,0.0
2023-03-23,-15.0,-10.0,-0.8964,,,0.3532,0.3532,-0.5432,0.4229,-0.0697,False,0.0
2023-03-24,2.0,0.0,0.7117,,,-0.0716,-0.0716,0.6401,-0.0013,-0.0703,False,0.0
2023-03-27,18.0,15.0,0.2313,,,-0.6471,-0.6471,-0.4158,-0.5643,-0.0828,False,0.0
2023-03-28,4.0,2.0,-0.1585,,,-0.111,-0.111,-0.2695,-0.0753,-0.0357,False,0.0
2023-03-29,4.0,2.0,0.1991,,,-0.0333,-0.0333,0.1658,-0.0753,0.042,False,0.0
2023-03-30,-1.0,-2.0,-0.2355,,,0.222,0.222,-0.0135,0.0804,0.1416,False,0.0
2023-03-31,-6.0,-7.0,-0.0349,,,0.3487,0.3487,0.3138,0.2655,0.0832,False,0.0
2023-04-03,-8.0,-5.0,0.1455,,,-0.4929,0.2821,0.4276,0.2224,0.0598,True,0.7742
2023-04-04,-13.0,-8.0,0.0058,,,0.4155,0.4155,0.4213,0.3488,0.0667,False,0.0
2023-04-05,-3.0,-5.0,0.0015,,,0.0,0.0,0.0015,0.1838,-0.1838,False,0.0
2023-04-06,1.0,0.0,-0.0451,,,0.1768,0.1768,0.1317,0.0064,0.1704,False,0.0
2023-04-07,12.0,9.0,0.0,,,0.0,0.0,0.0,-0.3422,0.3422,False,0.0
2023-04-10,3.0,2.0,0.0829,,,0.0,0.0,0.0829,-0.0676,0.0676,False,0.0
2023-04-11,2.0,2.0,0.0857,,,-0.4259,-0.4259,-0.3402,-0.0599,-0.366,False,0.0
2023-04-12,-8.0,-2.0,-0.1977,,,0.1717,0.1717,-0.026,0.1344,0.0373,False,0.0
2023-04-13,5.0,4.0,-0.0771,,,-0.0664,-0.0664,-0.1435,-0.1417,0.0753,False,0.0
2023-04-14,9.0,7.0,0.0189,,,-0.194,-0.194,-0.1751,-0.2604,0.0664,False,0.0
2023-04-17,9.0,8.0,0.1397,,,-0.2277,-0.2277,-0.088,-0.2897,0.062,False,0.0
2023-04-18,0.0,-2.0,-0.0451,,,-0.0445,-0.0445,-0.0896,0.0727,-0.1172,False,0.0
2023-04-19,2.0,2.0,0.1395,,,-0.1726,-0.1726,-0.0331,-0.0599,-0.1127,False,0.0
2023-04-20,-8.0,-6.0,-0.1832,,,0.2838,0.2838,0.1006,0.2517,0.0321,False,0.0
2023-04-21,3.0,3.0,0.2833,,,-0.1335,-0.1335,0.1498,-0.0969,-0.0366,False,0.0
2023-04-24,-6.0,-5.0,0.0551,,,0.2501,0.2501,0.3052,0.2069,0.0432,False,0.0
2023-04-25,-17.0,-12.0,0.5236,,,0.5866,0.5866,1.1102,0.4969,0.0897,False,0.0
2023-04-26,3.0,3.0,-0.0851,,,-0.2265,-0.2265,-0.3116,-0.0969,-0.1296,False,0.0
2023-04-27,14.0,10.0,-0.0592,,,-0.349,-0.349,-0.4082,-0.3869,0.0379,False,0.0
2023-04-28,-9.0,-9.0,-0.159,,,0.4319,0.4319,0.2729,0.3473,0.0846,False,0.0
2023-05-01,13.0,15.0,0.0781,,,0.0,0.0,0.0781,-0.5257,0.5257,False,0.0
2023-05-02,-18.0,-15.0,0.0,,,0.0663,0.0663,0.0663,0.5925,-0.5262,False,0.0
2023-05-03,-9.0,-6.0,0.0,,,0.3583,0.3583,0.3583,0.2594,0.0989,False,0.0
2023-05-04,-8.0,-1.0,-0.1013,,,0.0385,0.0385,-0.0628,0.1051,-0.0666,False,0.0
2023-05-05,12.0,7.0,0.0101,,,-0.2533,-0.2533,-0.2432,-0.2836,0.0303,False,0.0
2023-05-08,8.0,8.0,0.0347,,,-0.2872,-0.2872,-0.2525,-0.282,-0.0052,False,0.0
2023-05-09,2.0,1.0,0.1099,,,-0.1494,-0.1494,-0.0395,-0.0306,-0.1188,False,0.0
2023-05-10,-14.0,-10.0,0.1733,,,0.4035,0.4035,0.5768,0.4152,-0.0117,False,0.0
2023-05-11,-1.0,-4.0,0.2291,,,0.2314,0.2314,0.4605,0.139,0.0924,False,0.0
2023-05-12,9.0,7.0,0.1366,,,-0.2866,-0.2866,-0.15,-0.2604,-0.0262,False,0.0
2023-05-15,1.0,4.0,-0.0791,,,-0.0939,-0.0939,-0.173,-0.1108,0.0169,False,0.0
2023-05-16,6.0,4.0,0.3317,,,-0.1437,-0.1437,0.188,-0.1494,0.0057,False,0.0
2023-05-17,6.0,3.0,0.3292,,,-0.2493,-0.2493,0.0799,-0.1201,-0.1292,False,0.0
2023-05-18,11.0,8.0,0.533,,,-0.3333,-0.3333,0.1997,-0.3052,-0.0281,False,0.0
2023-05-19,7.0,5.0,-0.4202,,,-0.1726,-0.1726,-0.5928,-0.1864,0.0138,False,0.0
2023-05-22,1.0,2.0,0.4145,,,-0.0669,-0.0669,0.3476,-0.0522,-0.0147,False,0.0
2023-05-23,-1.0,-2.0,0.1974,,,0.039,0.039,0.2364,0.0804,-0.0414,False,0.0
2023-05-24,-1.0,3.0,0.1347,,,-0.1786,-0.1786,-0.0439,-0.0661,-0.1125,False,0.0
2023-05-25,15.0,10.0,0.2688,,,-0.3301,-0.3301,-0.0613,-0.3946,0.0645,False,0.0
2023-05-26,2.0,-3.0,-0.2051,,,0.0,0.0,-0.2051,0.0866,-0.0866,False,0.0
2023-05-30,-11.0,-11.0,0.2291,,,0.6368,0.6368,0.8659,0.4213,0.2155,False,0.0
2023-05-31,-7.0,-5.0,0.4341,,,0.2114,0.2114,0.6455,0.2146,-0.0032,False,0.0
2023-06-01,-4.0,-3.0,-0.2337,,,0.0667,0.0667,-0.167,0.1329,-0.0662,False,0.0
2023-06-02,14.0,8.0,-0.151,,,-0.3003,-0.3003,-0.4513,-0.3283,0.028,False,0.0
2023-06-05,-2.0,0.0,0.3144,,,0.0612,0.0612,0.3756,0.0295,0.0317,False,0.0
2023-06-06,3.0,1.0,0.1969,,,0.0111,0.0111,0.208,-0.0383,0.0494,False,0.0
2023-06-07,8.0,9.0,0.1362,,,-0.3233,-0.3233,-0.1871,-0.3113,-0.012,False,0.0
2023-06-08,-6.0,-6.0,-0.25,,,0.3011,0.3011,0.0511,0.2362,0.0649,False,0.0
2023-06-09,5.0,2.0,0.2304,,,-0.1393,-0.1393,0.0911,-0.0831,-0.0562,False,0.0
2023-06-12,-3.0,-2.0,0.2298,,,0.1003,0.1003,0.3301,0.0959,0.0044,False,0.0
2023-06-13,12.0,11.0,0.207,,,-0.2733,-0.2733,-0.0663,-0.4008,0.1275,False,0.0
2023-06-14,5.0,-1.0,-0.1468,,,0.1395,0.1395,-0.0073,0.0049,0.1346,False,0.0
2023-06-15,-15.0,-11.0,-0.2521,,,0.3952,0.3952,0.1431,0.4522,-0.057,False,0.0
2023-06-16,8.0,5.0,-0.0702,,,-0.1278,-0.1278,-0.198,-0.1941,0.0663,False,0.0
2023-06-20,-3.0,-3.0,0.7843,,,0.1445,0.1445,0.9288,0.1252,0.0193,False,0.0
2023-06-21,-1.0,-2.0,-0.0446,,,0.1055,0.1055,0.0609,0.0804,0.0251,False,0.0
2023-06-22,8.0,8.0,-0.0028,,,0.0,0.0,-0.0028,-0.282,0.282,False,0.0
2023-06-23,-4.0,-6.0,0.0,,,-0.1332,-0.1332,-0.1332,0.2208,-0.354,False,0.0
2023-06-26,-3.0,-2.0,0.8145,,,0.1277,0.1277,0.9422,0.0959,0.0318,False,0.0
2023-06-27,6.0,5.0,-0.2366,,,-0.1833,-0.1833,-0.4199,-0.1787,-0.0046,False,0.0
2023-06-28,-5.0,-6.0,0.336,,,0.2165,0.2165,0.5525,0.2285,-0.012,False,0.0
2023-06-29,17.0,14.0,0.109,,,-0.506,-0.506,-0.397,-0.5273,0.0213,False,0.0
2023-06-30,-1.0,-4.0,-0.0028,,,0.1671,0.1671,0.1643,0.139,0.0281,False,0.0
2023-07-03,6.0,5.0,-0.156,,,-0.1727,-0.1727,-0.3287,-0.1787,0.006,False,0.0
2023-07-05,6.0,9.0,0.0897,,,-0.1953,-0.1953,-0.1056,-0.2959,0.1006,False,0.0
2023-07-06,12.0,10.0,0.0483,,,-1.2025,-0.4107,-0.3624,-0.3715,-0.0392,True,0.7855
2023-07-07,-2.0,1.0,-0.4077,,,-0.1697,-0.1697,-0.5774,0.0002,-0.1699,False,0.0
2023-07-10,-10.0,-5.0,0.1522,,,0.198,0.198,0.3502,0.2378,-0.0398,False,0.0
2023-07-11,-1.0,-2.0,-0.3116,,,0.1412,0.1412,-0.1704,0.0804,0.0608,False,0.0
2023-07-12,-17.0,-13.0,-0.6038,,,0.5347,0.5347,-0.0691,0.5262,0.0085,False,0.0
2023-07-13,-14.0,-10.0,-0.2179,,,0.5598,0.5598,0.3419,0.4152,0.1446,False,0.0
2023-07-14,11.0,7.0,-0.1358,,,-0.2627,-0.2627,-0.3985,-0.2759,0.0132,False,0.0
2023-07-17,-2.0,-2.0,0.4304,,,0.0,0.0,0.4304,0.0882,-0.0882,False,0.0
2023-07-18,-2.0,-1.0,0.1045,,,0.1845,0.1845,0.289,0.0589,0.1256,False,0.0
2023-07-19,-2.0,-5.0,0.6581,,,0.2344,0.2344,0.8925,0.1761,0.0583,False,0.0
2023-07-20,10.0,10.0,-0.693,,,-0.3909,-0.3909,-1.0839,-0.3561,-0.0348,False,0.0
2023-07-21,1.0,-1.0,0.1393,,,-0.0224,-0.0224,0.1169,0.0357,-0.0581,False,0.0
2023-07-24,4.0,2.0,-0.0083,,,-0.1568,-0.1568,-0.1651,-0.0753,-0.0815,False,0.0
2023-07-25,2.0,5.0,-0.7193,,,-0.0112,-0.0112,-0.7305,-0.1478,0.1366,False,0.0
2023-07-26,-6.0,-5.0,0.2282,,,0.1736,0.1736,0.4018,0.2069,-0.0333,False,0.0
2023-07-27,15.0,15.0,0.317,,,-0.4037,-0.4037,-0.0867,-0.5411,0.1374,False,0.0
2023-07-28,-6.0,-5.0,-0.3379,,,0.2413,0.2413,-0.0966,0.2069,0.0344,False,0.0
2023-07-31,0.0,1.0,-0.0868,,,0.1512,0.1512,0.0644,-0.0152,0.1664,False,0.0
2023-08-01,6.0,8.0,0.4874,,,-0.3139,-0.3139,0.1735,-0.2666,-0.0473,False,0.0
2023-08-02,0.0,3.0,0.2018,,,-0.2192,-0.2192,-0.0174,-0.0738,-0.1454,False,0.0
2023-08-03,6.0,12.0,-0.3747,,,-0.4794,-0.4794,-0.8541,-0.3838,-0.0956,False,0.0
2023-08-04,-15.0,-15.0,0.0809,,,0.5413,0.5413,0.6222,0.5694,-0.0281,False,0.0
2023-08-07,1.0,4.0,0.259,,,-0.0731,-0.0731,0.1859,-0.1108,0.0377,False,0.0
2023-08-08,-6.0,-7.0,0.3679,,,0.2641,0.2641,0.632,0.2655,-0.0014,False,0.0
2023-08-09,2.0,-2.0,-0.104,,,0.0224,0.0224,-0.0816,0.0573,-0.0349,False,0.0
2023-08-10,9.0,9.0,0.1109,,,-0.3767,-0.3767,-0.2658,-0.319,-0.0577,False,0.0
2023-08-11,10.0,7.0,0.2795,,,-0.186,-0.186,0.0935,-0.2681,0.0821,False,0.0
2023-08-14,5.0,3.0,0.3008,,,-0.2147,-0.2147,0.0861,-0.1124,-0.1023,False,0.0
2023-08-15,0.0,2.0,0.3191,,,-0.2661,-0.2661,0.053,-0.0445,-0.2216,False,0.0
2023-08-16,6.0,7.0,0.2304,,,-0.2327,-0.2327,-0.0023,-0.2373,0.0046,False,0.0
2023-08-17,0.0,2.0,-0.1028,,,-0.1934,-0.1934,-0.2962,-0.0445,-0.1489,False,0.0
2023-08-18,-4.0,-4.0,-0.151,,,0.0455,0.0455,-0.1055,0.1622,-0.1167,False,0.0
2023-08-21,8.0,8.0,0.0892,,,-0.4678,-0.4678,-0.3786,-0.282,-0.1858,False,0.0
2023-08-22,3.0,0.0,0.0892,,,0.0857,0.0857,0.1749,-0.009,0.0947,False,0.0
2023-08-23,-13.0,-15.0,-0.2183,,,0.6549,0.6549,0.4366,0.554,0.1009,False,0.0
2023-08-24,3.0,4.0,0.0206,,,-0.0909,-0.0909,-0.0703,-0.1262,0.0353,False,0.0
2023-08-25,5.0,2.0,0.1428,,,-0.0625,-0.0625,0.0803,-0.0831,0.0206,False,0.0
2023-08-28,-6.0,-5.0,0.0137,,,0.0796,0.0796,0.0933,0.2069,-0.1273,False,0.0
2023-08-29,-12.0,-8.0,-0.1428,,,0.4082,0.4082,0.2654,0.3411,0.0671,False,0.0
2023-08-30,1.0,0.0,0.0591,,,0.1018,0.1018,0.1609,0.0064,0.0954,False,0.0
2023-08-31,-4.0,-3.0,-0.3535,,,0.1694,0.1694,-0.1841,0.1329,0.0365,False,0.0
2023-09-01,6.0,9.0,0.0331,,,0.0,0.0,0.0331,-0.2959,0.2959,False,0.0
2023-09-05,8.0,9.0,0.5658,148.0,,-0.5318,-0.5318,0.034,-0.3113,-0.2205,False,0.0
2023-09-06,7.0,3.0,0.1943,147.0,-1.0,-0.0965,-0.0965,0.0978,-0.1278,0.0313,False,0.0
2023-09-07,-6.0,-3.0,0.1734,152.0,5.0,0.1475,0.1475,0.3209,0.1483,-0.0008,False,0.0
2023-09-08,1.0,-1.0,0.1949,150.0,-2.0,0.0,0.0,0.1949,0.0357,-0.0357,False,0.0
2023-09-11,1.0,3.0,-0.7491,152.0,2.0,-0.1589,-0.1589,-0.908,-0.0815,-0.0774,False,0.0
2023-09-12,1.0,-2.0,0.0398,152.0,0.0,0.1248,0.1248,0.1646,0.065,0.0598,False,0.0
2023-09-13,-2.0,-2.0,-0.2898,155.0,3.0,0.051,0.051,-0.2388,0.0882,-0.0372,False,0.0
2023-09-14,3.0,4.0,0.0962,150.0,-5.0,-0.0397,-0.0397,0.0565,-0.1262,0.0865,False,0.0
2023-09-15,3.0,4.0,-0.0357,150.0,0.0,-0.1305,-0.1305,-0.1662,-0.1262,-0.0043,False,0.0
2023-09-18,1.0,-1.0,0.2348,150.0,0.0,0.0511,0.0511,0.2859,0.0357,0.0154,False,0.0
2023-09-19,5.0,5.0,0.0672,147.0,-3.0,-0.159,-0.159,-0.0918,-0.171,0.012,False,0.0
2023-09-20,1.0,-2.0,-0.1289,146.0,-1.0,-0.0341,-0.0341,-0.163,0.065,-0.0991,False,0.0
2023-09-21,9.0,14.0,0.2686,146.0,0.0,-0.4331,-0.4331,-0.1645,-0.4656,0.0325,False,0.0
2023-09-22,-4.0,-5.0,-0.1178,150.0,4.0,0.1712,0.1712,0.0534,0.1915,-0.0203,False,0.0
2023-09-25,5.0,11.0,0.178,147.0,-3.0,-0.3198,-0.3198,-0.1418,-0.3468,0.027,False,0.0
2023-09-26,0.0,1.0,-0.0137,148.0,1.0,-0.0744,-0.0744,-0.0881,-0.0152,-0.0592,False,0.0
2023-09-27,5.0,5.0,0.0068,144.0,-4.0,-0.2063,-0.2063,-0.1995,-0.171,-0.0353,False,0.0
2023-09-28,-5.0,-2.0,-0.13,152.0,8.0,0.1146,0.1146,-0.0154,0.1113,0.0033,False,0.0
2023-09-29,-2.0,0.0,-0.0685,148.0,-4.0,0.0744,0.0744,0.0059,0.0295,0.0449,False,0.0
2023-10-02,12.0,10.0,0.0,147.0,-1.0,0.0,0.0,0.0,-0.3715,0.3715,False,0.0
2023-10-03,8.0,12.0,0.0,145.0,-2.0,-0.8393,-0.8393,-0.8393,-0.3992,-0.4401,False,0.0
2023-10-04,-8.0,-8.0,0.0,157.0,12.0,0.15,0.15,0.15,0.3103,-0.1603,False,0.0
2023-10-05,-4.0,-1.0,0.0,155.0,-2.0,-0.7173,0.0948,0.0948,0.0743,0.0206,True,0.8096
2023-10-06,7.0,6.0,0.0,151.0,-4.0,-0.2209,-0.2209,-0.2209,-0.2157,-0.0052,False,0.0
2023-10-10,-13.0,-12.0,-0.0164,160.0,9.0,0.6322,0.6322,0.6158,0.466,0.1662,False,0.0
2023-10-11,-3.0,-8.0,0.0603,157.0,-3.0,0.3751,0.3751,0.4354,0.2717,0.1034,False,0.0
2023-10-12,10.0,12.0,0.037,150.0,-7.0,-0.4677,-0.4677,-0.4307,-0.4147,-0.053,False,0.0
2023-10-13,-4.0,-7.0,0.0411,156.0,6.0,0.2428,0.2428,0.2839,0.2501,-0.0073,False,0.0
2023-10-16,7.0,8.0,0.0766,154.0,-2.0,-0.3064,-0.3064,-0.2298,-0.2743,-0.0321,False,0.0
2023-10-17,14.0,12.0,0.0,148.0,-6.0,-0.4469,-0.4469,-0.4469,-0.4455,-0.0014,False,0.0
2023-10-18,6.0,8.0,0.0766,151.0,3.0,-0.2504,-0.2504,-0.1738,-0.2666,0.0162,False,0.0
2023-10-19,3.0,7.0,-0.0479,155.0,4.0,-0.3622,-0.3622,-0.4101,-0.2141,-0.1481,False,0.0
2023-10-20,-9.0,-5.0,0.0396,159.0,4.0,0.1813,0.1813,0.2209,0.2301,-0.0488,False,0.0
2023-10-23,-5.0,-7.0,0.0041,164.0,5.0,0.0,0.0,0.0041,0.2578,-0.2578,False,0.0
2023-10-24,1.0,-3.0,-0.093,159.0,-5.0,0.4663,0.4663,0.3733,0.0943,0.372,False,0.0
2023-10-25,7.0,12.0,0.1026,153.0,-6.0,-0.3378,-0.3378,-0.2352,-0.3915,0.0537,False,0.0
2023-10-26,-10.0,-9.0,-0.0205,163.0,10.0,0.2971,0.2971,0.2766,0.355,-0.0579,False,0.0
2023-10-27,-3.0,-2.0,0.0287,162.0,-1.0,0.0814,0.0814,0.1101,0.0959,-0.0145,False,0.0
2023-10-30,4.0,4.0,-0.0519,159.0,-3.0,-0.064,-0.064,-0.1159,-0.134,0.07,False,0.0
2023-10-31,2.0,0.0,0.0451,153.0,-6.0,-0.1164,-0.1164,-0.0713,-0.0013,-0.1151,False,0.0
2023-11-01,-15.0,-11.0,0.0123,164.0,11.0,0.5516,0.5516,0.5639,0.4522,0.0994,False,0.0
2023-11-02,-2.0,-10.0,-0.0205,157.0,-7.0,0.4795,0.4795,0.459,0.3226,0.1569,False,0.0
2023-11-03,-16.0,-10.0,-0.2121,162.0,5.0,0.5231,0.5231,0.311,0.4306,0.0925,False,0.0
2023-11-06,11.0,10.0,-0.4255,152.0,-10.0,-0.0803,-0.0803,-0.5058,-0.3638,0.2835,False,0.0
2023-11-07,-7.0,-9.0,0.1279,157.0,5.0,0.2235,0.2235,0.3514,0.3318,-0.1083,False,0.0
2023-11-08,-2.0,-9.0,0.0165,156.0,-1.0,0.263,0.263,0.2795,0.2933,-0.0303,False,0.0
2023-11-09,14.0,13.0,0.0481,147.0,-9.0,-0.5037,-0.5037,-0.4556,-0.4748,-0.0289,False,0.0
2023-11-10,0.0,-1.0,0.0,150.0,3.0,0.0287,0.0287,0.0287,0.0434,-0.0147,False,0.0
2023-11-13,1.0,2.0,0.0755,153.0,3.0,0.0746,0.0746,0.1501,-0.0522,0.1268,False,0.0
2023-11-14,-24.0,-19.0,-0.4951,162.0,9.0,0.6628,0.6628,0.1677,0.756,-0.0932,False,0.0
2023-11-15,10.0,9.0,-0.0883,147.0,-15.0,-0.0513,-0.0513,-0.1396,-0.3268,0.2755,False,0.0
2023-11-16,-9.0,-8.0,-0.069,153.0,6.0,0.4037,0.4037,0.3347,0.318,0.0857,False,0.0
2023-11-17,2.0,-1.0,-0.4096,149.0,-4.0,0.0737,0.0737,-0.3359,0.028,0.0457,False,0.0
2023-11-20,-1.0,-2.0,-0.612,151.0,2.0,0.1473,0.1473,-0.4647,0.0804,0.0669,False,0.0
2023-11-21,-3.0,-1.0,-0.4586,148.0,-3.0,0.1641,0.1641,-0.2945,0.0666,0.0975,False,0.0
2023-11-22,3.0,1.0,0.2771,145.0,-3.0,0.0452,0.0452,0.3223,-0.0383,0.0835,False,0.0
2023-11-24,5.0,5.0,-0.0867,142.0,-3.0,-0.1357,-0.1357,-0.2224,-0.171,0.0353,False,0.0
2023-11-27,-11.0,-8.0,0.0559,148.0,6.0,0.3445,0.3445,0.4004,0.3334,0.0111,False,0.0
2023-11-28,-9.0,-5.0,-0.2071,151.0,3.0,0.3209,0.3209,0.1138,0.2301,0.0908,False,0.0
2023-11-29,-7.0,-7.0,-0.1121,147.0,-4.0,0.4374,0.4374,0.3253,0.2732,0.1642,False,0.0
2023-11-30,9.0,10.0,0.0841,138.0,-9.0,-0.1288,-0.1288,-0.0447,-0.3483,0.2195,False,0.0
2023-12-01,-17.0,-15.0,0.0364,148.0,10.0,0.4919,0.4919,0.5283,0.5848,-0.0929,False,0.0
2023-12-04,9.0,6.0,0.0532,141.0,-7.0,-0.0614,-0.0614,-0.0082,-0.2311,0.1697,False,0.0
2023-12-05,-9.0,-10.0,0.028,144.0,3.0,0.4176,0.4176,0.4456,0.3766,0.041,False,0.0
2023-12-06,-2.0,-6.0,0.1902,143.0,-1.0,0.3162,0.3162,0.5064,0.2054,0.1108,False,0.0
2023-12-07,-1.0,2.0,-0.0908,141.0,-2.0,0.0,0.0,-0.0908,-0.0368,0.0368,False,0.0
2023-12-08,13.0,9.0,0.1816,135.0,-6.0,-0.2829,-0.2829,-0.1013,-0.3499,0.067,False,0.0
2023-12-11,1.0,0.0,0.1674,139.0,4.0,-0.0167,-0.0167,0.1507,0.0064,-0.0231,False,0.0
2023-12-12,-2.0,-3.0,-0.0139,138.0,-1.0,0.1055,0.1055,0.0916,0.1175,-0.012,False,0.0
2023-12-13,-23.0,-16.0,-0.0418,153.0,15.0,0.8344,0.8344,0.7926,0.6604,0.174,False,0.0
2023-12-14,-10.0,-12.0,-0.8921,140.0,-13.0,0.7893,0.7893,-0.1028,0.4429,0.3464,False,0.0
2023-12-15,1.0,-1.0,0.1279,137.0,-3.0,-0.0382,-0.0382,0.0897,0.0357,-0.0739,False,0.0
2023-12-18,3.0,4.0,0.1656,136.0,-1.0,-0.0546,-0.0546,0.111,-0.1262,0.0716,False,0.0
2023-12-19,0.0,-2.0,-0.014,137.0,1.0,0.1038,0.1038,0.0898,0.0727,0.0311,False,0.0
2023-12-20,-8.0,-7.0,0.0953,139.0,2.0,0.2998,0.2998,0.3951,0.281,0.0188,False,0.0
2023-12-21,1.0,3.0,0.0364,138.0,-1.0,-0.0926,-0.0926,-0.0562,-0.0815,-0.0111,False,0.0
2023-12-22,0.0,1.0,-0.0925,137.0,-1.0,-0.0708,-0.0708,-0.1633,-0.0152,-0.0556,False,0.0
2023-12-26,2.0,-1.0,0.1639,137.0,0.0,0.0,0.0,0.1639,0.028,-0.028,False,0.0
2023-12-27,-11.0,-10.0,-0.0378,143.0,6.0,0.4569,0.4569,0.4191,0.392,0.0649,False,0.0
2023-12-28,5.0,5.0,-0.4773,137.0,-6.0,-0.1412,-0.1412,-0.6185,-0.171,0.0298,False,0.0
2023-12-29,1.0,4.0,-0.0929,136.0,-1.0,-0.038,-0.038,-0.1309,-0.1108,0.0728,False,0.0
2024-01-02,9.0,7.0,0.5996,133.0,-3.0,-0.1905,-0.1905,0.4091,-0.2604,0.0699,False,0.0
2024-01-03,-3.0,-4.0,0.0994,138.0,5.0,-0.8259,-0.0551,0.0443,0.1545,-0.2096,True,0.7674
2024-01-04,7.0,8.0,0.1286,132.0,-6.0,-0.4459,-0.4459,-0.3173,-0.2743,-0.1716,False,0.0
2024-01-05,5.0,6.0,-0.1944,135.0,3.0,-0.3592,-0.3592,-0.5536,-0.2003,-0.1589,False,0.0
2024-01-08,-5.0,-4.0,0.1259,139.0,4.0,0.1494,0.1494,0.2753,0.1699,-0.0205,False,0.0
2024-01-09,0.0,1.0,0.1885,138.0,-1.0,-0.0276,-0.0276,0.1609,-0.0152,-0.0124,False,0.0
2024-01-10,2.0,2.0,0.0502,135.0,-3.0,-0.0055,-0.0055,0.0447,-0.0599,0.0544,False,0.0
2024-01-11,-9.0,-6.0,-0.0572,139.0,4.0,0.4084,0.4084,0.3512,0.2594,0.149,False,0.0
2024-01-12,-6.0,-2.0,-0.007,140.0,1.0,0.2146,0.2146,0.2076,0.119,0.0956,False,0.0
2024-01-16,11.0,11.0,0.2912,133.0,-7.0,-0.3303,-0.3303,-0.0391,-0.3931,0.0628,False,0.0
2024-01-17,7.0,3.0,0.1196,131.0,-2.0,-0.2871,-0.2871,-0.1675,-0.1278,-0.1593,False,0.0
2024-01-18,2.0,4.0,0.0014,131.0,0.0,-0.0774,-0.0774,-0.076,-0.1185,0.0411,False,0.0
2024-01-19,4.0,1.0,-0.0417,131.0,0.0,-0.0332,-0.0332,-0.0749,-0.046,0.0128,False,0.0
2024-01-22,-5.0,-4.0,-0.0153,134.0,3.0,0.1272,0.1272,0.1119,0.1699,-0.0427,False,0.0
2024-01-23,3.0,3.0,-0.2785,133.0,-1.0,-0.0664,-0.0664,-0.3449,-0.0969,0.0305,False,0.0
2024-01-24,0.0,4.0,-0.1954,128.0,-5.0,-0.1218,-0.1218,-0.3172,-0.1031,-0.0187,False,0.0
2024-01-25,-5.0,-4.0,0.1536,134.0,6.0,0.2103,0.2103,0.3639,0.1699,0.0404,False,0.0
2024-01-26,3.0,1.0,0.1018,129.0,-5.0,-0.0276,-0.0276,0.0742,-0.0383,0.0107,False,0.0
2024-01-29,-7.0,-7.0,0.0488,134.0,5.0,0.3367,0.3367,0.3855,0.2732,0.0635,False,0.0
2024-01-30,3.0,-2.0,-0.0599,131.0,-3.0,0.1322,0.1322,0.0723,0.0496,0.0826,False,0.0
2024-01-31,-9.0,-7.0,-0.1143,138.0,7.0,0.4338,0.4338,0.3195,0.2887,0.1451,False,0.0
2024-02-01,-11.0,-12.0,0.1756,138.0,0.0,0.3173,0.3173,0.4929,0.4506,-0.1333,False,0.0
2024-02-02,19.0,16.0,0.1684,126.0,-12.0,-0.5422,-0.5422,-0.3738,-0.6013,0.0591,False,0.0
2024-02-05,14.0,14.0,0.0862,126.0,0.0,-0.5562,-0.5562,-0.47,-0.5041,-0.0521,False,0.0
2024-02-06,-10.0,-8.0,-0.1029,131.0,5.0,0.3033,0.3033,0.2004,0.3257,-0.0224,False,0.0
2024-02-07,3.0,0.0,0.0487,127.0,-4.0,-0.0275,-0.0275,0.0212,-0.009,-0.0185,False,0.0
2024-02-08,6.0,6.0,0.0306,124.0,-3.0,-0.1212,-0.1212,-0.0906,-0.208,0.0868,False,0.0
2024-02-09,2.0,2.0,-0.05,125.0,1.0,-0.0552,-0.0552,-0.1052,-0.0599,0.0047,False,0.0
2024-02-12,-1.0,0.0,-0.0014,125.0,0.0,0.0,0.0,-0.0014,0.0218,-0.0218,False,0.0
2024-02-13,18.0,14.0,0.0,115.0,-10.0,0.0,0.0,0.0,-0.535,0.535,False,0.0
2024-02-14,-6.0,-4.0,0.0,123.0,8.0,-0.3592,-0.3592,-0.3592,0.1776,-0.5368,False,0.0
2024-02-15,-3.0,-3.0,0.0,121.0,-2.0,0.2102,0.2102,0.2102,0.1252,0.085,False,0.0
2024-02-16,7.0,6.0,0.0,119.0,-2.0,-0.177,-0.177,-0.177,-0.2157,0.0387,False,0.0
2024-02-20,-4.0,-3.0,-0.032,121.0,2.0,0.1714,0.1714,0.1394,0.1329,0.0385,False,0.0
2024-02-21,5.0,5.0,-0.0195,117.0,-4.0,-0.1714,-0.1714,-0.1909,-0.171,-0.0004,False,0.0
2024-02-22,3.0,1.0,0.0737,117.0,0.0,0.0387,0.0387,0.1124,-0.0383,0.077,False,0.0
2024-02-23,-5.0,-7.0,0.0361,121.0,4.0,0.2211,0.2211,0.2572,0.2578,-0.0367,False,0.0
2024-02-26,1.0,2.0,0.0028,117.0,-4.0,-0.0276,-0.0276,-0.0248,-0.0522,0.0246,False,0.0
2024-02-27,3.0,3.0,0.0069,117.0,0.0,-0.116,-0.116,-0.1091,-0.0969,-0.0191,False,0.0
2024-02-28,-6.0,-4.0,-0.0014,120.0,3.0,0.1768,0.1768,0.1754,0.1776,-0.0008,False,0.0
2024-02-29,0.0,-2.0,0.0014,120.0,0.0,0.1379,0.1379,0.1393,0.0727,0.0652,False,0.0
2024-03-01,-9.0,-6.0,-0.0236,124.0,4.0,0.3191,0.3191,0.2955,0.2594,0.0597,False,0.0
2024-03-04,4.0,3.0,0.0375,119.0,-5.0,-0.1209,-0.1209,-0.0834,-0.1046,-0.0163,False,0.0
2024-03-05,-8.0,-9.0,-0.0306,123.0,4.0,0.2307,0.2307,0.2001,0.3396,-0.1089,False,0.0
2024-03-06,-1.0,-2.0,0.0167,124.0,1.0,0.0932,0.0932,0.1099,0.0804,0.0128,False,0.0
2024-03-07,-5.0,-2.0,-0.0723,124.0,0.0,0.1205,0.1205,0.0482,0.1113,0.0092,False,0.0
2024-03-08,-1.0,0.0,-0.0974,123.0,-1.0,0.0766,0.0766,-0.0208,0.0218,0.0548,False,0.0
2024-03-11,2.0,1.0,-0.0487,120.0,-3.0,-0.0328,-0.0328,-0.0815,-0.0306,-0.0022,False,0.0
2024-03-12,7.0,6.0,-0.0223,117.0,-3.0,-0.1863,-0.1863,-0.2086,-0.2157,0.0294,False,0.0
2024-03-13,4.0,3.0,0.0988,116.0,-1.0,-0.1152,-0.1152,-0.0164,-0.1046,-0.0106,False,0.0
2024-03-14,10.0,10.0,0.0793,112.0,-4.0,-0.352,-0.352,-0.2727,-0.3561,0.0041,False,0.0
2024-03-15,4.0,2.0,0.0292,112.0,0.0,-0.0937,-0.0937,-0.0645,-0.0753,-0.0184,False,0.0
2024-03-18,3.0,3.0,0.0389,113.0,1.0,-0.0386,-0.0386,0.0003,-0.0969,0.0583,False,0.0
2024-03-19,-5.0,-4.0,0.0139,114.0,1.0,0.1488,0.1488,0.1627,0.1699,-0.0211,False,0.0
2024-03-20,-6.0,-3.0,0.0014,115.0,1.0,0.1706,0.1706,0.172,0.1483,0.0223,False,0.0
2024-03-21,1.0,0.0,0.0014,113.0,-2.0,0.1209,0.1209,0.1223,0.0064,0.1145,False,0.0
2024-03-22,-6.0,-5.0,0.4103,115.0,2.0,0.2249,0.2249,0.6352,0.2069,0.018,False,0.0
2024-03-25,3.0,3.0,-0.259,113.0,-2.0,-0.0603,-0.0603,-0.3193,-0.0969,0.0366,False,0.0
2024-03-26,-1.0,-1.0,0.1026,114.0,1.0,0.0713,0.0713,0.1739,0.0511,0.0202,False,0.0
2024-03-27,-4.0,-4.0,0.1302,115.0,1.0,0.1533,0.1533,0.2835,0.1622,-0.0089,False,0.0
2024-03-28,3.0,0.0,-0.0111,114.0,-1.0,-0.0438,-0.0438,-0.0549,-0.009,-0.0348,False,0.0
2024-04-01,13.0,13.0,0.0636,109.0,-5.0,0.0,0.0,0.0636,-0.4671,0.4671,False,0.0
2024-04-02,1.0,3.0,0.0166,110.0,1.0,-0.4443,-0.4443,-0.4277,-0.0815,-0.3628,False,0.0
2024-04-03,-1.0,0.0,0.0138,111.0,1.0,-0.7284,0.0467,0.0605,0.0218,0.0248,True,0.7724
2024-04-04,-4.0,-5.0,0.0124,112.0,1.0,0.0,0.0,0.0124,0.1915,-0.1915,False,0.0
2024-04-05,8.0,8.0,0.0,109.0,-3.0,-0.1829,-0.1829,-0.1829,-0.282,0.0991,False,0.0
2024-04-08,5.0,3.0,-0.047,108.0,-1.0,-0.0999,-0.0999,-0.1469,-0.1124,0.0125,False,0.0
2024-04-09,-6.0,-6.0,0.0152,109.0,1.0,0.2274,0.2274,0.2426,0.2362,-0.0088,False,0.0
2024-04-10,24.0,19.0,0.0346,103.0,-6.0,-0.656,-0.656,-0.6214,-0.7278,0.0718,False,0.0
2024-04-11,0.0,1.0,0.0442,105.0,2.0,-0.134,-0.134,-0.0898,-0.0152,-0.1188,False,0.0
2024-04-12,-7.0,-6.0,0.0014,107.0,2.0,0.2064,0.2064,0.2078,0.2439,-0.0375,False,0.0
2024-04-15,11.0,13.0,0.0111,106.0,-1.0,-0.2511,-0.2511,-0.24,-0.4517,0.2006,False,0.0
2024-04-16,4.0,4.0,0.0014,106.0,0.0,-0.3302,-0.3302,-0.3288,-0.134,-0.1962,False,0.0
2024-04-17,-7.0,-8.0,0.0083,109.0,3.0,0.3023,0.3023,0.3106,0.3025,-0.0002,False,0.0
2024-04-18,6.0,5.0,-0.0097,106.0,-3.0,-0.1062,-0.1062,-0.1159,-0.1787,0.0725,False,0.0
2024-04-19,-2.0,-2.0,0.029,107.0,1.0,0.0224,0.0224,0.0514,0.0882,-0.0658,False,0.0
2024-04-22,0.0,0.0,0.0,108.0,1.0,-0.0168,-0.0168,-0.0168,0.0141,-0.0309,False,0.0
2024-04-23,-3.0,-1.0,0.058,108.0,0.0,0.1565,0.1565,0.2145,0.0666,0.0899,False,0.0
2024-04-24,1.0,4.0,0.0207,108.0,0.0,-0.1453,-0.1453,-0.1246,-0.1108,-0.0345,False,0.0
2024-04-25,6.0,5.0,0.0,106.0,-2.0,-0.2577,-0.2577,-0.2577,-0.1787,-0.079,False,0.0
2024-04-26,-2.0,-3.0,0.0055,107.0,1.0,0.0393,0.0393,0.0448,0.1175,-0.0782,False,0.0
2024-04-29,-3.0,-4.0,-0.2017,107.0,0.0,0.2799,0.2799,0.0782,0.1545,0.1254,False,0.0
2024-04-30,7.0,6.0,0.1147,106.0,-1.0,-0.1679,-0.1679,-0.0532,-0.2157,0.0478,False,0.0
2024-05-01,-8.0,-6.0,0.0055,109.0,3.0,0.0,0.0,0.0055,0.2517,-0.2517,False,0.0
2024-05-02,-7.0,-5.0,0.0,110.0,1.0,0.4637,0.4637,0.4637,0.2146,0.2491,False,0.0
2024-05-03,-9.0,-8.0,0.0,110.0,0.0,0.3283,0.3283,0.3283,0.318,0.0103,False,0.0
2024-05-06,0.0,-1.0,-0.4624,108.0,-2.0,0.2497,0.2497,-0.2127,0.0434,0.2063,False,0.0
2024-05-07,0.0,-2.0,0.1581,108.0,0.0,0.1495,0.1495,0.3076,0.0727,0.0768,False,0.0
2024-05-08,2.0,1.0,0.0,107.0,-1.0,-0.1107,-0.1107,-0.1107,-0.0306,-0.0801,False,0.0
2024-05-09,-3.0,-3.0,0.018,108.0,1.0,0.1107,0.1107,0.1287,0.1252,-0.0145,False,0.0
2024-05-10,5.0,5.0,0.0858,106.0,-2.0,-0.1052,-0.1052,-0.0194,-0.171,0.0658,False,0.0
2024-05-13,-2.0,-2.0,0.0899,106.0,0.0,0.0222,0.0222,0.1121,0.0882,-0.066,False,0.0
2024-05-14,-4.0,-3.0,0.0138,107.0,1.0,0.1715,0.1715,0.1853,0.1329,0.0386,False,0.0
2024-05-15,-11.0,-9.0,-0.2007,109.0,2.0,0.0,0.0,-0.2007,0.3627,-0.3627,False,0.0
2024-05-16,5.0,2.0,-0.0125,105.0,-4.0,0.4688,0.4688,0.4563,-0.0831,0.5519,False,0.0
2024-05-17,4.0,4.0,0.072,103.0,-2.0,-0.1487,-0.1487,-0.0767,-0.134,-0.0147,False,0.0
2024-05-20,2.0,2.0,0.1536,102.0,-1.0,-0.0717,-0.0717,0.0819,-0.0599,-0.0118,False,0.0
2024-05-21,-3.0,-3.0,0.0442,104.0,2.0,0.1818,0.1818,0.226,0.1252,0.0566,False,0.0
2024-05-22,4.0,2.0,0.0401,102.0,-2.0,0.0,0.0,0.0401,-0.0753,0.0753,False,0.0
2024-05-23,5.0,4.0,0.0221,100.0,-2.0,-0.2646,-0.2646,-0.2425,-0.1417,-0.1229,False,0.0
2024-05-24,1.0,-1.0,0.0055,101.0,1.0,0.0607,0.0607,0.0662,0.0357,0.025,False,0.0
2024-05-28,3.0,8.0,0.0359,98.0,-3.0,-0.2651,-0.2651,-0.2292,-0.2434,-0.0217,False,0.0
2024-05-29,7.0,7.0,0.0593,98.0,0.0,-0.2381,-0.2381,-0.1788,-0.245,0.0069,False,0.0
2024-05-30,-6.0,-6.0,-0.0014,100.0,2.0,0.2713,0.2713,0.2699,0.2362,0.0351,False,0.0
2024-05-31,-5.0,-4.0,-0.1146,104.0,4.0,0.265,0.265,0.1504,0.1699,0.0951,False,0.0
2024-06-03,-10.0,-10.0,0.0138,103.0,-1.0,0.4072,0.4072,0.421,0.3843,0.0229,False,0.0
2024-06-04,-7.0,-8.0,-0.0373,105.0,2.0,0.3399,0.3399,0.3026,0.3025,0.0374,False,0.0
2024-06-05,-4.0,-4.0,0.1132,107.0,2.0,0.1969,0.1969,0.3101,0.1622,0.0347,False,0.0
2024-06-06,-2.0,-1.0,-0.0331,106.0,-1.0,0.0382,0.0382,0.0051,0.0589,-0.0207,False,0.0
2024-06-07,17.0,15.0,0.0207,98.0,-8.0,-0.564,-0.564,-0.5433,-0.5566,-0.0074,False,0.0
2024-06-10,2.0,4.0,0.0124,101.0,3.0,0.0,0.0,0.0124,-0.1185,0.1185,False,0.0
2024-06-11,-7.0,-8.0,0.0952,104.0,3.0,0.1317,0.1317,0.2269,0.3025,-0.1708,False,0.0
2024-06-12,-9.0,-8.0,0.0,102.0,-2.0,0.2355,0.2355,0.2355,0.318,-0.0825,False,0.0
2024-06-13,-8.0,-7.0,-0.0345,107.0,5.0,0.4858,0.4858,0.4513,0.281,0.2048,False,0.0
2024-06-14,-2.0,-4.0,0.0524,108.0,1.0,0.0762,0.0762,0.1286,0.1468,-0.0706,False,0.0
2024-06-17,8.0,8.0,0.0055,106.0,-2.0,-0.256,-0.256,-0.2505,-0.282,0.026,False,0.0
2024-06-18,-6.0,-6.0,-0.0248,109.0,3.0,0.2125,0.2125,0.1877,0.2362,-0.0237,False,0.0
2024-06-20,2.0,3.0,0.0841,107.0,-2.0,-0.1035,-0.1035,-0.0194,-0.0892,-0.0143,False,0.0
2024-06-21,0.0,0.0,0.0069,106.0,-1.0,-0.0491,-0.0491,-0.0422,0.0141,-0.0632,False,0.0
2024-06-24,1.0,0.0,-0.0317,108.0,2.0,0.0763,0.0763,0.0446,0.0064,0.0699,False,0.0
2024-06-25,-2.0,-2.0,0.0592,108.0,0.0,0.0054,0.0054,0.0646,0.0882,-0.0828,False,0.0
2024-06-26,7.0,9.0,0.0509,106.0,-2.0,-0.3383,-0.3383,-0.2874,-0.3036,-0.0347,False,0.0
2024-06-27,-3.0,-3.0,0.0303,107.0,1.0,0.1311,0.1311,0.1614,0.1252,0.0059,False,0.0
2024-06-28,4.0,7.0,-0.022,104.0,-3.0,-0.3116,-0.3116,-0.3336,-0.2219,-0.0897,False,0.0
2024-07-01,11.0,12.0,0.0151,102.0,-2.0,0.0,0.0,0.0151,-0.4224,0.4224,False,0.0
2024-07-02,-5.0,-5.0,0.0399,104.0,2.0,-0.1973,-0.1973,-0.1574,0.1992,-0.3965,False,0.0
2024-07-03,-6.0,-7.0,-0.0179,106.0,2.0,-0.5115,0.332,0.3141,0.2655,0.0665,True,0.8428
2024-07-05,-11.0,-8.0,-0.0261,107.0,1.0,0.4511,0.4511,0.425,0.3334,0.1177,False,0.0
2024-07-08,1.0,0.0,0.0041,106.0,-1.0,0.0604,0.0604,0.0645,0.0064,0.054,False,0.0
2024-07-09,1.0,2.0,0.0578,106.0,0.0,-0.0219,-0.0219,0.0359,-0.0522,0.0303,False,0.0
2024-07-10,0.0,-2.0,0.0454,105.0,-1.0,0.0768,0.0768,0.1222,0.0727,0.0041,False,0.0
2024-07-11,-11.0,-8.0,-0.2546,107.0,2.0,0.3885,0.3885,0.1339,0.3334,0.0551,False,0.0
2024-07-12,-3.0,-2.0,-0.1075,108.0,1.0,0.2455,0.2455,0.138,0.0959,0.1496,False,0.0
2024-07-15,3.0,5.0,0.1337,106.0,-2.0,-0.1581,-0.1581,-0.0244,-0.1555,-0.0026,False,0.0
2024-07-16,-4.0,-6.0,0.128,108.0,2.0,0.2453,0.2453,0.3733,0.2208,0.0245,False,0.0
2024-07-17,-2.0,-1.0,-0.1074,109.0,1.0,0.0,0.0,-0.1074,0.0589,-0.0589,False,0.0
2024-07-18,4.0,4.0,-0.0096,107.0,-2.0,-0.1853,-0.1853,-0.1949,-0.134,-0.0513,False,0.0
2024-07-19,5.0,5.0,0.1308,105.0,-2.0,-0.1637,-0.1637,-0.0329,-0.171,0.0073,False,0.0
2024-07-22,1.0,1.0,0.0564,105.0,0.0,-0.0765,-0.0765,-0.0201,-0.0229,-0.0536,False,0.0
2024-07-23,-2.0,-1.0,0.0165,105.0,0.0,0.0656,0.0656,0.0821,0.0589,0.0067,False,0.0
2024-07-24,-3.0,3.0,-0.1734,106.0,1.0,-0.1367,-0.1367,-0.3101,-0.0506,-0.0861,False,0.0
2024-07-25,1.0,-1.0,-0.4305,105.0,-1.0,0.082,0.082,-0.3485,0.0357,0.0463,False,0.0
2024-07-26,-7.0,-7.0,0.2652,108.0,3.0,0.2729,0.2729,0.5381,0.2732,-0.0003,False,0.0
2024-07-29,-1.0,-3.0,0.1309,108.0,0.0,0.1307,0.1307,0.2616,0.1097,0.021,False,0.0
2024-07-30,-2.0,-2.0,-0.1185,109.0,1.0,0.1415,0.1415,0.023,0.0882,0.0533,False,0.0
2024-07-31,-6.0,-6.0,-0.4395,114.0,5.0,0.4286,0.4286,-0.0109,0.2362,0.1924,False,0.0
2024-08-01,-13.0,-10.0,0.3429,115.0,1.0,0.3351,0.3351,0.678,0.4074,-0.0723,False,0.0
2024-08-02,-22.0,-19.0,-1.1677,124.0,9.0,0.8221,0.8221,-0.3456,0.7406,0.0815,False,0.0
2024-08-05,0.0,-2.0,-0.4199,126.0,2.0,-0.2196,-0.2196,-0.6395,0.0727,-0.2923,False,0.0
2024-08-06,11.0,12.0,0.3682,122.0,-4.0,-0.4138,-0.4138,-0.0456,-0.4224,0.0086,False,0.0
2024-08-07,6.0,6.0,0.2749,120.0,-2.0,-0.1078,-0.1078,0.1671,-0.208,0.1002,False,0.0
2024-08-08,4.0,3.0,-0.0181,116.0,-4.0,-0.1079,-0.1079,-0.126,-0.1046,-0.0033,False,0.0
2024-08-09,-3.0,-5.0,-0.1213,118.0,2.0,0.151,0.151,0.0297,0.1838,-0.0328,False,0.0
2024-08-12,-5.0,-4.0,0.1172,120.0,2.0,0.2153,0.2153,0.3325,0.1699,0.0454,False,0.0
2024-08-13,-7.0,-5.0,-0.2596,120.0,0.0,0.2524,0.2524,-0.0072,0.2146,0.0378,False,0.0
2024-08-14,-1.0,-2.0,-0.2463,118.0,-2.0,0.1447,0.1447,-0.1016,0.0804,0.0643,False,0.0
2024-08-15,12.0,9.0,0.4919,112.0,-6.0,-0.2252,-0.2252,0.2667,-0.3422,0.117,False,0.0
2024-08-16,-2.0,-3.0,-0.1255,114.0,2.0,0.1019,0.1019,-0.0236,0.1175,-0.0156,False,0.0
2024-08-19,-2.0,-3.0,-0.351,113.0,-1.0,0.1714,0.1714,-0.1796,0.1175,0.0539,False,0.0
2024-08-20,-5.0,-4.0,-0.1023,115.0,2.0,0.262,0.262,0.1597,0.1699,0.0921,False,0.0
2024-08-21,-6.0,-3.0,0.0336,115.0,0.0,0.1494,0.1494,0.183,0.1483,0.0011,False,0.0
2024-08-22,8.0,7.0,0.1345,112.0,-3.0,-0.2562,-0.2562,-0.1217,-0.2527,-0.0035,False,0.0
2024-08-23,-7.0,-5.0,-0.2747,114.0,2.0,0.2829,0.2829,0.0082,0.2146,0.0683,False,0.0
2024-08-26,1.0,1.0,-0.0449,111.0,-3.0,0.0533,0.0533,0.0084,-0.0229,0.0762,False,0.0
2024-08-27,0.0,1.0,0.0449,113.0,2.0,0.0373,0.0373,0.0822,-0.0152,0.0525,False,0.0
2024-08-28,-3.0,1.0,0.0014,112.0,-1.0,-0.0586,-0.0586,-0.0572,0.008,-0.0666,False,0.0
2024-08-29,3.0,3.0,-0.3839,111.0,-1.0,-0.1066,-0.1066,-0.4905,-0.0969,-0.0097,False,0.0
2024-08-30,5.0,4.0,-0.1015,108.0,-3.0,-0.1922,-0.1922,-0.2937,-0.1417,-0.0505,False,0.0
2024-09-03,-6.0,-7.0,0.4349,114.0,6.0,0.3041,0.3041,0.739,0.2655,0.0386,False,0.0
2024-09-04,-9.0,-7.0,-0.1265,118.0,4.0,0.3563,0.3563,0.2298,0.2887,0.0676,False,0.0
2024-09-05,-2.0,-4.0,-0.2788,117.0,-1.0,0.1273,0.1273,-0.1515,0.1468,-0.0195,False,0.0
2024-09-06,-4.0,-1.0,-0.0635,118.0,1.0,0.0,0.0,-0.0635,0.0743,-0.0743,False,0.0
2024-09-09,-1.0,-2.0,0.3619,119.0,1.0,0.2119,0.2119,0.5738,0.0804,0.1315,False,0.0
2024-09-10,-6.0,-5.0,0.1012,122.0,3.0,0.2695,0.2695,0.3707,0.2069,0.0626,False,0.0
2024-09-11,2.0,0.0,-0.0183,120.0,-2.0,-0.0264,-0.0264,-0.0447,-0.0013,-0.0251,False,0.0
2024-09-12,2.0,3.0,-0.0267,119.0,-1.0,-0.0898,-0.0898,-0.1165,-0.0892,-0.0006,False,0.0
2024-09-13,-4.0,-2.0,-0.342,119.0,0.0,0.2164,0.2164,-0.1256,0.1036,0.1128,False,0.0
2024-09-16,-2.0,-3.0,0.0395,119.0,0.0,0.2685,0.2685,0.308,0.1175,0.151,False,0.0
2024-09-17,3.0,2.0,0.0,116.0,-3.0,-0.0526,-0.0526,-0.0526,-0.0676,0.015,False,0.0
2024-09-18,3.0,5.0,-0.206,114.0,-2.0,0.0,0.0,-0.206,-0.1555,0.1555,False,0.0
2024-09-19,2.0,3.0,-0.1937,114.0,0.0,-0.1368,-0.1368,-0.3305,-0.0892,-0.0476,False,0.0
2024-09-20,-1.0,0.0,-0.2408,113.0,-1.0,0.0,0.0,-0.2408,0.0218,-0.0218,False,0.0
2024-09-23,3.0,2.0,0.0043,113.0,0.0,-0.0316,-0.0316,-0.0273,-0.0676,0.036,False,0.0
2024-09-24,-4.0,-1.0,-0.2698,115.0,2.0,0.1053,0.1053,-0.1645,0.0743,0.031,False,0.0
2024-09-25,5.0,5.0,-0.0043,112.0,-3.0,-0.1897,-0.1897,-0.194,-0.171,-0.0187,False,0.0
2024-09-26,3.0,0.0,-0.2977,110.0,-2.0,-0.058,-0.058,-0.3557,-0.009,-0.049,False,0.0
2024-09-27,-5.0,-4.0,0.0071,113.0,3.0,0.2582,0.2582,0.2653,0.1699,0.0883,False,0.0
2024-09-30,8.0,6.0,0.0927,110.0,-3.0,-0.1422,-0.1422,-0.0495,-0.2234,0.0812,False,0.0
2024-10-01,-7.0,-7.0,-0.0014,112.0,2.0,0.0,0.0,-0.0014,0.2732,-0.2732,False,0.0
2024-10-02,4.0,5.0,0.0,111.0,-1.0,0.1527,0.1527,0.1527,-0.1633,0.316,False,0.0
2024-10-03,7.0,6.0,0.0,108.0,-3.0,-1.1218,-0.3028,-0.3028,-0.2157,-0.0871,True,0.8132
2024-10-04,19.0,13.0,0.0,100.0,-8.0,-0.4747,-0.4747,-0.4747,-0.5134,0.0387,False,0.0
2024-10-07,5.0,5.0,0.0,103.0,3.0,-0.2677,-0.2677,-0.2677,-0.171,-0.0967,False,0.0
2024-10-08,0.0,1.0,0.5967,104.0,1.0,0.0482,0.0482,0.6449,-0.0152,0.0634,False,0.0
2024-10-09,5.0,2.0,0.3154,101.0,-3.0,-0.1931,-0.1931,0.1223,-0.0831,-0.11,False,0.0
2024-10-10,0.0,3.0,-0.0339,104.0,3.0,0.0322,0.0322,-0.0017,-0.0738,0.106,False,0.0
2024-10-11,-3.0,-1.0,-0.1796,104.0,0.0,0.0,0.0,-0.1796,0.0666,-0.0666,False,0.0
2024-10-15,-2.0,-5.0,0.7402,104.0,0.0,0.2252,0.2252,0.9654,0.1761,0.0491,False,0.0
2024-10-16,-2.0,-1.0,0.0,104.0,0.0,0.1391,0.1391,0.1391,0.0589,0.0802,False,0.0
2024-10-17,6.0,7.0,0.0337,101.0,-3.0,-0.2731,-0.2731,-0.2394,-0.2373,-0.0358,False,0.0
2024-10-18,-2.0,-1.0,-0.2826,103.0,2.0,-0.0161,-0.0161,-0.2987,0.0589,-0.075,False,0.0
2024-10-21,10.0,11.0,0.2447,99.0,-4.0,-0.3654,-0.3654,-0.1207,-0.3854,0.02,False,0.0
2024-10-22,2.0,1.0,0.0576,101.0,2.0,-0.1616,-0.1616,-0.104,-0.0306,-0.131,False,0.0
2024-10-23,5.0,4.0,0.0309,101.0,0.0,-0.1457,-0.1457,-0.1148,-0.1417,-0.004,False,0.0
2024-10-24,-2.0,-3.0,-0.0871,101.0,0.0,0.1618,0.1618,0.0747,0.1175,0.0443,False,0.0
2024-10-25,4.0,4.0,0.0126,99.0,-2.0,-0.1187,-0.1187,-0.1061,-0.134,0.0153,False,0.0
2024-10-28,4.0,3.0,0.0772,100.0,1.0,-0.1242,-0.1242,-0.047,-0.1046,-0.0196,False,0.0
2024-10-29,0.0,0.0,0.0659,101.0,1.0,0.0864,0.0864,0.1523,0.0141,0.0723,False,0.0
2024-10-30,3.0,1.0,-0.101,97.0,-4.0,-0.0486,-0.0486,-0.1496,-0.0383,-0.0103,False,0.0
2024-10-31,1.0,-1.0,-0.0716,99.0,2.0,0.081,0.081,0.0094,0.0357,0.0453,False,0.0
2024-11-01,7.0,9.0,0.0506,96.0,-3.0,-0.4436,-0.4436,-0.393,-0.3036,-0.14,False,0.0
2024-11-04,-5.0,-6.0,-0.308,100.0,4.0,0.3247,0.3247,0.0167,0.2285,0.0962,False,0.0
2024-11-05,-1.0,-5.0,0.0732,100.0,0.0,0.0486,0.0486,0.1218,0.1684,-0.1198,False,0.0
2024-11-06,11.0,16.0,1.0292,96.0,-4.0,-0.5307,-0.5307,0.4985,-0.5396,0.0089,False,0.0
2024-11-07,-10.0,-11.0,-0.5168,98.0,2.0,0.4875,0.4875,-0.0293,0.4136,0.0739,False,0.0
2024-11-08,3.0,-1.0,0.521,95.0,-3.0,0.2213,0.2213,0.7423,0.0203,0.201,False,0.0
2024-11-12,12.0,13.0,0.7425,91.0,-4.0,-0.4431,-0.4431,0.2994,-0.4594,0.0163,False,0.0
2024-11-13,-2.0,1.0,-0.1038,93.0,2.0,-0.0596,-0.0596,-0.1634,0.0002,-0.0598,False,0.0
2024-11-14,2.0,-1.0,0.0374,92.0,-1.0,-0.0596,-0.0596,-0.0222,0.028,-0.0876,False,0.0
2024-11-15,-2.0,0.0,0.0221,94.0,2.0,0.0488,0.0488,0.0709,0.0295,0.0193,False,0.0
2024-11-18,-2.0,-1.0,0.1051,96.0,2.0,0.0379,0.0379,0.143,0.0589,-0.021,False,0.0
2024-11-19,-3.0,-3.0,0.0387,96.0,0.0,0.0704,0.0704,0.1091,0.1252,-0.0548,False,0.0
2024-11-20,3.0,2.0,0.0925,95.0,-1.0,-0.0867,-0.0867,0.0058,-0.0676,-0.0191,False,0.0
2024-11-21,2.0,2.0,-0.1257,95.0,0.0,-0.0596,-0.0596,-0.1853,-0.0599,0.0003,False,0.0
2024-11-22,0.0,-2.0,0.1201,96.0,1.0,0.0054,0.0054,0.1255,0.0727,-0.0673,False,0.0
2024-11-25,-13.0,-14.0,-0.0828,101.0,5.0,0.6161,0.6161,0.5333,0.5247,0.0914,False,0.0
2024-11-26,0.0,3.0,0.1725,100.0,-1.0,-0.0431,-0.0431,0.1294,-0.0738,0.0307,False,0.0
2024-11-27,-6.0,-5.0,-0.0855,100.0,0.0,0.1885,0.1885,0.103,0.2069,-0.0184,False,0.0
2024-11-29,-6.0,-7.0,-0.0483,102.0,2.0,0.3223,0.3223,0.274,0.2655,0.0568,False,0.0
2024-12-02,3.0,1.0,0.401,102.0,0.0,0.0054,0.0054,0.4064,-0.0383,0.0437,False,0.0
2024-12-03,3.0,4.0,0.1978,99.0,-3.0,-0.1717,-0.1717,0.0261,-0.1262,-0.0455,False,0.0
2024-12-04,-4.0,-4.0,-0.3107,102.0,3.0,0.2629,0.2629,-0.0478,0.1622,0.1007,False,0.0
2024-12-05,0.0,-2.0,-0.1019,101.0,-1.0,0.0214,0.0214,-0.0805,0.0727,-0.0513,False,0.0
2024-12-06,-4.0,-2.0,0.1955,103.0,2.0,0.091,0.091,0.2865,0.1036,-0.0126,False,0.0
2024-12-09,4.0,5.0,-0.1321,100.0,-3.0,-0.1071,-0.1071,-0.2392,-0.1633,0.0562,False,0.0
2024-12-10,2.0,2.0,-0.1433,100.0,0.0,-0.0911,-0.0911,-0.2344,-0.0599,-0.0312,False,0.0
2024-12-11,4.0,4.0,0.1447,98.0,-2.0,-0.1932,-0.1932,-0.0485,-0.134,-0.0592,False,0.0
2024-12-12,5.0,6.0,0.1101,97.0,-1.0,-0.2259,-0.2259,-0.1158,-0.2003,-0.0256,False,0.0
2024-12-13,7.0,8.0,0.0976,95.0,-2.0,-0.2318,-0.2318,-0.1342,-0.2743,0.0425,False,0.0
2024-12-16,0.0,-1.0,0.1099,97.0,2.0,0.0054,0.0054,0.1153,0.0434,-0.038,False,0.0
2024-12-17,1.0,1.0,0.0137,98.0,1.0,0.0,0.0,0.0137,-0.0229,0.0229,False,0.0
2024-12-18,14.0,10.0,0.0247,92.0,-6.0,-0.4002,-0.4002,-0.3755,-0.3869,-0.0133,False,0.0
2024-12-19,3.0,7.0,0.1385,97.0,5.0,-0.217,-0.217,-0.0785,-0.2141,-0.0029,False,0.0
2024-12-20,-6.0,-5.0,-0.0164,98.0,1.0,0.0271,0.0271,0.0107,0.2069,-0.1798,False,0.0
2024-12-23,7.0,7.0,0.0329,97.0,-1.0,-0.1521,-0.1521,-0.1192,-0.245,0.0929,False,0.0
2024-12-24,-1.0,0.0,-0.0425,99.0,2.0,0.0326,0.0326,-0.0099,0.0218,0.0108,False,0.0
2024-12-26,-1.0,-1.0,0.048,99.0,0.0,0.0,0.0,0.048,0.0511,-0.0511,False,0.0
2024-12-27,3.0,4.0,-0.0014,97.0,-2.0,-0.0816,-0.0816,-0.083,-0.1262,0.0446,False,0.0
2024-12-30,-8.0,-7.0,0.0178,102.0,5.0,0.3096,0.3096,0.3274,0.281,0.0286,False,0.0
2024-12-31,1.0,3.0,0.0,100.0,-2.0,-0.0542,-0.0542,-0.0542,-0.0815,0.0273,False,0.0
2025-01-02,0.0,-1.0,0.0014,100.0,0.0,0.0109,0.0109,0.0123,0.0434,-0.0325,False,0.0
2025-01-03,3.0,3.0,0.2805,98.0,-2.0,-0.9594,-0.118,0.1625,-0.0969,-0.021,True,0.8369
2025-01-06,1.0,2.0,0.0328,99.0,1.0,-0.1315,-0.1315,-0.0987,-0.0522,-0.0793,False,0.0
2025-01-07,4.0,5.0,0.056,98.0,-1.0,-0.1866,-0.1866,-0.1306,-0.1633,-0.0233,False,0.0
2025-01-08,-1.0,0.0,0.071,99.0,1.0,0.0824,0.0824,0.1534,0.0218,0.0606,False,0.0
2025-01-09,1.0,1.0,0.0068,99.0,0.0,0.0,0.0,0.0068,-0.0229,0.0229,False,0.0
2025-01-10,13.0,9.0,0.0068,95.0,-4.0,-0.2694,-0.2694,-0.2626,-0.3499,0.0805,False,0.0
2025-01-13,2.0,2.0,-0.0095,96.0,1.0,-0.1267,-0.1267,-0.1362,-0.0599,-0.0668,False,0.0
2025-01-14,-2.0,-1.0,-0.0109,96.0,0.0,0.0276,0.0276,0.0167,0.0589,-0.0313,False,0.0
2025-01-15,-14.0,-12.0,-0.0095,100.0,4.0,0.5057,0.5057,0.4962,0.4738,0.0319,False,0.0
2025-01-16,-6.0,-5.0,0.0164,100.0,0.0,0.2738,0.2738,0.2902,0.2069,0.0669,False,0.0
2025-01-17,3.0,0.0,-0.0914,98.0,-2.0,-0.0109,-0.0109,-0.1023,-0.009,-0.0019,False,0.0
2025-01-21,-2.0,-4.0,-0.7358,98.0,0.0,0.2349,0.2349,-0.5009,0.1468,0.0881,False,0.0
2025-01-22,3.0,3.0,0.022,96.0,-2.0,-0.1037,-0.1037,-0.0817,-0.0969,-0.0068,False,0.0
2025-01-23,2.0,5.0,0.2088,96.0,0.0,-0.071,-0.071,0.1378,-0.1478,0.0768,False,0.0
2025-01-24,-2.0,-2.0,-0.6056,95.0,-1.0,0.1202,0.1202,-0.4854,0.0882,0.032,False,0.0
2025-01-27,-11.0,-10.0,0.0924,98.0,3.0,0.3651,0.3651,0.4575,0.392,-0.0269,False,0.0
2025-01-28,1.0,2.0,-0.1173,98.0,0.0,-0.0218,-0.0218,-0.1391,-0.0522,0.0304,False,0.0
2025-01-29,2.0,0.0,0.0,96.0,-2.0,0.0,0.0,0.0,-0.0013,0.0013,False,0.0
2025-01-30,-4.0,-3.0,0.0,97.0,1.0,0.0,0.0,0.0,0.1329,-0.1329,False,0.0
2025-01-31,5.0,6.0,0.0,98.0,1.0,0.0,0.0,0.0,-0.2003,0.2003,False,0.0
2025-02-03,-1.0,-4.0,0.0,99.0,1.0,0.0,0.0,0.0,0.139,-0.139,False,0.0
2025-02-04,-4.0,-2.0,0.0,99.0,0.0,0.1522,0.1522,0.1522,0.1036,0.0486,False,0.0
2025-02-05,-7.0,-9.0,0.4106,100.0,1.0,0.3524,0.3524,0.763,0.3318,0.0206,False,0.0
2025-02-06,4.0,2.0,0.2239,98.0,-2.0,0.0162,0.0162,0.2401,-0.0753,0.0915,False,0.0
2025-02-07,6.0,4.0,0.0823,96.0,-2.0,-0.1842,-0.1842,-0.1019,-0.1494,-0.0348,False,0.0
2025-02-10,0.0,2.0,0.1397,96.0,0.0,-0.0325,-0.0325,0.1072,-0.0445,0.012,False,0.0
2025-02-11,3.0,3.0,0.037,95.0,-1.0,-0.076,-0.076,-0.039,-0.0969,0.0209,False,0.0
2025-02-12,11.0,8.0,0.0219,91.0,-4.0,-0.3044,-0.3044,-0.2825,-0.3052,0.0008,False,0.0
2025-02-13,-9.0,-10.0,-0.274,94.0,3.0,0.3261,0.3261,0.0521,0.3766,-0.0505,False,0.0
2025-02-14,-6.0,-5.0,-0.4924,94.0,0.0,0.2547,0.2547,-0.2377,0.2069,0.0478,False,0.0
2025-02-18,7.0,8.0,0.3523,90.0,-4.0,-0.1246,-0.1246,0.2277,-0.2743,0.1497,False,0.0
2025-02-19,-3.0,-2.0,0.0646,92.0,2.0,0.1137,0.1137,0.1783,0.0959,0.0178,False,0.0
2025-02-20,-3.0,-3.0,-0.3824,92.0,0.0,0.1028,0.1028,-0.2796,0.1252,-0.0224,False,0.0
2025-02-21,-8.0,-8.0,-0.0745,95.0,3.0,0.3239,0.3239,0.2494,0.3103,0.0136,False,0.0
2025-02-24,-3.0,-2.0,-0.0345,96.0,1.0,0.1669,0.1669,0.1324,0.0959,0.071,False,0.0
2025-02-25,-11.0,-10.0,0.0497,98.0,2.0,0.3867,0.3867,0.4364,0.392,-0.0053,False,0.0
2025-02-26,-6.0,-5.0,0.1144,99.0,1.0,0.166,0.166,0.2804,0.2069,-0.0409,False,0.0
2025-02-27,3.0,4.0,0.3548,97.0,-2.0,-0.0161,-0.0161,0.3387,-0.1262,0.1101,False,0.0
2025-02-28,-6.0,-5.0,-0.0343,101.0,4.0,0.3099,0.3099,0.2756,0.2069,0.103,False,0.0
2025-03-03,-6.0,-8.0,0.0206,101.0,0.0,0.2025,0.2025,0.2231,0.2948,-0.0923,False,0.0
2025-03-04,4.0,6.0,-0.2639,98.0,-3.0,-0.1919,-0.1919,-0.4558,-0.1926,0.0007,False,0.0
2025-03-05,7.0,6.0,-0.1998,94.0,-4.0,-0.2885,-0.2885,-0.4883,-0.2157,-0.0728,False,0.0
2025-03-06,-2.0,1.0,-0.0524,96.0,2.0,-0.0161,-0.0161,-0.0685,0.0002,-0.0163,False,0.0
2025-03-07,3.0,3.0,-0.1768,94.0,-2.0,-0.1017,-0.1017,-0.2785,-0.0969,-0.0048,False,0.0
2025-03-10,-11.0,-10.0,0.3464,99.0,5.0,0.3316,0.3316,0.678,0.392,-0.0604,False,0.0
2025-03-11,5.0,6.0,-0.4321,97.0,-2.0,-0.2191,-0.2191,-0.6512,-0.2003,-0.0188,False,0.0
2025-03-12,6.0,4.0,0.13,97.0,0.0,-0.1767,-0.1767,-0.0467,-0.1494,-0.0273,False,0.0
2025-03-13,-7.0,-5.0,0.0925,100.0,3.0,0.1874,0.1874,0.2799,0.2146,-0.0272,False,0.0
2025-03-14,7.0,4.0,-0.0856,97.0,-3.0,-0.2518,-0.2518,-0.3374,-0.1571,-0.0947,False,0.0
2025-03-17,2.0,0.0,-0.0691,97.0,0.0,0.0536,0.0536,-0.0155,-0.0013,0.0549,False,0.0
2025-03-18,-4.0,-2.0,-0.0747,98.0,1.0,0.0268,0.0268,-0.0479,0.1036,-0.0768,False,0.0
2025-03-19,-4.0,-4.0,0.0374,100.0,2.0,0.1821,0.1821,0.2195,0.1622,0.0199,False,0.0
2025-03-20,-2.0,-1.0,0.2445,98.0,-2.0,0.139,0.139,0.3835,0.0589,0.0801,False,0.0
2025-03-21,-1.0,1.0,0.0124,98.0,0.0,-0.0481,-0.0481,-0.0357,-0.0075,-0.0406,False,0.0
2025-03-24,9.0,9.0,0.0621,94.0,-4.0,-0.3426,-0.3426,-0.2805,-0.319,-0.0236,False,0.0
2025-03-25,-2.0,-3.0,0.0524,97.0,3.0,0.0322,0.0322,0.0846,0.1175,-0.0853,False,0.0
2025-03-26,1.0,4.0,0.146,96.0,-1.0,-0.1556,-0.1556,-0.0096,-0.1108,-0.0448,False,0.0
2025-03-27,1.0,3.0,-0.0413,98.0,2.0,-0.0645,-0.0645,-0.1058,-0.0815,0.017,False,0.0
2025-03-28,-11.0,-11.0,-0.0234,102.0,4.0,0.3915,0.3915,0.3681,0.4213,-0.0298,False,0.0
2025-03-31,-2.0,-4.0,-0.084,104.0,2.0,0.1177,0.1177,0.0337,0.1468,-0.0291,False,0.0
2025-04-01,-5.0,-6.0,0.179,105.0,1.0,-0.6382,0.188,0.367,0.2285,-0.0405,True,0.8244
2025-04-02,4.0,3.0,-0.0303,104.0,-1.0,-0.0969,-0.0969,-0.1272,-0.1046,0.0077,False,0.0
2025-04-03,-20.0,-14.0,0.1897,114.0,10.0,0.3977,0.3977,0.5874,0.5787,-0.181,False,0.0
2025-04-04,-3.0,-5.0,-0.0137,116.0,2.0,0.0,0.0,-0.0137,0.1838,-0.1838,False,0.0
2025-04-07,10.0,14.0,0.3811,119.0,3.0,-1.1491,-1.1491,-0.768,-0.4733,-0.6758,False,0.0
2025-04-08,6.0,11.0,0.4192,120.0,1.0,-0.2064,-0.2064,0.2128,-0.3545,0.1481,False,0.0
2025-04-09,18.0,8.0,0.1511,127.0,7.0,-0.5725,-0.5725,-0.4214,-0.3592,-0.2133,False,0.0
2025-04-10,-2.0,6.0,-0.4896,119.0,-8.0,0.0,0.0,-0.4896,-0.1463,0.1463,False,0.0
2025-04-11,11.0,8.0,-0.3081,119.0,0.0,-0.3616,-0.3616,-0.6697,-0.3052,-0.0564,False,0.0
2025-04-14,-13.0,-10.0,0.2794,123.0,4.0,0.449,0.449,0.7284,0.4074,0.0416,False,0.0
2025-04-15,-4.0,-3.0,0.0424,121.0,-2.0,0.2674,0.2674,0.3098,0.1329,0.1345,False,0.0
2025-04-16,-7.0,-6.0,-0.1327,124.0,3.0,0.321,0.321,0.1883,0.2439,0.0771,False,0.0
2025-04-17,4.0,5.0,-0.0863,120.0,-4.0,-0.0978,-0.0978,-0.1841,-0.1633,0.0655,False,0.0
2025-04-21,2.0,8.0,-0.1042,118.0,-2.0,0.0,0.0,-0.1042,-0.2357,0.2357,False,0.0
2025-04-22,1.0,-1.0,0.2794,118.0,0.0,-0.1306,-0.1306,0.1488,0.0357,-0.1663,False,0.0
2025-04-23,2.0,-1.0,-0.3535,114.0,-4.0,0.2501,0.2501,-0.1034,0.028,0.2221,False,0.0
2025-04-24,-9.0,-8.0,0.0261,117.0,3.0,0.3578,0.3578,0.3839,0.318,0.0398,False,0.0
2025-04-25,-3.0,-3.0,-0.0206,116.0,-1.0,0.308,0.308,0.2874,0.1252,0.1828,False,0.0
2025-04-28,-7.0,-6.0,0.107,117.0,1.0,0.3178,0.3178,0.4248,0.2439,0.0739,False,0.0
2025-04-29,-4.0,-4.0,-0.3461,118.0,1.0,0.1666,0.1666,-0.1795,0.1622,0.0044,False,0.0
2025-04-30,-5.0,-2.0,0.022,121.0,3.0,0.0054,0.0054,0.0274,0.1113,-0.1059,False,0.0
2025-05-01,9.0,8.0,0.0,116.0,-5.0,0.0,0.0,0.0,-0.2897,0.2897,False,0.0
2025-05-02,11.0,8.0,0.0,113.0,-3.0,-0.6138,-0.6138,-0.6138,-0.3052,-0.3086,False,0.0
2025-05-05,3.0,3.0,0.0,114.0,1.0,0.0,0.0,0.0,-0.0969,0.0969,False,0.0
2025-05-06,-5.0,-6.0,-0.7483,116.0,2.0,-0.0162,-0.0162,-0.7645,0.2285,-0.2447,False,0.0
2025-05-07,-3.0,-4.0,0.1191,116.0,0.0,0.1889,0.1889,0.308,0.1545,0.0344,False,0.0
2025-05-08,13.0,11.0,0.1245,109.0,-7.0,-0.3457,-0.3457,-0.2212,-0.4085,0.0628,False,0.0
2025-05-09,0.0,0.0,0.0332,111.0,2.0,0.1081,0.1081,0.1413,0.0141,0.094,False,0.0
2025-05-12,9.0,8.0,-0.4793,104.0,-7.0,-0.2435,-0.2435,-0.7228,-0.2897,0.0462,False,0.0
2025-05-13,3.0,4.0,0.0541,103.0,-1.0,0.0054,0.0054,0.0595,-0.1262,0.1316,False,0.0
2025-05-14,5.0,4.0,0.0319,100.0,-3.0,-0.0976,-0.0976,-0.0657,-0.1417,0.0441,False,0.0
2025-05-15,-10.0,-8.0,-0.018,105.0,5.0,0.287,0.287,0.269,0.3257,-0.0387,False,0.0
2025-05-16,-1.0,-2.0,0.0319,103.0,-2.0,0.0378,0.0378,0.0697,0.0804,-0.0426,False,0.0
2025-05-19,1.0,3.0,0.0749,105.0,2.0,-0.0433,-0.0433,0.0316,-0.0815,0.0382,False,0.0
2025-05-20,0.0,2.0,0.0693,103.0,-2.0,0.0324,0.0324,0.1017,-0.0445,0.0769,False,0.0
2025-05-21,8.0,10.0,-0.2427,100.0,-3.0,-0.3737,-0.3737,-0.6164,-0.3406,-0.0331,False,0.0
2025-05-22,-4.0,-4.0,0.025,103.0,3.0,0.1356,0.1356,0.1606,0.1622,-0.0266,False,0.0
2025-05-23,-3.0,-3.0,-0.3323,103.0,0.0,0.1083,0.1083,-0.224,0.1252,-0.0169,False,0.0
2025-05-27,-4.0,-8.0,0.2115,103.0,0.0,0.389,0.389,0.6005,0.2794,0.1096,False,0.0
2025-05-28,1.0,4.0,-0.0125,101.0,-2.0,-0.0863,-0.0863,-0.0988,-0.1108,0.0245,False,0.0
2025-05-29,-5.0,-4.0,-0.1196,103.0,2.0,0.2264,0.2264,0.1068,0.1699,0.0565,False,0.0
2025-05-30,-4.0,-2.0,0.1891,104.0,1.0,0.2366,0.2366,0.4257,0.1036,0.133,False,0.0
2025-06-02,5.0,5.0,-0.0222,102.0,-2.0,-0.2635,-0.2635,-0.2857,-0.171,-0.0925,False,0.0
2025-06-03,3.0,0.0,-0.1432,100.0,-2.0,-0.0539,-0.0539,-0.1971,-0.009,-0.0449,False,0.0
2025-06-04,-11.0,-9.0,-0.039,103.0,3.0,0.4462,0.4462,0.4072,0.3627,0.0835,False,0.0
2025-06-05,6.0,3.0,-0.1309,99.0,-4.0,-0.0322,-0.0322,-0.1631,-0.1201,0.0879,False,0.0
2025-06-06,14.0,11.0,0.1894,94.0,-5.0,-0.3494,-0.3494,-0.16,-0.4162,0.0668,False,0.0
2025-06-09,-4.0,-2.0,-0.1169,96.0,2.0,0.0861,0.0861,-0.0308,0.1036,-0.0175,False,0.0
2025-06-10,-1.0,-2.0,0.0947,96.0,0.0,0.1452,0.1452,0.2399,0.0804,0.0648,False,0.0
2025-06-11,-6.0,-6.0,0.0807,98.0,2.0,0.2415,0.2415,0.3222,0.2362,0.0053,False,0.0
2025-06-12,-5.0,-5.0,-0.2812,99.0,1.0,0.3104,0.3104,0.0292,0.1992,0.1112,False,0.0
2025-06-13,5.0,5.0,0.117,97.0,-2.0,-0.2247,-0.2247,-0.1077,-0.171,-0.0537,False,0.0
2025-06-16,2.0,5.0,-0.0279,96.0,-1.0,-0.1554,-0.1554,-0.1833,-0.1478,-0.0076,False,0.0
2025-06-17,-5.0,-7.0,0.0766,99.0,3.0,0.2625,0.2625,0.3391,0.2578,0.0047,False,0.0
2025-06-18,-1.0,-1.0,0.0598,99.0,0.0,0.0267,0.0267,0.0865,0.0511,-0.0244,False,0.0
2025-06-20,-2.0,0.0,-0.1434,99.0,0.0,0.0481,0.0481,-0.0953,0.0295,0.0186,False,0.0
2025-06-23,-5.0,-4.0,0.007,101.0,2.0,0.1389,0.1389,0.1459,0.1699,-0.031,False,0.0
2025-06-24,-5.0,-4.0,-0.1073,101.0,0.0,0.2932,0.2932,0.1859,0.1699,0.1233,False,0.0
2025-06-25,-3.0,-1.0,0.0711,100.0,-1.0,0.1064,0.1064,0.1775,0.0666,0.0398,False,0.0
2025-06-26,-4.0,-3.0,-0.1241,102.0,2.0,0.1594,0.1594,0.0353,0.1329,0.0265,False,0.0
2025-06-27,4.0,3.0,0.0642,99.0,-3.0,-0.1062,-0.1062,-0.042,-0.1046,-0.0016,False,0.0
2025-06-30,-4.0,-5.0,-0.1186,102.0,3.0,0.2229,0.2229,0.1043,0.1915,0.0314,False,0.0
2025-07-01,5.0,2.0,0.0154,97.0,-5.0,0.0,0.0,0.0154,-0.0831,0.0831,False,0.0
2025-07-02,3.0,4.0,0.0028,96.0,-1.0,-0.9322,-0.1174,-0.1146,-0.1262,0.0088,True,0.8105
2025-07-03,7.0,5.0,0.0488,92.0,-4.0,-0.1607,-0.1607,-0.1119,-0.1864,0.0257,False,0.0
2025-07-07,2.0,5.0,0.0837,91.0,-1.0,-0.1448,-0.1448,-0.0611,-0.1478,0.003,False,0.0
2025-07-08,3.0,2.0,-0.0084,92.0,1.0,-0.0644,-0.0644,-0.0728,-0.0676,0.0032,False,0.0
2025-07-09,-7.0,-8.0,0.0864,94.0,2.0,0.2521,0.2521,0.3385,0.3025,-0.0504,False,0.0
2025-07-10,1.0,1.0,-0.0724,93.0,-1.0,0.0536,0.0536,-0.0188,-0.0229,0.0765,False,0.0
2025-07-11,6.0,8.0,-0.0934,90.0,-3.0,-0.2466,-0.2466,-0.34,-0.2666,0.02,False,0.0
2025-07-14,-1.0,0.0,-0.0153,91.0,1.0,-0.0215,-0.0215,-0.0368,0.0218,-0.0433,False,0.0
2025-07-15,7.0,7.0,0.0823,87.0,-4.0,-0.1827,-0.1827,-0.1004,-0.245,0.0623,False,0.0
2025-07-16,-6.0,-4.0,0.0864,90.0,3.0,0.1827,0.1827,0.2691,0.1776,0.0051,False,0.0
2025-07-17,2.0,1.0,0.0571,88.0,-2.0,-0.0215,-0.0215,0.0356,-0.0306,0.0091,False,0.0
2025-07-18,-5.0,-3.0,-0.078,89.0,1.0,0.1932,0.1932,0.1152,0.1406,0.0526,False,0.0
2025-07-21,-5.0,-6.0,-0.0223,89.0,0.0,0.2409,0.2409,0.2186,0.2285,0.0124,False,0.0
2025-07-22,-3.0,-3.0,-0.0167,91.0,2.0,0.155,0.155,0.1383,0.1252,0.0298,False,0.0
2025-07-23,6.0,5.0,-0.2079,87.0,-4.0,-0.1282,-0.1282,-0.3361,-0.1787,0.0505,False,0.0
2025-07-24,4.0,3.0,-0.081,86.0,-1.0,-0.0214,-0.0214,-0.1024,-0.1046,0.0832,False,0.0
2025-07-25,-3.0,-3.0,0.1927,87.0,1.0,0.1122,0.1122,0.3049,0.1252,-0.013,False,0.0
2025-07-28,1.0,2.0,0.138,86.0,-1.0,-0.0214,-0.0214,0.1166,-0.0522,0.0308,False,0.0
2025-07-29,-6.0,-8.0,-0.0125,88.0,2.0,0.3626,0.3626,0.3501,0.2948,0.0678,False,0.0
2025-07-30,6.0,4.0,0.2296,85.0,-3.0,-0.1545,-0.1545,0.0751,-0.1494,-0.0051,False,0.0
2025-07-31,0.0,-1.0,0.0945,87.0,2.0,-0.016,-0.016,0.0785,0.0434,-0.0594,False,0.0
2025-08-01,-19.0,-14.0,0.1582,95.0,8.0,0.553,0.553,0.7112,0.5709,-0.0179,False,0.0
2025-08-04,-2.0,-1.0,-0.467,94.0,-1.0,0.1272,0.1272,-0.3398,0.0589,0.0683,False,0.0
2025-08-05,2.0,0.0,0.0766,92.0,-2.0,0.0582,0.0582,0.1348,-0.0013,0.0595,False,0.0
2025-08-06,0.0,0.0,-0.0181,92.0,0.0,-0.0688,-0.0688,-0.0869,0.0141,-0.0829,False,0.0
2025-08-07,2.0,1.0,-0.0223,90.0,-2.0,-0.0371,-0.0371,-0.0594,-0.0306,-0.0065,False,0.0
2025-08-08,5.0,4.0,0.0459,88.0,-2.0,-0.106,-0.106,-0.0601,-0.1417,0.0357,False,0.0
2025-08-11,-1.0,0.0,0.0626,88.0,0.0,0.0689,0.0689,0.1315,0.0218,0.0471,False,0.0
2025-08-12,0.0,2.0,-0.1378,87.0,-1.0,0.0159,0.0159,-0.1219,-0.0445,0.0604,False,0.0
2025-08-13,-6.0,-5.0,-0.0571,87.0,0.0,0.3016,0.3016,0.2445,0.2069,0.0947,False,0.0
2025-08-14,5.0,5.0,0.0711,83.0,-4.0,-0.0634,-0.0634,0.0077,-0.171,0.1076,False,0.0
2025-08-15,3.0,4.0,0.0306,82.0,-1.0,-0.1217,-0.1217,-0.0911,-0.1262,0.0045,False,0.0
2025-08-18,1.0,1.0,0.0418,81.0,-1.0,0.0159,0.0159,0.0577,-0.0229,0.0388,False,0.0
2025-08-19,-4.0,-4.0,-0.039,83.0,2.0,0.1586,0.1586,0.1196,0.1622,-0.0036,False,0.0
2025-08-20,-1.0,-1.0,-0.0864,84.0,1.0,0.0581,0.0581,-0.0283,0.0511,0.007,False,0.0
2025-08-21,5.0,4.0,0.0502,82.0,-2.0,-0.1691,-0.1691,-0.1189,-0.1417,-0.0274,False,0.0
2025-08-22,-10.0,-7.0,-0.198,86.0,4.0,0.2958,0.2958,0.0978,0.2964,-0.0006,False,0.0
2025-08-25,4.0,2.0,-0.197,83.0,-3.0,0.0369,0.0369,-0.1601,-0.0753,0.1122,False,0.0
2025-08-26,-5.0,-2.0,0.014,86.0,3.0,0.0527,0.0527,0.0667,0.1113,-0.0586,False,0.0
2025-08-27,-6.0,-2.0,0.0224,87.0,1.0,0.079,0.079,0.1014,0.119,-0.04,False,0.0
2025-08-28,0.0,-2.0,-0.322,87.0,0.0,0.0842,0.0842,-0.2378,0.0727,0.0115,False,0.0
2025-08-29,-1.0,1.0,-0.0028,87.0,0.0,-0.0579,-0.0579,-0.0607,-0.0075,-0.0504,False,0.0
2025-09-02,6.0,5.0,0.1205,87.0,0.0,-0.1791,-0.1791,-0.0586,-0.1787,-0.0004,False,0.0
2025-09-03,-5.0,-6.0,0.035,88.0,1.0,0.1581,0.1581,0.1931,0.2285,-0.0704,False,0.0
2025-09-04,-4.0,-5.0,-0.0014,89.0,1.0,0.2577,0.2577,0.2563,0.1915,0.0662,False,0.0
2025-09-05,-6.0,-7.0,-0.1275,90.0,1.0,0.3146,0.3146,0.1871,0.2655,0.0491,False,0.0
2025-09-08,-2.0,-5.0,-0.0421,91.0,1.0,0.2562,0.2562,0.2141,0.1761,0.0801,False,0.0
2025-09-09,4.0,3.0,-0.1179,89.0,-2.0,-0.1777,-0.1777,-0.2956,-0.1046,-0.0731,False,0.0
2025-09-10,-2.0,-4.0,-0.0028,90.0,1.0,0.1307,0.1307,0.1279,0.1468,-0.0161,False,0.0
2025-09-11,0.0,-3.0,-0.0323,88.0,-2.0,0.1096,0.1096,0.0773,0.102,0.0076,False,0.0
2025-09-12,4.0,5.0,0.0814,86.0,-2.0,-0.0209,-0.0209,0.0605,-0.1633,0.1424,False,0.0
2025-09-15,-2.0,-1.0,-0.0786,87.0,1.0,0.1043,0.1043,0.0257,0.0589,0.0454,False,0.0
2025-09-16,-2.0,-1.0,-0.0618,87.0,0.0,0.1042,0.1042,0.0424,0.0589,0.0453,False,0.0
2025-09-17,3.0,2.0,-0.1533,85.0,-2.0,-0.1303,-0.1303,-0.2836,-0.0676,-0.0627,False,0.0
2025-09-18,5.0,5.0,0.1294,82.0,-3.0,-0.1148,-0.1148,0.0146,-0.171,0.0562,False,0.0
2025-09-19,1.0,3.0,0.0239,83.0,1.0,-0.0627,-0.0627,-0.0388,-0.0815,0.0188,False,0.0
2025-09-22,3.0,1.0,-0.0028,81.0,-2.0,-0.0784,-0.0784,-0.0812,-0.0383,-0.0401,False,0.0
2025-09-23,-3.0,-3.0,-0.0337,83.0,2.0,0.1567,0.1567,0.123,0.1252,0.0315,False,0.0
2025-09-24,2.0,4.0,0.2794,81.0,-2.0,-0.1045,-0.1045,0.1749,-0.1185,0.014,False,0.0
2025-09-25,5.0,2.0,0.0322,80.0,-1.0,-0.0993,-0.0993,-0.0671,-0.0831,-0.0162,False,0.0
2025-09-26,1.0,2.0,-0.014,80.0,0.0,-0.0262,-0.0262,-0.0402,-0.0522,0.026,False,0.0
2025-09-29,-2.0,-5.0,-0.188,81.0,1.0,0.1882,0.1882,0.0002,0.1761,0.0121,False,0.0
2025-09-30,0.0,1.0,-0.0056,82.0,1.0,0.0,0.0,-0.0056,-0.0152,0.0152,False,0.0
2025-10-01,-6.0,-4.0,0.014,84.0,2.0,0.0,0.0,0.014,0.1776,-0.1776,False,0.0
2025-10-02,-1.0,-2.0,0.0,84.0,0.0,-0.6077,0.2662,0.2662,0.0804,0.1858,True,0.8724
2025-10-03,5.0,3.0,0.0,82.0,-2.0,-0.1051,-0.1051,-0.1051,-0.1124,0.0073,False,0.0
2025-10-06,3.0,5.0,0.0,81.0,-1.0,-0.1105,-0.1105,-0.1105,-0.1555,0.045,False,0.0
2025-10-07,-4.0,-4.0,0.0,83.0,2.0,0.0,0.0,0.0,0.1622,-0.1622,False,0.0
2025-10-08,1.0,-1.0,0.0,82.0,-1.0,0.1263,0.1263,0.1263,0.0357,0.0906,False,0.0
2025-10-09,2.0,1.0,0.1053,83.0,1.0,0.0,0.0,0.1053,-0.0306,0.0306,False,0.0
2025-10-10,-9.0,-9.0,0.0912,89.0,6.0,0.3151,0.3151,0.4063,0.3473,-0.0322,False,0.0
2025-10-14,-5.0,-2.0,0.0617,91.0,2.0,0.0996,0.0996,0.1613,0.1113,-0.0117,False,0.0
2025-10-15,3.0,2.0,-0.1711,87.0,-4.0,-0.0471,-0.0471,-0.2182,-0.0676,0.0205,False,0.0
2025-10-16,-8.0,-6.0,-0.0449,91.0,4.0,0.34,0.34,0.2951,0.2517,0.0883,False,0.0
2025-10-17,4.0,3.0,0.0477,88.0,-3.0,-0.1306,-0.1306,-0.0829,-0.1046,-0.026,False,0.0
2025-10-20,-1.0,-2.0,-0.0969,89.0,1.0,0.0941,0.0941,-0.0028,0.0804,0.0137,False,0.0
2025-10-21,-2.0,-2.0,0.0323,88.0,-1.0,0.1305,0.1305,0.1628,0.0882,0.0423,False,0.0
2025-10-22,0.0,-1.0,0.0547,88.0,0.0,0.0782,0.0782,0.1329,0.0434,0.0348,False,0.0
2025-10-23,5.0,4.0,-0.0505,86.0,-2.0,-0.1931,-0.1931,-0.2436,-0.1417,-0.0514,False,0.0
2025-10-24,0.0,1.0,-0.014,86.0,0.0,0.0418,0.0418,0.0278,-0.0152,0.057,False,0.0
2025-10-27,0.0,-1.0,-0.1532,85.0,-1.0,0.1044,0.1044,-0.0488,0.0434,0.061,False,0.0
2025-10-28,-1.0,-2.0,-0.1605,85.0,0.0,0.0886,0.0886,-0.0719,0.0804,0.0082,False,0.0
2025-10-29,10.0,9.0,-0.0113,79.0,-6.0,0.0,0.0,-0.0113,-0.3268,0.3268,False,0.0
2025-10-30,2.0,3.0,0.1647,80.0,1.0,-0.4125,-0.4125,-0.2478,-0.0892,-0.3233,False,0.0
2025-10-31,-1.0,0.0,0.1012,83.0,3.0,-0.0209,-0.0209,0.0803,0.0218,-0.0427,False,0.0
2025-11-03,1.0,2.0,0.0744,83.0,0.0,0.0262,0.0262,0.1006,-0.0522,0.0784,False,0.0
2025-11-04,-3.0,-3.0,0.1024,84.0,1.0,0.0,0.0,0.1024,0.1252,-0.1252,False,0.0
2025-11-05,7.0,7.0,-0.0491,82.0,-2.0,-0.262,-0.262,-0.3111,-0.245,-0.017,False,0.0
2025-11-06,-7.0,-6.0,-0.0913,86.0,4.0,0.2724,0.2724,0.1811,0.2439,0.0285,False,0.0
2025-11-07,-2.0,0.0,0.0337,86.0,0.0,-0.0052,-0.0052,0.0285,0.0295,-0.0347,False,0.0
2025-11-10,5.0,2.0,-0.0365,86.0,0.0,-0.0576,-0.0576,-0.0941,-0.0831,0.0255,False,0.0
2025-11-12,-4.0,-5.0,-0.1026,87.0,1.0,0.2562,0.2562,0.1536,0.1915,0.0647,False,0.0
2025-11-13,3.0,3.0,-0.2393,85.0,-2.0,-0.1986,-0.1986,-0.4379,-0.0969,-0.1017,False,0.0
2025-11-14,3.0,3.0,0.0592,84.0,-1.0,-0.178,-0.178,-0.1188,-0.0969,-0.0811,False,0.0
2025-11-17,-2.0,-1.0,0.1168,85.0,1.0,0.0786,0.0786,0.1954,0.0589,0.0197,False,0.0
2025-11-18,-2.0,-1.0,-0.0014,87.0,2.0,0.0209,0.0209,0.0195,0.0589,-0.038,False,0.0
2025-11-19,1.0,1.0,0.045,86.0,-1.0,-0.0367,-0.0367,0.0083,-0.0229,-0.0138,False,0.0
2025-11-20,-3.0,-3.0,-0.0113,88.0,2.0,0.1466,0.1466,0.1353,0.1252,0.0214,False,0.0
2025-11-21,-6.0,-4.0,-0.045,90.0,2.0,0.0889,0.0889,0.0439,0.1776,-0.0887,False,0.0
2025-11-24,-1.0,-2.0,-0.0647,90.0,0.0,0.1097,0.1097,0.045,0.0804,0.0293,False,0.0
2025-11-25,-6.0,-3.0,-0.2467,92.0,2.0,0.1356,0.1356,-0.1111,0.1483,-0.0127,False,0.0
2025-11-26,1.0,-1.0,-0.1229,92.0,0.0,0.073,0.073,-0.0499,0.0357,0.0373,False,0.0
2025-11-28,3.0,2.0,-0.0099,90.0,-2.0,-0.0834,-0.0834,-0.0933,-0.0676,-0.0158,False,0.0
2025-12-01,8.0,7.0,-0.0481,87.0,-3.0,-0.2662,-0.2662,-0.3143,-0.2527,-0.0135,False,0.0
2025-12-02,-1.0,0.0,-0.024,89.0,2.0,0.047,0.047,0.023,0.0218,0.0252,False,0.0
2025-12-03,-4.0,-3.0,-0.0906,90.0,1.0,0.094,0.094,0.0034,0.1329,-0.0389,False,0.0
2025-12-04,6.0,5.0,0.1104,87.0,-3.0,-0.1306,-0.1306,-0.0202,-0.1787,0.0481,False,0.0
2025-12-05,4.0,3.0,-0.0255,86.0,-1.0,-0.1098,-0.1098,-0.1353,-0.1046,-0.0052,False,0.0
2025-12-08,3.0,3.0,0.0198,85.0,-1.0,-0.0785,-0.0785,-0.0587,-0.0969,0.0184,False,0.0
2025-12-09,3.0,1.0,-0.109,84.0,-1.0,-0.0576,-0.0576,-0.1666,-0.0383,-0.0193,False,0.0
2025-12-10,-6.0,-5.0,0.0099,87.0,3.0,0.2198,0.2198,0.2297,0.2069,0.0129,False,0.0
2025-12-11,0.0,1.0,-0.0864,86.0,-1.0,-0.0261,-0.0261,-0.1125,-0.0152,-0.0109,False,0.0
2025-12-12,3.0,5.0,-0.0439,85.0,-1.0,-0.068,-0.068,-0.1119,-0.1555,0.0875,False,0.0
2025-12-15,-2.0,-1.0,-0.1106,85.0,0.0,0.0366,0.0366,-0.074,0.0589,-0.0223,False,0.0
2025-12-16,-4.0,-3.0,-0.0752,87.0,2.0,0.1829,0.1829,0.1077,0.1329,0.05,False,0.0
2025-12-17,1.0,1.0,0.0199,87.0,0.0,-0.0261,-0.0261,-0.0062,-0.0229,-0.0032,False,0.0
2025-12-18,-4.0,-4.0,-0.0383,89.0,2.0,0.1305,0.1305,0.0922,0.1622,-0.0317,False,0.0
2025-12-19,4.0,4.0,0.0071,87.0,-2.0,-0.1044,-0.1044,-0.0973,-0.134,0.0296,False,0.0
2025-12-22,1.0,1.0,-0.0597,86.0,-1.0,-0.0366,-0.0366,-0.0963,-0.0229,-0.0137,False,0.0
2025-12-23,1.0,1.0,-0.1237,86.0,0.0,0.0209,0.0209,-0.1028,-0.0229,0.0438,False,0.0
2025-12-24,-2.0,-3.0,-0.1966,87.0,1.0,0.0887,0.0887,-0.1079,0.1175,-0.0288,False,0.0
2025-12-26,-2.0,-1.0,-0.1127,88.0,1.0,0.0,0.0,-0.1127,0.0589,-0.0589,False,0.0
2025-12-29,-1.0,-2.0,-0.01,89.0,1.0,0.1512,0.1512,0.1412,0.0804,0.0708,False,0.0
2025-12-30,1.0,2.0,-0.1357,88.0,-1.0,-0.0261,-0.0261,-0.1618,-0.0522,0.0261,False,0.0
2025-12-31,5.0,4.0,-0.0429,86.0,-2.0,-0.1565,-0.1565,-0.1994,-0.1417,-0.0148,False,0.0
2026-01-02,1.0,1.0,-0.0772,87.0,1.0,-0.0261,-0.0261,-0.1033,-0.0229,-0.0032,False,0.0
2026-01-05,-3.0,-2.0,0.0043,87.0,0.0,-0.7283,0.1461,0.1504,0.0959,0.0502,True,0.8718
2026-01-06,1.0,1.0,-0.0658,87.0,0.0,-0.0316,-0.0316,-0.0974,-0.0229,-0.0087,False,0.0
2026-01-07,-2.0,-3.0,0.1874,88.0,1.0,0.0789,0.0789,0.2663,0.1175,-0.0386,False,0.0
2026-01-08,4.0,4.0,-0.186,86.0,-2.0,-0.121,-0.121,-0.307,-0.134,0.013,False,0.0
2026-01-09,1.0,-1.0,-0.0903,86.0,0.0,0.0474,0.0474,-0.0429,0.0357,0.0117,False,0.0
2026-01-12,2.0,1.0,-0.0588,86.0,0.0,-0.0526,-0.0526,-0.1114,-0.0306,-0.022,False,0.0
2026-01-13,-2.0,-1.0,0.0631,87.0,1.0,0.0684,0.0684,0.1315,0.0589,0.0095,False,0.0
2026-01-14,-3.0,-3.0,-0.0645,87.0,0.0,0.0999,0.0999,0.0354,0.1252,-0.0253,False,0.0
2026-01-15,5.0,2.0,-0.1004,85.0,-2.0,-0.1104,-0.1104,-0.2108,-0.0831,-0.0273,False,0.0
2026-01-16,5.0,7.0,0.0301,82.0,-3.0,-0.1316,-0.1316,-0.1015,-0.2296,0.098,False,0.0
2026-01-20,4.0,6.0,-0.1177,83.0,1.0,-0.2056,-0.2056,-0.3233,-0.1926,-0.013,False,0.0
2026-01-21,-3.0,-4.0,0.0546,83.0,0.0,0.1582,0.1582,0.2128,0.1545,0.0037,False,0.0
2026-01-22,2.0,0.0,0.0904,82.0,-1.0,0.0421,0.0421,0.1325,-0.0013,0.0434,False,0.0
2026-01-23,-1.0,-2.0,-0.099,83.0,1.0,0.0895,0.0895,-0.0095,0.0804,0.0091,False,0.0
2026-01-26,-2.0,-2.0,-0.1279,83.0,0.0,0.121,0.121,-0.0069,0.0882,0.0328,False,0.0
2026-01-27,-1.0,2.0,0.0043,82.0,-1.0,-0.0105,-0.0105,-0.0062,-0.0368,0.0263,False,0.0
2026-01-28,2.0,2.0,-0.1194,82.0,0.0,-0.0368,-0.0368,-0.1562,-0.0599,0.0231,False,0.0
2026-01-29,-3.0,-2.0,0.0259,83.0,1.0,0.0526,0.0526,0.0785,0.0959,-0.0433,False,0.0
2026-01-30,-1.0,2.0,0.0432,83.0,0.0,-0.0631,-0.0631,-0.0199,-0.0368,-0.0263,False,0.0
2026-02-02,4.0,3.0,-0.0676,82.0,-1.0,-0.1,-0.1,-0.1676,-0.1046,0.0046,False,0.0
2026-02-03,0.0,-1.0,-0.1239,83.0,1.0,0.0789,0.0789,-0.045,0.0434,0.0355,False,0.0
2026-02-04,0.0,1.0,0.0548,83.0,0.0,0.0158,0.0158,0.0706,-0.0152,0.031,False,0.0
2026-02-05,-9.0,-8.0,-0.0533,87.0,4.0,0.3518,0.3518,0.2985,0.318,0.0338,False,0.0
2026-02-06,2.0,1.0,0.0144,86.0,-1.0,-0.0891,-0.0891,-0.0747,-0.0306,-0.0585,False,0.0
2026-02-09,-1.0,0.0,-0.2713,86.0,0.0,0.0787,0.0787,-0.1926,0.0218,0.0569,False,0.0
2026-02-10,-5.0,-6.0,-0.1359,87.0,1.0,0.2304,0.2304,0.0945,0.2285,0.0019,False,0.0
2026-02-11,5.0,2.0,0.0275,85.0,-2.0,-0.1308,-0.1308,-0.1033,-0.0831,-0.0477,False,0.0
2026-02-12,-8.0,-9.0,-0.1665,89.0,4.0,0.3346,0.3346,0.1681,0.3396,-0.005,False,0.0
2026-02-13,-6.0,-5.0,0.1014,90.0,1.0,0.12,0.12,0.2214,0.2069,-0.0869,False,0.0
2026-02-17,2.0,1.0,-0.071,88.0,-2.0,0.0,0.0,-0.071,-0.0306,0.0306,False,0.0
2026-02-18,3.0,4.0,0.0,87.0,-1.0,0.0,0.0,0.0,-0.1262,0.1262,False,0.0
2026-02-19,-1.0,-1.0,0.0,88.0,1.0,0.0,0.0,0.0,0.0511,-0.0511,False,0.0
2026-02-20,0.0,0.0,0.0,87.0,-1.0,-0.0365,-0.0365,-0.0365,0.0141,-0.0506,False,0.0
2026-02-23,-6.0,-5.0,0.0,89.0,2.0,0.198,0.198,0.198,0.2069,-0.0089,False,0.0
2026-02-24,2.0,1.0,-0.2916,88.0,-1.0,-0.0468,-0.0468,-0.3384,-0.0306,-0.0162,False,0.0
2026-02-25,0.0,1.0,-0.2007,88.0,0.0,-0.0208,-0.0208,-0.2215,-0.0152,-0.0056,False,0.0
2026-02-26,-4.0,-3.0,-0.4128,89.0,1.0,0.1509,0.1509,-0.2619,0.1329,0.018,False,0.0
2026-02-27,-6.0,-5.0,0.2482,91.0,2.0,0.1818,0.1818,0.43,0.2069,-0.0251,False,0.0
2026-03-02,11.0,8.0,0.3523,88.0,-3.0,-0.4005,-0.4005,-0.0482,-0.3052,-0.0953,False,0.0
2026-03-03,1.0,1.0,0.254,91.0,3.0,-0.1251,-0.1251,0.1289,-0.0229,-0.1022,False,0.0
2026-03-04,4.0,3.0,-0.0391,90.0,-1.0,-0.2142,-0.2142,-0.2533,-0.1046,-0.1096,False,0.0
2026-03-05,5.0,4.0,-0.0827,88.0,-2.0,-0.0418,-0.0418,-0.1245,-0.1417,0.0999,False,0.0
2026-03-06,0.0,2.0,0.0769,90.0,2.0,-0.0366,-0.0366,0.0403,-0.0445,0.0079,False,0.0
2026-03-09,-1.0,-3.0,0.1463,95.0,5.0,-0.0314,-0.0314,0.1149,0.1097,-0.1411,False,0.0
2026-03-10,2.0,3.0,-0.4353,90.0,-5.0,-0.0733,-0.0733,-0.5086,-0.0892,0.0159,False,0.0
2026-03-11,6.0,6.0,-0.1615,88.0,-2.0,-0.215,-0.215,-0.3765,-0.208,-0.007,False,0.0
2026-03-12,9.0,6.0,0.0495,87.0,-1.0,-0.2576,-0.2576,-0.2081,-0.2311,-0.0265,False,0.0
2026-03-13,-1.0,1.0,0.3952,90.0,3.0,-0.1317,-0.1317,0.2635,-0.0075,-0.1242,False,0.0
2026-03-16,-7.0,-5.0,-0.0087,94.0,4.0,0.2369,0.2369,0.2282,0.2146,0.0223,False,0.0
2026-03-17,-1.0,-3.0,-0.1335,95.0,1.0,0.0631,0.0631,-0.0704,0.1097,-0.0466,False,0.0
2026-03-18,8.0,6.0,-0.1991,91.0,-4.0,-0.2157,-0.2157,-0.4148,-0.2234,0.0077,False,0.0
2026-03-19,1.0,-1.0,0.395,95.0,4.0,-0.0474,-0.0474,0.3476,0.0357,-0.0831,False,0.0
2026-03-20,13.0,14.0,-0.2046,92.0,-3.0,-0.4965,-0.4965,-0.7011,-0.4964,-0.0001,False,0.0
2026-03-23,-6.0,-5.0,-0.0726,99.0,7.0,-0.0053,-0.0053,-0.0779,0.2069,-0.2122,False,0.0
2026-03-24,8.0,5.0,0.1612,96.0,-3.0,-0.1431,-0.1431,0.0181,-0.1941,0.051,False,0.0
2026-03-25,-7.0,-6.0,0.1349,97.0,1.0,0.3652,0.3652,0.5001,0.2439,0.1213,False,0.0
2026-03-26,12.0,9.0,0.139,93.0,-4.0,-0.4076,-0.4076,-0.2686,-0.3422,-0.0654,False,0.0
2026-03-27,-2.0,2.0,0.013,98.0,5.0,0.0,0.0,0.013,-0.0291,0.0291,False,0.0
2026-03-30,-9.0,-9.0,0.0043,103.0,5.0,0.3178,0.3178,0.3221,0.3473,-0.0295,False,0.0
2026-03-31,-5.0,-5.0,-0.2013,102.0,-1.0,0.1057,0.1057,-0.0956,0.1992,-0.0935,False,0.0
2026-04-01,5.0,3.0,-0.3776,98.0,-4.0,-0.7476,0.1313,-0.2463,-0.1124,0.2437,True,0.8762
2026-04-02,-3.0,-2.0,0.1977,101.0,3.0,0.0426,0.0426,0.2403,0.0959,-0.0533,False,0.0
2026-04-03,5.0,4.0,-0.0465,98.0,-3.0,0.0,0.0,-0.0465,-0.1417,0.1417,False,0.0
2026-04-06,-1.0,-1.0,-0.0669,99.0,1.0,0.0,0.0,-0.0669,0.0511,-0.0511,False,0.0
2026-04-07,-3.0,-1.0,-0.3073,100.0,1.0,0.0,0.0,-0.3073,0.0666,-0.0666,False,0.0
2026-04-08,-3.0,-4.0,-0.4092,95.0,-5.0,0.3028,0.3028,-0.1064,0.1545,0.1483,False,0.0
2026-04-09,-1.0,0.0,0.0395,94.0,-1.0,-0.0053,-0.0053,0.0342,0.0218,-0.0271,False,0.0
2026-04-10,3.0,2.0,-0.0527,92.0,-2.0,-0.0584,-0.0584,-0.1111,-0.0676,0.0092,False,0.0
2026-04-13,-2.0,-1.0,0.0366,93.0,1.0,0.1379,0.1379,0.1745,0.0589,0.079,False,0.0
2026-04-14,-5.0,-4.0,-0.214,91.0,-2.0,0.3228,0.3228,0.1088,0.1699,0.1529,False,0.0
2026-04-15,3.0,3.0,0.0337,89.0,-2.0,-0.0581,-0.0581,-0.0244,-0.0969,0.0388,False,0.0
2026-04-16,1.0,3.0,0.0411,88.0,-1.0,-0.1111,-0.1111,-0.07,-0.0815,-0.0296,False,0.0
2026-04-17,-7.0,-6.0,-0.0557,89.0,1.0,0.2642,0.2642,0.2085,0.2439,0.0203,False,0.0
2026-04-20,2.0,0.0,0.0029,88.0,-1.0,0.0106,0.0106,0.0135,-0.0013,0.0119,False,0.0
2026-04-21,5.0,4.0,0.0528,84.0,-4.0,-0.2113,-0.2113,-0.1585,-0.1417,-0.0696,False,0.0
2026-04-22,0.0,0.0,0.0982,85.0,1.0,0.0423,0.0423,0.1405,0.0141,0.0282,False,0.0
2026-04-23,5.0,4.0,-0.022,84.0,-1.0,-0.1005,-0.1005,-0.1225,-0.1417,0.0412,False,0.0
2026-04-24,-4.0,-3.0,0.1449,87.0,3.0,0.1533,0.1533,0.2982,0.1329,0.0204,False,0.0
2026-04-27,2.0,4.0,-0.1918,85.0,-2.0,-0.0899,-0.0899,-0.2817,-0.1185,0.0286,False,0.0
2026-04-28,3.0,1.0,0.2138,84.0,-1.0,-0.0476,-0.0476,0.1662,-0.0383,-0.0093,False,0.0
2026-04-29,8.0,6.0,0.0015,81.0,-3.0,-0.2649,-0.2649,-0.2634,-0.2234,-0.0415,False,0.0
2026-04-30,-3.0,-2.0,-0.1493,84.0,3.0,0.0583,0.0583,-0.091,0.0959,-0.0376,False,0.0
2026-05-01,0.0,-1.0,0.0044,83.0,-1.0,0.0,0.0,0.0044,0.0434,-0.0434,False,0.0
2026-05-04,6.0,6.0,0.0351,81.0,-2.0,-0.0902,-0.0902,-0.0551,-0.208,0.1178,False,0.0
2026-05-05,0.0,-2.0,-0.0351,83.0,2.0,0.0902,0.0902,0.0551,0.0727,0.0175,False,0.0
2026-05-06,-9.0,-7.0,-0.2434,83.0,0.0,0.3757,0.3757,0.1323,0.2887,0.087,False,0.0
2026-05-07,5.0,5.0,-0.141,80.0,-3.0,-0.1163,-0.1163,-0.2573,-0.171,0.0547,False,0.0
2026-05-08,-2.0,-3.0,-0.0132,82.0,2.0,0.1163,0.1163,0.1031,0.1175,-0.0012,False,0.0
2026-05-11,5.0,4.0,-0.0839,80.0,-2.0,-0.1533,-0.1533,-0.2372,-0.1417,-0.0116,False,0.0
2026-05-12,5.0,4.0,-0.0412,80.0,0.0,-0.18,-0.18,-0.2212,-0.1417,-0.0383,False,0.0
2026-05-13,0.0,0.0,-0.0177,81.0,1.0,-0.0106,-0.0106,-0.0283,0.0141,-0.0247,False,0.0
2026-05-14,1.0,1.0,-0.084,79.0,-2.0,-0.0636,-0.0636,-0.1476,-0.0229,-0.0407,False,0.0
2026-05-15,13.0,12.0,0.3546,77.0,-2.0,-0.4358,-0.4358,-0.0812,-0.4378,0.002,False,0.0
2026-05-18,1.0,2.0,-0.1352,79.0,2.0,-0.0853,-0.0853,-0.2205,-0.0522,-0.0331,False,0.0
2026-05-19,5.0,6.0,0.213,78.0,-1.0,-0.1387,-0.1387,0.0743,-0.2003,0.0616,False,0.0
2026-05-20,-10.0,-10.0,-0.2057,82.0,4.0,0.3145,0.3145,0.1088,0.3843,-0.0698,False,0.0
2026-05-21,3.0,0.0,0.0294,81.0,-1.0,0.0851,0.0851,0.1145,-0.009,0.0941,False,0.0
2026-05-22,2.0,-1.0,-0.1177,80.0,-1.0,-0.0266,-0.0266,-0.1443,0.028,-0.0546,False,0.0
2026-05-26,-8.0,-6.0,-0.1252,80.0,0.0,0.3398,0.3398,0.2146,0.2517,0.0881,False,0.0
2026-05-27,-2.0,-2.0,-0.1062,79.0,-1.0,0.0795,0.0795,-0.0267,0.0882,-0.0087,False,0.0
2026-05-28,-2.0,-3.0,0.0118,80.0,1.0,0.1217,0.1217,0.1335,0.1175,0.0042,False,0.0
2026-05-29,-2.0,0.0,-0.1978,80.0,0.0,0.1374,0.1374,-0.0604,0.0295,0.1079,False,0.0
2026-06-01,5.0,2.0,-0.0177,79.0,-1.0,-0.0158,-0.0158,-0.0335,-0.0831,0.0673,False,0.0
2026-06-02,-1.0,-1.0,-0.0414,78.0,-1.0,0.0,0.0,-0.0414,0.0511,-0.0511,False,0.0
2026-06-03,4.0,3.0,0.1035,78.0,0.0,-0.1375,-0.1375,-0.034,-0.1046,-0.0329,False,0.0
2026-06-04,-3.0,-2.0,0.0635,79.0,1.0,0.0423,0.0423,0.1058,0.0959,-0.0536,False,0.0
2026-06-05,11.0,8.0,-0.1182,76.0,-3.0,-0.2913,-0.2913,-0.4095,-0.3052,0.0139,False,0.0
2026-06-08,0.0,1.0,0.2613,77.0,1.0,-0.2283,-0.2283,0.033,-0.0152,-0.2131,False,0.0
2026-06-09,-3.0,-3.0,-0.1623,79.0,2.0,0.2177,0.2177,0.0554,0.1252,0.0925,False,0.0
2026-06-10,1.0,2.0,0.034,79.0,0.0,-0.0796,-0.0796,-0.0456,-0.0522,-0.0274,False,0.0
2026-06-11,-9.0,-10.0,0.0162,83.0,4.0,0.3868,0.3868,0.403,0.3766,0.0102,False,0.0
2026-06-12,3.0,3.0,-0.192,79.0,-4.0,-0.0212,-0.0212,-0.2132,-0.0969,0.0757,False,0.0
2026-06-15,-3.0,-1.0,-0.0828,78.0,-1.0,0.111,0.111,0.0282,0.0666,0.0444,False,0.0
2026-06-16,-2.0,-4.0,-0.0118,79.0,1.0,0.1056,0.1056,0.0938,0.1468,-0.0412,False,0.0
2026-06-17,11.0,6.0,0.0222,74.0,-5.0,-0.3277,-0.3277,-0.3055,-0.2466,-0.0811,False,0.0
2026-06-18,-4.0,-3.0,0.1612,77.0,3.0,0.1376,0.1376,0.2988,0.1329,0.0047,False,0.0
2026-06-22,6.0,5.0,0.0871,76.0,-1.0,-0.1693,-0.1693,-0.0822,-0.1787,0.0094,False,0.0
2026-06-23,-2.0,-1.0,0.2285,78.0,2.0,0.0424,0.0424,0.2709,0.0589,-0.0165,False,0.0
2026-06-24,-10.0,-9.0,0.3029,82.0,4.0,0.3066,0.3066,0.6095,0.355,-0.0484,False,0.0
2026-06-25,-2.0,-1.0,-0.1911,82.0,0.0,0.0686,0.0686,-0.1225,0.0589,0.0097,False,0.0
2026-06-26,-3.0,-2.0,0.0059,84.0,2.0,0.1002,0.1002,0.1061,0.0959,0.0043,False,0.0
2026-06-29,2.0,0.0,-0.0647,83.0,-1.0,0.0105,0.0105,-0.0542,-0.0013,0.0118,False,0.0
2026-06-30,5.0,6.0,-0.1252,81.0,-2.0,-0.2427,-0.2427,-0.3679,-0.2003,-0.0424,False,0.0
2026-07-01,5.0,4.0,0.134,81.0,0.0,0.0,0.0,0.134,-0.1417,0.1417,False,0.0
2026-07-02,-1.0,1.0,-0.0825,82.0,1.0,-1.0566,-0.1758,-0.2583,-0.0075,-0.1683,True,0.8754
2026-07-06,-2.0,-1.0,0.106,82.0,0.0,0.16,0.16,0.266,0.0589,0.1011,False,0.0
2026-07-07,6.0,7.0,-0.0353,79.0,-3.0,-0.3203,-0.3203,-0.3556,-0.2373,-0.083,False,0.0
2026-07-08,4.0,1.0,0.1339,79.0,0.0,-0.1337,-0.1337,0.0002,-0.046,-0.0877,False,0.0
2026-07-09,-4.0,-2.0,-0.153,80.0,1.0,0.1177,0.1177,-0.0353,0.1036,0.0141,False,0.0
2026-07-10,3.0,2.0,-0.2285,79.0,-1.0,-0.0374,-0.0374,-0.2659,-0.0676,0.0302,False,0.0
2026-07-13,7.0,6.0,0.0428,77.0,-2.0,-0.2142,-0.2142,-0.1714,-0.2157,0.0015,False,0.0
2026-07-14,-6.0,-4.0,-0.1402,80.0,3.0,0.0911,0.0911,-0.0491,0.1776,-0.0865,False,0.0
2026-07-15,-5.0,-3.0,-0.0266,82.0,2.0,0.1338,0.1338,0.1072,0.1406,-0.0068,False,0.0
2026-07-16,2.0,2.0,0.065,82.0,0.0,0.0481,0.0481,0.1131,-0.0599,0.108,False,0.0
2026-07-17,0.0,-2.0,0.0502,82.0,0.0,-0.0428,-0.0428,0.0074,0.0727,-0.1155,False,0.0
2026-07-20,5.0,5.0,-0.1359,81.0,-1.0,-0.1606,-0.1606,-0.2965,-0.171,0.0104,False,0.0
2026-07-21,4.0,3.0,-0.0177,80.0,-1.0,-0.1394,-0.1394,-0.1571,-0.1046,-0.0348,False,0.0
2026-07-22,4.0,4.0,0.1019,79.0,-1.0,-0.1879,-0.1879,-0.086,-0.134,-0.0539,False,0.0
2026-07-23,5.0,4.0,-0.0354,80.0,1.0,-0.1721,-0.1721,-0.2075,-0.1417,-0.0304,False,0.0
2026-07-24,-3.0,-2.0,0.0266,82.0,2.0,0.0108,0.0108,0.0374,0.0959,-0.0851,False,0.0
2026-07-27,-3.0,-4.0,-0.0916,82.0,0.0,0.199,0.199,0.1074,0.1545,0.0445,False,0.0
2026-07-28,-5.0,-4.0,0.0783,85.0,3.0,0.1449,0.1449,0.2232,0.1699,-0.025,False,0.0
2026-07-29,2.0,6.0,-0.0724,84.0,-1.0,-0.2793,-0.2793,-0.3517,-0.1771,-0.1022,False,0.0
2026-07-30,1.0,1.0,-0.1642,85.0,1.0,-0.0269,-0.0269,-0.1911,-0.0229,-0.004,False,0.0
2026-07-31,7.0,7.0,-0.0607,84.0,-1.0,-0.1023,-0.1023,-0.163,-0.245,0.1427,False,0.0
2026-08-03,-5.0,-5.0,0.08,84.0,0.0,0.1238,0.1238,0.2038,0.1992,-0.0754,False,0.0
2026-08-04,-7.0,-7.0,-0.0459,85.0,1.0,0.274,0.274,0.2281,0.2732,0.0008,False,0.0
2026-08-05,0.0,0.0,-0.0726,84.0,-1.0,0.1233,0.1233,0.0507,0.0141,0.1092,False,0.0
2026-08-06,7.0,6.0,0.0074,81.0,-3.0,-0.2038,-0.2038,-0.1964,-0.2157,0.0119,False,0.0
2026-08-07,-5.0,-4.0,-0.0207,82.0,1.0,0.1288,0.1288,0.1081,0.1699,-0.0411,False,0.0
2026-08-10,6.0,7.0,-0.0326,80.0,-2.0,-0.1879,-0.1879,-0.2205,-0.2373,0.0494,False,0.0
2026-08-11,-2.0,-2.0,-0.003,82.0,2.0,0.0376,0.0376,0.0346,0.0882,-0.0506,False,0.0
2026-08-12,-1.0,-2.0,-0.0252,82.0,0.0,0.0644,0.0644,0.0392,0.0804,-0.016,False,0.0
2026-08-13,-6.0,-5.0,-0.0074,83.0,1.0,0.2519,0.2519,0.2445,0.2069,0.045,False,0.0
2026-08-14,4.0,5.0,-0.0237,81.0,-2.0,-0.15,-0.15,-0.1737,-0.1633,0.0133,False,0.0
2026-08-17,2.0,4.0,-0.0193,81.0,0.0,-0.0858,-0.0858,-0.1051,-0.1185,0.0327,False,0.0
2026-08-18,-1.0,-1.0,0.046,83.0,2.0,0.0161,0.0161,0.0621,0.0511,-0.035,False,0.0
2026-08-19,-2.0,-6.0,-0.2004,84.0,1.0,0.2786,0.2786,0.0782,0.2054,0.0732,False,0.0
2026-08-20,4.0,4.0,-0.1041,83.0,-1.0,-0.1874,-0.1874,-0.2915,-0.134,-0.0534,False,0.0
2026-08-21,4.0,5.0,-0.0223,81.0,-2.0,-0.1448,-0.1448,-0.1671,-0.1633,0.0185,False,0.0
2026-08-24,-2.0,-4.0,0.0134,82.0,1.0,0.1234,0.1234,0.1368,0.1468,-0.0234,False,0.0
2026-08-25,-6.0,-6.0,-0.0238,84.0,2.0,0.3212,0.3212,0.2974,0.2362,0.085,False,0.0
2026-08-26,2.0,2.0,0.0327,82.0,-2.0,-0.1069,-0.1069,-0.0742,-0.0599,-0.047,False,0.0
2026-08-27,1.0,1.0,-0.0402,82.0,0.0,-0.0749,-0.0749,-0.1151,-0.0229,-0.052,False,0.0
2026-08-28,10.0,6.0,0.0922,78.0,-4.0,-0.252,-0.252,-0.1598,-0.2388,-0.0132,False,0.0
2026-08-31,1.0,2.0,,80.0,2.0,-0.0215,-0.0215,,-0.0522,0.0307,False,0.0
2026-09-01,6.0,4.0,,79.0,-1.0,-0.2419,-0.2419,,-0.1494,-0.0925,False,0.0
2026-09-02,-1.0,0.0,,81.0,2.0,0.043,0.043,,0.0218,0.0212,False,0.0
2026-09-03,-2.0,-2.0,,81.0,0.0,0.0538,0.0538,,0.0882,-0.0344,False,0.0
2026-09-04,2.0,1.0,,,,0.0161,0.0161,,-0.0306,0.0467,False,0.0
