model,caliber,delta_src,window,event_date,e_date,event_cn,market,r_actual_pct,r_pred_pct,dev_pct,understate,d5y_sum_bp,d10y_sum_bp,rate_shock_bp,dev_param_pct,dev_credit_pct,r2_delta_src
M2 利率双因子,主,A 全样本δ,1日,2021-10-12,2021-10-12,中资房企信用危机(恒大等)美元债抛售传染,credit,-0.1952,0.0496,-0.2448,True,3.0,-2.0,5.0,0.0,-0.2448,0.7568
M2 利率双因子,主,A 全样本δ,1日,2021-11-04,2021-11-04,英央行意外不加息 美债收益率回落,rate,0.2817,0.2887,-0.007,True,-9.0,-7.0,16.0,0.0,-0.007,0.7568
M2 利率双因子,主,A 全样本δ,1日,2021-11-10,2021-11-10,美国10月CPI同比6.2%创31年新高,rate,-0.399,-0.3946,-0.0044,True,15.0,10.0,25.0,0.0,-0.0044,0.7568
M2 利率双因子,主,A 全样本δ,1日,2021-11-26,2021-11-26,奥密克戎变异株恐慌 全球避险,rate,0.4706,0.6218,-0.1512,True,-18.0,-16.0,34.0,0.0,-0.1512,0.7568
M2 利率双因子,主,A 全样本δ,1日,2021-12-09,2021-12-09,恒大正式违约 美元走强,credit+fx,0.1745,0.1097,0.0648,False,-1.0,-3.0,4.0,0.0,0.0648,0.7568
M2 利率双因子,主,A 全样本δ,1日,2022-01-18,2022-01-18,美联储紧缩预期发酵 收益率飙升,credit+rate,-0.6279,-0.3268,-0.3011,True,10.0,9.0,19.0,0.0,-0.3011,0.7568
M2 利率双因子,主,A 全样本δ,1日,2022-01-27,2022-01-27,美联储1月会议转鹰(鲍威尔),rate+fx,0.1496,0.1313,0.0183,False,0.0,-4.0,4.0,0.0,0.0183,0.7568
M2 利率双因子,主,A 全样本δ,1日,2022-02-07,2022-02-07,节后风险偏好回落 美债调整,credit,-0.0603,0.0589,-0.1192,True,-2.0,-1.0,3.0,0.0,-0.1192,0.7568
M2 利率双因子,主,A 全样本δ,1日,2022-02-28,2022-02-28,俄乌开战 避险与通胀双线,rate,0.3705,0.5401,-0.1696,True,-15.0,-14.0,29.0,0.0,-0.1696,0.7568
M2 利率双因子,主,A 全样本δ,1日,2022-03-15,2022-03-15,美联储开启加息周期(3/16加息25bp)前风险偏好,credit+rate,-0.4716,-0.0152,-0.4564,True,0.0,1.0,1.0,0.0,-0.4564,0.7568
M2 利率双因子,主,A 全样本δ,1日,2022-03-17,2022-03-17,加息落地 利空出尽反弹,credit,0.6788,-0.0075,0.6863,False,-1.0,1.0,2.0,0.0,0.6863,0.7568
M2 利率双因子,主,A 全样本δ,1日,2022-03-28,2022-03-28,上海疫情封控 增长担忧,credit+fx,0.2521,0.0804,0.1717,False,-1.0,-2.0,3.0,0.0,0.1717,0.7568
M2 利率双因子,主,A 全样本δ,1日,2022-04-25,2022-04-25,人民币快速贬值(疫情封控+中美利差倒挂),fx,-0.0161,0.355,-0.3711,True,-10.0,-9.0,19.0,0.0,-0.3711,0.7568
M2 利率双因子,主,A 全样本δ,1日,2022-05-12,2022-05-12,人民币续贬 中美利差倒挂加深,fx,-0.1137,0.281,-0.3947,True,-8.0,-7.0,15.0,0.0,-0.3947,0.7568
M2 利率双因子,主,A 全样本δ,1日,2022-05-03,2022-05-03,5月FOMC前风险偏好弱 债市调整,credit,-0.4912,0.0727,-0.5639,True,0.0,-2.0,2.0,0.0,-0.5639,0.7568
M2 利率双因子,主,A 全样本δ,1日,2022-06-13,2022-06-13,5月CPI超预期后美债暴跌 全球债市承压,rate+credit,-1.3449,-1.0455,-0.2994,True,31.0,28.0,59.0,0.0,-0.2994,0.7568
M2 利率双因子,主,A 全样本δ,1日,2022-06-15,2022-06-15,FOMC加息75bp 声明后收益率回落,rate,0.8821,0.6604,0.2217,False,-23.0,-16.0,39.0,0.0,0.2217,0.7568
M2 利率双因子,主,A 全样本δ,1日,2022-07-22,2022-07-22,中国地产纾困与政策预期 风险偏好,credit,0.7089,0.5247,0.1842,False,-13.0,-14.0,27.0,0.0,0.1842,0.7568
M2 利率双因子,主,A 全样本δ,1日,2022-08-05,2022-08-05,7月非农强劲 加息预期升温,rate,-0.7185,-0.5874,-0.1311,True,21.0,15.0,36.0,0.0,-0.1311,0.7568
M2 利率双因子,主,A 全样本δ,1日,2022-09-06,2022-09-06,人民币贬向6.9 美元指数走强,fx,-0.5368,-0.4671,-0.0697,True,13.0,13.0,26.0,0.0,-0.0697,0.7568
M2 利率双因子,主,A 全样本δ,1日,2022-09-22,2022-09-22,FOMC鹰派点阵图 收益率上行,rate,-0.7129,-0.6738,-0.0391,True,17.0,19.0,36.0,0.0,-0.0391,0.7568
M2 利率双因子,主,A 全样本δ,1日,2022-09-26,2022-09-26,英国迷你预算危机 全球利率上行,rate,-0.9128,-0.6892,-0.2236,True,19.0,19.0,38.0,0.0,-0.2236,0.7568
M2 利率双因子,主,A 全样本δ,1日,2022-09-28,2022-09-28,英央行紧急购债 全球收益率回落,rate+fx,0.5534,0.9704,-0.417,True,-29.0,-25.0,54.0,0.0,-0.417,0.7568
M2 利率双因子,主,A 全样本δ,1日,2022-10-14,2022-10-14,全球债市动荡(英养老金危机) 信用承压,credit,-0.333,-0.1046,-0.2284,True,4.0,3.0,7.0,0.0,-0.2284,0.7568
M2 利率双因子,主,A 全样本δ,1日,2022-10-26,2022-10-26,美元自高位大幅回落 人民币急升,fx,0.3019,0.2285,0.0734,False,-5.0,-6.0,11.0,0.0,0.0734,0.7568
M2 利率双因子,主,A 全样本δ,1日,2022-11-10,2022-11-10,美国10月CPI回落至7.7% 美债暴涨,rate+fx,1.0232,1.1401,-0.1169,True,-32.0,-30.0,62.0,0.0,-0.1169,0.7568
M2 利率双因子,主,A 全样本δ,1日,2022-11-14,2022-11-14,中国发布防控优化二十条+地产金融16条(11-11公布 美股11-11休市),credit+fx,0.9144,-0.2003,1.1147,False,5.0,6.0,11.0,0.0,1.1147,0.7568
M2 利率双因子,主,A 全样本δ,1日,2022-11-29,2022-11-29,证监会恢复房企股权融资(第三支箭),credit,-0.0114,-0.1926,0.1812,False,4.0,6.0,10.0,0.0,0.1812,0.7568
M2 利率双因子,主,A 全样本δ,1日,2022-11-30,2022-11-30,人民币续升 风险偏好修复,fx,0.6079,0.2964,0.3115,False,-10.0,-7.0,17.0,0.0,0.3115,0.7568
M2 利率双因子,主,A 全样本δ,1日,2022-12-05,2022-12-05,防疫新十条 放开加速 人民币走强,fx,-0.3084,-0.3499,0.0415,False,13.0,9.0,22.0,0.0,0.0415,0.7568
M2 利率双因子,主,A 全样本δ,1日,2022-12-30,2022-12-30,年末人民币偏强 美元弱,fx,-0.2029,-0.171,-0.0319,True,5.0,5.0,10.0,0.0,-0.0319,0.7568
M2 利率双因子,主,A 全样本δ,1日,2023-01-06,2023-01-06,美国12月ISM服务业破荣枯线+薪资降温,rate,0.5914,0.645,-0.0536,True,-21.0,-16.0,37.0,0.0,-0.0536,0.7568
M2 利率双因子,主,A 全样本δ,1日,2023-01-09,2023-01-09,中国重启+美元走弱 人民币续升,fx,0.3756,0.0959,0.2797,False,-3.0,-2.0,5.0,0.0,0.2797,0.7568
M2 利率双因子,主,A 全样本δ,1日,2023-01-12,2023-01-12,美国12月CPI回落+中国开放推进,credit,0.4632,0.4367,0.0265,False,-13.0,-11.0,24.0,0.0,0.0265,0.7568
M2 利率双因子,主,A 全样本δ,1日,2023-01-17,2023-01-17,人民币单日回调(升幅过大/中间价),fx,0.0725,-0.1031,0.1756,False,0.0,4.0,4.0,0.0,0.1756,0.7568
M2 利率双因子,主,A 全样本δ,1日,2023-03-01,2023-03-01,中国2月PMI强劲 人民币升值,fx,-0.3666,-0.319,-0.0476,True,9.0,9.0,18.0,0.0,-0.0476,0.7568
M2 利率双因子,主,A 全样本δ,1日,2023-03-10,2023-03-10,硅谷银行SVB被接管 避险,rate+fx+credit,0.8644,0.8887,-0.0243,True,-26.0,-23.0,49.0,0.0,-0.0243,0.7568
M2 利率双因子,主,A 全样本δ,1日,2023-03-13,2023-03-13,SVB传染 瑞信危机发酵,rate+fx,0.7128,0.6697,0.0431,False,-28.0,-15.0,43.0,0.0,0.0431,0.7568
M2 利率双因子,主,A 全样本δ,1日,2023-03-14,2023-03-14,美联储新工具BTFP 银行风险缓解 投资级债涨,credit,-0.562,-0.3268,-0.2352,True,10.0,9.0,19.0,0.0,-0.2352,0.7568
M2 利率双因子,主,A 全样本δ,1日,2023-03-17,2023-03-17,瑞信危机蔓延 美债收益率续降,rate,0.7154,0.7283,-0.0129,True,-28.0,-17.0,45.0,0.0,-0.0129,0.7568
M2 利率双因子,主,A 全样本δ,1日,2023-03-23,2023-03-23,美联储加息25bp接近尾声 美元走弱,fx,0.3532,0.4229,-0.0697,True,-15.0,-10.0,25.0,0.0,-0.0697,0.7568
M2 利率双因子,主,A 全样本δ,1日,2023-06-20,2023-06-20,中国1年期LPR下调10bp 经济偏弱,credit+fx,0.1445,0.1252,0.0193,False,-3.0,-3.0,6.0,0.0,0.0193,0.7568
M2 利率双因子,主,A 全样本δ,1日,2023-06-26,2023-06-26,人民币续贬(中美利差/经济预期),fx,0.1277,0.0959,0.0318,False,-3.0,-2.0,5.0,0.0,0.0318,0.7568
M2 利率双因子,主,A 全样本δ,1日,2023-09-11,2023-09-11,央行维稳+美元回落 人民币急升,fx,-0.1589,-0.0815,-0.0774,True,1.0,3.0,4.0,0.0,-0.0774,0.7568
M2 利率双因子,主,A 全样本δ,1日,2023-10-04,2023-10-04,美债长端急升(10Y创多年新高) 全球利差走阔,rate+credit,0.15,0.3103,-0.1603,True,-8.0,-8.0,16.0,0.0,-0.1603,0.7568
M2 利率双因子,主,A 全样本δ,1日,2023-10-26,2023-10-26,美债动荡延续 经济数据强劲,credit,0.2971,0.355,-0.0579,True,-10.0,-9.0,19.0,0.0,-0.0579,0.7568
M2 利率双因子,主,A 全样本δ,1日,2023-11-01,2023-11-01,美债供应与再融资压力,credit,0.5516,0.4522,0.0994,False,-15.0,-11.0,26.0,0.0,0.0994,0.7568
M2 利率双因子,主,A 全样本δ,1日,2023-11-06,2023-11-06,风险偏好修复 利差收窄,credit,-0.0803,-0.3638,0.2835,False,11.0,10.0,21.0,0.0,0.2835,0.7568
M2 利率双因子,主,A 全样本δ,1日,2023-11-14,2023-11-14,美国10月CPI低于预期(3.2%),rate,0.6628,0.756,-0.0932,True,-24.0,-19.0,43.0,0.0,-0.0932,0.7568
M2 利率双因子,主,A 全样本δ,1日,2023-11-15,2023-11-15,CPI后信用大涨 利差大幅收窄,credit,-0.0513,-0.3268,0.2755,False,10.0,9.0,19.0,0.0,0.2755,0.7568
M2 利率双因子,主,A 全样本δ,1日,2023-11-20,2023-11-20,美元走弱 人民币升,fx,0.1473,0.0804,0.0669,False,-1.0,-2.0,3.0,0.0,0.0669,0.7568
M2 利率双因子,主,A 全样本δ,1日,2023-12-01,2023-12-01,"鲍威尔称""为时过早谈降息"" 鹰派",credit,0.4919,0.5848,-0.0929,True,-17.0,-15.0,32.0,0.0,-0.0929,0.7568
M2 利率双因子,主,A 全样本δ,1日,2023-12-13,2023-12-13,FOMC点阵图转向降息 收益率大降,rate+credit,0.8344,0.6604,0.174,False,-23.0,-16.0,39.0,0.0,0.174,0.7568
M2 利率双因子,主,A 全样本δ,1日,2023-12-14,2023-12-14,转鸽确认 风险资产大涨 美元走弱,credit+fx,0.7893,0.4429,0.3464,False,-10.0,-12.0,22.0,0.0,0.3464,0.7568
M2 利率双因子,主,A 全样本δ,1日,2024-01-02,2024-01-02,年初购汇需求与美元偏强 人民币走弱,fx,-0.1905,-0.2604,0.0699,False,9.0,7.0,16.0,0.0,0.0699,0.7568
M2 利率双因子,主,A 全样本δ,1日,2024-02-07,2024-02-07,中国股市流动性风险+美债收益率上行,credit,-0.0275,-0.009,-0.0185,True,3.0,0.0,3.0,0.0,-0.0185,0.7568
M2 利率双因子,主,A 全样本δ,1日,2024-04-10,2024-04-10,美国3月CPI超预期 收益率急升,rate,-0.656,-0.7278,0.0718,False,24.0,19.0,43.0,0.0,0.0718,0.7568
M2 利率双因子,主,A 全样本δ,1日,2024-05-06,2024-05-06,美元回落 人民币升值,fx,0.2497,0.0434,0.2063,False,0.0,-1.0,1.0,0.0,0.2063,0.7568
M2 利率双因子,主,A 全样本δ,1日,2024-05-16,2024-05-16,美国4月CPI回落 风险资产涨,credit,0.4688,-0.0831,0.5519,False,5.0,2.0,7.0,0.0,0.5519,0.7568
M2 利率双因子,主,A 全样本δ,1日,2024-08-02,2024-08-02,7月非农大幅走弱+日元套息平仓,rate+fx+credit,0.8221,0.7406,0.0815,False,-22.0,-19.0,41.0,0.0,0.0815,0.7568
M2 利率双因子,主,A 全样本δ,1日,2024-10-04,2024-10-04,9月非农强劲 收益率上行,rate,-0.4747,-0.5134,0.0387,False,19.0,13.0,32.0,0.0,0.0387,0.7568
M2 利率双因子,主,A 全样本δ,1日,2024-10-08,2024-10-08,中国政策刺激后汇率波动 人民币回调,fx,0.0482,-0.0152,0.0634,False,0.0,1.0,1.0,0.0,0.0634,0.7568
M2 利率双因子,主,A 全样本δ,1日,2024-11-06,2024-11-06,特朗普胜选 美债收益率上行 美元大涨,rate+fx,-0.5307,-0.5396,0.0089,False,11.0,16.0,27.0,0.0,0.0089,0.7568
M2 利率双因子,主,A 全样本δ,1日,2025-04-02,2025-04-02,"美国""解放日""对等关税(中国累计约54%) 历史级risk-off",rate+credit+fx,-0.0969,-0.1046,0.0077,False,4.0,3.0,7.0,0.0,0.0077,0.7568
M2 利率双因子,主,A 全样本δ,1日,2025-04-08,2025-04-08,美中关税加码至104% 人民币中间价破7.20 美债市场承压,rate+fx,-0.2064,-0.3545,0.1481,False,6.0,11.0,17.0,0.0,0.1481,0.7568
M2 利率双因子,主,A 全样本δ,1日,2025-04-09,2025-04-09,90天关税暂缓(不含中国) 美股+9.5%,rate,-0.5725,-0.3592,-0.2133,True,18.0,8.0,26.0,0.0,-0.2133,0.7568
M2 利率双因子,主,A 全样本δ,1日,2025-04-10,2025-04-10,中国反制84%至125% 亚洲IG信用risk-off,credit+rate,0.0,-0.1463,0.1463,False,-2.0,6.0,8.0,0.0,0.1463,0.7568
M2 利率双因子,主,A 全样本δ,1日,2025-04-11,2025-04-11,隔夜美股再跌后亚洲风险偏好修复,credit,-0.3616,-0.3052,-0.0564,True,11.0,8.0,19.0,0.0,-0.0564,0.7568
M2 利率双因子,主,A 全样本δ,1日,2025-05-07,2025-05-07,中国央行宽松(降准50bp加7天逆回购降10bp),credit,0.1889,0.1545,0.0344,False,-3.0,-4.0,7.0,0.0,0.0344,0.7568
M2 利率双因子,主,A 全样本δ,1日,2025-05-12,2025-05-12,美中日内瓦停火(美145%降至30% 中125%降至10%),credit+fx,-0.2435,-0.2897,0.0462,False,9.0,8.0,17.0,0.0,0.0462,0.7568
M2 利率双因子,主,A 全样本δ,1日,2025-06-05,2025-06-05,美国5月ADP弱加ISM服务跌破荣枯线 叠加美中谈判预期,rate+credit,-0.0322,-0.1201,0.0879,False,6.0,3.0,9.0,0.0,0.0879,0.7568
M2 利率双因子,主,A 全样本δ,1日,2025-06-16,2025-06-16,中国地产止跌回稳推进 新城控股发行美元债,credit,-0.1554,-0.1478,-0.0076,True,2.0,5.0,7.0,0.0,-0.0076,0.7568
M2 利率双因子,主,A 全样本δ,1日,2025-07-23,2025-07-23,美中缓和交易股债跷跷板 中国长债大跌,credit,-0.1282,-0.1787,0.0505,False,6.0,5.0,11.0,0.0,0.0505,0.7568
M2 利率双因子,主,A 全样本δ,1日,2025-08-01,2025-08-01,日央行加息加套息平仓重演 全球risk-off,rate+credit,0.553,0.5709,-0.0179,True,-19.0,-14.0,33.0,0.0,-0.0179,0.7568
M2 利率双因子,主,A 全样本δ,1日,2025-08-11,2025-08-11,美中关税休战再延90天,credit+fx,0.0689,0.0218,0.0471,False,-1.0,0.0,1.0,0.0,0.0471,0.7568
M2 利率双因子,主,A 全样本δ,1日,2025-09-17,2025-09-17,美联储2025年首次降息25bp(至4.00-4.25%),rate,-0.1303,-0.0676,-0.0627,True,3.0,2.0,5.0,0.0,-0.0627,0.7568
M2 利率双因子,主,A 全样本δ,1日,2025-10-30,2025-10-30,特朗普-习近平会晤达成一年战术休战,credit+fx,-0.4125,-0.0892,-0.3233,True,2.0,3.0,5.0,0.0,-0.3233,0.7568
M2 利率双因子,主,A 全样本δ,1日,2025-12-10,2025-12-10,美联储年内第三次降息(至3.50-3.75%),rate,0.2198,0.2069,0.0129,False,-6.0,-5.0,11.0,0.0,0.0129,0.7568
M2 利率双因子,主,A 全样本δ,1日,2026-01-23,2026-01-23,人民币中间价创2023年来最强(6.9929) USDCNY破7,fx,0.0895,0.0804,0.0091,False,-1.0,-2.0,3.0,0.0,0.0091,0.7568
M2 利率双因子,主,A 全样本δ,1日,2026-02-28,2026-03-02,美以空袭伊朗 海湾战争爆发,rate+credit,-0.4005,-0.3052,-0.0953,True,11.0,8.0,19.0,0.0,-0.0953,0.7568
M2 利率双因子,主,A 全样本δ,1日,2026-03-02,2026-03-02,开战首个交易日 布油大涨13% 全球risk-off,rate+credit,-0.4005,-0.3052,-0.0953,True,11.0,8.0,19.0,0.0,-0.0953,0.7568
M2 利率双因子,主,A 全样本δ,1日,2026-03-18,2026-03-18,FOMC按兵不动(3.50-3.75%) 点阵图仍显示1次降息,rate,-0.2157,-0.2234,0.0077,False,8.0,6.0,14.0,0.0,0.0077,0.7568
M2 利率双因子,主,A 全样本δ,1日,2026-03-23,2026-03-23,海湾战争risk-off(霍尔木兹48小时通牒) 10Y创8个月高位,rate+credit,-0.0053,0.2069,-0.2122,True,-6.0,-5.0,11.0,0.0,-0.2122,0.7568
M2 利率双因子,主,A 全样本δ,1日,2026-05-19,2026-05-19,美债长端抛售峰值 10Y约4.68% 30Y约5.2%,rate+credit,-0.1387,-0.2003,0.0616,False,5.0,6.0,11.0,0.0,0.0616,0.7568
M2 利率双因子,主,A 全样本δ,1日,2026-07-15,2026-07-15,人民币中间价破6.80 升值至约6.77,fx,0.1338,0.1406,-0.0068,True,-5.0,-3.0,8.0,0.0,-0.0068,0.7568
M2 利率双因子,主,A 全样本δ,3日(主),2021-10-12,2021-10-12,中资房企信用危机(恒大等)美元债抛售传染,credit,-0.1952,0.3061,-0.5013,True,0.0,-9.0,9.0,0.0,-0.5013,0.7568
M2 利率双因子,主,A 全样本δ,3日(主),2021-11-04,2021-11-04,英央行意外不加息 美债收益率回落,rate,0.0778,0.3524,-0.2746,True,-6.0,-9.0,15.0,0.0,-0.2746,0.7568
M2 利率双因子,主,A 全样本δ,3日(主),2021-11-10,2021-11-10,美国10月CPI同比6.2%创31年新高,rate,-0.3746,-0.5947,0.2201,False,18.0,17.0,35.0,0.0,0.2201,0.7568
M2 利率双因子,主,A 全样本δ,3日(主),2021-11-26,2021-11-26,奥密克戎变异株恐慌 全球避险,rate,0.4561,0.812,-0.3559,True,-20.0,-21.0,41.0,0.0,-0.3559,0.7568
M2 利率双因子,主,A 全样本δ,3日(主),2021-12-09,2021-12-09,恒大正式违约 美元走强,credit+fx,0.5323,0.3817,0.1506,False,-6.0,-10.0,16.0,0.0,0.1506,0.7568
M2 利率双因子,主,A 全样本δ,3日(主),2022-01-18,2022-01-18,美联储紧缩预期发酵 收益率飙升,credit+rate,-0.174,-0.1582,-0.0158,True,7.0,5.0,12.0,0.0,-0.0158,0.7568
M2 利率双因子,主,A 全样本δ,3日(主),2022-01-27,2022-01-27,美联储1月会议转鹰(鲍威尔),rate+fx,0.1296,0.249,-0.1194,True,-4.0,-6.0,10.0,0.0,-0.1194,0.7568
M2 利率双因子,主,A 全样本δ,3日(主),2022-02-07,2022-02-07,节后风险偏好回落 美债调整,credit,-0.196,-0.0178,-0.1782,True,4.0,1.0,5.0,0.0,-0.1782,0.7568
M2 利率双因子,主,A 全样本δ,3日(主),2022-02-28,2022-02-28,俄乌开战 避险与通胀双线,rate,-0.2392,0.4573,-0.6965,True,-12.0,-11.0,23.0,0.0,-0.6965,0.7568
M2 利率双因子,主,A 全样本δ,3日(主),2022-03-15,2022-03-15,美联储开启加息周期(3/16加息25bp)前风险偏好,credit+rate,0.4537,-0.1875,0.6412,False,7.0,6.0,13.0,0.0,0.6412,0.7568
M2 利率双因子,主,A 全样本δ,3日(主),2022-03-17,2022-03-17,加息落地 利空出尽反弹,credit,0.2773,-0.4543,0.7316,False,15.0,13.0,28.0,0.0,0.7316,0.7568
M2 利率双因子,主,A 全样本δ,3日(主),2022-03-28,2022-03-28,上海疫情封控 增长担忧,credit+fx,1.3165,0.5082,0.8083,False,-11.0,-13.0,24.0,0.0,0.8083,0.7568
M2 利率双因子,主,A 全样本δ,3日(主),2022-04-25,2022-04-25,人民币快速贬值(疫情封控+中美利差倒挂),fx,0.0161,0.3771,-0.361,True,-13.0,-8.0,21.0,0.0,-0.361,0.7568
M2 利率双因子,主,A 全样本δ,3日(主),2022-05-12,2022-05-12,人民币续贬 中美利差倒挂加深,fx,-0.1083,0.1766,-0.2849,True,-6.0,-3.0,9.0,0.0,-0.2849,0.7568
M2 利率双因子,主,A 全样本δ,3日(主),2022-05-03,2022-05-03,5月FOMC前风险偏好弱 债市调整,credit,-0.5075,-0.1335,-0.374,True,0.0,6.0,6.0,0.0,-0.374,0.7568
M2 利率双因子,主,A 全样本δ,3日(主),2022-06-13,2022-06-13,5月CPI超预期后美债暴跌 全球债市承压,rate+credit,-1.0646,-0.5854,-0.4792,True,13.0,18.0,31.0,0.0,-0.4792,0.7568
M2 利率双因子,主,A 全样本δ,3日(主),2022-06-15,2022-06-15,FOMC加息75bp 声明后收益率回落,rate,0.9644,0.9539,0.0105,False,-27.0,-24.0,51.0,0.0,0.0105,0.7568
M2 利率双因子,主,A 全样本δ,3日(主),2022-07-22,2022-07-22,中国地产纾困与政策预期 风险偏好,credit,0.7308,0.4203,0.3105,False,-11.0,-10.0,21.0,0.0,0.3105,0.7568
M2 利率双因子,主,A 全样本δ,3日(主),2022-08-05,2022-08-05,7月非农强劲 加息预期升温,rate,-0.5875,-0.4713,-0.1162,True,21.0,12.0,33.0,0.0,-0.1162,0.7568
M2 利率双因子,主,A 全样本δ,3日(主),2022-09-06,2022-09-06,人民币贬向6.9 美元指数走强,fx,-0.3428,-0.2908,-0.052,True,9.0,9.0,18.0,0.0,-0.052,0.7568
M2 利率双因子,主,A 全样本δ,3日(主),2022-09-22,2022-09-22,FOMC鹰派点阵图 收益率上行,rate,-1.8174,-1.3581,-0.4593,True,41.0,37.0,78.0,0.0,-0.4593,0.7568
M2 利率双因子,主,A 全样本δ,3日(主),2022-09-26,2022-09-26,英国迷你预算危机 全球利率上行,rate,-0.8104,-0.0147,-0.7957,True,-4.0,3.0,7.0,0.0,-0.7957,0.7568
M2 利率双因子,主,A 全样本δ,3日(主),2022-09-28,2022-09-28,英央行紧急购债 全球收益率回落,rate+fx,0.0286,0.5683,-0.5397,True,-15.0,-14.0,29.0,0.0,-0.5397,0.7568
M2 利率双因子,主,A 全样本δ,3日(主),2022-10-14,2022-10-14,全球债市动荡(英养老金危机) 信用承压,credit,-0.4736,-0.0749,-0.3987,True,0.0,4.0,4.0,0.0,-0.3987,0.7568
M2 利率双因子,主,A 全样本δ,3日(主),2022-10-26,2022-10-26,美元自高位大幅回落 人民币急升,fx,0.426,0.3231,0.1029,False,-6.0,-8.0,14.0,0.0,0.1029,0.7568
M2 利率双因子,主,A 全样本δ,3日(主),2022-11-10,2022-11-10,美国10月CPI回落至7.7% 美债暴涨,rate+fx,2.5848,1.2424,1.3424,False,-34.0,-32.0,66.0,0.0,1.3424,0.7568
M2 利率双因子,主,A 全样本δ,3日(主),2022-11-14,2022-11-14,中国发布防控优化二十条+地产金融16条(11-11公布 美股11-11休市),credit+fx,2.0099,0.5745,1.4354,False,-12.0,-15.0,27.0,0.0,1.4354,0.7568
M2 利率双因子,主,A 全样本δ,3日(主),2022-11-29,2022-11-29,证监会恢复房企股权融资(第三支箭),credit,1.5043,0.6655,0.8388,False,-20.0,-16.0,36.0,0.0,0.8388,0.7568
M2 利率双因子,主,A 全样本δ,3日(主),2022-11-30,2022-11-30,人民币续升 风险偏好修复,fx,1.7568,0.9385,0.8183,False,-25.0,-24.0,49.0,0.0,0.8183,0.7568
M2 利率双因子,主,A 全样本δ,3日(主),2022-12-05,2022-12-05,防疫新十条 放开加速 人民币走强,fx,0.3298,0.3447,-0.0149,True,-5.0,-9.0,14.0,0.0,-0.0149,0.7568
M2 利率双因子,主,A 全样本δ,3日(主),2022-12-30,2022-12-30,年末人民币偏强 美元弱,fx,0.4476,0.522,-0.0744,True,-9.0,-14.0,23.0,0.0,-0.0744,0.7568
M2 利率双因子,主,A 全样本δ,3日(主),2023-01-06,2023-01-06,美国12月ISM服务业破荣枯线+薪资降温,rate,0.6925,0.4743,0.2182,False,-18.0,-10.0,28.0,0.0,0.2182,0.7568
M2 利率双因子,主,A 全样本δ,3日(主),2023-01-09,2023-01-09,中国重启+美元走弱 人民币续升,fx,0.4036,0.0948,0.3088,False,-3.0,-1.0,4.0,0.0,0.3088,0.7568
M2 利率双因子,主,A 全样本δ,3日(主),2023-01-12,2023-01-12,美国12月CPI回落+中国开放推进,credit,0.3797,0.1179,0.2618,False,-6.0,-1.0,7.0,0.0,0.2618,0.7568
M2 利率双因子,主,A 全样本δ,3日(主),2023-01-17,2023-01-17,人民币单日回调(升幅过大/中间价),fx,0.8938,0.428,0.4658,False,-12.0,-10.0,22.0,0.0,0.4658,0.7568
M2 利率双因子,主,A 全样本δ,3日(主),2023-03-01,2023-03-01,中国2月PMI强劲 人民币升值,fx,-0.2085,-0.1659,-0.0426,True,8.0,5.0,13.0,0.0,-0.0426,0.7568
M2 利率双因子,主,A 全样本δ,3日(主),2023-03-10,2023-03-10,硅谷银行SVB被接管 避险,rate+fx+credit,1.0152,1.2316,-0.2164,True,-44.0,-29.0,73.0,0.0,-0.2164,0.7568
M2 利率双因子,主,A 全样本δ,3日(主),2023-03-13,2023-03-13,SVB传染 瑞信危机发酵,rate+fx,0.9179,0.8846,0.0333,False,-37.0,-19.0,56.0,0.0,0.0333,0.7568
M2 利率双因子,主,A 全样本δ,3日(主),2023-03-14,2023-03-14,美联储新工具BTFP 银行风险缓解 投资级债涨,credit,-0.2945,-0.0178,-0.2767,True,4.0,1.0,5.0,0.0,-0.2767,0.7568
M2 利率双因子,主,A 全样本δ,3日(主),2023-03-17,2023-03-17,瑞信危机蔓延 美债收益率续降,rate,-0.0278,-0.0533,0.0255,False,1.0,3.0,4.0,0.0,0.0255,0.7568
M2 利率双因子,主,A 全样本δ,3日(主),2023-03-23,2023-03-23,美联储加息25bp接近尾声 美元走弱,fx,-0.3655,-0.1427,-0.2228,True,5.0,5.0,10.0,0.0,-0.2228,0.7568
M2 利率双因子,主,A 全样本δ,3日(主),2023-06-20,2023-06-20,中国1年期LPR下调10bp 经济偏弱,credit+fx,0.25,-0.0764,0.3264,False,4.0,3.0,7.0,0.0,0.3264,0.7568
M2 利率双因子,主,A 全样本δ,3日(主),2023-06-26,2023-06-26,人民币续贬(中美利差/经济预期),fx,0.1609,0.1457,0.0152,False,-2.0,-3.0,5.0,0.0,0.0152,0.7568
M2 利率双因子,主,A 全样本δ,3日(主),2023-09-11,2023-09-11,央行维稳+美元回落 人民币急升,fx,0.0169,0.0717,-0.0548,True,0.0,-1.0,1.0,0.0,-0.0548,0.7568
M2 利率双因子,主,A 全样本δ,3日(主),2023-10-04,2023-10-04,美债长端急升(10Y创多年新高) 全球利差走阔,rate+credit,0.0239,0.1688,-0.1449,True,-5.0,-3.0,8.0,0.0,-0.1449,0.7568
M2 利率双因子,主,A 全样本δ,3日(主),2023-10-26,2023-10-26,美债动荡延续 经济数据强劲,credit,0.3145,0.3169,-0.0024,True,-9.0,-7.0,16.0,0.0,-0.0024,0.7568
M2 利率双因子,主,A 全样本δ,3日(主),2023-11-01,2023-11-01,美债供应与再融资压力,credit,1.5542,1.2053,0.3489,False,-33.0,-31.0,64.0,0.0,0.3489,0.7568
M2 利率双因子,主,A 全样本δ,3日(主),2023-11-06,2023-11-06,风险偏好修复 利差收窄,credit,0.4062,0.2614,0.1448,False,2.0,-8.0,10.0,0.0,0.1448,0.7568
M2 利率双因子,主,A 全样本δ,3日(主),2023-11-14,2023-11-14,美国10月CPI低于预期(3.2%),rate,1.0152,0.7472,0.268,False,-23.0,-18.0,41.0,0.0,0.268,0.7568
M2 利率双因子,主,A 全样本δ,3日(主),2023-11-15,2023-11-15,CPI后信用大涨 利差大幅收窄,credit,0.4261,0.0192,0.4069,False,3.0,0.0,3.0,0.0,0.4069,0.7568
M2 利率双因子,主,A 全样本δ,3日(主),2023-11-20,2023-11-20,美元走弱 人民币升,fx,0.3566,0.1087,0.2479,False,-1.0,-2.0,3.0,0.0,0.2479,0.7568
M2 利率双因子,主,A 全样本δ,3日(主),2023-12-01,2023-12-01,"鲍威尔称""为时过早谈降息"" 鹰派",credit,0.8481,0.7303,0.1178,False,-17.0,-19.0,36.0,0.0,0.1178,0.7568
M2 利率双因子,主,A 全样本δ,3日(主),2023-12-13,2023-12-13,FOMC点阵图转向降息 收益率大降,rate+credit,1.5855,1.139,0.4465,False,-32.0,-29.0,61.0,0.0,0.4465,0.7568
M2 利率双因子,主,A 全样本δ,3日(主),2023-12-14,2023-12-14,转鸽确认 风险资产大涨 美元走弱,credit+fx,0.6965,0.3524,0.3441,False,-6.0,-9.0,15.0,0.0,0.3441,0.7568
M2 利率双因子,主,A 全样本δ,3日(主),2024-01-02,2024-01-02,年初购汇需求与美元偏强 人民币走弱,fx,-0.6915,-0.3803,-0.3112,True,13.0,11.0,24.0,0.0,-0.3112,0.7568
M2 利率双因子,主,A 全样本δ,3日(主),2024-02-07,2024-02-07,中国股市流动性风险+美债收益率上行,credit,-0.2039,-0.2769,0.073,False,11.0,8.0,19.0,0.0,0.073,0.7568
M2 利率双因子,主,A 全样本δ,3日(主),2024-04-10,2024-04-10,美国3月CPI超预期 收益率急升,rate,-0.5836,-0.499,-0.0846,True,17.0,14.0,31.0,0.0,-0.0846,0.7568
M2 利率双因子,主,A 全样本δ,3日(主),2024-05-06,2024-05-06,美元回落 人民币升值,fx,0.2885,0.0855,0.203,False,2.0,-2.0,4.0,0.0,0.203,0.7568
M2 利率双因子,主,A 全样本δ,3日(主),2024-05-16,2024-05-16,美国4月CPI回落 风险资产涨,credit,0.2484,-0.2769,0.5253,False,11.0,8.0,19.0,0.0,0.5253,0.7568
M2 利率双因子,主,A 全样本δ,3日(主),2024-08-02,2024-08-02,7月非农大幅走弱+日元套息平仓,rate+fx+credit,0.1887,0.3909,-0.2022,True,-11.0,-9.0,20.0,0.0,-0.2022,0.7568
M2 利率双因子,主,A 全样本δ,3日(主),2024-10-04,2024-10-04,9月非农强劲 收益率上行,rate,-0.6942,-0.6995,0.0053,False,24.0,19.0,43.0,0.0,0.0053,0.7568
M2 利率双因子,主,A 全样本δ,3日(主),2024-10-08,2024-10-08,中国政策刺激后汇率波动 人民币回调,fx,-0.1127,-0.172,0.0593,False,5.0,6.0,11.0,0.0,0.0593,0.7568
M2 利率双因子,主,A 全样本δ,3日(主),2024-11-06,2024-11-06,特朗普胜选 美债收益率上行 美元大涨,rate+fx,0.1781,-0.1057,0.2838,False,4.0,4.0,8.0,0.0,0.2838,0.7568
M2 利率双因子,主,A 全样本δ,3日(主),2025-04-02,2025-04-02,"美国""解放日""对等关税(中国累计约54%) 历史级risk-off",rate+credit+fx,0.3008,0.6578,-0.357,True,-19.0,-16.0,35.0,0.0,-0.357,0.7568
M2 利率双因子,主,A 全样本δ,3日(主),2025-04-08,2025-04-08,美中关税加码至104% 人民币中间价破7.20 美债市场承压,rate+fx,-0.7789,-0.8599,0.081,False,22.0,25.0,47.0,0.0,0.081,0.7568
M2 利率双因子,主,A 全样本δ,3日(主),2025-04-09,2025-04-09,90天关税暂缓(不含中国) 美股+9.5%,rate,-0.9341,-0.8106,-0.1235,True,27.0,22.0,49.0,0.0,-0.1235,0.7568
M2 利率双因子,主,A 全样本δ,3日(主),2025-04-10,2025-04-10,中国反制84%至125% 亚洲IG信用risk-off,credit+rate,0.0874,-0.044,0.1314,False,-4.0,4.0,8.0,0.0,0.1314,0.7568
M2 利率双因子,主,A 全样本δ,3日(主),2025-04-11,2025-04-11,隔夜美股再跌后亚洲风险偏好修复,credit,0.3548,0.2352,0.1196,False,-6.0,-5.0,11.0,0.0,0.1196,0.7568
M2 利率双因子,主,A 全样本δ,3日(主),2025-05-07,2025-05-07,中国央行宽松(降准50bp加7天逆回购降10bp),credit,-0.0487,-0.2399,0.1912,False,10.0,7.0,17.0,0.0,0.1912,0.7568
M2 利率双因子,主,A 全样本δ,3日(主),2025-05-12,2025-05-12,美中日内瓦停火(美145%降至30% 中125%降至10%),credit+fx,-0.3357,-0.5576,0.2219,False,17.0,16.0,33.0,0.0,0.2219,0.7568
M2 利率双因子,主,A 全样本δ,3日(主),2025-06-05,2025-06-05,美国5月ADP弱加ISM服务跌破荣枯线 叠加美中谈判预期,rate+credit,-0.2955,-0.4327,0.1372,False,16.0,12.0,28.0,0.0,0.1372,0.7568
M2 利率双因子,主,A 全样本δ,3日(主),2025-06-16,2025-06-16,中国地产止跌回稳推进 新城控股发行美元债,credit,0.1338,0.1611,-0.0273,True,-4.0,-3.0,7.0,0.0,-0.0273,0.7568
M2 利率双因子,主,A 全样本δ,3日(主),2025-07-23,2025-07-23,美中缓和交易股债跷跷板 中国长债大跌,credit,-0.0374,-0.1582,0.1208,False,7.0,5.0,12.0,0.0,0.1208,0.7568
M2 利率双因子,主,A 全样本δ,3日(主),2025-08-01,2025-08-01,日央行加息加套息平仓重演 全球risk-off,rate+credit,0.7384,0.6285,0.1099,False,-19.0,-15.0,34.0,0.0,0.1099,0.7568
M2 利率双因子,主,A 全样本δ,3日(主),2025-08-11,2025-08-11,美中关税休战再延90天,credit+fx,0.3864,0.1843,0.2021,False,-7.0,-3.0,10.0,0.0,0.2021,0.7568
M2 利率双因子,主,A 全样本δ,3日(主),2025-09-17,2025-09-17,美联储2025年首次降息25bp(至4.00-4.25%),rate,-0.3078,-0.3201,0.0123,False,9.0,10.0,19.0,0.0,0.0123,0.7568
M2 利率双因子,主,A 全样本δ,3日(主),2025-10-30,2025-10-30,特朗普-习近平会晤达成一年战术休战,credit+fx,-0.4072,-0.1196,-0.2876,True,2.0,5.0,7.0,0.0,-0.2876,0.7568
M2 利率双因子,主,A 全样本δ,3日(主),2025-12-10,2025-12-10,美联储年内第三次降息(至3.50-3.75%),rate,0.1257,0.0362,0.0895,False,-3.0,1.0,4.0,0.0,0.0895,0.7568
M2 利率双因子,主,A 全样本δ,3日(主),2026-01-23,2026-01-23,人民币中间价创2023年来最强(6.9929) USDCNY破7,fx,0.2,0.1318,0.0682,False,-4.0,-2.0,6.0,0.0,0.0682,0.7568
M2 利率双因子,主,A 全样本δ,3日(主),2026-02-28,2026-03-02,美以空袭伊朗 海湾战争爆发,rate+credit,-0.7398,-0.4327,-0.3071,True,16.0,12.0,28.0,0.0,-0.3071,0.7568
M2 利率双因子,主,A 全样本δ,3日(主),2026-03-02,2026-03-02,开战首个交易日 布油大涨13% 全球risk-off,rate+credit,-0.7398,-0.4327,-0.3071,True,16.0,12.0,28.0,0.0,-0.3071,0.7568
M2 利率双因子,主,A 全样本δ,3日(主),2026-03-18,2026-03-18,FOMC按兵不动(3.50-3.75%) 点阵图仍显示1次降息,rate,-0.7596,-0.6841,-0.0755,True,22.0,19.0,41.0,0.0,-0.0755,0.7568
M2 利率双因子,主,A 全样本δ,3日(主),2026-03-23,2026-03-23,海湾战争risk-off(霍尔木兹48小时通牒) 10Y创8个月高位,rate+credit,0.2168,0.2568,-0.04,True,-5.0,-6.0,11.0,0.0,-0.04,0.7568
M2 利率双因子,主,A 全样本δ,3日(主),2026-05-19,2026-05-19,美债长端抛售峰值 10Y约4.68% 30Y约5.2%,rate+credit,0.2609,0.175,0.0859,False,-2.0,-4.0,6.0,0.0,0.0859,0.7568
M2 利率双因子,主,A 全样本δ,3日(主),2026-07-15,2026-07-15,人民币中间价破6.80 升值至约6.77,fx,0.1391,0.1534,-0.0143,True,-3.0,-3.0,6.0,0.0,-0.0143,0.7568
M2 利率双因子,主,A 全样本δ,5日,2021-10-12,2021-10-12,中资房企信用危机(恒大等)美元债抛售传染,credit,0.1998,0.0443,0.1555,False,11.0,-2.0,13.0,0.0,0.1555,0.7568
M2 利率双因子,主,A 全样本δ,5日,2021-11-04,2021-11-04,英央行意外不加息 美债收益率回落,rate,-0.2629,0.157,-0.4199,True,4.0,-4.0,8.0,0.0,-0.4199,0.7568
M2 利率双因子,主,A 全样本δ,5日,2021-11-10,2021-11-10,美国10月CPI同比6.2%创31年新高,rate,-0.0922,-0.4631,0.3709,False,16.0,14.0,30.0,0.0,0.3709,0.7568
M2 利率双因子,主,A 全样本δ,5日,2021-11-26,2021-11-26,奥密克戎变异株恐慌 全球避险,rate,0.3399,0.757,-0.4171,True,-13.0,-20.0,33.0,0.0,-0.4171,0.7568
M2 利率双因子,主,A 全样本δ,5日,2021-12-09,2021-12-09,恒大正式违约 美元走强,credit+fx,0.2423,0.2248,0.0175,False,-1.0,-5.0,6.0,0.0,0.0175,0.7568
M2 利率双因子,主,A 全样本δ,5日,2022-01-18,2022-01-18,美联储紧缩预期发酵 收益率飙升,credit+rate,-0.005,0.1739,-0.1789,True,-2.0,-3.0,5.0,0.0,-0.1789,0.7568
M2 利率双因子,主,A 全样本δ,5日,2022-01-27,2022-01-27,美联储1月会议转鹰(鲍威尔),rate+fx,0.1296,0.322,-0.1924,True,-6.0,-7.0,13.0,0.0,-0.1924,0.7568
M2 利率双因子,主,A 全样本δ,5日,2022-02-07,2022-02-07,节后风险偏好回落 美债调整,credit,-0.2262,0.0536,-0.2798,True,6.0,-1.0,7.0,0.0,-0.2798,0.7568
M2 利率双因子,主,A 全样本δ,5日,2022-02-28,2022-02-28,俄乌开战 避险与通胀双线,rate,0.2843,0.9066,-0.6223,True,-21.0,-23.0,44.0,0.0,-0.6223,0.7568
M2 利率双因子,主,A 全样本δ,5日,2022-03-15,2022-03-15,美联储开启加息周期(3/16加息25bp)前风险偏好,credit+rate,0.0522,-0.6343,0.6865,False,23.0,18.0,41.0,0.0,0.6865,0.7568
M2 利率双因子,主,A 全样本δ,5日,2022-03-17,2022-03-17,加息落地 利空出尽反弹,credit,0.6268,-0.4338,1.0606,False,16.0,13.0,29.0,0.0,1.0606,0.7568
M2 利率双因子,主,A 全样本δ,5日,2022-03-28,2022-03-28,上海疫情封控 增长担忧,credit+fx,1.0848,0.3343,0.7505,False,0.0,-9.0,9.0,0.0,0.7505,0.7568
M2 利率双因子,主,A 全样本δ,5日,2022-04-25,2022-04-25,人民币快速贬值(疫情封控+中美利差倒挂),fx,-0.3226,0.1153,-0.4379,True,-2.0,-1.0,3.0,0.0,-0.4379,0.7568
M2 利率双因子,主,A 全样本δ,5日,2022-05-12,2022-05-12,人民币续贬 中美利差倒挂加深,fx,-0.0542,0.1292,-0.1834,True,0.0,-2.0,2.0,0.0,-0.1834,0.7568
M2 利率双因子,主,A 全样本δ,5日,2022-05-03,2022-05-03,5月FOMC前风险偏好弱 债市调整,credit,-0.9306,-0.0589,-0.8717,True,-6.0,6.0,12.0,0.0,-0.8717,0.7568
M2 利率双因子,主,A 全样本δ,5日,2022-06-13,2022-06-13,5月CPI超预期后美债暴跌 全球债市承压,rate+credit,-0.9823,-0.2919,-0.6904,True,9.0,10.0,19.0,0.0,-0.6904,0.7568
M2 利率双因子,主,A 全样本δ,5日,2022-06-15,2022-06-15,FOMC加息75bp 声明后收益率回落,rate,1.3475,1.3385,0.009,False,-39.0,-33.0,72.0,0.0,0.009,0.7568
M2 利率双因子,主,A 全样本δ,5日,2022-07-22,2022-07-22,中国地产纾困与政策预期 风险偏好,credit,1.3475,0.9837,0.3638,False,-31.0,-23.0,54.0,0.0,0.3638,0.7568
M2 利率双因子,主,A 全样本δ,5日,2022-08-05,2022-08-05,7月非农强劲 加息预期升温,rate,-0.6475,-0.6559,0.0084,False,22.0,19.0,41.0,0.0,0.0084,0.7568
M2 利率双因子,主,A 全样本δ,5日,2022-09-06,2022-09-06,人民币贬向6.9 美元指数走强,fx,-0.3151,-0.5587,0.2436,False,17.0,17.0,34.0,0.0,0.2436,0.7568
M2 利率双因子,主,A 全样本δ,5日,2022-09-22,2022-09-22,FOMC鹰派点阵图 收益率上行,rate,-1.715,-0.6836,-1.0314,True,18.0,21.0,39.0,0.0,-1.0314,0.7568
M2 利率双因子,主,A 全样本δ,5日,2022-09-26,2022-09-26,英国迷你预算危机 全球利率上行,rate,-1.3352,-0.4168,-0.9184,True,10.0,14.0,24.0,0.0,-0.9184,0.7568
M2 利率双因子,主,A 全样本δ,5日,2022-09-28,2022-09-28,英央行紧急购债 全球收益率回落,rate+fx,0.5136,1.3816,-0.868,True,-37.0,-35.0,72.0,0.0,-0.868,0.7568
M2 利率双因子,主,A 全样本δ,5日,2022-10-14,2022-10-14,全球债市动荡(英养老金危机) 信用承压,credit,-1.5577,-0.9057,-0.652,True,24.0,27.0,51.0,0.0,-0.652,0.7568
M2 利率双因子,主,A 全样本δ,5日,2022-10-26,2022-10-26,美元自高位大幅回落 人民币急升,fx,0.0533,0.1431,-0.0898,True,2.0,-3.0,5.0,0.0,-0.0898,0.7568
M2 利率双因子,主,A 全样本δ,5日,2022-11-10,2022-11-10,美国10月CPI回落至7.7% 美债暴涨,rate+fx,2.6885,1.3585,1.33,False,-34.0,-35.0,69.0,0.0,1.33,0.7568
M2 利率双因子,主,A 全样本δ,5日,2022-11-14,2022-11-14,中国发布防控优化二十条+地产金融16条(11-11公布 美股11-11休市),credit+fx,1.4003,0.0397,1.3606,False,4.0,0.0,4.0,0.0,1.3606,0.7568
M2 利率双因子,主,A 全样本δ,5日,2022-11-29,2022-11-29,证监会恢复房企股权融资(第三支箭),credit,1.437,0.396,1.041,False,-8.0,-9.0,17.0,0.0,1.041,0.7568
M2 利率双因子,主,A 全样本δ,5日,2022-11-30,2022-11-30,人民币续升 风险偏好修复,fx,1.7008,0.9204,0.7804,False,-19.0,-24.0,43.0,0.0,0.7804,0.7568
M2 利率双因子,主,A 全样本δ,5日,2022-12-05,2022-12-05,防疫新十条 放开加速 人民币走强,fx,-0.0896,-0.1669,0.0773,False,8.0,6.0,14.0,0.0,0.0773,0.7568
M2 利率双因子,主,A 全样本δ,5日,2022-12-30,2022-12-30,年末人民币偏强 美元弱,fx,1.0503,1.0839,-0.0336,True,-25.0,-28.0,53.0,0.0,-0.0336,0.7568
M2 利率双因子,主,A 全样本δ,5日,2023-01-06,2023-01-06,美国12月ISM服务业破荣枯线+薪资降温,rate,1.4582,1.1765,0.2817,False,-37.0,-28.0,65.0,0.0,0.2817,0.7568
M2 利率双因子,主,A 全样本δ,5日,2023-01-09,2023-01-09,中国重启+美元走弱 人民币续升,fx,0.7108,0.3158,0.395,False,-9.0,-6.0,15.0,0.0,0.395,0.7568
M2 利率双因子,主,A 全样本δ,5日,2023-01-12,2023-01-12,美国12月CPI回落+中国开放推进,credit,1.201,0.649,0.552,False,-18.0,-15.0,33.0,0.0,0.552,0.7568
M2 利率双因子,主,A 全样本δ,5日,2023-01-17,2023-01-17,人民币单日回调(升幅过大/中间价),fx,0.5949,-0.025,0.6199,False,1.0,3.0,4.0,0.0,0.6199,0.7568
M2 利率双因子,主,A 全样本δ,5日,2023-03-01,2023-03-01,中国2月PMI强劲 人民币升值,fx,-0.3158,-0.1762,-0.1396,True,13.0,5.0,18.0,0.0,-0.1396,0.7568
M2 利率双因子,主,A 全样本δ,5日,2023-03-10,2023-03-10,硅谷银行SVB被接管 避险,rate+fx+credit,1.2827,1.5405,-0.2578,True,-50.0,-37.0,87.0,0.0,-0.2578,0.7568
M2 利率双因子,主,A 全样本δ,5日,2023-03-13,2023-03-13,SVB传染 瑞信危机发酵,rate+fx,1.1337,1.3801,-0.2464,True,-52.0,-31.0,83.0,0.0,-0.2464,0.7568
M2 利率双因子,主,A 全样本δ,5日,2023-03-14,2023-03-14,美联储新工具BTFP 银行风险缓解 投资级债涨,credit,-0.0055,0.3976,-0.4031,True,-12.0,-8.0,20.0,0.0,-0.4031,0.7568
M2 利率双因子,主,A 全样本δ,5日,2023-03-17,2023-03-17,瑞信危机蔓延 美债收益率续降,rate,1.0244,0.8526,0.1718,False,-33.0,-18.0,51.0,0.0,0.1718,0.7568
M2 利率双因子,主,A 全样本δ,5日,2023-03-23,2023-03-23,美联储加息25bp接近尾声 美元走弱,fx,-0.5098,-0.2934,-0.2164,True,13.0,9.0,22.0,0.0,-0.2164,0.7568
M2 利率双因子,主,A 全样本δ,5日,2023-06-20,2023-06-20,中国1年期LPR下调10bp 经济偏弱,credit+fx,0.2445,0.2403,0.0042,False,-3.0,-5.0,8.0,0.0,0.0042,0.7568
M2 利率双因子,主,A 全样本δ,5日,2023-06-26,2023-06-26,人民币续贬(中美利差/经济预期),fx,-0.178,-0.2425,0.0645,False,14.0,7.0,21.0,0.0,0.0645,0.7568
M2 利率双因子,主,A 全样本δ,5日,2023-09-11,2023-09-11,央行维稳+美元回落 人民币急升,fx,-0.1533,-0.1808,0.0275,False,6.0,7.0,13.0,0.0,0.0275,0.7568
M2 利率双因子,主,A 全样本δ,5日,2023-10-04,2023-10-04,美债长端急升(10Y创多年新高) 全球利差走阔,rate+credit,1.0312,0.9066,0.1246,False,-21.0,-23.0,44.0,0.0,0.1246,0.7568
M2 利率双因子,主,A 全样本δ,5日,2023-10-26,2023-10-26,美债动荡延续 经济数据强劲,credit,0.7497,0.7678,-0.0181,True,-22.0,-18.0,40.0,0.0,-0.0181,0.7568
M2 利率双因子,主,A 全样本δ,5日,2023-11-01,2023-11-01,美债供应与再融资压力,credit,1.6974,1.1734,0.524,False,-29.0,-30.0,59.0,0.0,0.524,0.7568
M2 利率双因子,主,A 全样本δ,5日,2023-11-06,2023-11-06,风险偏好修复 利差收窄,credit,-0.0688,-0.17,0.1012,False,16.0,4.0,20.0,0.0,0.1012,0.7568
M2 利率双因子,主,A 全样本δ,5日,2023-11-14,2023-11-14,美国10月CPI低于预期(3.2%),rate,1.2362,0.8557,0.3805,False,-22.0,-21.0,43.0,0.0,0.3805,0.7568
M2 利率双因子,主,A 全样本δ,5日,2023-11-15,2023-11-15,CPI后信用大涨 利差大幅收窄,credit,0.7375,0.1662,0.5713,False,-1.0,-3.0,4.0,0.0,0.5713,0.7568
M2 利率双因子,主,A 全样本δ,5日,2023-11-20,2023-11-20,美元走弱 人民币升,fx,0.5654,0.2711,0.2943,False,-7.0,-5.0,12.0,0.0,0.2943,0.7568
M2 利率双因子,主,A 全样本δ,5日,2023-12-01,2023-12-01,"鲍威尔称""为时过早谈降息"" 鹰派",credit,1.1643,0.8989,0.2654,False,-20.0,-23.0,43.0,0.0,0.2654,0.7568
M2 利率双因子,主,A 全样本δ,5日,2023-12-13,2023-12-13,FOMC点阵图转向降息 收益率大降,rate+credit,1.6347,1.0855,0.5492,False,-29.0,-27.0,56.0,0.0,0.5492,0.7568
M2 利率双因子,主,A 全样本δ,5日,2023-12-14,2023-12-14,转鸽确认 风险资产大涨 美元走弱,credit+fx,1.1001,0.7061,0.394,False,-14.0,-18.0,32.0,0.0,0.394,0.7568
M2 利率双因子,主,A 全样本δ,5日,2024-01-02,2024-01-02,年初购汇需求与美元偏强 人民币走弱,fx,-0.9013,-0.4106,-0.4907,True,13.0,13.0,26.0,0.0,-0.4907,0.7568
M2 利率双因子,主,A 全样本δ,5日,2024-02-07,2024-02-07,中国股市流动性风险+美债收益率上行,credit,-0.2039,-0.7901,0.5862,False,28.0,22.0,50.0,0.0,0.5862,0.7568
M2 利率双因子,主,A 全样本δ,5日,2024-04-10,2024-04-10,美国3月CPI超预期 收益率急升,rate,-1.1649,-1.0847,-0.0802,True,32.0,31.0,63.0,0.0,-0.0802,0.7568
M2 利率双因子,主,A 全样本δ,5日,2024-05-06,2024-05-06,美元回落 人民币升值,fx,0.294,0.0397,0.2543,False,4.0,0.0,4.0,0.0,0.2543,0.7568
M2 利率双因子,主,A 全样本δ,5日,2024-05-16,2024-05-16,美国4月CPI回落 风险资产涨,credit,0.4302,-0.2271,0.6573,False,12.0,7.0,19.0,0.0,0.6573,0.7568
M2 利率双因子,主,A 全样本δ,5日,2024-08-02,2024-08-02,7月非农大幅走弱+日元套息平仓,rate+fx+credit,-0.027,0.0783,-0.1053,True,-1.0,0.0,1.0,0.0,-0.1053,0.7568
M2 利率双因子,主,A 全样本δ,5日,2024-10-04,2024-10-04,9月非农强劲 收益率上行,rate,-0.8551,-0.8564,0.0013,False,29.0,24.0,53.0,0.0,0.0013,0.7568
M2 利率双因子,主,A 全样本δ,5日,2024-10-08,2024-10-08,中国政策刺激后汇率波动 人民币回调,fx,0.1125,0.0706,0.0419,False,0.0,0.0,0.0,0.0,0.0419,0.7568
M2 利率双因子,主,A 全样本δ,5日,2024-11-06,2024-11-06,特朗普胜选 美债收益率上行 美元大涨,rate+fx,-0.3246,-0.5649,0.2403,False,14.0,18.0,32.0,0.0,0.2403,0.7568
M2 利率双因子,主,A 全样本δ,5日,2025-04-02,2025-04-02,"美国""解放日""对等关税(中国累计约54%) 历史级risk-off",rate+credit+fx,-1.0547,-0.17,-0.8847,True,-3.0,9.0,12.0,0.0,-0.8847,0.7568
M2 利率双因子,主,A 全样本δ,5日,2025-04-08,2025-04-08,美中关税加码至104% 人民币中间价破7.20 美债市场承压,rate+fx,-0.6915,-0.7577,0.0662,False,20.0,23.0,43.0,0.0,0.0662,0.7568
M2 利率双因子,主,A 全样本δ,5日,2025-04-09,2025-04-09,90天关税暂缓(不含中国) 美股+9.5%,rate,-0.2177,-0.2703,0.0526,False,10.0,9.0,19.0,0.0,0.0526,0.7568
M2 利率双因子,主,A 全样本δ,5日,2025-04-10,2025-04-10,中国反制84%至125% 亚洲IG信用risk-off,credit+rate,0.6758,0.3328,0.343,False,-15.0,-5.0,20.0,0.0,0.343,0.7568
M2 利率双因子,主,A 全样本δ,5日,2025-04-11,2025-04-11,隔夜美股再跌后亚洲风险偏好修复,credit,0.578,0.3158,0.2622,False,-9.0,-6.0,15.0,0.0,0.2622,0.7568
M2 利率双因子,主,A 全样本δ,5日,2025-05-07,2025-05-07,中国央行宽松(降准50bp加7天逆回购降10bp),credit,-0.2868,-0.6559,0.3691,False,22.0,19.0,41.0,0.0,0.3691,0.7568
M2 利率双因子,主,A 全样本δ,5日,2025-05-12,2025-05-12,美中日内瓦停火(美145%降至30% 中125%降至10%),credit+fx,-0.0109,-0.1515,0.1406,False,6.0,6.0,12.0,0.0,0.1406,0.7568
M2 利率双因子,主,A 全样本δ,5日,2025-06-05,2025-06-05,美国5月ADP弱加ISM服务跌破荣枯线 叠加美中谈判预期,rate+credit,0.0912,-0.116,0.2072,False,9.0,4.0,13.0,0.0,0.2072,0.7568
M2 利率双因子,主,A 全样本δ,5日,2025-06-16,2025-06-16,中国地产止跌回稳推进 新城控股发行美元债,credit,0.3208,0.3606,-0.0398,True,-11.0,-7.0,18.0,0.0,-0.0398,0.7568
M2 利率双因子,主,A 全样本δ,5日,2025-07-23,2025-07-23,美中缓和交易股债跷跷板 中国长债大跌,credit,0.3038,0.0845,0.2193,False,2.0,-1.0,3.0,0.0,0.2193,0.7568
M2 利率双因子,主,A 全样本δ,5日,2025-08-01,2025-08-01,日央行加息加套息平仓重演 全球risk-off,rate+credit,0.6325,0.612,0.0205,False,-17.0,-14.0,31.0,0.0,0.0205,0.7568
M2 利率双因子,主,A 全样本δ,5日,2025-08-11,2025-08-11,美中关税休战再延90天,credit+fx,0.2013,-0.1129,0.3142,False,1.0,6.0,7.0,0.0,0.3142,0.7568
M2 利率双因子,主,A 全样本δ,5日,2025-09-17,2025-09-17,美联储2025年首次降息25bp(至4.00-4.25%),rate,-0.2295,-0.2333,0.0038,False,9.0,8.0,17.0,0.0,0.0038,0.7568
M2 利率双因子,主,A 全样本δ,5日,2025-10-30,2025-10-30,特朗普-习近平会晤达成一年战术休战,credit+fx,-0.6692,-0.2394,-0.4298,True,6.0,9.0,15.0,0.0,-0.4298,0.7568
M2 利率双因子,主,A 全样本δ,5日,2025-12-10,2025-12-10,美联储年内第三次降息(至3.50-3.75%),rate,0.3452,0.2279,0.1173,False,-9.0,-3.0,12.0,0.0,0.1173,0.7568
M2 利率双因子,主,A 全样本δ,5日,2026-01-23,2026-01-23,人民币中间价创2023年来最强(6.9929) USDCNY破7,fx,0.2158,0.1678,0.048,False,-5.0,-2.0,7.0,0.0,0.048,0.7568
M2 利率双因子,主,A 全样本δ,5日,2026-02-28,2026-03-02,美以空袭伊朗 海湾战争爆发,rate+credit,-0.8182,-0.6189,-0.1993,True,21.0,18.0,39.0,0.0,-0.1993,0.7568
M2 利率双因子,主,A 全样本δ,5日,2026-03-02,2026-03-02,开战首个交易日 布油大涨13% 全球risk-off,rate+credit,-0.8182,-0.6189,-0.1993,True,21.0,18.0,39.0,0.0,-0.1993,0.7568
M2 利率双因子,主,A 全样本δ,5日,2026-03-18,2026-03-18,FOMC按兵不动(3.50-3.75%) 点阵图仍显示1次降息,rate,-0.908,-0.6713,-0.2367,True,24.0,19.0,43.0,0.0,-0.2367,0.7568
M2 利率双因子,主,A 全样本δ,5日,2026-03-23,2026-03-23,海湾战争risk-off(霍尔木兹48小时通牒) 10Y创8个月高位,rate+credit,-0.1908,-0.1145,-0.0763,True,5.0,5.0,10.0,0.0,-0.0763,0.7568
M2 利率双因子,主,A 全样本δ,5日,2026-05-19,2026-05-19,美债长端抛售峰值 10Y约4.68% 30Y约5.2%,rate+credit,0.5741,0.4547,0.1194,False,-8.0,-11.0,19.0,0.0,0.1194,0.7568
M2 利率双因子,主,A 全样本δ,5日,2026-07-15,2026-07-15,人民币中间价破6.80 升值至约6.77,fx,-0.1609,-0.1222,-0.0387,True,6.0,5.0,11.0,0.0,-0.0387,0.7568
M2 利率双因子,主,B 事件前δ,1日,2021-10-12,2021-10-12,中资房企信用危机(恒大等)美元债抛售传染,credit,-0.1952,0.1271,-0.3223,True,3.0,-2.0,5.0,-0.0775,-0.2448,0.7568
M2 利率双因子,主,B 事件前δ,1日,2021-11-04,2021-11-04,英央行意外不加息 美债收益率回落,rate,0.2817,0.2074,0.0743,False,-9.0,-7.0,16.0,0.0813,-0.007,0.7568
M2 利率双因子,主,B 事件前δ,1日,2021-11-10,2021-11-10,美国10月CPI同比6.2%创31年新高,rate,-0.399,-0.3126,-0.0864,True,15.0,10.0,25.0,-0.082,-0.0044,0.7568
M2 利率双因子,主,B 事件前δ,1日,2021-11-26,2021-11-26,奥密克戎变异株恐慌 全球避险,rate,0.4706,0.5601,-0.0895,True,-18.0,-16.0,34.0,0.0617,-0.1512,0.7568
M2 利率双因子,主,B 事件前δ,1日,2021-12-09,2021-12-09,恒大正式违约 美元走强,credit+fx,0.1745,0.102,0.0725,False,-1.0,-3.0,4.0,0.0077,0.0648,0.7568
M2 利率双因子,主,B 事件前δ,1日,2022-01-18,2022-01-18,美联储紧缩预期发酵 收益率飙升,credit+rate,-0.6279,-0.3328,-0.2951,True,10.0,9.0,19.0,0.006,-0.3011,0.7568
M2 利率双因子,主,B 事件前δ,1日,2022-01-27,2022-01-27,美联储1月会议转鹰(鲍威尔),rate+fx,0.1496,0.1284,0.0212,False,0.0,-4.0,4.0,0.003,0.0183,0.7568
M2 利率双因子,主,B 事件前δ,1日,2022-02-07,2022-02-07,节后风险偏好回落 美债调整,credit,-0.0603,0.0428,-0.1031,True,-2.0,-1.0,3.0,0.0161,-0.1192,0.7568
M2 利率双因子,主,B 事件前δ,1日,2022-02-28,2022-02-28,俄乌开战 避险与通胀双线,rate,0.3705,0.5709,-0.2004,True,-15.0,-14.0,29.0,-0.0308,-0.1696,0.7568
M2 利率双因子,主,B 事件前δ,1日,2022-03-15,2022-03-15,美联储开启加息周期(3/16加息25bp)前风险偏好,credit+rate,-0.4716,-0.0499,-0.4217,True,0.0,1.0,1.0,0.0347,-0.4564,0.7568
M2 利率双因子,主,B 事件前δ,1日,2022-03-17,2022-03-17,加息落地 利空出尽反弹,credit,0.6788,-0.0459,0.7247,False,-1.0,1.0,2.0,0.0385,0.6863,0.7568
M2 利率双因子,主,B 事件前δ,1日,2022-03-28,2022-03-28,上海疫情封控 增长担忧,credit+fx,0.2521,0.0651,0.187,False,-1.0,-2.0,3.0,0.0153,0.1717,0.7568
M2 利率双因子,主,B 事件前δ,1日,2022-04-25,2022-04-25,人民币快速贬值(疫情封控+中美利差倒挂),fx,-0.0161,0.3783,-0.3944,True,-10.0,-9.0,19.0,-0.0234,-0.3711,0.7568
M2 利率双因子,主,B 事件前δ,1日,2022-05-12,2022-05-12,人民币续贬 中美利差倒挂加深,fx,-0.1137,0.279,-0.3927,True,-8.0,-7.0,15.0,0.0019,-0.3947,0.7568
M2 利率双因子,主,B 事件前δ,1日,2022-05-03,2022-05-03,5月FOMC前风险偏好弱 债市调整,credit,-0.4912,0.0633,-0.5545,True,0.0,-2.0,2.0,0.0094,-0.5639,0.7568
M2 利率双因子,主,B 事件前δ,1日,2022-06-13,2022-06-13,5月CPI超预期后美债暴跌 全球债市承压,rate+credit,-1.3449,-1.1658,-0.1791,True,31.0,28.0,59.0,0.1203,-0.2994,0.7568
M2 利率双因子,主,B 事件前δ,1日,2022-06-15,2022-06-15,FOMC加息75bp 声明后收益率回落,rate,0.8821,0.6974,0.1847,False,-23.0,-16.0,39.0,-0.037,0.2217,0.7568
M2 利率双因子,主,B 事件前δ,1日,2022-07-22,2022-07-22,中国地产纾困与政策预期 风险偏好,credit,0.7089,0.5411,0.1678,False,-13.0,-14.0,27.0,-0.0164,0.1842,0.7568
M2 利率双因子,主,B 事件前δ,1日,2022-08-05,2022-08-05,7月非农强劲 加息预期升温,rate,-0.7185,-0.662,-0.0565,True,21.0,15.0,36.0,0.0746,-0.1311,0.7568
M2 利率双因子,主,B 事件前δ,1日,2022-09-06,2022-09-06,人民币贬向6.9 美元指数走强,fx,-0.5368,-0.5414,0.0046,False,13.0,13.0,26.0,0.0743,-0.0697,0.7568
M2 利率双因子,主,B 事件前δ,1日,2022-09-22,2022-09-22,FOMC鹰派点阵图 收益率上行,rate,-0.7129,-0.7673,0.0544,False,17.0,19.0,36.0,0.0935,-0.0391,0.7568
M2 利率双因子,主,B 事件前δ,1日,2022-09-26,2022-09-26,英国迷你预算危机 全球利率上行,rate,-0.9128,-0.7795,-0.1333,True,19.0,19.0,38.0,0.0903,-0.2236,0.7568
M2 利率双因子,主,B 事件前δ,1日,2022-09-28,2022-09-28,英央行紧急购债 全球收益率回落,rate+fx,0.5534,1.0387,-0.4853,True,-29.0,-25.0,54.0,-0.0683,-0.417,0.7568
M2 利率双因子,主,B 事件前δ,1日,2022-10-14,2022-10-14,全球债市动荡(英养老金危机) 信用承压,credit,-0.333,-0.1397,-0.1933,True,4.0,3.0,7.0,0.035,-0.2284,0.7568
M2 利率双因子,主,B 事件前δ,1日,2022-10-26,2022-10-26,美元自高位大幅回落 人民币急升,fx,0.3019,0.2089,0.093,False,-5.0,-6.0,11.0,0.0196,0.0734,0.7568
M2 利率双因子,主,B 事件前δ,1日,2022-11-10,2022-11-10,美国10月CPI回落至7.7% 美债暴涨,rate+fx,1.0232,1.1703,-0.1471,True,-32.0,-30.0,62.0,-0.0302,-0.1169,0.7568
M2 利率双因子,主,B 事件前δ,1日,2022-11-14,2022-11-14,中国发布防控优化二十条+地产金融16条(11-11公布 美股11-11休市),credit+fx,0.9144,-0.2451,1.1595,False,5.0,6.0,11.0,0.0448,1.1147,0.7568
M2 利率双因子,主,B 事件前δ,1日,2022-11-29,2022-11-29,证监会恢复房企股权融资(第三支箭),credit,-0.0114,-0.2302,0.2188,False,4.0,6.0,10.0,0.0377,0.1812,0.7568
M2 利率双因子,主,B 事件前δ,1日,2022-11-30,2022-11-30,人民币续升 风险偏好修复,fx,0.6079,0.2821,0.3258,False,-10.0,-7.0,17.0,0.0143,0.3115,0.7568
M2 利率双因子,主,B 事件前δ,1日,2022-12-05,2022-12-05,防疫新十条 放开加速 人民币走强,fx,-0.3084,-0.3894,0.081,False,13.0,9.0,22.0,0.0395,0.0415,0.7568
M2 利率双因子,主,B 事件前δ,1日,2022-12-30,2022-12-30,年末人民币偏强 美元弱,fx,-0.2029,-0.1995,-0.0034,True,5.0,5.0,10.0,0.0285,-0.0319,0.7568
M2 利率双因子,主,B 事件前δ,1日,2023-01-06,2023-01-06,美国12月ISM服务业破荣枯线+薪资降温,rate,0.5914,0.6538,-0.0624,True,-21.0,-16.0,37.0,-0.0088,-0.0536,0.7568
M2 利率双因子,主,B 事件前δ,1日,2023-01-09,2023-01-09,中国重启+美元走弱 人民币续升,fx,0.3756,0.0797,0.2959,False,-3.0,-2.0,5.0,0.0162,0.2797,0.7568
M2 利率双因子,主,B 事件前δ,1日,2023-01-12,2023-01-12,美国12月CPI回落+中国开放推进,credit,0.4632,0.4381,0.0251,False,-13.0,-11.0,24.0,-0.0013,0.0265,0.7568
M2 利率双因子,主,B 事件前δ,1日,2023-01-17,2023-01-17,人民币单日回调(升幅过大/中间价),fx,0.0725,-0.1294,0.2019,False,0.0,4.0,4.0,0.0263,0.1756,0.7568
M2 利率双因子,主,B 事件前δ,1日,2023-03-01,2023-03-01,中国2月PMI强劲 人民币升值,fx,-0.3666,-0.3503,-0.0163,True,9.0,9.0,18.0,0.0312,-0.0476,0.7568
M2 利率双因子,主,B 事件前δ,1日,2023-03-10,2023-03-10,硅谷银行SVB被接管 避险,rate+fx+credit,0.8644,0.9145,-0.0501,True,-26.0,-23.0,49.0,-0.0259,-0.0243,0.7568
M2 利率双因子,主,B 事件前δ,1日,2023-03-13,2023-03-13,SVB传染 瑞信危机发酵,rate+fx,0.7128,0.6825,0.0303,False,-28.0,-15.0,43.0,-0.0129,0.0431,0.7568
M2 利率双因子,主,B 事件前δ,1日,2023-03-14,2023-03-14,美联储新工具BTFP 银行风险缓解 投资级债涨,credit,-0.562,-0.3583,-0.2037,True,10.0,9.0,19.0,0.0316,-0.2352,0.7568
M2 利率双因子,主,B 事件前δ,1日,2023-03-17,2023-03-17,瑞信危机蔓延 美债收益率续降,rate,0.7154,0.7625,-0.0471,True,-28.0,-17.0,45.0,-0.0342,-0.0129,0.7568
M2 利率双因子,主,B 事件前δ,1日,2023-03-23,2023-03-23,美联储加息25bp接近尾声 美元走弱,fx,0.3532,0.4354,-0.0822,True,-15.0,-10.0,25.0,-0.0126,-0.0697,0.7568
M2 利率双因子,主,B 事件前δ,1日,2023-06-20,2023-06-20,中国1年期LPR下调10bp 经济偏弱,credit+fx,0.1445,0.116,0.0285,False,-3.0,-3.0,6.0,0.0091,0.0193,0.7568
M2 利率双因子,主,B 事件前δ,1日,2023-06-26,2023-06-26,人民币续贬(中美利差/经济预期),fx,0.1277,0.0863,0.0414,False,-3.0,-2.0,5.0,0.0096,0.0318,0.7568
M2 利率双因子,主,B 事件前δ,1日,2023-09-11,2023-09-11,央行维稳+美元回落 人民币急升,fx,-0.1589,-0.094,-0.0649,True,1.0,3.0,4.0,0.0125,-0.0774,0.7568
M2 利率双因子,主,B 事件前δ,1日,2023-10-04,2023-10-04,美债长端急升(10Y创多年新高) 全球利差走阔,rate+credit,0.15,0.3065,-0.1565,True,-8.0,-8.0,16.0,0.0038,-0.1603,0.7568
M2 利率双因子,主,B 事件前δ,1日,2023-10-26,2023-10-26,美债动荡延续 经济数据强劲,credit,0.2971,0.353,-0.0559,True,-10.0,-9.0,19.0,0.002,-0.0579,0.7568
M2 利率双因子,主,B 事件前δ,1日,2023-11-01,2023-11-01,美债供应与再融资压力,credit,0.5516,0.4519,0.0997,False,-15.0,-11.0,26.0,0.0003,0.0994,0.7568
M2 利率双因子,主,B 事件前δ,1日,2023-11-06,2023-11-06,风险偏好修复 利差收窄,credit,-0.0803,-0.3852,0.3049,False,11.0,10.0,21.0,0.0215,0.2835,0.7568
M2 利率双因子,主,B 事件前δ,1日,2023-11-14,2023-11-14,美国10月CPI低于预期(3.2%),rate,0.6628,0.7644,-0.1016,True,-24.0,-19.0,43.0,-0.0084,-0.0932,0.7568
M2 利率双因子,主,B 事件前δ,1日,2023-11-15,2023-11-15,CPI后信用大涨 利差大幅收窄,credit,-0.0513,-0.345,0.2937,False,10.0,9.0,19.0,0.0182,0.2755,0.7568
M2 利率双因子,主,B 事件前δ,1日,2023-11-20,2023-11-20,美元走弱 人民币升,fx,0.1473,0.0727,0.0746,False,-1.0,-2.0,3.0,0.0078,0.0669,0.7568
M2 利率双因子,主,B 事件前δ,1日,2023-12-01,2023-12-01,"鲍威尔称""为时过早谈降息"" 鹰派",credit,0.4919,0.5892,-0.0973,True,-17.0,-15.0,32.0,-0.0044,-0.0929,0.7568
M2 利率双因子,主,B 事件前δ,1日,2023-12-13,2023-12-13,FOMC点阵图转向降息 收益率大降,rate+credit,0.8344,0.6636,0.1708,False,-23.0,-16.0,39.0,-0.0032,0.174,0.7568
M2 利率双因子,主,B 事件前δ,1日,2023-12-14,2023-12-14,转鸽确认 风险资产大涨 美元走弱,credit+fx,0.7893,0.4457,0.3436,False,-10.0,-12.0,22.0,-0.0028,0.3464,0.7568
M2 利率双因子,主,B 事件前δ,1日,2024-01-02,2024-01-02,年初购汇需求与美元偏强 人民币走弱,fx,-0.1905,-0.2735,0.083,False,9.0,7.0,16.0,0.013,0.0699,0.7568
M2 利率双因子,主,B 事件前δ,1日,2024-02-07,2024-02-07,中国股市流动性风险+美债收益率上行,credit,-0.0275,-0.0155,-0.012,True,3.0,0.0,3.0,0.0065,-0.0185,0.7568
M2 利率双因子,主,B 事件前δ,1日,2024-04-10,2024-04-10,美国3月CPI超预期 收益率急升,rate,-0.656,-0.7392,0.0832,False,24.0,19.0,43.0,0.0114,0.0718,0.7568
M2 利率双因子,主,B 事件前δ,1日,2024-05-06,2024-05-06,美元回落 人民币升值,fx,0.2497,0.0391,0.2106,False,0.0,-1.0,1.0,0.0043,0.2063,0.7568
M2 利率双因子,主,B 事件前δ,1日,2024-05-16,2024-05-16,美国4月CPI回落 风险资产涨,credit,0.4688,-0.0871,0.5559,False,5.0,2.0,7.0,0.0041,0.5519,0.7568
M2 利率双因子,主,B 事件前δ,1日,2024-08-02,2024-08-02,7月非农大幅走弱+日元套息平仓,rate+fx+credit,0.8221,0.7378,0.0843,False,-22.0,-19.0,41.0,0.0028,0.0815,0.7568
M2 利率双因子,主,B 事件前δ,1日,2024-10-04,2024-10-04,9月非农强劲 收益率上行,rate,-0.4747,-0.5142,0.0395,False,19.0,13.0,32.0,0.0008,0.0387,0.7568
M2 利率双因子,主,B 事件前δ,1日,2024-10-08,2024-10-08,中国政策刺激后汇率波动 人民币回调,fx,0.0482,-0.0179,0.0661,False,0.0,1.0,1.0,0.0028,0.0634,0.7568
M2 利率双因子,主,B 事件前δ,1日,2024-11-06,2024-11-06,特朗普胜选 美债收益率上行 美元大涨,rate+fx,-0.5307,-0.5463,0.0156,False,11.0,16.0,27.0,0.0067,0.0089,0.7568
M2 利率双因子,主,B 事件前δ,1日,2025-04-02,2025-04-02,"美国""解放日""对等关税(中国累计约54%) 历史级risk-off",rate+credit+fx,-0.0969,-0.1063,0.0094,False,4.0,3.0,7.0,0.0016,0.0077,0.7568
M2 利率双因子,主,B 事件前δ,1日,2025-04-08,2025-04-08,美中关税加码至104% 人民币中间价破7.20 美债市场承压,rate+fx,-0.2064,-0.3643,0.1579,False,6.0,11.0,17.0,0.0098,0.1481,0.7568
M2 利率双因子,主,B 事件前δ,1日,2025-04-09,2025-04-09,90天关税暂缓(不含中国) 美股+9.5%,rate,-0.5725,-0.3555,-0.217,True,18.0,8.0,26.0,-0.0037,-0.2133,0.7568
M2 利率双因子,主,B 事件前δ,1日,2025-04-10,2025-04-10,中国反制84%至125% 亚洲IG信用risk-off,credit+rate,0.0,-0.1535,0.1535,False,-2.0,6.0,8.0,0.0072,0.1463,0.7568
M2 利率双因子,主,B 事件前δ,1日,2025-04-11,2025-04-11,隔夜美股再跌后亚洲风险偏好修复,credit,-0.3616,-0.3086,-0.053,True,11.0,8.0,19.0,0.0034,-0.0564,0.7568
M2 利率双因子,主,B 事件前δ,1日,2025-05-07,2025-05-07,中国央行宽松(降准50bp加7天逆回购降10bp),credit,0.1889,0.1526,0.0363,False,-3.0,-4.0,7.0,0.0018,0.0344,0.7568
M2 利率双因子,主,B 事件前δ,1日,2025-05-12,2025-05-12,美中日内瓦停火(美145%降至30% 中125%降至10%),credit+fx,-0.2435,-0.2927,0.0492,False,9.0,8.0,17.0,0.0029,0.0462,0.7568
M2 利率双因子,主,B 事件前δ,1日,2025-06-05,2025-06-05,美国5月ADP弱加ISM服务跌破荣枯线 叠加美中谈判预期,rate+credit,-0.0322,-0.1226,0.0904,False,6.0,3.0,9.0,0.0026,0.0879,0.7568
M2 利率双因子,主,B 事件前δ,1日,2025-06-16,2025-06-16,中国地产止跌回稳推进 新城控股发行美元债,credit,-0.1554,-0.149,-0.0064,True,2.0,5.0,7.0,0.0012,-0.0076,0.7568
M2 利率双因子,主,B 事件前δ,1日,2025-07-23,2025-07-23,美中缓和交易股债跷跷板 中国长债大跌,credit,-0.1282,-0.1801,0.0519,False,6.0,5.0,11.0,0.0014,0.0505,0.7568
M2 利率双因子,主,B 事件前δ,1日,2025-08-01,2025-08-01,日央行加息加套息平仓重演 全球risk-off,rate+credit,0.553,0.5731,-0.0201,True,-19.0,-14.0,33.0,-0.0021,-0.0179,0.7568
M2 利率双因子,主,B 事件前δ,1日,2025-08-11,2025-08-11,美中关税休战再延90天,credit+fx,0.0689,0.0216,0.0473,False,-1.0,0.0,1.0,0.0002,0.0471,0.7568
M2 利率双因子,主,B 事件前δ,1日,2025-09-17,2025-09-17,美联储2025年首次降息25bp(至4.00-4.25%),rate,-0.1303,-0.0677,-0.0626,True,3.0,2.0,5.0,0.0001,-0.0627,0.7568
M2 利率双因子,主,B 事件前δ,1日,2025-10-30,2025-10-30,特朗普-习近平会晤达成一年战术休战,credit+fx,-0.4125,-0.0886,-0.3239,True,2.0,3.0,5.0,-0.0006,-0.3233,0.7568
M2 利率双因子,主,B 事件前δ,1日,2025-12-10,2025-12-10,美联储年内第三次降息(至3.50-3.75%),rate,0.2198,0.2073,0.0125,False,-6.0,-5.0,11.0,-0.0004,0.0129,0.7568
M2 利率双因子,主,B 事件前δ,1日,2026-01-23,2026-01-23,人民币中间价创2023年来最强(6.9929) USDCNY破7,fx,0.0895,0.081,0.0085,False,-1.0,-2.0,3.0,-0.0006,0.0091,0.7568
M2 利率双因子,主,B 事件前δ,1日,2026-02-28,2026-03-02,美以空袭伊朗 海湾战争爆发,rate+credit,-0.4005,-0.3049,-0.0956,True,11.0,8.0,19.0,-0.0003,-0.0953,0.7568
M2 利率双因子,主,B 事件前δ,1日,2026-03-02,2026-03-02,开战首个交易日 布油大涨13% 全球risk-off,rate+credit,-0.4005,-0.3049,-0.0956,True,11.0,8.0,19.0,-0.0003,-0.0953,0.7568
M2 利率双因子,主,B 事件前δ,1日,2026-03-18,2026-03-18,FOMC按兵不动(3.50-3.75%) 点阵图仍显示1次降息,rate,-0.2157,-0.2238,0.0081,False,8.0,6.0,14.0,0.0004,0.0077,0.7568
M2 利率双因子,主,B 事件前δ,1日,2026-03-23,2026-03-23,海湾战争risk-off(霍尔木兹48小时通牒) 10Y创8个月高位,rate+credit,-0.0053,0.207,-0.2123,True,-6.0,-5.0,11.0,-0.0001,-0.2122,0.7568
M2 利率双因子,主,B 事件前δ,1日,2026-05-19,2026-05-19,美债长端抛售峰值 10Y约4.68% 30Y约5.2%,rate+credit,-0.1387,-0.2,0.0613,False,5.0,6.0,11.0,-0.0002,0.0616,0.7568
M2 利率双因子,主,B 事件前δ,1日,2026-07-15,2026-07-15,人民币中间价破6.80 升值至约6.77,fx,0.1338,0.1408,-0.007,True,-5.0,-3.0,8.0,-0.0002,-0.0068,0.7568
M2 利率双因子,主,B 事件前δ,3日(主),2021-10-12,2021-10-12,中资房企信用危机(恒大等)美元债抛售传染,credit,-0.1952,0.4346,-0.6298,True,0.0,-9.0,9.0,-0.1285,-0.5013,0.7568
M2 利率双因子,主,B 事件前δ,3日(主),2021-11-04,2021-11-04,英央行意外不加息 美债收益率回落,rate,0.0778,0.3074,-0.2296,True,-6.0,-9.0,15.0,0.045,-0.2746,0.7568
M2 利率双因子,主,B 事件前δ,3日(主),2021-11-10,2021-11-10,美国10月CPI同比6.2%创31年新高,rate,-0.3746,-0.5448,0.1702,False,18.0,17.0,35.0,-0.0498,0.2201,0.7568
M2 利率双因子,主,B 事件前δ,3日(主),2021-11-26,2021-11-26,奥密克戎变异株恐慌 全球避险,rate,0.4561,0.7457,-0.2896,True,-20.0,-21.0,41.0,0.0663,-0.3559,0.7568
M2 利率双因子,主,B 事件前δ,3日(主),2021-12-09,2021-12-09,恒大正式违约 美元走强,credit+fx,0.5323,0.3437,0.1886,False,-6.0,-10.0,16.0,0.0379,0.1506,0.7568
M2 利率双因子,主,B 事件前δ,3日(主),2022-01-18,2022-01-18,美联储紧缩预期发酵 收益率飙升,credit+rate,-0.174,-0.1921,0.0181,False,7.0,5.0,12.0,0.0339,-0.0158,0.7568
M2 利率双因子,主,B 事件前δ,3日(主),2022-01-27,2022-01-27,美联储1月会议转鹰(鲍威尔),rate+fx,0.1296,0.2162,-0.0866,True,-4.0,-6.0,10.0,0.0328,-0.1194,0.7568
M2 利率双因子,主,B 事件前δ,3日(主),2022-02-07,2022-02-07,节后风险偏好回落 美债调整,credit,-0.196,-0.0633,-0.1327,True,4.0,1.0,5.0,0.0455,-0.1782,0.7568
M2 利率双因子,主,B 事件前δ,3日(主),2022-02-28,2022-02-28,俄乌开战 避险与通胀双线,rate,-0.2392,0.4323,-0.6715,True,-12.0,-11.0,23.0,0.0249,-0.6965,0.7568
M2 利率双因子,主,B 事件前δ,3日(主),2022-03-15,2022-03-15,美联储开启加息周期(3/16加息25bp)前风险偏好,credit+rate,0.4537,-0.3265,0.7802,False,7.0,6.0,13.0,0.139,0.6412,0.7568
M2 利率双因子,主,B 事件前δ,3日(主),2022-03-17,2022-03-17,加息落地 利空出尽反弹,credit,0.2773,-0.6329,0.9102,False,15.0,13.0,28.0,0.1786,0.7316,0.7568
M2 利率双因子,主,B 事件前δ,3日(主),2022-03-28,2022-03-28,上海疫情封控 增长担忧,credit+fx,1.3165,0.5075,0.809,False,-11.0,-13.0,24.0,0.0006,0.8083,0.7568
M2 利率双因子,主,B 事件前δ,3日(主),2022-04-25,2022-04-25,人民币快速贬值(疫情封控+中美利差倒挂),fx,0.0161,0.3367,-0.3206,True,-13.0,-8.0,21.0,0.0404,-0.361,0.7568
M2 利率双因子,主,B 事件前δ,3日(主),2022-05-12,2022-05-12,人民币续贬 中美利差倒挂加深,fx,-0.1083,0.096,-0.2043,True,-6.0,-3.0,9.0,0.0805,-0.2849,0.7568
M2 利率双因子,主,B 事件前δ,3日(主),2022-05-03,2022-05-03,5月FOMC前风险偏好弱 债市调整,credit,-0.5075,-0.2517,-0.2558,True,0.0,6.0,6.0,0.1182,-0.374,0.7568
M2 利率双因子,主,B 事件前δ,3日(主),2022-06-13,2022-06-13,5月CPI超预期后美债暴跌 全球债市承压,rate+credit,-1.0646,-0.7278,-0.3368,True,13.0,18.0,31.0,0.1424,-0.4792,0.7568
M2 利率双因子,主,B 事件前δ,3日(主),2022-06-15,2022-06-15,FOMC加息75bp 声明后收益率回落,rate,0.9644,0.9794,-0.015,True,-27.0,-24.0,51.0,-0.0255,0.0105,0.7568
M2 利率双因子,主,B 事件前δ,3日(主),2022-07-22,2022-07-22,中国地产纾困与政策预期 风险偏好,credit,0.7308,0.3616,0.3692,False,-11.0,-10.0,21.0,0.0587,0.3105,0.7568
M2 利率双因子,主,B 事件前δ,3日(主),2022-08-05,2022-08-05,7月非农强劲 加息预期升温,rate,-0.5875,-0.5834,-0.0041,True,21.0,12.0,33.0,0.1121,-0.1162,0.7568
M2 利率双因子,主,B 事件前δ,3日(主),2022-09-06,2022-09-06,人民币贬向6.9 美元指数走强,fx,-0.3428,-0.3978,0.055,False,9.0,9.0,18.0,0.107,-0.052,0.7568
M2 利率双因子,主,B 事件前δ,3日(主),2022-09-22,2022-09-22,FOMC鹰派点阵图 收益率上行,rate,-1.8174,-1.56,-0.2574,True,41.0,37.0,78.0,0.2018,-0.4593,0.7568
M2 利率双因子,主,B 事件前δ,3日(主),2022-09-26,2022-09-26,英国迷你预算危机 全球利率上行,rate,-0.8104,-0.097,-0.7134,True,-4.0,3.0,7.0,0.0824,-0.7957,0.7568
M2 利率双因子,主,B 事件前δ,3日(主),2022-09-28,2022-09-28,英央行紧急购债 全球收益率回落,rate+fx,0.0286,0.5467,-0.5181,True,-15.0,-14.0,29.0,0.0216,-0.5397,0.7568
M2 利率双因子,主,B 事件前δ,3日(主),2022-10-14,2022-10-14,全球债市动荡(英养老金危机) 信用承压,credit,-0.4736,-0.1783,-0.2953,True,0.0,4.0,4.0,0.1035,-0.3987,0.7568
M2 利率双因子,主,B 事件前δ,3日(主),2022-10-26,2022-10-26,美元自高位大幅回落 人民币急升,fx,0.426,0.2424,0.1836,False,-6.0,-8.0,14.0,0.0807,0.1029,0.7568
M2 利率双因子,主,B 事件前δ,3日(主),2022-11-10,2022-11-10,美国10月CPI回落至7.7% 美债暴涨,rate+fx,2.5848,1.2141,1.3707,False,-34.0,-32.0,66.0,0.0282,1.3424,0.7568
M2 利率双因子,主,B 事件前δ,3日(主),2022-11-14,2022-11-14,中国发布防控优化二十条+地产金融16条(11-11公布 美股11-11休市),credit+fx,2.0099,0.5108,1.4991,False,-12.0,-15.0,27.0,0.0637,1.4354,0.7568
M2 利率双因子,主,B 事件前δ,3日(主),2022-11-29,2022-11-29,证监会恢复房企股权融资(第三支箭),credit,1.5043,0.616,0.8883,False,-20.0,-16.0,36.0,0.0495,0.8388,0.7568
M2 利率双因子,主,B 事件前δ,3日(主),2022-11-30,2022-11-30,人民币续升 风险偏好修复,fx,1.7568,0.9068,0.85,False,-25.0,-24.0,49.0,0.0317,0.8183,0.7568
M2 利率双因子,主,B 事件前δ,3日(主),2022-12-05,2022-12-05,防疫新十条 放开加速 人民币走强,fx,0.3298,0.3031,0.0267,False,-5.0,-9.0,14.0,0.0415,-0.0149,0.7568
M2 利率双因子,主,B 事件前δ,3日(主),2022-12-30,2022-12-30,年末人民币偏强 美元弱,fx,0.4476,0.4917,-0.0441,True,-9.0,-14.0,23.0,0.0303,-0.0744,0.7568
M2 利率双因子,主,B 事件前δ,3日(主),2023-01-06,2023-01-06,美国12月ISM服务业破荣枯线+薪资降温,rate,0.6925,0.433,0.2595,False,-18.0,-10.0,28.0,0.0412,0.2182,0.7568
M2 利率双因子,主,B 事件前δ,3日(主),2023-01-09,2023-01-09,中国重启+美元走弱 人民币续升,fx,0.4036,0.0379,0.3657,False,-3.0,-1.0,4.0,0.057,0.3088,0.7568
M2 利率双因子,主,B 事件前δ,3日(主),2023-01-12,2023-01-12,美国12月CPI回落+中国开放推进,credit,0.3797,0.0637,0.316,False,-6.0,-1.0,7.0,0.0542,0.2618,0.7568
M2 利率双因子,主,B 事件前δ,3日(主),2023-01-17,2023-01-17,人民币单日回调(升幅过大/中间价),fx,0.8938,0.3919,0.5019,False,-12.0,-10.0,22.0,0.0361,0.4658,0.7568
M2 利率双因子,主,B 事件前δ,3日(主),2023-03-01,2023-03-01,中国2月PMI强劲 人民币升值,fx,-0.2085,-0.2206,0.0121,False,8.0,5.0,13.0,0.0547,-0.0426,0.7568
M2 利率双因子,主,B 事件前δ,3日(主),2023-03-10,2023-03-10,硅谷银行SVB被接管 避险,rate+fx+credit,1.0152,1.2403,-0.2251,True,-44.0,-29.0,73.0,-0.0087,-0.2164,0.7568
M2 利率双因子,主,B 事件前δ,3日(主),2023-03-13,2023-03-13,SVB传染 瑞信危机发酵,rate+fx,0.9179,0.8739,0.044,False,-37.0,-19.0,56.0,0.0107,0.0333,0.7568
M2 利率双因子,主,B 事件前δ,3日(主),2023-03-14,2023-03-14,美联储新工具BTFP 银行风险缓解 投资级债涨,credit,-0.2945,-0.0676,-0.2269,True,4.0,1.0,5.0,0.0498,-0.2767,0.7568
M2 利率双因子,主,B 事件前δ,3日(主),2023-03-17,2023-03-17,瑞信危机蔓延 美债收益率续降,rate,-0.0278,-0.1037,0.0759,False,1.0,3.0,4.0,0.0505,0.0255,0.7568
M2 利率双因子,主,B 事件前δ,3日(主),2023-03-23,2023-03-23,美联储加息25bp接近尾声 美元走弱,fx,-0.3655,-0.198,-0.1675,True,5.0,5.0,10.0,0.0553,-0.2228,0.7568
M2 利率双因子,主,B 事件前δ,3日(主),2023-06-20,2023-06-20,中国1年期LPR下调10bp 经济偏弱,credit+fx,0.25,-0.1183,0.3683,False,4.0,3.0,7.0,0.0418,0.3264,0.7568
M2 利率双因子,主,B 事件前δ,3日(主),2023-06-26,2023-06-26,人民币续贬(中美利差/经济预期),fx,0.1609,0.1097,0.0512,False,-2.0,-3.0,5.0,0.036,0.0152,0.7568
M2 利率双因子,主,B 事件前δ,3日(主),2023-09-11,2023-09-11,央行维稳+美元回落 人民币急升,fx,0.0169,0.0371,-0.0202,True,0.0,-1.0,1.0,0.0346,-0.0548,0.7568
M2 利率双因子,主,B 事件前δ,3日(主),2023-10-04,2023-10-04,美债长端急升(10Y创多年新高) 全球利差走阔,rate+credit,0.0239,0.1385,-0.1146,True,-5.0,-3.0,8.0,0.0304,-0.1449,0.7568
M2 利率双因子,主,B 事件前δ,3日(主),2023-10-26,2023-10-26,美债动荡延续 经济数据强劲,credit,0.3145,0.2909,0.0236,False,-9.0,-7.0,16.0,0.026,-0.0024,0.7568
M2 利率双因子,主,B 事件前δ,3日(主),2023-11-01,2023-11-01,美债供应与再融资压力,credit,1.5542,1.2019,0.3523,False,-33.0,-31.0,64.0,0.0035,0.3489,0.7568
M2 利率双因子,主,B 事件前δ,3日(主),2023-11-06,2023-11-06,风险偏好修复 利差收窄,credit,0.4062,0.2392,0.167,False,2.0,-8.0,10.0,0.0221,0.1448,0.7568
M2 利率双因子,主,B 事件前δ,3日(主),2023-11-14,2023-11-14,美国10月CPI低于预期(3.2%),rate,1.0152,0.7346,0.2806,False,-23.0,-18.0,41.0,0.0127,0.268,0.7568
M2 利率双因子,主,B 事件前δ,3日(主),2023-11-15,2023-11-15,CPI后信用大涨 利差大幅收窄,credit,0.4261,-0.0115,0.4376,False,3.0,0.0,3.0,0.0307,0.4069,0.7568
M2 利率双因子,主,B 事件前δ,3日(主),2023-11-20,2023-11-20,美元走弱 人民币升,fx,0.3566,0.0818,0.2748,False,-1.0,-2.0,3.0,0.0268,0.2479,0.7568
M2 利率双因子,主,B 事件前δ,3日(主),2023-12-01,2023-12-01,"鲍威尔称""为时过早谈降息"" 鹰派",credit,0.8481,0.7214,0.1267,False,-17.0,-19.0,36.0,0.0089,0.1178,0.7568
M2 利率双因子,主,B 事件前δ,3日(主),2023-12-13,2023-12-13,FOMC点阵图转向降息 收益率大降,rate+credit,1.5855,1.1379,0.4476,False,-32.0,-29.0,61.0,0.0011,0.4465,0.7568
M2 利率双因子,主,B 事件前δ,3日(主),2023-12-14,2023-12-14,转鸽确认 风险资产大涨 美元走弱,credit+fx,0.6965,0.3383,0.3582,False,-6.0,-9.0,15.0,0.0141,0.3441,0.7568
M2 利率双因子,主,B 事件前δ,3日(主),2024-01-02,2024-01-02,年初购汇需求与美元偏强 人民币走弱,fx,-0.6915,-0.4098,-0.2817,True,13.0,11.0,24.0,0.0295,-0.3112,0.7568
M2 利率双因子,主,B 事件前δ,3日(主),2024-02-07,2024-02-07,中国股市流动性风险+美债收益率上行,credit,-0.2039,-0.3034,0.0995,False,11.0,8.0,19.0,0.0265,0.073,0.7568
M2 利率双因子,主,B 事件前δ,3日(主),2024-04-10,2024-04-10,美国3月CPI超预期 收益率急升,rate,-0.5836,-0.5193,-0.0643,True,17.0,14.0,31.0,0.0202,-0.0846,0.7568
M2 利率双因子,主,B 事件前δ,3日(主),2024-05-06,2024-05-06,美元回落 人民币升值,fx,0.2885,0.0726,0.2159,False,2.0,-2.0,4.0,0.013,0.203,0.7568
M2 利率双因子,主,B 事件前δ,3日(主),2024-05-16,2024-05-16,美国4月CPI回落 风险资产涨,credit,0.2484,-0.2929,0.5413,False,11.0,8.0,19.0,0.016,0.5253,0.7568
M2 利率双因子,主,B 事件前δ,3日(主),2024-08-02,2024-08-02,7月非农大幅走弱+日元套息平仓,rate+fx+credit,0.1887,0.3803,-0.1916,True,-11.0,-9.0,20.0,0.0106,-0.2022,0.7568
M2 利率双因子,主,B 事件前δ,3日(主),2024-10-04,2024-10-04,9月非农强劲 收益率上行,rate,-0.6942,-0.7056,0.0114,False,24.0,19.0,43.0,0.0061,0.0053,0.7568
M2 利率双因子,主,B 事件前δ,3日(主),2024-10-08,2024-10-08,中国政策刺激后汇率波动 人民币回调,fx,-0.1127,-0.1796,0.0669,False,5.0,6.0,11.0,0.0076,0.0593,0.7568
M2 利率双因子,主,B 事件前δ,3日(主),2024-11-06,2024-11-06,特朗普胜选 美债收益率上行 美元大涨,rate+fx,0.1781,-0.1129,0.291,False,4.0,4.0,8.0,0.0072,0.2838,0.7568
M2 利率双因子,主,B 事件前δ,3日(主),2025-04-02,2025-04-02,"美国""解放日""对等关税(中国累计约54%) 历史级risk-off",rate+credit+fx,0.3008,0.6524,-0.3516,True,-19.0,-16.0,35.0,0.0054,-0.357,0.7568
M2 利率双因子,主,B 事件前δ,3日(主),2025-04-08,2025-04-08,美中关税加码至104% 人民币中间价破7.20 美债市场承压,rate+fx,-0.7789,-0.8765,0.0976,False,22.0,25.0,47.0,0.0166,0.081,0.7568
M2 利率双因子,主,B 事件前δ,3日(主),2025-04-09,2025-04-09,90天关税暂缓(不含中国) 美股+9.5%,rate,-0.9341,-0.8184,-0.1157,True,27.0,22.0,49.0,0.0078,-0.1235,0.7568
M2 利率双因子,主,B 事件前δ,3日(主),2025-04-10,2025-04-10,中国反制84%至125% 亚洲IG信用risk-off,credit+rate,0.0874,-0.0567,0.1441,False,-4.0,4.0,8.0,0.0127,0.1314,0.7568
M2 利率双因子,主,B 事件前δ,3日(主),2025-04-11,2025-04-11,隔夜美股再跌后亚洲风险偏好修复,credit,0.3548,0.2275,0.1273,False,-6.0,-5.0,11.0,0.0076,0.1196,0.7568
M2 利率双因子,主,B 事件前δ,3日(主),2025-05-07,2025-05-07,中国央行宽松(降准50bp加7天逆回购降10bp),credit,-0.0487,-0.2477,0.199,False,10.0,7.0,17.0,0.0078,0.1912,0.7568
M2 利率双因子,主,B 事件前δ,3日(主),2025-05-12,2025-05-12,美中日内瓦停火(美145%降至30% 中125%降至10%),credit+fx,-0.3357,-0.5652,0.2295,False,17.0,16.0,33.0,0.0075,0.2219,0.7568
M2 利率双因子,主,B 事件前δ,3日(主),2025-06-05,2025-06-05,美国5月ADP弱加ISM服务跌破荣枯线 叠加美中谈判预期,rate+credit,-0.2955,-0.4394,0.1439,False,16.0,12.0,28.0,0.0067,0.1372,0.7568
M2 利率双因子,主,B 事件前δ,3日(主),2025-06-16,2025-06-16,中国地产止跌回稳推进 新城控股发行美元债,credit,0.1338,0.1585,-0.0247,True,-4.0,-3.0,7.0,0.0027,-0.0273,0.7568
M2 利率双因子,主,B 事件前δ,3日(主),2025-07-23,2025-07-23,美中缓和交易股债跷跷板 中国长债大跌,credit,-0.0374,-0.1609,0.1235,False,7.0,5.0,12.0,0.0027,0.1208,0.7568
M2 利率双因子,主,B 事件前δ,3日(主),2025-08-01,2025-08-01,日央行加息加套息平仓重演 全球risk-off,rate+credit,0.7384,0.6297,0.1087,False,-19.0,-15.0,34.0,-0.0013,0.1099,0.7568
M2 利率双因子,主,B 事件前δ,3日(主),2025-08-11,2025-08-11,美中关税休战再延90天,credit+fx,0.3864,0.1841,0.2023,False,-7.0,-3.0,10.0,0.0002,0.2021,0.7568
M2 利率双因子,主,B 事件前δ,3日(主),2025-09-17,2025-09-17,美联储2025年首次降息25bp(至4.00-4.25%),rate,-0.3078,-0.3206,0.0128,False,9.0,10.0,19.0,0.0005,0.0123,0.7568
M2 利率双因子,主,B 事件前δ,3日(主),2025-10-30,2025-10-30,特朗普-习近平会晤达成一年战术休战,credit+fx,-0.4072,-0.1176,-0.2896,True,2.0,5.0,7.0,-0.002,-0.2876,0.7568
M2 利率双因子,主,B 事件前δ,3日(主),2025-12-10,2025-12-10,美联储年内第三次降息(至3.50-3.75%),rate,0.1257,0.0362,0.0895,False,-3.0,1.0,4.0,-0.0,0.0895,0.7568
M2 利率双因子,主,B 事件前δ,3日(主),2026-01-23,2026-01-23,人民币中间价创2023年来最强(6.9929) USDCNY破7,fx,0.2,0.133,0.067,False,-4.0,-2.0,6.0,-0.0012,0.0682,0.7568
M2 利率双因子,主,B 事件前δ,3日(主),2026-02-28,2026-03-02,美以空袭伊朗 海湾战争爆发,rate+credit,-0.7398,-0.4317,-0.3081,True,16.0,12.0,28.0,-0.001,-0.3071,0.7568
M2 利率双因子,主,B 事件前δ,3日(主),2026-03-02,2026-03-02,开战首个交易日 布油大涨13% 全球risk-off,rate+credit,-0.7398,-0.4317,-0.3081,True,16.0,12.0,28.0,-0.001,-0.3071,0.7568
M2 利率双因子,主,B 事件前δ,3日(主),2026-03-18,2026-03-18,FOMC按兵不动(3.50-3.75%) 点阵图仍显示1次降息,rate,-0.7596,-0.685,-0.0746,True,22.0,19.0,41.0,0.0009,-0.0755,0.7568
M2 利率双因子,主,B 事件前δ,3日(主),2026-03-23,2026-03-23,海湾战争risk-off(霍尔木兹48小时通牒) 10Y创8个月高位,rate+credit,0.2168,0.2565,-0.0397,True,-5.0,-6.0,11.0,0.0003,-0.04,0.7568
M2 利率双因子,主,B 事件前δ,3日(主),2026-05-19,2026-05-19,美债长端抛售峰值 10Y约4.68% 30Y约5.2%,rate+credit,0.2609,0.1758,0.0851,False,-2.0,-4.0,6.0,-0.0008,0.0859,0.7568
M2 利率双因子,主,B 事件前δ,3日(主),2026-07-15,2026-07-15,人民币中间价破6.80 升值至约6.77,fx,0.1391,0.1538,-0.0147,True,-3.0,-3.0,6.0,-0.0004,-0.0143,0.7568
M2 利率双因子,主,B 事件前δ,5日,2021-10-12,2021-10-12,中资房企信用危机(恒大等)美元债抛售传染,credit,0.1998,0.2302,-0.0304,True,11.0,-2.0,13.0,-0.1858,0.1555,0.7568
M2 利率双因子,主,B 事件前δ,5日,2021-11-04,2021-11-04,英央行意外不加息 美债收益率回落,rate,-0.2629,0.1913,-0.4542,True,4.0,-4.0,8.0,-0.0344,-0.4199,0.7568
M2 利率双因子,主,B 事件前δ,5日,2021-11-10,2021-11-10,美国10月CPI同比6.2%创31年新高,rate,-0.0922,-0.4453,0.3531,False,16.0,14.0,30.0,-0.0178,0.3709,0.7568
M2 利率双因子,主,B 事件前δ,5日,2021-11-26,2021-11-26,奥密克戎变异株恐慌 全球避险,rate,0.3399,0.7225,-0.3826,True,-13.0,-20.0,33.0,0.0344,-0.4171,0.7568
M2 利率双因子,主,B 事件前δ,5日,2021-12-09,2021-12-09,恒大正式违约 美元走强,credit+fx,0.2423,0.1856,0.0567,False,-1.0,-5.0,6.0,0.0392,0.0175,0.7568
M2 利率双因子,主,B 事件前δ,5日,2022-01-18,2022-01-18,美联储紧缩预期发酵 收益率飙升,credit+rate,-0.005,0.1033,-0.1083,True,-2.0,-3.0,5.0,0.0707,-0.1789,0.7568
M2 利率双因子,主,B 事件前δ,5日,2022-01-27,2022-01-27,美联储1月会议转鹰(鲍威尔),rate+fx,0.1296,0.2596,-0.13,True,-6.0,-7.0,13.0,0.0624,-0.1924,0.7568
M2 利率双因子,主,B 事件前δ,5日,2022-02-07,2022-02-07,节后风险偏好回落 美债调整,credit,-0.2262,-0.0135,-0.2127,True,6.0,-1.0,7.0,0.0672,-0.2798,0.7568
M2 利率双因子,主,B 事件前δ,5日,2022-02-28,2022-02-28,俄乌开战 避险与通胀双线,rate,0.2843,0.8837,-0.5994,True,-21.0,-23.0,44.0,0.0228,-0.6223,0.7568
M2 利率双因子,主,B 事件前δ,5日,2022-03-15,2022-03-15,美联储开启加息周期(3/16加息25bp)前风险偏好,credit+rate,0.0522,-0.9317,0.9839,False,23.0,18.0,41.0,0.2974,0.6865,0.7568
M2 利率双因子,主,B 事件前δ,5日,2022-03-17,2022-03-17,加息落地 利空出尽反弹,credit,0.6268,-0.6785,1.3053,False,16.0,13.0,29.0,0.2447,1.0606,0.7568
M2 利率双因子,主,B 事件前δ,5日,2022-03-28,2022-03-28,上海疫情封控 增长担忧,credit+fx,1.0848,0.2434,0.8414,False,0.0,-9.0,9.0,0.0909,0.7505,0.7568
M2 利率双因子,主,B 事件前δ,5日,2022-04-25,2022-04-25,人民币快速贬值(疫情封控+中美利差倒挂),fx,-0.3226,-0.0012,-0.3214,True,-2.0,-1.0,3.0,0.1165,-0.4379,0.7568
M2 利率双因子,主,B 事件前δ,5日,2022-05-12,2022-05-12,人民币续贬 中美利差倒挂加深,fx,-0.0542,0.0007,-0.0549,True,0.0,-2.0,2.0,0.1285,-0.1834,0.7568
M2 利率双因子,主,B 事件前δ,5日,2022-05-03,2022-05-03,5月FOMC前风险偏好弱 债市调整,credit,-0.9306,-0.244,-0.6866,True,-6.0,6.0,12.0,0.1851,-0.8717,0.7568
M2 利率双因子,主,B 事件前δ,5日,2022-06-13,2022-06-13,5月CPI超预期后美债暴跌 全球债市承压,rate+credit,-0.9823,-0.449,-0.5333,True,9.0,10.0,19.0,0.1572,-0.6904,0.7568
M2 利率双因子,主,B 事件前δ,5日,2022-06-15,2022-06-15,FOMC加息75bp 声明后收益率回落,rate,1.3475,1.3491,-0.0016,True,-39.0,-33.0,72.0,-0.0106,0.009,0.7568
M2 利率双因子,主,B 事件前δ,5日,2022-07-22,2022-07-22,中国地产纾困与政策预期 风险偏好,credit,1.3475,0.9019,0.4456,False,-31.0,-23.0,54.0,0.0818,0.3638,0.7568
M2 利率双因子,主,B 事件前δ,5日,2022-08-05,2022-08-05,7月非农强劲 加息预期升温,rate,-0.6475,-0.8562,0.2087,False,22.0,19.0,41.0,0.2004,0.0084,0.7568
M2 利率双因子,主,B 事件前δ,5日,2022-09-06,2022-09-06,人民币贬向6.9 美元指数走强,fx,-0.3151,-0.7448,0.4297,False,17.0,17.0,34.0,0.1861,0.2436,0.7568
M2 利率双因子,主,B 事件前δ,5日,2022-09-22,2022-09-22,FOMC鹰派点阵图 收益率上行,rate,-1.715,-0.8796,-0.8354,True,18.0,21.0,39.0,0.196,-1.0314,0.7568
M2 利率双因子,主,B 事件前δ,5日,2022-09-26,2022-09-26,英国迷你预算危机 全球利率上行,rate,-1.3352,-0.5856,-0.7496,True,10.0,14.0,24.0,0.1688,-0.9184,0.7568
M2 利率双因子,主,B 事件前δ,5日,2022-09-28,2022-09-28,英央行紧急购债 全球收益率回落,rate+fx,0.5136,1.3894,-0.8758,True,-37.0,-35.0,72.0,-0.0077,-0.868,0.7568
M2 利率双因子,主,B 事件前δ,5日,2022-10-14,2022-10-14,全球债市动荡(英养老金危机) 信用承压,credit,-1.5577,-1.1186,-0.4391,True,24.0,27.0,51.0,0.2129,-0.652,0.7568
M2 利率双因子,主,B 事件前δ,5日,2022-10-26,2022-10-26,美元自高位大幅回落 人民币急升,fx,0.0533,-0.0081,0.0614,False,2.0,-3.0,5.0,0.1512,-0.0898,0.7568
M2 利率双因子,主,B 事件前δ,5日,2022-11-10,2022-11-10,美国10月CPI回落至7.7% 美债暴涨,rate+fx,2.6885,1.2783,1.4102,False,-34.0,-35.0,69.0,0.0802,1.33,0.7568
M2 利率双因子,主,B 事件前δ,5日,2022-11-14,2022-11-14,中国发布防控优化二十条+地产金融16条(11-11公布 美股11-11休市),credit+fx,1.4003,-0.1144,1.5147,False,4.0,0.0,4.0,0.1541,1.3606,0.7568
M2 利率双因子,主,B 事件前δ,5日,2022-11-29,2022-11-29,证监会恢复房企股权融资(第三支箭),credit,1.437,0.2891,1.1479,False,-8.0,-9.0,17.0,0.107,1.041,0.7568
M2 利率双因子,主,B 事件前δ,5日,2022-11-30,2022-11-30,人民币续升 风险偏好修复,fx,1.7008,0.8448,0.856,False,-19.0,-24.0,43.0,0.0757,0.7804,0.7568
M2 利率双因子,主,B 事件前δ,5日,2022-12-05,2022-12-05,防疫新十条 放开加速 人民币走强,fx,-0.0896,-0.2856,0.196,False,8.0,6.0,14.0,0.1187,0.0773,0.7568
M2 利率双因子,主,B 事件前δ,5日,2022-12-30,2022-12-30,年末人民币偏强 美元弱,fx,1.0503,1.0408,0.0095,False,-25.0,-28.0,53.0,0.0431,-0.0336,0.7568
M2 利率双因子,主,B 事件前δ,5日,2023-01-06,2023-01-06,美国12月ISM服务业破荣枯线+薪资降温,rate,1.4582,1.13,0.3282,False,-37.0,-28.0,65.0,0.0466,0.2817,0.7568
M2 利率双因子,主,B 事件前δ,5日,2023-01-09,2023-01-09,中国重启+美元走弱 人民币续升,fx,0.7108,0.2288,0.482,False,-9.0,-6.0,15.0,0.0871,0.395,0.7568
M2 利率双因子,主,B 事件前δ,5日,2023-01-12,2023-01-12,美国12月CPI回落+中国开放推进,credit,1.201,0.5846,0.6164,False,-18.0,-15.0,33.0,0.0644,0.552,0.7568
M2 利率双因子,主,B 事件前δ,5日,2023-01-17,2023-01-17,人民币单日回调(升幅过大/中间价),fx,0.5949,-0.1206,0.7155,False,1.0,3.0,4.0,0.0955,0.6199,0.7568
M2 利率双因子,主,B 事件前δ,5日,2023-03-01,2023-03-01,中国2月PMI强劲 人民币升值,fx,-0.3158,-0.2608,-0.055,True,13.0,5.0,18.0,0.0846,-0.1396,0.7568
M2 利率双因子,主,B 事件前δ,5日,2023-03-10,2023-03-10,硅谷银行SVB被接管 避险,rate+fx+credit,1.2827,1.5316,-0.2489,True,-50.0,-37.0,87.0,0.0089,-0.2578,0.7568
M2 利率双因子,主,B 事件前δ,5日,2023-03-13,2023-03-13,SVB传染 瑞信危机发酵,rate+fx,1.1337,1.3592,-0.2255,True,-52.0,-31.0,83.0,0.021,-0.2464,0.7568
M2 利率双因子,主,B 事件前δ,5日,2023-03-14,2023-03-14,美联储新工具BTFP 银行风险缓解 投资级债涨,credit,-0.0055,0.3347,-0.3402,True,-12.0,-8.0,20.0,0.0629,-0.4031,0.7568
M2 利率双因子,主,B 事件前δ,5日,2023-03-17,2023-03-17,瑞信危机蔓延 美债收益率续降,rate,1.0244,0.8314,0.193,False,-33.0,-18.0,51.0,0.0212,0.1718,0.7568
M2 利率双因子,主,B 事件前δ,5日,2023-03-23,2023-03-23,美联储加息25bp接近尾声 美元走弱,fx,-0.5098,-0.3935,-0.1163,True,13.0,9.0,22.0,0.1001,-0.2164,0.7568
M2 利率双因子,主,B 事件前δ,5日,2023-06-20,2023-06-20,中国1年期LPR下调10bp 经济偏弱,credit+fx,0.2445,0.1816,0.0629,False,-3.0,-5.0,8.0,0.0587,0.0042,0.7568
M2 利率双因子,主,B 事件前δ,5日,2023-06-26,2023-06-26,人民币续贬(中美利差/经济预期),fx,-0.178,-0.3196,0.1416,False,14.0,7.0,21.0,0.077,0.0645,0.7568
M2 利率双因子,主,B 事件前δ,5日,2023-09-11,2023-09-11,央行维稳+美元回落 人民币急升,fx,-0.1533,-0.2442,0.0909,False,6.0,7.0,13.0,0.0633,0.0275,0.7568
M2 利率双因子,主,B 事件前δ,5日,2023-10-04,2023-10-04,美债长端急升(10Y创多年新高) 全球利差走阔,rate+credit,1.0312,0.8707,0.1605,False,-21.0,-23.0,44.0,0.0359,0.1246,0.7568
M2 利率双因子,主,B 事件前δ,5日,2023-10-26,2023-10-26,美债动荡延续 经济数据强劲,credit,0.7497,0.7308,0.0189,False,-22.0,-18.0,40.0,0.037,-0.0181,0.7568
M2 利率双因子,主,B 事件前δ,5日,2023-11-01,2023-11-01,美债供应与再融资压力,credit,1.6974,1.1464,0.551,False,-29.0,-30.0,59.0,0.027,0.524,0.7568
M2 利率双因子,主,B 事件前δ,5日,2023-11-06,2023-11-06,风险偏好修复 利差收窄,credit,-0.0688,-0.2263,0.1575,False,16.0,4.0,20.0,0.0562,0.1012,0.7568
M2 利率双因子,主,B 事件前δ,5日,2023-11-14,2023-11-14,美国10月CPI低于预期(3.2%),rate,1.2362,0.8255,0.4107,False,-22.0,-21.0,43.0,0.0302,0.3805,0.7568
M2 利率双因子,主,B 事件前δ,5日,2023-11-15,2023-11-15,CPI后信用大涨 利差大幅收窄,credit,0.7375,0.1176,0.6199,False,-1.0,-3.0,4.0,0.0486,0.5713,0.7568
M2 利率双因子,主,B 事件前δ,5日,2023-11-20,2023-11-20,美元走弱 人民币升,fx,0.5654,0.2275,0.3379,False,-7.0,-5.0,12.0,0.0437,0.2943,0.7568
M2 利率双因子,主,B 事件前δ,5日,2023-12-01,2023-12-01,"鲍威尔称""为时过早谈降息"" 鹰派",credit,1.1643,0.877,0.2873,False,-20.0,-23.0,43.0,0.0218,0.2654,0.7568
M2 利率双因子,主,B 事件前δ,5日,2023-12-13,2023-12-13,FOMC点阵图转向降息 收益率大降,rate+credit,1.6347,1.0679,0.5668,False,-29.0,-27.0,56.0,0.0176,0.5492,0.7568
M2 利率双因子,主,B 事件前δ,5日,2023-12-14,2023-12-14,转鸽确认 风险资产大涨 美元走弱,credit+fx,1.1001,0.6851,0.415,False,-14.0,-18.0,32.0,0.021,0.394,0.7568
M2 利率双因子,主,B 事件前δ,5日,2024-01-02,2024-01-02,年初购汇需求与美元偏强 人民币走弱,fx,-0.9013,-0.4548,-0.4465,True,13.0,13.0,26.0,0.0441,-0.4907,0.7568
M2 利率双因子,主,B 事件前δ,5日,2024-02-07,2024-02-07,中国股市流动性风险+美债收益率上行,credit,-0.2039,-0.8428,0.6389,False,28.0,22.0,50.0,0.0527,0.5862,0.7568
M2 利率双因子,主,B 事件前δ,5日,2024-04-10,2024-04-10,美国3月CPI超预期 收益率急升,rate,-1.1649,-1.1234,-0.0415,True,32.0,31.0,63.0,0.0387,-0.0802,0.7568
M2 利率双因子,主,B 事件前δ,5日,2024-05-06,2024-05-06,美元回落 人民币升值,fx,0.294,0.016,0.278,False,4.0,0.0,4.0,0.0237,0.2543,0.7568
M2 利率双因子,主,B 事件前δ,5日,2024-05-16,2024-05-16,美国4月CPI回落 风险资产涨,credit,0.4302,-0.2523,0.6825,False,12.0,7.0,19.0,0.0252,0.6573,0.7568
M2 利率双因子,主,B 事件前δ,5日,2024-08-02,2024-08-02,7月非农大幅走弱+日元套息平仓,rate+fx+credit,-0.027,0.06,-0.087,True,-1.0,0.0,1.0,0.0183,-0.1053,0.7568
M2 利率双因子,主,B 事件前δ,5日,2024-10-04,2024-10-04,9月非农强劲 收益率上行,rate,-0.8551,-0.8672,0.0121,False,29.0,24.0,53.0,0.0108,0.0013,0.7568
M2 利率双因子,主,B 事件前δ,5日,2024-10-08,2024-10-08,中国政策刺激后汇率波动 人民币回调,fx,0.1125,0.06,0.0525,False,0.0,0.0,0.0,0.0106,0.0419,0.7568
M2 利率双因子,主,B 事件前δ,5日,2024-11-06,2024-11-06,特朗普胜选 美债收益率上行 美元大涨,rate+fx,-0.3246,-0.5803,0.2557,False,14.0,18.0,32.0,0.0154,0.2403,0.7568
M2 利率双因子,主,B 事件前δ,5日,2025-04-02,2025-04-02,"美国""解放日""对等关税(中国累计约54%) 历史级risk-off",rate+credit+fx,-1.0547,-0.1824,-0.8723,True,-3.0,9.0,12.0,0.0124,-0.8847,0.7568
M2 利率双因子,主,B 事件前δ,5日,2025-04-08,2025-04-08,美中关税加码至104% 人民币中间价破7.20 美债市场承压,rate+fx,-0.6915,-0.7795,0.088,False,20.0,23.0,43.0,0.0219,0.0662,0.7568
M2 利率双因子,主,B 事件前δ,5日,2025-04-09,2025-04-09,90天关税暂缓(不含中国) 美股+9.5%,rate,-0.2177,-0.2844,0.0667,False,10.0,9.0,19.0,0.0141,0.0526,0.7568
M2 利率双因子,主,B 事件前δ,5日,2025-04-10,2025-04-10,中国反制84%至125% 亚洲IG信用risk-off,credit+rate,0.6758,0.3152,0.3606,False,-15.0,-5.0,20.0,0.0176,0.343,0.7568
M2 利率双因子,主,B 事件前δ,5日,2025-04-11,2025-04-11,隔夜美股再跌后亚洲风险偏好修复,credit,0.578,0.3025,0.2755,False,-9.0,-6.0,15.0,0.0133,0.2622,0.7568
M2 利率双因子,主,B 事件前δ,5日,2025-05-07,2025-05-07,中国央行宽松(降准50bp加7天逆回购降10bp),credit,-0.2868,-0.6692,0.3824,False,22.0,19.0,41.0,0.0133,0.3691,0.7568
M2 利率双因子,主,B 事件前δ,5日,2025-05-12,2025-05-12,美中日内瓦停火(美145%降至30% 中125%降至10%),credit+fx,-0.0109,-0.1615,0.1506,False,6.0,6.0,12.0,0.01,0.1406,0.7568
M2 利率双因子,主,B 事件前δ,5日,2025-06-05,2025-06-05,美国5月ADP弱加ISM服务跌破荣枯线 叠加美中谈判预期,rate+credit,0.0912,-0.1247,0.2159,False,9.0,4.0,13.0,0.0087,0.2072,0.7568
M2 利率双因子,主,B 事件前δ,5日,2025-06-16,2025-06-16,中国地产止跌回稳推进 新城控股发行美元债,credit,0.3208,0.3568,-0.036,True,-11.0,-7.0,18.0,0.0038,-0.0398,0.7568
M2 利率双因子,主,B 事件前δ,5日,2025-07-23,2025-07-23,美中缓和交易股债跷跷板 中国长债大跌,credit,0.3038,0.0812,0.2226,False,2.0,-1.0,3.0,0.0033,0.2193,0.7568
M2 利率双因子,主,B 事件前δ,5日,2025-08-01,2025-08-01,日央行加息加套息平仓重演 全球risk-off,rate+credit,0.6325,0.6121,0.0204,False,-17.0,-14.0,31.0,-0.0002,0.0205,0.7568
M2 利率双因子,主,B 事件前δ,5日,2025-08-11,2025-08-11,美中关税休战再延90天,credit+fx,0.2013,-0.1148,0.3161,False,1.0,6.0,7.0,0.0019,0.3142,0.7568
M2 利率双因子,主,B 事件前δ,5日,2025-09-17,2025-09-17,美联储2025年首次降息25bp(至4.00-4.25%),rate,-0.2295,-0.2332,0.0037,False,9.0,8.0,17.0,-0.0,0.0038,0.7568
M2 利率双因子,主,B 事件前δ,5日,2025-10-30,2025-10-30,特朗普-习近平会晤达成一年战术休战,credit+fx,-0.6692,-0.2361,-0.4331,True,6.0,9.0,15.0,-0.0034,-0.4298,0.7568
M2 利率双因子,主,B 事件前δ,5日,2025-12-10,2025-12-10,美联储年内第三次降息(至3.50-3.75%),rate,0.3452,0.2284,0.1168,False,-9.0,-3.0,12.0,-0.0004,0.1173,0.7568
M2 利率双因子,主,B 事件前δ,5日,2026-01-23,2026-01-23,人民币中间价创2023年来最强(6.9929) USDCNY破7,fx,0.2158,0.1697,0.0461,False,-5.0,-2.0,7.0,-0.0019,0.048,0.7568
M2 利率双因子,主,B 事件前δ,5日,2026-02-28,2026-03-02,美以空袭伊朗 海湾战争爆发,rate+credit,-0.8182,-0.6172,-0.201,True,21.0,18.0,39.0,-0.0016,-0.1993,0.7568
M2 利率双因子,主,B 事件前δ,5日,2026-03-02,2026-03-02,开战首个交易日 布油大涨13% 全球risk-off,rate+credit,-0.8182,-0.6172,-0.201,True,21.0,18.0,39.0,-0.0016,-0.1993,0.7568
M2 利率双因子,主,B 事件前δ,5日,2026-03-18,2026-03-18,FOMC按兵不动(3.50-3.75%) 点阵图仍显示1次降息,rate,-0.908,-0.6724,-0.2356,True,24.0,19.0,43.0,0.0011,-0.2367,0.7568
M2 利率双因子,主,B 事件前δ,5日,2026-03-23,2026-03-23,海湾战争risk-off(霍尔木兹48小时通牒) 10Y创8个月高位,rate+credit,-0.1908,-0.1152,-0.0756,True,5.0,5.0,10.0,0.0007,-0.0763,0.7568
M2 利率双因子,主,B 事件前δ,5日,2026-05-19,2026-05-19,美债长端抛售峰值 10Y约4.68% 30Y约5.2%,rate+credit,0.5741,0.4561,0.118,False,-8.0,-11.0,19.0,-0.0014,0.1194,0.7568
M2 利率双因子,主,B 事件前δ,5日,2026-07-15,2026-07-15,人民币中间价破6.80 升值至约6.77,fx,-0.1609,-0.1216,-0.0393,True,6.0,5.0,11.0,-0.0006,-0.0387,0.7568
M3 利率+ΔOAS,主,A 全样本δ,1日,2023-09-11,2023-09-11,央行维稳+美元回落 人民币急升,fx,-0.1589,-0.1055,-0.0534,True,1.0,3.0,4.0,0.0,-0.0774,0.7568
M3 利率+ΔOAS,主,A 全样本δ,1日,2023-10-04,2023-10-04,美债长端急升(10Y创多年新高) 全球利差走阔,rate+credit,0.15,0.1812,-0.0312,True,-8.0,-8.0,16.0,0.0,-0.1603,0.7568
M3 利率+ΔOAS,主,A 全样本δ,1日,2023-10-26,2023-10-26,美债动荡延续 经济数据强劲,credit,0.2971,0.2615,0.0356,False,-10.0,-9.0,19.0,0.0,-0.0579,0.7568
M3 利率+ΔOAS,主,A 全样本δ,1日,2023-11-01,2023-11-01,美债供应与再融资压力,credit,0.5516,0.3642,0.1874,False,-15.0,-11.0,26.0,0.0,0.0994,0.7568
M3 利率+ΔOAS,主,A 全样本δ,1日,2023-11-06,2023-11-06,风险偏好修复 利差收窄,credit,-0.0803,-0.2595,0.1792,False,11.0,10.0,21.0,0.0,0.2835,0.7568
M3 利率+ΔOAS,主,A 全样本δ,1日,2023-11-14,2023-11-14,美国10月CPI低于预期(3.2%),rate,0.6628,0.7303,-0.0675,True,-24.0,-19.0,43.0,0.0,-0.0932,0.7568
M3 利率+ΔOAS,主,A 全样本δ,1日,2023-11-15,2023-11-15,CPI后信用大涨 利差大幅收窄,credit,-0.0513,-0.1491,0.0978,False,10.0,9.0,19.0,0.0,0.2755,0.7568
M3 利率+ΔOAS,主,A 全样本δ,1日,2023-11-20,2023-11-20,美元走弱 人民币升,fx,0.1473,0.0636,0.0837,False,-1.0,-2.0,3.0,0.0,0.0669,0.7568
M3 利率+ΔOAS,主,A 全样本δ,1日,2023-12-01,2023-12-01,"鲍威尔称""为时过早谈降息"" 鹰派",credit,0.4919,0.5182,-0.0263,True,-17.0,-15.0,32.0,0.0,-0.0929,0.7568
M3 利率+ΔOAS,主,A 全样本δ,1日,2023-12-13,2023-12-13,FOMC点阵图转向降息 收益率大降,rate+credit,0.8344,0.5477,0.2867,False,-23.0,-16.0,39.0,0.0,0.174,0.7568
M3 利率+ΔOAS,主,A 全样本δ,1日,2023-12-14,2023-12-14,转鸽确认 风险资产大涨 美元走弱,credit+fx,0.7893,0.6688,0.1205,False,-10.0,-12.0,22.0,0.0,0.3464,0.7568
M3 利率+ΔOAS,主,A 全样本δ,1日,2024-01-02,2024-01-02,年初购汇需求与美元偏强 人民币走弱,fx,-0.1905,-0.246,0.0555,False,9.0,7.0,16.0,0.0,0.0699,0.7568
M3 利率+ΔOAS,主,A 全样本δ,1日,2024-02-07,2024-02-07,中国股市流动性风险+美债收益率上行,credit,-0.0275,0.0421,-0.0696,True,3.0,0.0,3.0,0.0,-0.0185,0.7568
M3 利率+ΔOAS,主,A 全样本δ,1日,2024-04-10,2024-04-10,美国3月CPI超预期 收益率急升,rate,-0.656,-0.7291,0.0731,False,24.0,19.0,43.0,0.0,0.0718,0.7568
M3 利率+ΔOAS,主,A 全样本δ,1日,2024-05-06,2024-05-06,美元回落 人民币升值,fx,0.2497,0.0784,0.1713,False,0.0,-1.0,1.0,0.0,0.2063,0.7568
M3 利率+ΔOAS,主,A 全样本δ,1日,2024-05-16,2024-05-16,美国4月CPI回落 风险资产涨,credit,0.4688,-0.0396,0.5084,False,5.0,2.0,7.0,0.0,0.5519,0.7568
M3 利率+ΔOAS,主,A 全样本δ,1日,2024-08-02,2024-08-02,7月非农大幅走弱+日元套息平仓,rate+fx+credit,0.8221,0.707,0.1151,False,-22.0,-19.0,41.0,0.0,0.0815,0.7568
M3 利率+ΔOAS,主,A 全样本δ,1日,2024-10-04,2024-10-04,9月非农强劲 收益率上行,rate,-0.4747,-0.468,-0.0067,True,19.0,13.0,32.0,0.0,0.0387,0.7568
M3 利率+ΔOAS,主,A 全样本δ,1日,2024-10-08,2024-10-08,中国政策刺激后汇率波动 人民币回调,fx,0.0482,-0.0216,0.0698,False,0.0,1.0,1.0,0.0,0.0634,0.7568
M3 利率+ΔOAS,主,A 全样本δ,1日,2024-11-06,2024-11-06,特朗普胜选 美债收益率上行 美元大涨,rate+fx,-0.5307,-0.5179,-0.0128,True,11.0,16.0,27.0,0.0,0.0089,0.7568
M3 利率+ΔOAS,主,A 全样本δ,1日,2025-04-02,2025-04-02,"美国""解放日""对等关税(中国累计约54%) 历史级risk-off",rate+credit+fx,-0.0969,-0.0988,0.0019,False,4.0,3.0,7.0,0.0,0.0077,0.7568
M3 利率+ΔOAS,主,A 全样本δ,1日,2025-04-08,2025-04-08,美中关税加码至104% 人民币中间价破7.20 美债市场承压,rate+fx,-0.2064,-0.3833,0.1769,False,6.0,11.0,17.0,0.0,0.1481,0.7568
M3 利率+ΔOAS,主,A 全样本δ,1日,2025-04-09,2025-04-09,90天关税暂缓(不含中国) 美股+9.5%,rate,-0.5725,-0.519,-0.0535,True,18.0,8.0,26.0,0.0,-0.2133,0.7568
M3 利率+ΔOAS,主,A 全样本δ,1日,2025-04-10,2025-04-10,中国反制84%至125% 亚洲IG信用risk-off,credit+rate,0.0,-0.0191,0.0191,False,-2.0,6.0,8.0,0.0,0.1463,0.7568
M3 利率+ΔOAS,主,A 全样本δ,1日,2025-04-11,2025-04-11,隔夜美股再跌后亚洲风险偏好修复,credit,-0.3616,-0.3401,-0.0215,True,11.0,8.0,19.0,0.0,-0.0564,0.7568
M3 利率+ΔOAS,主,A 全样本δ,1日,2025-05-07,2025-05-07,中国央行宽松(降准50bp加7天逆回购降10bp),credit,0.1889,0.1731,0.0158,False,-3.0,-4.0,7.0,0.0,0.0344,0.7568
M3 利率+ΔOAS,主,A 全样本δ,1日,2025-05-12,2025-05-12,美中日内瓦停火(美145%降至30% 中125%降至10%),credit+fx,-0.2435,-0.2195,-0.024,True,9.0,8.0,17.0,0.0,0.0462,0.7568
M3 利率+ΔOAS,主,A 全样本δ,1日,2025-06-05,2025-06-05,美国5月ADP弱加ISM服务跌破荣枯线 叠加美中谈判预期,rate+credit,-0.0322,-0.0804,0.0482,False,6.0,3.0,9.0,0.0,0.0879,0.7568
M3 利率+ΔOAS,主,A 全样本δ,1日,2025-06-16,2025-06-16,中国地产止跌回稳推进 新城控股发行美元债,credit,-0.1554,-0.1338,-0.0216,True,2.0,5.0,7.0,0.0,-0.0076,0.7568
M3 利率+ΔOAS,主,A 全样本δ,1日,2025-07-23,2025-07-23,美中缓和交易股债跷跷板 中国长债大跌,credit,-0.1282,-0.1387,0.0105,False,6.0,5.0,11.0,0.0,0.0505,0.7568
M3 利率+ΔOAS,主,A 全样本δ,1日,2025-08-01,2025-08-01,日央行加息加套息平仓重演 全球risk-off,rate+credit,0.553,0.5401,0.0129,False,-19.0,-14.0,33.0,0.0,-0.0179,0.7568
M3 利率+ΔOAS,主,A 全样本δ,1日,2025-08-11,2025-08-11,美中关税休战再延90天,credit+fx,0.0689,0.0331,0.0358,False,-1.0,0.0,1.0,0.0,0.0471,0.7568
M3 利率+ΔOAS,主,A 全样本δ,1日,2025-09-17,2025-09-17,美联储2025年首次降息25bp(至4.00-4.25%),rate,-0.1303,-0.0441,-0.0862,True,3.0,2.0,5.0,0.0,-0.0627,0.7568
M3 利率+ΔOAS,主,A 全样本δ,1日,2025-10-30,2025-10-30,特朗普-习近平会晤达成一年战术休战,credit+fx,-0.4125,-0.1033,-0.3092,True,2.0,3.0,5.0,0.0,-0.3233,0.7568
M3 利率+ΔOAS,主,A 全样本δ,1日,2025-12-10,2025-12-10,美联储年内第三次降息(至3.50-3.75%),rate,0.2198,0.1955,0.0243,False,-6.0,-5.0,11.0,0.0,0.0129,0.7568
M3 利率+ΔOAS,主,A 全样本δ,1日,2026-01-23,2026-01-23,人民币中间价创2023年来最强(6.9929) USDCNY破7,fx,0.0895,0.0775,0.012,False,-1.0,-2.0,3.0,0.0,0.0091,0.7568
M3 利率+ΔOAS,主,A 全样本δ,1日,2026-02-28,2026-03-02,美以空袭伊朗 海湾战争爆发,rate+credit,-0.4005,-0.2984,-0.1021,True,11.0,8.0,19.0,0.0,-0.0953,0.7568
M3 利率+ΔOAS,主,A 全样本δ,1日,2026-03-02,2026-03-02,开战首个交易日 布油大涨13% 全球risk-off,rate+credit,-0.4005,-0.2984,-0.1021,True,11.0,8.0,19.0,0.0,-0.0953,0.7568
M3 利率+ΔOAS,主,A 全样本δ,1日,2026-03-18,2026-03-18,FOMC按兵不动(3.50-3.75%) 点阵图仍显示1次降息,rate,-0.2157,-0.1912,-0.0245,True,8.0,6.0,14.0,0.0,0.0077,0.7568
M3 利率+ΔOAS,主,A 全样本δ,1日,2026-03-23,2026-03-23,海湾战争risk-off(霍尔木兹48小时通牒) 10Y创8个月高位,rate+credit,-0.0053,0.1399,-0.1452,True,-6.0,-5.0,11.0,0.0,-0.2122,0.7568
M3 利率+ΔOAS,主,A 全样本δ,1日,2026-05-19,2026-05-19,美债长端抛售峰值 10Y约4.68% 30Y约5.2%,rate+credit,-0.1387,-0.198,0.0593,False,5.0,6.0,11.0,0.0,0.0616,0.7568
M3 利率+ΔOAS,主,A 全样本δ,1日,2026-07-15,2026-07-15,人民币中间价破6.80 升值至约6.77,fx,0.1338,0.1394,-0.0056,True,-5.0,-3.0,8.0,0.0,-0.0068,0.7568
M3 利率+ΔOAS,主,A 全样本δ,3日(主),2023-09-11,2023-09-11,央行维稳+美元回落 人民币急升,fx,0.0169,0.024,-0.0071,True,0.0,-1.0,1.0,0.0,-0.0548,0.7568
M3 利率+ΔOAS,主,A 全样本δ,3日(主),2023-10-04,2023-10-04,美债长端急升(10Y创多年新高) 全球利差走阔,rate+credit,0.0239,0.1267,-0.1028,True,-5.0,-3.0,8.0,0.0,-0.1449,0.7568
M3 利率+ΔOAS,主,A 全样本δ,3日(主),2023-10-26,2023-10-26,美债动荡延续 经济数据强劲,credit,0.3145,0.29,0.0245,False,-9.0,-7.0,16.0,0.0,-0.0024,0.7568
M3 利率+ΔOAS,主,A 全样本δ,3日(主),2023-11-01,2023-11-01,美债供应与再融资压力,credit,1.5542,1.2282,0.326,False,-33.0,-31.0,64.0,0.0,0.3489,0.7568
M3 利率+ΔOAS,主,A 全样本δ,3日(主),2023-11-06,2023-11-06,风险偏好修复 利差收窄,credit,0.4062,0.3579,0.0483,False,2.0,-8.0,10.0,0.0,0.1448,0.7568
M3 利率+ΔOAS,主,A 全样本δ,3日(主),2023-11-14,2023-11-14,美国10月CPI低于预期(3.2%),rate,1.0152,0.8575,0.1577,False,-23.0,-18.0,41.0,0.0,0.268,0.7568
M3 利率+ΔOAS,主,A 全样本δ,3日(主),2023-11-15,2023-11-15,CPI后信用大涨 利差大幅收窄,credit,0.4261,0.2101,0.216,False,3.0,0.0,3.0,0.0,0.4069,0.7568
M3 利率+ΔOAS,主,A 全样本δ,3日(主),2023-11-20,2023-11-20,美元走弱 人民币升,fx,0.3566,0.19,0.1666,False,-1.0,-2.0,3.0,0.0,0.2479,0.7568
M3 利率+ΔOAS,主,A 全样本δ,3日(主),2023-12-01,2023-12-01,"鲍威尔称""为时过早谈降息"" 鹰派",credit,0.8481,0.7334,0.1147,False,-17.0,-19.0,36.0,0.0,0.1178,0.7568
M3 利率+ΔOAS,主,A 全样本δ,3日(主),2023-12-13,2023-12-13,FOMC点阵图转向降息 收益率大降,rate+credit,1.5855,1.2972,0.2883,False,-32.0,-29.0,61.0,0.0,0.4465,0.7568
M3 利率+ΔOAS,主,A 全样本δ,3日(主),2023-12-14,2023-12-14,转鸽确认 风险资产大涨 美元走弱,credit+fx,0.6965,0.6332,0.0633,False,-6.0,-9.0,15.0,0.0,0.3441,0.7568
M3 利率+ΔOAS,主,A 全样本δ,3日(主),2024-01-02,2024-01-02,年初购汇需求与美元偏强 人民币走弱,fx,-0.6915,-0.3525,-0.339,True,13.0,11.0,24.0,0.0,-0.3112,0.7568
M3 利率+ΔOAS,主,A 全样本δ,3日(主),2024-02-07,2024-02-07,中国股市流动性风险+美债收益率上行,credit,-0.2039,-0.2138,0.0099,False,11.0,8.0,19.0,0.0,0.073,0.7568
M3 利率+ΔOAS,主,A 全样本δ,3日(主),2024-04-10,2024-04-10,美国3月CPI超预期 收益率急升,rate,-0.5836,-0.5144,-0.0692,True,17.0,14.0,31.0,0.0,-0.0846,0.7568
M3 利率+ΔOAS,主,A 全样本δ,3日(主),2024-05-06,2024-05-06,美元回落 人民币升值,fx,0.2885,0.1411,0.1474,False,2.0,-2.0,4.0,0.0,0.203,0.7568
M3 利率+ΔOAS,主,A 全样本δ,3日(主),2024-05-16,2024-05-16,美国4月CPI回落 风险资产涨,credit,0.2484,-0.1999,0.4483,False,11.0,8.0,19.0,0.0,0.5253,0.7568
M3 利率+ΔOAS,主,A 全样本δ,3日(主),2024-08-02,2024-08-02,7月非农大幅走弱+日元套息平仓,rate+fx+credit,0.1887,0.3578,-0.1691,True,-11.0,-9.0,20.0,0.0,-0.2022,0.7568
M3 利率+ΔOAS,主,A 全样本δ,3日(主),2024-10-04,2024-10-04,9月非农强劲 收益率上行,rate,-0.6942,-0.7141,0.0199,False,24.0,19.0,43.0,0.0,0.0053,0.7568
M3 利率+ΔOAS,主,A 全样本δ,3日(主),2024-10-08,2024-10-08,中国政策刺激后汇率波动 人民币回调,fx,-0.1127,-0.1829,0.0702,False,5.0,6.0,11.0,0.0,0.0593,0.7568
M3 利率+ΔOAS,主,A 全样本δ,3日(主),2024-11-06,2024-11-06,特朗普胜选 美债收益率上行 美元大涨,rate+fx,0.1781,-0.0295,0.2076,False,4.0,4.0,8.0,0.0,0.2838,0.7568
M3 利率+ΔOAS,主,A 全样本δ,3日(主),2025-04-02,2025-04-02,"美国""解放日""对等关税(中国累计约54%) 历史级risk-off",rate+credit+fx,0.3008,0.5996,-0.2988,True,-19.0,-16.0,35.0,0.0,-0.357,0.7568
M3 利率+ΔOAS,主,A 全样本δ,3日(主),2025-04-08,2025-04-08,美中关税加码至104% 人民币中间价破7.20 美债市场承压,rate+fx,-0.7789,-0.9214,0.1425,False,22.0,25.0,47.0,0.0,0.081,0.7568
M3 利率+ΔOAS,主,A 全样本δ,3日(主),2025-04-09,2025-04-09,90天关税暂缓(不含中国) 美股+9.5%,rate,-0.9341,-0.8783,-0.0558,True,27.0,22.0,49.0,0.0,-0.1235,0.7568
M3 利率+ΔOAS,主,A 全样本δ,3日(主),2025-04-10,2025-04-10,中国反制84%至125% 亚洲IG信用risk-off,credit+rate,0.0874,0.0499,0.0375,False,-4.0,4.0,8.0,0.0,0.1314,0.7568
M3 利率+ΔOAS,主,A 全样本δ,3日(主),2025-04-11,2025-04-11,隔夜美股再跌后亚洲风险偏好修复,credit,0.3548,0.2523,0.1025,False,-6.0,-5.0,11.0,0.0,0.1196,0.7568
M3 利率+ΔOAS,主,A 全样本δ,3日(主),2025-05-07,2025-05-07,中国央行宽松(降准50bp加7天逆回购降10bp),credit,-0.0487,-0.1869,0.1382,False,10.0,7.0,17.0,0.0,0.1912,0.7568
M3 利率+ΔOAS,主,A 全样本δ,3日(主),2025-05-12,2025-05-12,美中日内瓦停火(美145%降至30% 中125%降至10%),credit+fx,-0.3357,-0.4476,0.1119,False,17.0,16.0,33.0,0.0,0.2219,0.7568
M3 利率+ΔOAS,主,A 全样本δ,3日(主),2025-06-05,2025-06-05,美国5月ADP弱加ISM服务跌破荣枯线 叠加美中谈判预期,rate+credit,-0.2955,-0.3749,0.0794,False,16.0,12.0,28.0,0.0,0.1372,0.7568
M3 利率+ΔOAS,主,A 全样本δ,3日(主),2025-06-16,2025-06-16,中国地产止跌回稳推进 新城控股发行美元债,credit,0.1338,0.1707,-0.0369,True,-4.0,-3.0,7.0,0.0,-0.0273,0.7568
M3 利率+ΔOAS,主,A 全样本δ,3日(主),2025-07-23,2025-07-23,美中缓和交易股债跷跷板 中国长债大跌,credit,-0.0374,-0.1075,0.0701,False,7.0,5.0,12.0,0.0,0.1208,0.7568
M3 利率+ΔOAS,主,A 全样本δ,3日(主),2025-08-01,2025-08-01,日央行加息加套息平仓重演 全球risk-off,rate+credit,0.7384,0.6539,0.0845,False,-19.0,-15.0,34.0,0.0,0.1099,0.7568
M3 利率+ΔOAS,主,A 全样本δ,3日(主),2025-08-11,2025-08-11,美中关税休战再延90天,credit+fx,0.3864,0.2473,0.1391,False,-7.0,-3.0,10.0,0.0,0.2021,0.7568
M3 利率+ΔOAS,主,A 全样本δ,3日(主),2025-09-17,2025-09-17,美联储2025年首次降息25bp(至4.00-4.25%),rate,-0.3078,-0.2767,-0.0311,True,9.0,10.0,19.0,0.0,0.0123,0.7568
M3 利率+ΔOAS,主,A 全样本δ,3日(主),2025-10-30,2025-10-30,特朗普-习近平会晤达成一年战术休战,credit+fx,-0.4072,-0.1605,-0.2467,True,2.0,5.0,7.0,0.0,-0.2876,0.7568
M3 利率+ΔOAS,主,A 全样本δ,3日(主),2025-12-10,2025-12-10,美联储年内第三次降息(至3.50-3.75%),rate,0.1257,0.0562,0.0695,False,-3.0,1.0,4.0,0.0,0.0895,0.7568
M3 利率+ΔOAS,主,A 全样本δ,3日(主),2026-01-23,2026-01-23,人民币中间价创2023年来最强(6.9929) USDCNY破7,fx,0.2,0.1693,0.0307,False,-4.0,-2.0,6.0,0.0,0.0682,0.7568
M3 利率+ΔOAS,主,A 全样本δ,3日(主),2026-02-28,2026-03-02,美以空袭伊朗 海湾战争爆发,rate+credit,-0.7398,-0.4583,-0.2815,True,16.0,12.0,28.0,0.0,-0.3071,0.7568
M3 利率+ΔOAS,主,A 全样本δ,3日(主),2026-03-02,2026-03-02,开战首个交易日 布油大涨13% 全球risk-off,rate+credit,-0.7398,-0.4583,-0.2815,True,16.0,12.0,28.0,0.0,-0.3071,0.7568
M3 利率+ΔOAS,主,A 全样本δ,3日(主),2026-03-18,2026-03-18,FOMC按兵不动(3.50-3.75%) 点阵图仍显示1次降息,rate,-0.7596,-0.7047,-0.0549,True,22.0,19.0,41.0,0.0,-0.0755,0.7568
M3 利率+ΔOAS,主,A 全样本δ,3日(主),2026-03-23,2026-03-23,海湾战争risk-off(霍尔木兹48小时通牒) 10Y创8个月高位,rate+credit,0.2168,0.2281,-0.0113,True,-5.0,-6.0,11.0,0.0,-0.04,0.7568
M3 利率+ΔOAS,主,A 全样本δ,3日(主),2026-05-19,2026-05-19,美债长端抛售峰值 10Y约4.68% 30Y约5.2%,rate+credit,0.2609,0.1765,0.0844,False,-2.0,-4.0,6.0,0.0,0.0859,0.7568
M3 利率+ΔOAS,主,A 全样本δ,3日(主),2026-07-15,2026-07-15,人民币中间价破6.80 升值至约6.77,fx,0.1391,0.159,-0.0199,True,-3.0,-3.0,6.0,0.0,-0.0143,0.7568
M3 利率+ΔOAS,主,A 全样本δ,5日,2023-09-11,2023-09-11,央行维稳+美元回落 人民币急升,fx,-0.1533,-0.1669,0.0136,False,6.0,7.0,13.0,0.0,0.0275,0.7568
M3 利率+ΔOAS,主,A 全样本δ,5日,2023-10-04,2023-10-04,美债长端急升(10Y创多年新高) 全球利差走阔,rate+credit,1.0312,0.8562,0.175,False,-21.0,-23.0,44.0,0.0,0.1246,0.7568
M3 利率+ΔOAS,主,A 全样本δ,5日,2023-10-26,2023-10-26,美债动荡延续 经济数据强劲,credit,0.7497,0.7358,0.0139,False,-22.0,-18.0,40.0,0.0,-0.0181,0.7568
M3 利率+ΔOAS,主,A 全样本δ,5日,2023-11-01,2023-11-01,美债供应与再融资压力,credit,1.6974,1.2648,0.4326,False,-29.0,-30.0,59.0,0.0,0.524,0.7568
M3 利率+ΔOAS,主,A 全样本δ,5日,2023-11-06,2023-11-06,风险偏好修复 利差收窄,credit,-0.0688,-0.0291,-0.0397,True,16.0,4.0,20.0,0.0,0.1012,0.7568
M3 利率+ΔOAS,主,A 全样本δ,5日,2023-11-14,2023-11-14,美国10月CPI低于预期(3.2%),rate,1.2362,1.0041,0.2321,False,-22.0,-21.0,43.0,0.0,0.3805,0.7568
M3 利率+ΔOAS,主,A 全样本δ,5日,2023-11-15,2023-11-15,CPI后信用大涨 利差大幅收窄,credit,0.7375,0.401,0.3365,False,-1.0,-3.0,4.0,0.0,0.5713,0.7568
M3 利率+ΔOAS,主,A 全样本δ,5日,2023-11-20,2023-11-20,美元走弱 人民币升,fx,0.5654,0.3486,0.2168,False,-7.0,-5.0,12.0,0.0,0.2943,0.7568
M3 利率+ΔOAS,主,A 全样本δ,5日,2023-12-01,2023-12-01,"鲍威尔称""为时过早谈降息"" 鹰派",credit,1.1643,0.9696,0.1947,False,-20.0,-23.0,43.0,0.0,0.2654,0.7568
M3 利率+ΔOAS,主,A 全样本δ,5日,2023-12-13,2023-12-13,FOMC点阵图转向降息 收益率大降,rate+credit,1.6347,1.2468,0.3879,False,-29.0,-27.0,56.0,0.0,0.5492,0.7568
M3 利率+ΔOAS,主,A 全样本δ,5日,2023-12-14,2023-12-14,转鸽确认 风险资产大涨 美元走弱,credit+fx,1.1001,0.9902,0.1099,False,-14.0,-18.0,32.0,0.0,0.394,0.7568
M3 利率+ΔOAS,主,A 全样本δ,5日,2024-01-02,2024-01-02,年初购汇需求与美元偏强 人民币走弱,fx,-0.9013,-0.4652,-0.4361,True,13.0,13.0,26.0,0.0,-0.4907,0.7568
M3 利率+ΔOAS,主,A 全样本δ,5日,2024-02-07,2024-02-07,中国股市流动性风险+美债收益率上行,credit,-0.2039,-0.6385,0.4346,False,28.0,22.0,50.0,0.0,0.5862,0.7568
M3 利率+ΔOAS,主,A 全样本δ,5日,2024-04-10,2024-04-10,美国3月CPI超预期 收益率急升,rate,-1.1649,-1.1284,-0.0365,True,32.0,31.0,63.0,0.0,-0.0802,0.7568
M3 利率+ΔOAS,主,A 全样本δ,5日,2024-05-06,2024-05-06,美元回落 人民币升值,fx,0.294,0.1162,0.1778,False,4.0,0.0,4.0,0.0,0.2543,0.7568
M3 利率+ΔOAS,主,A 全样本δ,5日,2024-05-16,2024-05-16,美国4月CPI回落 风险资产涨,credit,0.4302,-0.1395,0.5697,False,12.0,7.0,19.0,0.0,0.6573,0.7568
M3 利率+ΔOAS,主,A 全样本δ,5日,2024-08-02,2024-08-02,7月非农大幅走弱+日元套息平仓,rate+fx+credit,-0.027,0.105,-0.132,True,-1.0,0.0,1.0,0.0,-0.1053,0.7568
M3 利率+ΔOAS,主,A 全样本δ,5日,2024-10-04,2024-10-04,9月非农强劲 收益率上行,rate,-0.8551,-0.8753,0.0202,False,29.0,24.0,53.0,0.0,0.0013,0.7568
M3 利率+ΔOAS,主,A 全样本δ,5日,2024-10-08,2024-10-08,中国政策刺激后汇率波动 人民币回调,fx,0.1125,0.0933,0.0192,False,0.0,0.0,0.0,0.0,0.0419,0.7568
M3 利率+ΔOAS,主,A 全样本δ,5日,2024-11-06,2024-11-06,特朗普胜选 美债收益率上行 美元大涨,rate+fx,-0.3246,-0.4838,0.1592,False,14.0,18.0,32.0,0.0,0.2403,0.7568
M3 利率+ΔOAS,主,A 全样本δ,5日,2025-04-02,2025-04-02,"美国""解放日""对等关税(中国累计约54%) 历史级risk-off",rate+credit+fx,-1.0547,-0.3289,-0.7258,True,-3.0,9.0,12.0,0.0,-0.8847,0.7568
M3 利率+ΔOAS,主,A 全样本δ,5日,2025-04-08,2025-04-08,美中关税加码至104% 人民币中间价破7.20 美债市场承压,rate+fx,-0.6915,-0.8525,0.161,False,20.0,23.0,43.0,0.0,0.0662,0.7568
M3 利率+ΔOAS,主,A 全样本δ,5日,2025-04-09,2025-04-09,90天关税暂缓(不含中国) 美股+9.5%,rate,-0.2177,-0.2858,0.0681,False,10.0,9.0,19.0,0.0,0.0526,0.7568
M3 利率+ΔOAS,主,A 全样本δ,5日,2025-04-10,2025-04-10,中国反制84%至125% 亚洲IG信用risk-off,credit+rate,0.6758,0.4696,0.2062,False,-15.0,-5.0,20.0,0.0,0.343,0.7568
M3 利率+ΔOAS,主,A 全样本δ,5日,2025-04-11,2025-04-11,隔夜美股再跌后亚洲风险偏好修复,credit,0.578,0.3733,0.2047,False,-9.0,-6.0,15.0,0.0,0.2622,0.7568
M3 利率+ΔOAS,主,A 全样本δ,5日,2025-05-07,2025-05-07,中国央行宽松(降准50bp加7天逆回购降10bp),credit,-0.2868,-0.5227,0.2359,False,22.0,19.0,41.0,0.0,0.3691,0.7568
M3 利率+ΔOAS,主,A 全样本δ,5日,2025-05-12,2025-05-12,美中日内瓦停火(美145%降至30% 中125%降至10%),credit+fx,-0.0109,-0.0265,0.0156,False,6.0,6.0,12.0,0.0,0.1406,0.7568
M3 利率+ΔOAS,主,A 全样本δ,5日,2025-06-05,2025-06-05,美国5月ADP弱加ISM服务跌破荣枯线 叠加美中谈判预期,rate+credit,0.0912,-0.0448,0.136,False,9.0,4.0,13.0,0.0,0.2072,0.7568
M3 利率+ΔOAS,主,A 全样本δ,5日,2025-06-16,2025-06-16,中国地产止跌回稳推进 新城控股发行美元债,credit,0.3208,0.384,-0.0632,True,-11.0,-7.0,18.0,0.0,-0.0398,0.7568
M3 利率+ΔOAS,主,A 全样本δ,5日,2025-07-23,2025-07-23,美中缓和交易股债跷跷板 中国长债大跌,credit,0.3038,0.1548,0.149,False,2.0,-1.0,3.0,0.0,0.2193,0.7568
M3 利率+ΔOAS,主,A 全样本δ,5日,2025-08-01,2025-08-01,日央行加息加套息平仓重演 全球risk-off,rate+credit,0.6325,0.6721,-0.0396,True,-17.0,-14.0,31.0,0.0,0.0205,0.7568
M3 利率+ΔOAS,主,A 全样本δ,5日,2025-08-11,2025-08-11,美中关税休战再延90天,credit+fx,0.2013,0.0039,0.1974,False,1.0,6.0,7.0,0.0,0.3142,0.7568
M3 利率+ΔOAS,主,A 全样本δ,5日,2025-09-17,2025-09-17,美联储2025年首次降息25bp(至4.00-4.25%),rate,-0.2295,-0.1754,-0.0541,True,9.0,8.0,17.0,0.0,0.0038,0.7568
M3 利率+ΔOAS,主,A 全样本δ,5日,2025-10-30,2025-10-30,特朗普-习近平会晤达成一年战术休战,credit+fx,-0.6692,-0.267,-0.4022,True,6.0,9.0,15.0,0.0,-0.4298,0.7568
M3 利率+ΔOAS,主,A 全样本δ,5日,2025-12-10,2025-12-10,美联储年内第三次降息(至3.50-3.75%),rate,0.3452,0.2579,0.0873,False,-9.0,-3.0,12.0,0.0,0.1173,0.7568
M3 利率+ΔOAS,主,A 全样本δ,5日,2026-01-23,2026-01-23,人民币中间价创2023年来最强(6.9929) USDCNY破7,fx,0.2158,0.2099,0.0059,False,-5.0,-2.0,7.0,0.0,0.048,0.7568
M3 利率+ΔOAS,主,A 全样本δ,5日,2026-02-28,2026-03-02,美以空袭伊朗 海湾战争爆发,rate+credit,-0.8182,-0.6487,-0.1695,True,21.0,18.0,39.0,0.0,-0.1993,0.7568
M3 利率+ΔOAS,主,A 全样本δ,5日,2026-03-02,2026-03-02,开战首个交易日 布油大涨13% 全球risk-off,rate+credit,-0.8182,-0.6487,-0.1695,True,21.0,18.0,39.0,0.0,-0.1993,0.7568
M3 利率+ΔOAS,主,A 全样本δ,5日,2026-03-18,2026-03-18,FOMC按兵不动(3.50-3.75%) 点阵图仍显示1次降息,rate,-0.908,-0.7407,-0.1673,True,24.0,19.0,43.0,0.0,-0.2367,0.7568
M3 利率+ΔOAS,主,A 全样本δ,5日,2026-03-23,2026-03-23,海湾战争risk-off(霍尔木兹48小时通牒) 10Y创8个月高位,rate+credit,-0.1908,-0.1803,-0.0105,True,5.0,5.0,10.0,0.0,-0.0763,0.7568
M3 利率+ΔOAS,主,A 全样本δ,5日,2026-05-19,2026-05-19,美债长端抛售峰值 10Y约4.68% 30Y约5.2%,rate+credit,0.5741,0.5075,0.0666,False,-8.0,-11.0,19.0,0.0,0.1194,0.7568
M3 利率+ΔOAS,主,A 全样本δ,5日,2026-07-15,2026-07-15,人民币中间价破6.80 升值至约6.77,fx,-0.1609,-0.1086,-0.0523,True,6.0,5.0,11.0,0.0,-0.0387,0.7568
M3 利率+ΔOAS,主,B 事件前δ,1日,2023-11-06,2023-11-06,风险偏好修复 利差收窄,credit,-0.0803,-0.3211,0.2408,False,11.0,10.0,21.0,0.0616,0.2835,0.7568
M3 利率+ΔOAS,主,B 事件前δ,1日,2023-11-14,2023-11-14,美国10月CPI低于预期(3.2%),rate,0.6628,0.7599,-0.0971,True,-24.0,-19.0,43.0,-0.0295,-0.0932,0.7568
M3 利率+ΔOAS,主,B 事件前δ,1日,2023-11-15,2023-11-15,CPI后信用大涨 利差大幅收窄,credit,-0.0513,-0.2157,0.1644,False,10.0,9.0,19.0,0.0666,0.2755,0.7568
M3 利率+ΔOAS,主,B 事件前δ,1日,2023-11-20,2023-11-20,美元走弱 人民币升,fx,0.1473,0.0835,0.0638,False,-1.0,-2.0,3.0,-0.0199,0.0669,0.7568
M3 利率+ΔOAS,主,B 事件前δ,1日,2023-12-01,2023-12-01,"鲍威尔称""为时过早谈降息"" 鹰派",credit,0.4919,0.5598,-0.0679,True,-17.0,-15.0,32.0,-0.0416,-0.0929,0.7568
M3 利率+ΔOAS,主,B 事件前δ,1日,2023-12-13,2023-12-13,FOMC点阵图转向降息 收益率大降,rate+credit,0.8344,0.5658,0.2686,False,-23.0,-16.0,39.0,-0.0181,0.174,0.7568
M3 利率+ΔOAS,主,B 事件前δ,1日,2023-12-14,2023-12-14,转鸽确认 风险资产大涨 美元走弱,credit+fx,0.7893,0.6921,0.0972,False,-10.0,-12.0,22.0,-0.0233,0.3464,0.7568
M3 利率+ΔOAS,主,B 事件前δ,1日,2024-01-02,2024-01-02,年初购汇需求与美元偏强 人民币走弱,fx,-0.1905,-0.2488,0.0583,False,9.0,7.0,16.0,0.0029,0.0699,0.7568
M3 利率+ΔOAS,主,B 事件前δ,1日,2024-02-07,2024-02-07,中国股市流动性风险+美债收益率上行,credit,-0.0275,0.0452,-0.0727,True,3.0,0.0,3.0,-0.0031,-0.0185,0.7568
M3 利率+ΔOAS,主,B 事件前δ,1日,2024-04-10,2024-04-10,美国3月CPI超预期 收益率急升,rate,-0.656,-0.7191,0.0631,False,24.0,19.0,43.0,-0.01,0.0718,0.7568
M3 利率+ΔOAS,主,B 事件前δ,1日,2024-05-06,2024-05-06,美元回落 人民币升值,fx,0.2497,0.0863,0.1634,False,0.0,-1.0,1.0,-0.0079,0.2063,0.7568
M3 利率+ΔOAS,主,B 事件前δ,1日,2024-05-16,2024-05-16,美国4月CPI回落 风险资产涨,credit,0.4688,-0.0269,0.4957,False,5.0,2.0,7.0,-0.0127,0.5519,0.7568
M3 利率+ΔOAS,主,B 事件前δ,1日,2024-08-02,2024-08-02,7月非农大幅走弱+日元套息平仓,rate+fx+credit,0.8221,0.6875,0.1346,False,-22.0,-19.0,41.0,0.0195,0.0815,0.7568
M3 利率+ΔOAS,主,B 事件前δ,1日,2024-10-04,2024-10-04,9月非农强劲 收益率上行,rate,-0.4747,-0.4361,-0.0386,True,19.0,13.0,32.0,-0.0319,0.0387,0.7568
M3 利率+ΔOAS,主,B 事件前δ,1日,2024-10-08,2024-10-08,中国政策刺激后汇率波动 人民币回调,fx,0.0482,-0.0125,0.0607,False,0.0,1.0,1.0,-0.0091,0.0634,0.7568
M3 利率+ΔOAS,主,B 事件前δ,1日,2024-11-06,2024-11-06,特朗普胜选 美债收益率上行 美元大涨,rate+fx,-0.5307,-0.5158,-0.0149,True,11.0,16.0,27.0,-0.0021,0.0089,0.7568
M3 利率+ΔOAS,主,B 事件前δ,1日,2025-04-02,2025-04-02,"美国""解放日""对等关税(中国累计约54%) 历史级risk-off",rate+credit+fx,-0.0969,-0.0902,-0.0067,True,4.0,3.0,7.0,-0.0086,0.0077,0.7568
M3 利率+ΔOAS,主,B 事件前δ,1日,2025-04-08,2025-04-08,美中关税加码至104% 人民币中间价破7.20 美债市场承压,rate+fx,-0.2064,-0.3885,0.1821,False,6.0,11.0,17.0,0.0051,0.1481,0.7568
M3 利率+ΔOAS,主,B 事件前δ,1日,2025-04-09,2025-04-09,90天关税暂缓(不含中国) 美股+9.5%,rate,-0.5725,-0.4596,-0.1129,True,18.0,8.0,26.0,-0.0595,-0.2133,0.7568
M3 利率+ΔOAS,主,B 事件前δ,1日,2025-04-10,2025-04-10,中国反制84%至125% 亚洲IG信用risk-off,credit+rate,0.0,-0.0458,0.0458,False,-2.0,6.0,8.0,0.0267,0.1463,0.7568
M3 利率+ΔOAS,主,B 事件前δ,1日,2025-04-11,2025-04-11,隔夜美股再跌后亚洲风险偏好修复,credit,-0.3616,-0.3272,-0.0344,True,11.0,8.0,19.0,-0.0129,-0.0564,0.7568
M3 利率+ΔOAS,主,B 事件前δ,1日,2025-05-07,2025-05-07,中国央行宽松(降准50bp加7天逆回购降10bp),credit,0.1889,0.1738,0.0151,False,-3.0,-4.0,7.0,-0.0007,0.0344,0.7568
M3 利率+ΔOAS,主,B 事件前δ,1日,2025-05-12,2025-05-12,美中日内瓦停火(美145%降至30% 中125%降至10%),credit+fx,-0.2435,-0.2185,-0.025,True,9.0,8.0,17.0,-0.001,0.0462,0.7568
M3 利率+ΔOAS,主,B 事件前δ,1日,2025-06-05,2025-06-05,美国5月ADP弱加ISM服务跌破荣枯线 叠加美中谈判预期,rate+credit,-0.0322,-0.0792,0.047,False,6.0,3.0,9.0,-0.0011,0.0879,0.7568
M3 利率+ΔOAS,主,B 事件前δ,1日,2025-06-16,2025-06-16,中国地产止跌回稳推进 新城控股发行美元债,credit,-0.1554,-0.1314,-0.024,True,2.0,5.0,7.0,-0.0024,-0.0076,0.7568
M3 利率+ΔOAS,主,B 事件前δ,1日,2025-07-23,2025-07-23,美中缓和交易股债跷跷板 中国长债大跌,credit,-0.1282,-0.1369,0.0087,False,6.0,5.0,11.0,-0.0019,0.0505,0.7568
M3 利率+ΔOAS,主,B 事件前δ,1日,2025-08-01,2025-08-01,日央行加息加套息平仓重演 全球risk-off,rate+credit,0.553,0.5436,0.0094,False,-19.0,-14.0,33.0,-0.0035,-0.0179,0.7568
M3 利率+ΔOAS,主,B 事件前δ,1日,2025-08-11,2025-08-11,美中关税休战再延90天,credit+fx,0.0689,0.0358,0.0331,False,-1.0,0.0,1.0,-0.0027,0.0471,0.7568
M3 利率+ΔOAS,主,B 事件前δ,1日,2025-09-17,2025-09-17,美联储2025年首次降息25bp(至4.00-4.25%),rate,-0.1303,-0.0408,-0.0895,True,3.0,2.0,5.0,-0.0032,-0.0627,0.7568
M3 利率+ΔOAS,主,B 事件前δ,1日,2025-10-30,2025-10-30,特朗普-习近平会晤达成一年战术休战,credit+fx,-0.4125,-0.0985,-0.314,True,2.0,3.0,5.0,-0.0048,-0.3233,0.7568
M3 利率+ΔOAS,主,B 事件前δ,1日,2025-12-10,2025-12-10,美联储年内第三次降息(至3.50-3.75%),rate,0.2198,0.1979,0.0219,False,-6.0,-5.0,11.0,-0.0023,0.0129,0.7568
M3 利率+ΔOAS,主,B 事件前δ,1日,2026-01-23,2026-01-23,人民币中间价创2023年来最强(6.9929) USDCNY破7,fx,0.0895,0.0806,0.0089,False,-1.0,-2.0,3.0,-0.0031,0.0091,0.7568
M3 利率+ΔOAS,主,B 事件前δ,1日,2026-02-28,2026-03-02,美以空袭伊朗 海湾战争爆发,rate+credit,-0.4005,-0.2942,-0.1063,True,11.0,8.0,19.0,-0.0043,-0.0953,0.7568
M3 利率+ΔOAS,主,B 事件前δ,1日,2026-03-02,2026-03-02,开战首个交易日 布油大涨13% 全球risk-off,rate+credit,-0.4005,-0.2942,-0.1063,True,11.0,8.0,19.0,-0.0043,-0.0953,0.7568
M3 利率+ΔOAS,主,B 事件前δ,1日,2026-03-18,2026-03-18,FOMC按兵不动(3.50-3.75%) 点阵图仍显示1次降息,rate,-0.2157,-0.19,-0.0257,True,8.0,6.0,14.0,-0.0013,0.0077,0.7568
M3 利率+ΔOAS,主,B 事件前δ,1日,2026-03-23,2026-03-23,海湾战争risk-off(霍尔木兹48小时通牒) 10Y创8个月高位,rate+credit,-0.0053,0.142,-0.1473,True,-6.0,-5.0,11.0,-0.0021,-0.2122,0.7568
M3 利率+ΔOAS,主,B 事件前δ,1日,2026-05-19,2026-05-19,美债长端抛售峰值 10Y约4.68% 30Y约5.2%,rate+credit,-0.1387,-0.1968,0.0581,False,5.0,6.0,11.0,-0.0012,0.0616,0.7568
M3 利率+ΔOAS,主,B 事件前δ,1日,2026-07-15,2026-07-15,人民币中间价破6.80 升值至约6.77,fx,0.1338,0.1399,-0.0061,True,-5.0,-3.0,8.0,-0.0005,-0.0068,0.7568
M3 利率+ΔOAS,主,B 事件前δ,3日(主),2023-11-06,2023-11-06,风险偏好修复 利差收窄,credit,0.4062,0.4158,-0.0096,True,2.0,-8.0,10.0,-0.058,0.1448,0.7568
M3 利率+ΔOAS,主,B 事件前δ,3日(主),2023-11-14,2023-11-14,美国10月CPI低于预期(3.2%),rate,1.0152,0.8532,0.162,False,-23.0,-18.0,41.0,0.0043,0.268,0.7568
M3 利率+ΔOAS,主,B 事件前δ,3日(主),2023-11-15,2023-11-15,CPI后信用大涨 利差大幅收窄,credit,0.4261,0.167,0.2591,False,3.0,0.0,3.0,0.0431,0.4069,0.7568
M3 利率+ΔOAS,主,B 事件前δ,3日(主),2023-11-20,2023-11-20,美元走弱 人民币升,fx,0.3566,0.2051,0.1515,False,-1.0,-2.0,3.0,-0.0151,0.2479,0.7568
M3 利率+ΔOAS,主,B 事件前δ,3日(主),2023-12-01,2023-12-01,"鲍威尔称""为时过早谈降息"" 鹰派",credit,0.8481,0.8186,0.0295,False,-17.0,-19.0,36.0,-0.0852,0.1178,0.7568
M3 利率+ΔOAS,主,B 事件前δ,3日(主),2023-12-13,2023-12-13,FOMC点阵图转向降息 收益率大降,rate+credit,1.5855,1.3601,0.2254,False,-32.0,-29.0,61.0,-0.0629,0.4465,0.7568
M3 利率+ΔOAS,主,B 事件前δ,3日(主),2023-12-14,2023-12-14,转鸽确认 风险资产大涨 美元走弱,credit+fx,0.6965,0.6842,0.0123,False,-6.0,-9.0,15.0,-0.051,0.3441,0.7568
M3 利率+ΔOAS,主,B 事件前δ,3日(主),2024-01-02,2024-01-02,年初购汇需求与美元偏强 人民币走弱,fx,-0.6915,-0.3334,-0.3581,True,13.0,11.0,24.0,-0.0191,-0.3112,0.7568
M3 利率+ΔOAS,主,B 事件前δ,3日(主),2024-02-07,2024-02-07,中国股市流动性风险+美债收益率上行,credit,-0.2039,-0.2119,0.008,False,11.0,8.0,19.0,-0.002,0.073,0.7568
M3 利率+ΔOAS,主,B 事件前δ,3日(主),2024-04-10,2024-04-10,美国3月CPI超预期 收益率急升,rate,-0.5836,-0.4879,-0.0957,True,17.0,14.0,31.0,-0.0265,-0.0846,0.7568
M3 利率+ΔOAS,主,B 事件前δ,3日(主),2024-05-06,2024-05-06,美元回落 人民币升值,fx,0.2885,0.1683,0.1202,False,2.0,-2.0,4.0,-0.0272,0.203,0.7568
M3 利率+ΔOAS,主,B 事件前δ,3日(主),2024-05-16,2024-05-16,美国4月CPI回落 风险资产涨,credit,0.2484,-0.1739,0.4223,False,11.0,8.0,19.0,-0.026,0.5253,0.7568
M3 利率+ΔOAS,主,B 事件前δ,3日(主),2024-08-02,2024-08-02,7月非农大幅走弱+日元套息平仓,rate+fx+credit,0.1887,0.3739,-0.1852,True,-11.0,-9.0,20.0,-0.0161,-0.2022,0.7568
M3 利率+ΔOAS,主,B 事件前δ,3日(主),2024-10-04,2024-10-04,9月非农强劲 收益率上行,rate,-0.6942,-0.6433,-0.0509,True,24.0,19.0,43.0,-0.0707,0.0053,0.7568
M3 利率+ΔOAS,主,B 事件前δ,3日(主),2024-10-08,2024-10-08,中国政策刺激后汇率波动 人民币回调,fx,-0.1127,-0.1486,0.0359,False,5.0,6.0,11.0,-0.0343,0.0593,0.7568
M3 利率+ΔOAS,主,B 事件前δ,3日(主),2024-11-06,2024-11-06,特朗普胜选 美债收益率上行 美元大涨,rate+fx,0.1781,-0.0208,0.1989,False,4.0,4.0,8.0,-0.0087,0.2838,0.7568
M3 利率+ΔOAS,主,B 事件前δ,3日(主),2025-04-02,2025-04-02,"美国""解放日""对等关税(中国累计约54%) 历史级risk-off",rate+credit+fx,0.3008,0.616,-0.3152,True,-19.0,-16.0,35.0,-0.0164,-0.357,0.7568
M3 利率+ΔOAS,主,B 事件前δ,3日(主),2025-04-08,2025-04-08,美中关税加码至104% 人民币中间价破7.20 美债市场承压,rate+fx,-0.7789,-0.9074,0.1285,False,22.0,25.0,47.0,-0.014,0.081,0.7568
M3 利率+ΔOAS,主,B 事件前δ,3日(主),2025-04-09,2025-04-09,90天关税暂缓(不含中国) 美股+9.5%,rate,-0.9341,-0.8366,-0.0975,True,27.0,22.0,49.0,-0.0416,-0.1235,0.7568
M3 利率+ΔOAS,主,B 事件前δ,3日(主),2025-04-10,2025-04-10,中国反制84%至125% 亚洲IG信用risk-off,credit+rate,0.0874,0.0312,0.0562,False,-4.0,4.0,8.0,0.0186,0.1314,0.7568
M3 利率+ΔOAS,主,B 事件前δ,3日(主),2025-04-11,2025-04-11,隔夜美股再跌后亚洲风险偏好修复,credit,0.3548,0.2539,0.1009,False,-6.0,-5.0,11.0,-0.0016,0.1196,0.7568
M3 利率+ΔOAS,主,B 事件前δ,3日(主),2025-05-07,2025-05-07,中国央行宽松(降准50bp加7天逆回购降10bp),credit,-0.0487,-0.1805,0.1318,False,10.0,7.0,17.0,-0.0064,0.1912,0.7568
M3 利率+ΔOAS,主,B 事件前δ,3日(主),2025-05-12,2025-05-12,美中日内瓦停火(美145%降至30% 中125%降至10%),credit+fx,-0.3357,-0.4417,0.106,False,17.0,16.0,33.0,-0.0059,0.2219,0.7568
M3 利率+ΔOAS,主,B 事件前δ,3日(主),2025-06-05,2025-06-05,美国5月ADP弱加ISM服务跌破荣枯线 叠加美中谈判预期,rate+credit,-0.2955,-0.3678,0.0723,False,16.0,12.0,28.0,-0.0071,0.1372,0.7568
M3 利率+ΔOAS,主,B 事件前δ,3日(主),2025-06-16,2025-06-16,中国地产止跌回稳推进 新城控股发行美元债,credit,0.1338,0.1796,-0.0458,True,-4.0,-3.0,7.0,-0.0089,-0.0273,0.7568
M3 利率+ΔOAS,主,B 事件前δ,3日(主),2025-07-23,2025-07-23,美中缓和交易股债跷跷板 中国长债大跌,credit,-0.0374,-0.0991,0.0617,False,7.0,5.0,12.0,-0.0084,0.1208,0.7568
M3 利率+ΔOAS,主,B 事件前δ,3日(主),2025-08-01,2025-08-01,日央行加息加套息平仓重演 全球risk-off,rate+credit,0.7384,0.6619,0.0765,False,-19.0,-15.0,34.0,-0.008,0.1099,0.7568
M3 利率+ΔOAS,主,B 事件前δ,3日(主),2025-08-11,2025-08-11,美中关税休战再延90天,credit+fx,0.3864,0.2538,0.1326,False,-7.0,-3.0,10.0,-0.0065,0.2021,0.7568
M3 利率+ΔOAS,主,B 事件前δ,3日(主),2025-09-17,2025-09-17,美联储2025年首次降息25bp(至4.00-4.25%),rate,-0.3078,-0.267,-0.0408,True,9.0,10.0,19.0,-0.0097,0.0123,0.7568
M3 利率+ΔOAS,主,B 事件前δ,3日(主),2025-10-30,2025-10-30,特朗普-习近平会晤达成一年战术休战,credit+fx,-0.4072,-0.1467,-0.2605,True,2.0,5.0,7.0,-0.0137,-0.2876,0.7568
M3 利率+ΔOAS,主,B 事件前δ,3日(主),2025-12-10,2025-12-10,美联储年内第三次降息(至3.50-3.75%),rate,0.1257,0.0614,0.0643,False,-3.0,1.0,4.0,-0.0052,0.0895,0.7568
M3 利率+ΔOAS,主,B 事件前δ,3日(主),2026-01-23,2026-01-23,人民币中间价创2023年来最强(6.9929) USDCNY破7,fx,0.2,0.175,0.025,False,-4.0,-2.0,6.0,-0.0057,0.0682,0.7568
M3 利率+ΔOAS,主,B 事件前δ,3日(主),2026-02-28,2026-03-02,美以空袭伊朗 海湾战争爆发,rate+credit,-0.7398,-0.4471,-0.2927,True,16.0,12.0,28.0,-0.0112,-0.3071,0.7568
M3 利率+ΔOAS,主,B 事件前δ,3日(主),2026-03-02,2026-03-02,开战首个交易日 布油大涨13% 全球risk-off,rate+credit,-0.7398,-0.4471,-0.2927,True,16.0,12.0,28.0,-0.0112,-0.3071,0.7568
M3 利率+ΔOAS,主,B 事件前δ,3日(主),2026-03-18,2026-03-18,FOMC按兵不动(3.50-3.75%) 点阵图仍显示1次降息,rate,-0.7596,-0.6991,-0.0605,True,22.0,19.0,41.0,-0.0055,-0.0755,0.7568
M3 利率+ΔOAS,主,B 事件前δ,3日(主),2026-03-23,2026-03-23,海湾战争risk-off(霍尔木兹48小时通牒) 10Y创8个月高位,rate+credit,0.2168,0.2323,-0.0155,True,-5.0,-6.0,11.0,-0.0041,-0.04,0.7568
M3 利率+ΔOAS,主,B 事件前δ,3日(主),2026-05-19,2026-05-19,美债长端抛售峰值 10Y约4.68% 30Y约5.2%,rate+credit,0.2609,0.1798,0.0811,False,-2.0,-4.0,6.0,-0.0033,0.0859,0.7568
M3 利率+ΔOAS,主,B 事件前δ,3日(主),2026-07-15,2026-07-15,人民币中间价破6.80 升值至约6.77,fx,0.1391,0.1604,-0.0213,True,-3.0,-3.0,6.0,-0.0014,-0.0143,0.7568
M3 利率+ΔOAS,主,B 事件前δ,5日,2023-11-06,2023-11-06,风险偏好修复 利差收窄,credit,-0.0688,-0.0008,-0.068,True,16.0,4.0,20.0,-0.0283,0.1012,0.7568
M3 利率+ΔOAS,主,B 事件前δ,5日,2023-11-14,2023-11-14,美国10月CPI低于预期(3.2%),rate,1.2362,1.0211,0.2151,False,-22.0,-21.0,43.0,-0.017,0.3805,0.7568
M3 利率+ΔOAS,主,B 事件前δ,5日,2023-11-15,2023-11-15,CPI后信用大涨 利差大幅收窄,credit,0.7375,0.3479,0.3896,False,-1.0,-3.0,4.0,0.0532,0.5713,0.7568
M3 利率+ΔOAS,主,B 事件前δ,5日,2023-11-20,2023-11-20,美元走弱 人民币升,fx,0.5654,0.3724,0.193,False,-7.0,-5.0,12.0,-0.0238,0.2943,0.7568
M3 利率+ΔOAS,主,B 事件前δ,5日,2023-12-01,2023-12-01,"鲍威尔称""为时过早谈降息"" 鹰派",credit,1.1643,1.0903,0.074,False,-20.0,-23.0,43.0,-0.1207,0.2654,0.7568
M3 利率+ΔOAS,主,B 事件前δ,5日,2023-12-13,2023-12-13,FOMC点阵图转向降息 收益率大降,rate+credit,1.6347,1.3435,0.2912,False,-29.0,-27.0,56.0,-0.0967,0.5492,0.7568
M3 利率+ΔOAS,主,B 事件前δ,5日,2023-12-14,2023-12-14,转鸽确认 风险资产大涨 美元走弱,credit+fx,1.1001,1.1014,-0.0013,True,-14.0,-18.0,32.0,-0.1113,0.394,0.7568
M3 利率+ΔOAS,主,B 事件前δ,5日,2024-01-02,2024-01-02,年初购汇需求与美元偏强 人民币走弱,fx,-0.9013,-0.4156,-0.4857,True,13.0,13.0,26.0,-0.0496,-0.4907,0.7568
M3 利率+ΔOAS,主,B 事件前δ,5日,2024-02-07,2024-02-07,中国股市流动性风险+美债收益率上行,credit,-0.2039,-0.6658,0.4619,False,28.0,22.0,50.0,0.0273,0.5862,0.7568
M3 利率+ΔOAS,主,B 事件前δ,5日,2024-04-10,2024-04-10,美国3月CPI超预期 收益率急升,rate,-1.1649,-1.0942,-0.0707,True,32.0,31.0,63.0,-0.0342,-0.0802,0.7568
M3 利率+ΔOAS,主,B 事件前δ,5日,2024-05-06,2024-05-06,美元回落 人民币升值,fx,0.294,0.1577,0.1363,False,4.0,0.0,4.0,-0.0414,0.2543,0.7568
M3 利率+ΔOAS,主,B 事件前δ,5日,2024-05-16,2024-05-16,美国4月CPI回落 风险资产涨,credit,0.4302,-0.0971,0.5273,False,12.0,7.0,19.0,-0.0424,0.6573,0.7568
M3 利率+ΔOAS,主,B 事件前δ,5日,2024-08-02,2024-08-02,7月非农大幅走弱+日元套息平仓,rate+fx+credit,-0.027,0.1413,-0.1683,True,-1.0,0.0,1.0,-0.0363,-0.1053,0.7568
M3 利率+ΔOAS,主,B 事件前δ,5日,2024-10-04,2024-10-04,9月非农强劲 收益率上行,rate,-0.8551,-0.7777,-0.0774,True,29.0,24.0,53.0,-0.0977,0.0013,0.7568
M3 利率+ΔOAS,主,B 事件前δ,5日,2024-10-08,2024-10-08,中国政策刺激后汇率波动 人民币回调,fx,0.1125,0.1367,-0.0242,True,0.0,0.0,0.0,-0.0434,0.0419,0.7568
M3 利率+ΔOAS,主,B 事件前δ,5日,2024-11-06,2024-11-06,特朗普胜选 美债收益率上行 美元大涨,rate+fx,-0.3246,-0.459,0.1344,False,14.0,18.0,32.0,-0.0248,0.2403,0.7568
M3 利率+ΔOAS,主,B 事件前δ,5日,2025-04-02,2025-04-02,"美国""解放日""对等关税(中国累计约54%) 历史级risk-off",rate+credit+fx,-1.0547,-0.2647,-0.79,True,-3.0,9.0,12.0,-0.0643,-0.8847,0.7568
M3 利率+ΔOAS,主,B 事件前δ,5日,2025-04-08,2025-04-08,美中关税加码至104% 人民币中间价破7.20 美债市场承压,rate+fx,-0.6915,-0.8287,0.1372,False,20.0,23.0,43.0,-0.0238,0.0662,0.7568
M3 利率+ΔOAS,主,B 事件前δ,5日,2025-04-09,2025-04-09,90天关税暂缓(不含中国) 美股+9.5%,rate,-0.2177,-0.2625,0.0448,False,10.0,9.0,19.0,-0.0233,0.0526,0.7568
M3 利率+ΔOAS,主,B 事件前δ,5日,2025-04-10,2025-04-10,中国反制84%至125% 亚洲IG信用risk-off,credit+rate,0.6758,0.4439,0.2319,False,-15.0,-5.0,20.0,0.0257,0.343,0.7568
M3 利率+ΔOAS,主,B 事件前δ,5日,2025-04-11,2025-04-11,隔夜美股再跌后亚洲风险偏好修复,credit,0.578,0.3711,0.2069,False,-9.0,-6.0,15.0,0.0022,0.2622,0.7568
M3 利率+ΔOAS,主,B 事件前δ,5日,2025-05-07,2025-05-07,中国央行宽松(降准50bp加7天逆回购降10bp),credit,-0.2868,-0.5129,0.2261,False,22.0,19.0,41.0,-0.0098,0.3691,0.7568
M3 利率+ΔOAS,主,B 事件前δ,5日,2025-05-12,2025-05-12,美中日内瓦停火(美145%降至30% 中125%降至10%),credit+fx,-0.0109,-0.0187,0.0078,False,6.0,6.0,12.0,-0.0078,0.1406,0.7568
M3 利率+ΔOAS,主,B 事件前δ,5日,2025-06-05,2025-06-05,美国5月ADP弱加ISM服务跌破荣枯线 叠加美中谈判预期,rate+credit,0.0912,-0.0335,0.1247,False,9.0,4.0,13.0,-0.0114,0.2072,0.7568
M3 利率+ΔOAS,主,B 事件前δ,5日,2025-06-16,2025-06-16,中国地产止跌回稳推进 新城控股发行美元债,credit,0.3208,0.3979,-0.0771,True,-11.0,-7.0,18.0,-0.0138,-0.0398,0.7568
M3 利率+ΔOAS,主,B 事件前δ,5日,2025-07-23,2025-07-23,美中缓和交易股债跷跷板 中国长债大跌,credit,0.3038,0.169,0.1348,False,2.0,-1.0,3.0,-0.0142,0.2193,0.7568
M3 利率+ΔOAS,主,B 事件前δ,5日,2025-08-01,2025-08-01,日央行加息加套息平仓重演 全球risk-off,rate+credit,0.6325,0.6858,-0.0533,True,-17.0,-14.0,31.0,-0.0137,0.0205,0.7568
M3 利率+ΔOAS,主,B 事件前δ,5日,2025-08-11,2025-08-11,美中关税休战再延90天,credit+fx,0.2013,0.0149,0.1864,False,1.0,6.0,7.0,-0.0109,0.3142,0.7568
M3 利率+ΔOAS,主,B 事件前δ,5日,2025-09-17,2025-09-17,美联储2025年首次降息25bp(至4.00-4.25%),rate,-0.2295,-0.1581,-0.0714,True,9.0,8.0,17.0,-0.0173,0.0038,0.7568
M3 利率+ΔOAS,主,B 事件前δ,5日,2025-10-30,2025-10-30,特朗普-习近平会晤达成一年战术休战,credit+fx,-0.6692,-0.2447,-0.4245,True,6.0,9.0,15.0,-0.0222,-0.4298,0.7568
M3 利率+ΔOAS,主,B 事件前δ,5日,2025-12-10,2025-12-10,美联储年内第三次降息(至3.50-3.75%),rate,0.3452,0.2669,0.0783,False,-9.0,-3.0,12.0,-0.009,0.1173,0.7568
M3 利率+ΔOAS,主,B 事件前δ,5日,2026-01-23,2026-01-23,人民币中间价创2023年来最强(6.9929) USDCNY破7,fx,0.2158,0.2204,-0.0046,True,-5.0,-2.0,7.0,-0.0105,0.048,0.7568
M3 利率+ΔOAS,主,B 事件前δ,5日,2026-02-28,2026-03-02,美以空袭伊朗 海湾战争爆发,rate+credit,-0.8182,-0.6323,-0.1859,True,21.0,18.0,39.0,-0.0164,-0.1993,0.7568
M3 利率+ΔOAS,主,B 事件前δ,5日,2026-03-02,2026-03-02,开战首个交易日 布油大涨13% 全球risk-off,rate+credit,-0.8182,-0.6323,-0.1859,True,21.0,18.0,39.0,-0.0164,-0.1993,0.7568
M3 利率+ΔOAS,主,B 事件前δ,5日,2026-03-18,2026-03-18,FOMC按兵不动(3.50-3.75%) 点阵图仍显示1次降息,rate,-0.908,-0.7313,-0.1767,True,24.0,19.0,43.0,-0.0094,-0.2367,0.7568
M3 利率+ΔOAS,主,B 事件前δ,5日,2026-03-23,2026-03-23,海湾战争risk-off(霍尔木兹48小时通牒) 10Y创8个月高位,rate+credit,-0.1908,-0.1729,-0.0179,True,5.0,5.0,10.0,-0.0074,-0.0763,0.7568
M3 利率+ΔOAS,主,B 事件前δ,5日,2026-05-19,2026-05-19,美债长端抛售峰值 10Y约4.68% 30Y约5.2%,rate+credit,0.5741,0.5134,0.0607,False,-8.0,-11.0,19.0,-0.0059,0.1194,0.7568
M3 利率+ΔOAS,主,B 事件前δ,5日,2026-07-15,2026-07-15,人民币中间价破6.80 升值至约6.77,fx,-0.1609,-0.1063,-0.0546,True,6.0,5.0,11.0,-0.0022,-0.0387,0.7568
M2 利率双因子,次,A 全样本δ,1日,2021-10-12,2021-10-12,中资房企信用危机(恒大等)美元债抛售传染,credit,-0.1176,0.1272,-0.2448,True,3.0,-2.0,5.0,0.0,-0.2448,0.7568
M2 利率双因子,次,A 全样本δ,1日,2021-11-04,2021-11-04,英央行意外不加息 美债收益率回落,rate,0.1395,0.1465,-0.007,True,-9.0,-7.0,16.0,0.0,-0.007,0.7568
M2 利率双因子,次,A 全样本δ,1日,2021-11-10,2021-11-10,美国10月CPI同比6.2%创31年新高,rate,-0.4522,-0.4478,-0.0044,True,15.0,10.0,25.0,0.0,-0.0044,0.7568
M2 利率双因子,次,A 全样本δ,1日,2021-11-26,2021-11-26,奥密克戎变异株恐慌 全球避险,rate,0.4816,0.6328,-0.1512,True,-18.0,-16.0,34.0,0.0,-0.1512,0.7568
M2 利率双因子,次,A 全样本δ,1日,2021-12-09,2021-12-09,恒大正式违约 美元走强,credit+fx,0.7043,0.6395,0.0648,False,-1.0,-3.0,4.0,0.0,0.0648,0.7568
M2 利率双因子,次,A 全样本δ,1日,2022-01-18,2022-01-18,美联储紧缩预期发酵 收益率飙升,credit+rate,-0.6263,-0.3252,-0.3011,True,10.0,9.0,19.0,0.0,-0.3011,0.7568
M2 利率双因子,次,A 全样本δ,1日,2022-01-27,2022-01-27,美联储1月会议转鹰(鲍威尔),rate+fx,0.892,0.8737,0.0183,False,0.0,-4.0,4.0,0.0,0.0183,0.7568
M2 利率双因子,次,A 全样本δ,1日,2022-02-07,2022-02-07,节后风险偏好回落 美债调整,credit,-0.0603,0.0589,-0.1192,True,-2.0,-1.0,3.0,0.0,-0.1192,0.7568
M2 利率双因子,次,A 全样本δ,1日,2022-02-28,2022-02-28,俄乌开战 避险与通胀双线,rate,0.2358,0.4054,-0.1696,True,-15.0,-14.0,29.0,0.0,-0.1696,0.7568
M2 利率双因子,次,A 全样本δ,1日,2022-03-15,2022-03-15,美联储开启加息周期(3/16加息25bp)前风险偏好,credit+rate,-0.3915,0.0649,-0.4564,True,0.0,1.0,1.0,0.0,-0.4564,0.7568
M2 利率双因子,次,A 全样本δ,1日,2022-03-17,2022-03-17,加息落地 利空出尽反弹,credit,0.5985,-0.0878,0.6863,False,-1.0,1.0,2.0,0.0,0.6863,0.7568
M2 利率双因子,次,A 全样本δ,1日,2022-03-28,2022-03-28,上海疫情封控 增长担忧,credit+fx,0.34,0.1683,0.1717,False,-1.0,-2.0,3.0,0.0,0.1717,0.7568
M2 利率双因子,次,A 全样本δ,1日,2022-04-25,2022-04-25,人民币快速贬值(疫情封控+中美利差倒挂),fx,0.8645,1.2356,-0.3711,True,-10.0,-9.0,19.0,0.0,-0.3711,0.7568
M2 利率双因子,次,A 全样本δ,1日,2022-05-12,2022-05-12,人民币续贬 中美利差倒挂加深,fx,0.8845,1.2792,-0.3947,True,-8.0,-7.0,15.0,0.0,-0.3947,0.7568
M2 利率双因子,次,A 全样本δ,1日,2022-05-03,2022-05-03,5月FOMC前风险偏好弱 债市调整,credit,-0.4912,0.0727,-0.5639,True,0.0,-2.0,2.0,0.0,-0.5639,0.7568
M2 利率双因子,次,A 全样本δ,1日,2022-06-13,2022-06-13,5月CPI超预期后美债暴跌 全球债市承压,rate+credit,-0.6778,-0.3784,-0.2994,True,31.0,28.0,59.0,0.0,-0.2994,0.7568
M2 利率双因子,次,A 全样本δ,1日,2022-06-15,2022-06-15,FOMC加息75bp 声明后收益率回落,rate,0.4851,0.2634,0.2217,False,-23.0,-16.0,39.0,0.0,0.2217,0.7568
M2 利率双因子,次,A 全样本δ,1日,2022-07-22,2022-07-22,中国地产纾困与政策预期 风险偏好,credit,0.4795,0.2953,0.1842,False,-13.0,-14.0,27.0,0.0,0.1842,0.7568
M2 利率双因子,次,A 全样本δ,1日,2022-08-05,2022-08-05,7月非农强劲 加息预期升温,rate,-0.5379,-0.4068,-0.1311,True,21.0,15.0,36.0,0.0,-0.1311,0.7568
M2 利率双因子,次,A 全样本δ,1日,2022-09-06,2022-09-06,人民币贬向6.9 美元指数走强,fx,0.253,0.3227,-0.0697,True,13.0,13.0,26.0,0.0,-0.0697,0.7568
M2 利率双因子,次,A 全样本δ,1日,2022-09-22,2022-09-22,FOMC鹰派点阵图 收益率上行,rate,-0.298,-0.2589,-0.0391,True,17.0,19.0,36.0,0.0,-0.0391,0.7568
M2 利率双因子,次,A 全样本δ,1日,2022-09-26,2022-09-26,英国迷你预算危机 全球利率上行,rate,-0.7474,-0.5238,-0.2236,True,19.0,19.0,38.0,0.0,-0.2236,0.7568
M2 利率双因子,次,A 全样本δ,1日,2022-09-28,2022-09-28,英央行紧急购债 全球收益率回落,rate+fx,0.8734,1.2904,-0.417,True,-29.0,-25.0,54.0,0.0,-0.417,0.7568
M2 利率双因子,次,A 全样本δ,1日,2022-10-14,2022-10-14,全球债市动荡(英养老金危机) 信用承压,credit,-0.0614,0.167,-0.2284,True,4.0,3.0,7.0,0.0,-0.2284,0.7568
M2 利率双因子,次,A 全样本δ,1日,2022-10-26,2022-10-26,美元自高位大幅回落 人民币急升,fx,-1.0527,-1.1261,0.0734,False,-5.0,-6.0,11.0,0.0,0.0734,0.7568
M2 利率双因子,次,A 全样本δ,1日,2022-11-10,2022-11-10,美国10月CPI回落至7.7% 美债暴涨,rate+fx,0.2453,0.3622,-0.1169,True,-32.0,-30.0,62.0,0.0,-0.1169,0.7568
M2 利率双因子,次,A 全样本δ,1日,2022-11-14,2022-11-14,中国发布防控优化二十条+地产金融16条(11-11公布 美股11-11休市),credit+fx,-0.671,-1.7857,1.1147,False,5.0,6.0,11.0,0.0,1.1147,0.7568
M2 利率双因子,次,A 全样本δ,1日,2022-11-29,2022-11-29,证监会恢复房企股权融资(第三支箭),credit,-0.7159,-0.8971,0.1812,False,4.0,6.0,10.0,0.0,0.1812,0.7568
M2 利率双因子,次,A 全样本δ,1日,2022-11-30,2022-11-30,人民币续升 风险偏好修复,fx,-0.3595,-0.671,0.3115,False,-10.0,-7.0,17.0,0.0,0.3115,0.7568
M2 利率双因子,次,A 全样本δ,1日,2022-12-05,2022-12-05,防疫新十条 放开加速 人民币走强,fx,-1.1382,-1.1797,0.0415,False,13.0,9.0,22.0,0.0,0.0415,0.7568
M2 利率双因子,次,A 全样本δ,1日,2022-12-30,2022-12-30,年末人民币偏强 美元弱,fx,-1.1452,-1.1133,-0.0319,True,5.0,5.0,10.0,0.0,-0.0319,0.7568
M2 利率双因子,次,A 全样本δ,1日,2023-01-06,2023-01-06,美国12月ISM服务业破荣枯线+薪资降温,rate,-0.0356,0.018,-0.0536,True,-21.0,-16.0,37.0,0.0,-0.0536,0.7568
M2 利率双因子,次,A 全样本δ,1日,2023-01-09,2023-01-09,中国重启+美元走弱 人民币续升,fx,-0.6092,-0.8889,0.2797,False,-3.0,-2.0,5.0,0.0,0.2797,0.7568
M2 利率双因子,次,A 全样本δ,1日,2023-01-12,2023-01-12,美国12月CPI回落+中国开放推进,credit,-0.0329,-0.0594,0.0265,False,-13.0,-11.0,24.0,0.0,0.0265,0.7568
M2 利率双因子,次,A 全样本δ,1日,2023-01-17,2023-01-17,人民币单日回调(升幅过大/中间价),fx,1.1309,0.9553,0.1756,False,0.0,4.0,4.0,0.0,0.1756,0.7568
M2 利率双因子,次,A 全样本δ,1日,2023-03-01,2023-03-01,中国2月PMI强劲 人民币升值,fx,-1.3363,-1.2887,-0.0476,True,9.0,9.0,18.0,0.0,-0.0476,0.7568
M2 利率双因子,次,A 全样本δ,1日,2023-03-10,2023-03-10,硅谷银行SVB被接管 避险,rate+fx+credit,-0.0083,0.016,-0.0243,True,-26.0,-23.0,49.0,0.0,-0.0243,0.7568
M2 利率双因子,次,A 全样本δ,1日,2023-03-13,2023-03-13,SVB传染 瑞信危机发酵,rate+fx,-0.1164,-0.1595,0.0431,False,-28.0,-15.0,43.0,0.0,0.0431,0.7568
M2 利率双因子,次,A 全样本δ,1日,2023-03-14,2023-03-14,美联储新工具BTFP 银行风险缓解 投资级债涨,credit,-0.2339,0.0013,-0.2352,True,10.0,9.0,19.0,0.0,-0.2352,0.7568
M2 利率双因子,次,A 全样本δ,1日,2023-03-17,2023-03-17,瑞信危机蔓延 美债收益率续降,rate,0.5776,0.5905,-0.0129,True,-28.0,-17.0,45.0,0.0,-0.0129,0.7568
M2 利率双因子,次,A 全样本δ,1日,2023-03-23,2023-03-23,美联储加息25bp接近尾声 美元走弱,fx,-0.5432,-0.4735,-0.0697,True,-15.0,-10.0,25.0,0.0,-0.0697,0.7568
M2 利率双因子,次,A 全样本δ,1日,2023-06-20,2023-06-20,中国1年期LPR下调10bp 经济偏弱,credit+fx,0.9288,0.9095,0.0193,False,-3.0,-3.0,6.0,0.0,0.0193,0.7568
M2 利率双因子,次,A 全样本δ,1日,2023-06-26,2023-06-26,人民币续贬(中美利差/经济预期),fx,0.9422,0.9104,0.0318,False,-3.0,-2.0,5.0,0.0,0.0318,0.7568
M2 利率双因子,次,A 全样本δ,1日,2023-09-11,2023-09-11,央行维稳+美元回落 人民币急升,fx,-0.908,-0.8306,-0.0774,True,1.0,3.0,4.0,0.0,-0.0774,0.7568
M2 利率双因子,次,A 全样本δ,1日,2023-10-04,2023-10-04,美债长端急升(10Y创多年新高) 全球利差走阔,rate+credit,0.15,0.3103,-0.1603,True,-8.0,-8.0,16.0,0.0,-0.1603,0.7568
M2 利率双因子,次,A 全样本δ,1日,2023-10-26,2023-10-26,美债动荡延续 经济数据强劲,credit,0.2766,0.3345,-0.0579,True,-10.0,-9.0,19.0,0.0,-0.0579,0.7568
M2 利率双因子,次,A 全样本δ,1日,2023-11-01,2023-11-01,美债供应与再融资压力,credit,0.5639,0.4645,0.0994,False,-15.0,-11.0,26.0,0.0,0.0994,0.7568
M2 利率双因子,次,A 全样本δ,1日,2023-11-06,2023-11-06,风险偏好修复 利差收窄,credit,-0.5058,-0.7893,0.2835,False,11.0,10.0,21.0,0.0,0.2835,0.7568
M2 利率双因子,次,A 全样本δ,1日,2023-11-14,2023-11-14,美国10月CPI低于预期(3.2%),rate,0.1677,0.2609,-0.0932,True,-24.0,-19.0,43.0,0.0,-0.0932,0.7568
M2 利率双因子,次,A 全样本δ,1日,2023-11-15,2023-11-15,CPI后信用大涨 利差大幅收窄,credit,-0.1396,-0.4151,0.2755,False,10.0,9.0,19.0,0.0,0.2755,0.7568
M2 利率双因子,次,A 全样本δ,1日,2023-11-20,2023-11-20,美元走弱 人民币升,fx,-0.4647,-0.5316,0.0669,False,-1.0,-2.0,3.0,0.0,0.0669,0.7568
M2 利率双因子,次,A 全样本δ,1日,2023-12-01,2023-12-01,"鲍威尔称""为时过早谈降息"" 鹰派",credit,0.5283,0.6212,-0.0929,True,-17.0,-15.0,32.0,0.0,-0.0929,0.7568
M2 利率双因子,次,A 全样本δ,1日,2023-12-13,2023-12-13,FOMC点阵图转向降息 收益率大降,rate+credit,0.7926,0.6186,0.174,False,-23.0,-16.0,39.0,0.0,0.174,0.7568
M2 利率双因子,次,A 全样本δ,1日,2023-12-14,2023-12-14,转鸽确认 风险资产大涨 美元走弱,credit+fx,-0.1028,-0.4492,0.3464,False,-10.0,-12.0,22.0,0.0,0.3464,0.7568
M2 利率双因子,次,A 全样本δ,1日,2024-01-02,2024-01-02,年初购汇需求与美元偏强 人民币走弱,fx,0.4091,0.3392,0.0699,False,9.0,7.0,16.0,0.0,0.0699,0.7568
M2 利率双因子,次,A 全样本δ,1日,2024-02-07,2024-02-07,中国股市流动性风险+美债收益率上行,credit,0.0212,0.0397,-0.0185,True,3.0,0.0,3.0,0.0,-0.0185,0.7568
M2 利率双因子,次,A 全样本δ,1日,2024-04-10,2024-04-10,美国3月CPI超预期 收益率急升,rate,-0.6214,-0.6932,0.0718,False,24.0,19.0,43.0,0.0,0.0718,0.7568
M2 利率双因子,次,A 全样本δ,1日,2024-05-06,2024-05-06,美元回落 人民币升值,fx,-0.2127,-0.419,0.2063,False,0.0,-1.0,1.0,0.0,0.2063,0.7568
M2 利率双因子,次,A 全样本δ,1日,2024-05-16,2024-05-16,美国4月CPI回落 风险资产涨,credit,0.4563,-0.0956,0.5519,False,5.0,2.0,7.0,0.0,0.5519,0.7568
M2 利率双因子,次,A 全样本δ,1日,2024-08-02,2024-08-02,7月非农大幅走弱+日元套息平仓,rate+fx+credit,-0.3456,-0.4271,0.0815,False,-22.0,-19.0,41.0,0.0,0.0815,0.7568
M2 利率双因子,次,A 全样本δ,1日,2024-10-04,2024-10-04,9月非农强劲 收益率上行,rate,-0.4747,-0.5134,0.0387,False,19.0,13.0,32.0,0.0,0.0387,0.7568
M2 利率双因子,次,A 全样本δ,1日,2024-10-08,2024-10-08,中国政策刺激后汇率波动 人民币回调,fx,0.6449,0.5815,0.0634,False,0.0,1.0,1.0,0.0,0.0634,0.7568
M2 利率双因子,次,A 全样本δ,1日,2024-11-06,2024-11-06,特朗普胜选 美债收益率上行 美元大涨,rate+fx,0.4985,0.4896,0.0089,False,11.0,16.0,27.0,0.0,0.0089,0.7568
M2 利率双因子,次,A 全样本δ,1日,2025-04-02,2025-04-02,"美国""解放日""对等关税(中国累计约54%) 历史级risk-off",rate+credit+fx,-0.1272,-0.1349,0.0077,False,4.0,3.0,7.0,0.0,0.0077,0.7568
M2 利率双因子,次,A 全样本δ,1日,2025-04-08,2025-04-08,美中关税加码至104% 人民币中间价破7.20 美债市场承压,rate+fx,0.2128,0.0647,0.1481,False,6.0,11.0,17.0,0.0,0.1481,0.7568
M2 利率双因子,次,A 全样本δ,1日,2025-04-09,2025-04-09,90天关税暂缓(不含中国) 美股+9.5%,rate,-0.4214,-0.2081,-0.2133,True,18.0,8.0,26.0,0.0,-0.2133,0.7568
M2 利率双因子,次,A 全样本δ,1日,2025-04-10,2025-04-10,中国反制84%至125% 亚洲IG信用risk-off,credit+rate,-0.4896,-0.6359,0.1463,False,-2.0,6.0,8.0,0.0,0.1463,0.7568
M2 利率双因子,次,A 全样本δ,1日,2025-04-11,2025-04-11,隔夜美股再跌后亚洲风险偏好修复,credit,-0.6697,-0.6133,-0.0564,True,11.0,8.0,19.0,0.0,-0.0564,0.7568
M2 利率双因子,次,A 全样本δ,1日,2025-05-07,2025-05-07,中国央行宽松(降准50bp加7天逆回购降10bp),credit,0.308,0.2736,0.0344,False,-3.0,-4.0,7.0,0.0,0.0344,0.7568
M2 利率双因子,次,A 全样本δ,1日,2025-05-12,2025-05-12,美中日内瓦停火(美145%降至30% 中125%降至10%),credit+fx,-0.7228,-0.769,0.0462,False,9.0,8.0,17.0,0.0,0.0462,0.7568
M2 利率双因子,次,A 全样本δ,1日,2025-06-05,2025-06-05,美国5月ADP弱加ISM服务跌破荣枯线 叠加美中谈判预期,rate+credit,-0.1631,-0.251,0.0879,False,6.0,3.0,9.0,0.0,0.0879,0.7568
M2 利率双因子,次,A 全样本δ,1日,2025-06-16,2025-06-16,中国地产止跌回稳推进 新城控股发行美元债,credit,-0.1833,-0.1757,-0.0076,True,2.0,5.0,7.0,0.0,-0.0076,0.7568
M2 利率双因子,次,A 全样本δ,1日,2025-07-23,2025-07-23,美中缓和交易股债跷跷板 中国长债大跌,credit,-0.3361,-0.3866,0.0505,False,6.0,5.0,11.0,0.0,0.0505,0.7568
M2 利率双因子,次,A 全样本δ,1日,2025-08-01,2025-08-01,日央行加息加套息平仓重演 全球risk-off,rate+credit,0.7112,0.7291,-0.0179,True,-19.0,-14.0,33.0,0.0,-0.0179,0.7568
M2 利率双因子,次,A 全样本δ,1日,2025-08-11,2025-08-11,美中关税休战再延90天,credit+fx,0.1315,0.0844,0.0471,False,-1.0,0.0,1.0,0.0,0.0471,0.7568
M2 利率双因子,次,A 全样本δ,1日,2025-09-17,2025-09-17,美联储2025年首次降息25bp(至4.00-4.25%),rate,-0.2836,-0.2209,-0.0627,True,3.0,2.0,5.0,0.0,-0.0627,0.7568
M2 利率双因子,次,A 全样本δ,1日,2025-10-30,2025-10-30,特朗普-习近平会晤达成一年战术休战,credit+fx,-0.2478,0.0755,-0.3233,True,2.0,3.0,5.0,0.0,-0.3233,0.7568
M2 利率双因子,次,A 全样本δ,1日,2025-12-10,2025-12-10,美联储年内第三次降息(至3.50-3.75%),rate,0.2297,0.2168,0.0129,False,-6.0,-5.0,11.0,0.0,0.0129,0.7568
M2 利率双因子,次,A 全样本δ,1日,2026-01-23,2026-01-23,人民币中间价创2023年来最强(6.9929) USDCNY破7,fx,-0.0095,-0.0186,0.0091,False,-1.0,-2.0,3.0,0.0,0.0091,0.7568
M2 利率双因子,次,A 全样本δ,1日,2026-02-28,2026-03-02,美以空袭伊朗 海湾战争爆发,rate+credit,-0.0482,0.0471,-0.0953,True,11.0,8.0,19.0,0.0,-0.0953,0.7568
M2 利率双因子,次,A 全样本δ,1日,2026-03-02,2026-03-02,开战首个交易日 布油大涨13% 全球risk-off,rate+credit,-0.0482,0.0471,-0.0953,True,11.0,8.0,19.0,0.0,-0.0953,0.7568
M2 利率双因子,次,A 全样本δ,1日,2026-03-18,2026-03-18,FOMC按兵不动(3.50-3.75%) 点阵图仍显示1次降息,rate,-0.4148,-0.4225,0.0077,False,8.0,6.0,14.0,0.0,0.0077,0.7568
M2 利率双因子,次,A 全样本δ,1日,2026-03-23,2026-03-23,海湾战争risk-off(霍尔木兹48小时通牒) 10Y创8个月高位,rate+credit,-0.0779,0.1343,-0.2122,True,-6.0,-5.0,11.0,0.0,-0.2122,0.7568
M2 利率双因子,次,A 全样本δ,1日,2026-05-19,2026-05-19,美债长端抛售峰值 10Y约4.68% 30Y约5.2%,rate+credit,0.0743,0.0127,0.0616,False,5.0,6.0,11.0,0.0,0.0616,0.7568
M2 利率双因子,次,A 全样本δ,1日,2026-07-15,2026-07-15,人民币中间价破6.80 升值至约6.77,fx,0.1072,0.114,-0.0068,True,-5.0,-3.0,8.0,0.0,-0.0068,0.7568
M2 利率双因子,次,A 全样本δ,3日(主),2021-10-12,2021-10-12,中资房企信用危机(恒大等)美元债抛售传染,credit,-0.2805,0.2208,-0.5013,True,0.0,-9.0,9.0,0.0,-0.5013,0.7568
M2 利率双因子,次,A 全样本δ,3日(主),2021-11-04,2021-11-04,英央行意外不加息 美债收益率回落,rate,-0.1708,0.1038,-0.2746,True,-6.0,-9.0,15.0,0.0,-0.2746,0.7568
M2 利率双因子,次,A 全样本δ,3日(主),2021-11-10,2021-11-10,美国10月CPI同比6.2%创31年新高,rate,-0.5186,-0.7387,0.2201,False,18.0,17.0,35.0,0.0,0.2201,0.7568
M2 利率双因子,次,A 全样本δ,3日(主),2021-11-26,2021-11-26,奥密克戎变异株恐慌 全球避险,rate,0.0218,0.3777,-0.3559,True,-20.0,-21.0,41.0,0.0,-0.3559,0.7568
M2 利率双因子,次,A 全样本δ,3日(主),2021-12-09,2021-12-09,恒大正式违约 美元走强,credit+fx,0.8848,0.7342,0.1506,False,-6.0,-10.0,16.0,0.0,0.1506,0.7568
M2 利率双因子,次,A 全样本δ,3日(主),2022-01-18,2022-01-18,美联储紧缩预期发酵 收益率飙升,credit+rate,-0.3599,-0.3441,-0.0158,True,7.0,5.0,12.0,0.0,-0.0158,0.7568
M2 利率双因子,次,A 全样本δ,3日(主),2022-01-27,2022-01-27,美联储1月会议转鹰(鲍威尔),rate+fx,0.7668,0.8862,-0.1194,True,-4.0,-6.0,10.0,0.0,-0.1194,0.7568
M2 利率双因子,次,A 全样本δ,3日(主),2022-02-07,2022-02-07,节后风险偏好回落 美债调整,credit,-0.1818,-0.0036,-0.1782,True,4.0,1.0,5.0,0.0,-0.1782,0.7568
M2 利率双因子,次,A 全样本δ,3日(主),2022-02-28,2022-02-28,俄乌开战 避险与通胀双线,rate,-0.1744,0.5221,-0.6965,True,-12.0,-11.0,23.0,0.0,-0.6965,0.7568
M2 利率双因子,次,A 全样本δ,3日(主),2022-03-15,2022-03-15,美联储开启加息周期(3/16加息25bp)前风险偏好,credit+rate,0.1611,-0.4801,0.6412,False,7.0,6.0,13.0,0.0,0.6412,0.7568
M2 利率双因子,次,A 全样本δ,3日(主),2022-03-17,2022-03-17,加息落地 利空出尽反弹,credit,0.3434,-0.3882,0.7316,False,15.0,13.0,28.0,0.0,0.7316,0.7568
M2 利率双因子,次,A 全样本δ,3日(主),2022-03-28,2022-03-28,上海疫情封控 增长担忧,credit+fx,1.0207,0.2124,0.8083,False,-11.0,-13.0,24.0,0.0,0.8083,0.7568
M2 利率双因子,次,A 全样本δ,3日(主),2022-04-25,2022-04-25,人民币快速贬值(疫情封控+中美利差倒挂),fx,0.912,1.273,-0.361,True,-13.0,-8.0,21.0,0.0,-0.361,0.7568
M2 利率双因子,次,A 全样本δ,3日(主),2022-05-12,2022-05-12,人民币续贬 中美利差倒挂加深,fx,0.8781,1.163,-0.2849,True,-6.0,-3.0,9.0,0.0,-0.2849,0.7568
M2 利率双因子,次,A 全样本δ,3日(主),2022-05-03,2022-05-03,5月FOMC前风险偏好弱 债市调整,credit,0.1802,0.5542,-0.374,True,0.0,6.0,6.0,0.0,-0.374,0.7568
M2 利率双因子,次,A 全样本δ,3日(主),2022-06-13,2022-06-13,5月CPI超预期后美债暴跌 全球债市承压,rate+credit,-0.9946,-0.5154,-0.4792,True,13.0,18.0,31.0,0.0,-0.4792,0.7568
M2 利率双因子,次,A 全样本δ,3日(主),2022-06-15,2022-06-15,FOMC加息75bp 声明后收益率回落,rate,0.6151,0.6046,0.0105,False,-27.0,-24.0,51.0,0.0,0.0105,0.7568
M2 利率双因子,次,A 全样本δ,3日(主),2022-07-22,2022-07-22,中国地产纾困与政策预期 风险偏好,credit,0.6731,0.3626,0.3105,False,-11.0,-10.0,21.0,0.0,0.3105,0.7568
M2 利率双因子,次,A 全样本δ,3日(主),2022-08-05,2022-08-05,7月非农强劲 加息预期升温,rate,-0.5283,-0.4121,-0.1162,True,21.0,12.0,33.0,0.0,-0.1162,0.7568
M2 利率双因子,次,A 全样本δ,3日(主),2022-09-06,2022-09-06,人民币贬向6.9 美元指数走强,fx,0.4902,0.5422,-0.052,True,9.0,9.0,18.0,0.0,-0.052,0.7568
M2 利率双因子,次,A 全样本δ,3日(主),2022-09-22,2022-09-22,FOMC鹰派点阵图 收益率上行,rate,-0.5415,-0.0822,-0.4593,True,41.0,37.0,78.0,0.0,-0.4593,0.7568
M2 利率双因子,次,A 全样本δ,3日(主),2022-09-26,2022-09-26,英国迷你预算危机 全球利率上行,rate,0.2003,0.996,-0.7957,True,-4.0,3.0,7.0,0.0,-0.7957,0.7568
M2 利率双因子,次,A 全样本δ,3日(主),2022-09-28,2022-09-28,英央行紧急购债 全球收益率回落,rate+fx,-0.8462,-0.3065,-0.5397,True,-15.0,-14.0,29.0,0.0,-0.5397,0.7568
M2 利率双因子,次,A 全样本δ,3日(主),2022-10-14,2022-10-14,全球债市动荡(英养老金危机) 信用承压,credit,-0.0547,0.344,-0.3987,True,0.0,4.0,4.0,0.0,-0.3987,0.7568
M2 利率双因子,次,A 全样本δ,3日(主),2022-10-26,2022-10-26,美元自高位大幅回落 人民币急升,fx,0.1657,0.0628,0.1029,False,-6.0,-8.0,14.0,0.0,0.1029,0.7568
M2 利率双因子,次,A 全样本δ,3日(主),2022-11-10,2022-11-10,美国10月CPI回落至7.7% 美债暴涨,rate+fx,-0.1611,-1.5035,1.3424,False,-34.0,-32.0,66.0,0.0,1.3424,0.7568
M2 利率双因子,次,A 全样本δ,3日(主),2022-11-14,2022-11-14,中国发布防控优化二十条+地产金融16条(11-11公布 美股11-11休市),credit+fx,0.783,-0.6524,1.4354,False,-12.0,-15.0,27.0,0.0,1.4354,0.7568
M2 利率双因子,次,A 全样本δ,3日(主),2022-11-29,2022-11-29,证监会恢复房企股权融资(第三支箭),credit,-0.8116,-1.6504,0.8388,False,-20.0,-16.0,36.0,0.0,0.8388,0.7568
M2 利率双因子,次,A 全样本δ,3日(主),2022-11-30,2022-11-30,人民币续升 风险偏好修复,fx,-0.1874,-1.0057,0.8183,False,-25.0,-24.0,49.0,0.0,0.8183,0.7568
M2 利率双因子,次,A 全样本δ,3日(主),2022-12-05,2022-12-05,防疫新十条 放开加速 人民币走强,fx,-0.3679,-0.353,-0.0149,True,-5.0,-9.0,14.0,0.0,-0.0149,0.7568
M2 利率双因子,次,A 全样本δ,3日(主),2022-12-30,2022-12-30,年末人民币偏强 美元弱,fx,-0.6355,-0.5611,-0.0744,True,-9.0,-14.0,23.0,0.0,-0.0744,0.7568
M2 利率双因子,次,A 全样本δ,3日(主),2023-01-06,2023-01-06,美国12月ISM服务业破荣枯线+薪资降温,rate,-0.816,-1.0342,0.2182,False,-18.0,-10.0,28.0,0.0,0.2182,0.7568
M2 利率双因子,次,A 全样本δ,3日(主),2023-01-09,2023-01-09,中国重启+美元走弱 人民币续升,fx,-0.5812,-0.89,0.3088,False,-3.0,-1.0,4.0,0.0,0.3088,0.7568
M2 利率双因子,次,A 全样本δ,3日(主),2023-01-12,2023-01-12,美国12月CPI回落+中国开放推进,credit,0.4136,0.1518,0.2618,False,-6.0,-1.0,7.0,0.0,0.2618,0.7568
M2 利率双因子,次,A 全样本δ,3日(主),2023-01-17,2023-01-17,人民币单日回调(升幅过大/中间价),fx,1.9743,1.5085,0.4658,False,-12.0,-10.0,22.0,0.0,0.4658,0.7568
M2 利率双因子,次,A 全样本δ,3日(主),2023-03-01,2023-03-01,中国2月PMI强劲 人民币升值,fx,-0.6088,-0.5662,-0.0426,True,8.0,5.0,13.0,0.0,-0.0426,0.7568
M2 利率双因子,次,A 全样本δ,3日(主),2023-03-10,2023-03-10,硅谷银行SVB被接管 避险,rate+fx+credit,-0.3586,-0.1422,-0.2164,True,-44.0,-29.0,73.0,0.0,-0.2164,0.7568
M2 利率双因子,次,A 全样本δ,3日(主),2023-03-13,2023-03-13,SVB传染 瑞信危机发酵,rate+fx,0.8889,0.8556,0.0333,False,-37.0,-19.0,56.0,0.0,0.0333,0.7568
M2 利率双因子,次,A 全样本δ,3日(主),2023-03-14,2023-03-14,美联储新工具BTFP 银行风险缓解 投资级债涨,credit,0.4477,0.7244,-0.2767,True,4.0,1.0,5.0,0.0,-0.2767,0.7568
M2 利率双因子,次,A 全样本δ,3日(主),2023-03-17,2023-03-17,瑞信危机蔓延 美债收益率续降,rate,-0.2237,-0.2492,0.0255,False,1.0,3.0,4.0,0.0,0.0255,0.7568
M2 利率双因子,次,A 全样本δ,3日(主),2023-03-23,2023-03-23,美联储加息25bp接近尾声 美元走弱,fx,-0.3189,-0.0961,-0.2228,True,5.0,5.0,10.0,0.0,-0.2228,0.7568
M2 利率双因子,次,A 全样本δ,3日(主),2023-06-20,2023-06-20,中国1年期LPR下调10bp 经济偏弱,credit+fx,0.9869,0.6605,0.3264,False,4.0,3.0,7.0,0.0,0.3264,0.7568
M2 利率双因子,次,A 全样本δ,3日(主),2023-06-26,2023-06-26,人民币续贬(中美利差/经济预期),fx,1.0748,1.0596,0.0152,False,-2.0,-3.0,5.0,0.0,0.0152,0.7568
M2 利率双因子,次,A 全样本δ,3日(主),2023-09-11,2023-09-11,央行维稳+美元回落 人民币急升,fx,-0.9822,-0.9274,-0.0548,True,0.0,-1.0,1.0,0.0,-0.0548,0.7568
M2 利率双因子,次,A 全样本δ,3日(主),2023-10-04,2023-10-04,美债长端急升(10Y创多年新高) 全球利差走阔,rate+credit,0.0239,0.1688,-0.1449,True,-5.0,-3.0,8.0,0.0,-0.1449,0.7568
M2 利率双因子,次,A 全样本δ,3日(主),2023-10-26,2023-10-26,美债动荡延续 经济数据强劲,credit,0.2708,0.2732,-0.0024,True,-9.0,-7.0,16.0,0.0,-0.0024,0.7568
M2 利率双因子,次,A 全样本δ,3日(主),2023-11-01,2023-11-01,美债供应与再融资压力,credit,1.3339,0.985,0.3489,False,-33.0,-31.0,64.0,0.0,0.3489,0.7568
M2 利率双因子,次,A 全样本δ,3日(主),2023-11-06,2023-11-06,风险偏好修复 利差收窄,credit,0.1251,-0.0197,0.1448,False,2.0,-8.0,10.0,0.0,0.1448,0.7568
M2 利率双因子,次,A 全样本δ,3日(主),2023-11-14,2023-11-14,美国10月CPI低于预期(3.2%),rate,0.3628,0.0948,0.268,False,-23.0,-18.0,41.0,0.0,0.268,0.7568
M2 利率双因子,次,A 全样本δ,3日(主),2023-11-15,2023-11-15,CPI后信用大涨 利差大幅收窄,credit,-0.1408,-0.5477,0.4069,False,3.0,0.0,3.0,0.0,0.4069,0.7568
M2 利率双因子,次,A 全样本δ,3日(主),2023-11-20,2023-11-20,美元走弱 人民币升,fx,-0.4369,-0.6848,0.2479,False,-1.0,-2.0,3.0,0.0,0.2479,0.7568
M2 利率双因子,次,A 全样本δ,3日(主),2023-12-01,2023-12-01,"鲍威尔称""为时过早谈降息"" 鹰派",credit,0.9657,0.8479,0.1178,False,-17.0,-19.0,36.0,0.0,0.1178,0.7568
M2 利率双因子,次,A 全样本δ,3日(主),2023-12-13,2023-12-13,FOMC点阵图转向降息 收益率大降,rate+credit,0.7795,0.333,0.4465,False,-32.0,-29.0,61.0,0.0,0.4465,0.7568
M2 利率双因子,次,A 全样本δ,3日(主),2023-12-14,2023-12-14,转鸽确认 风险资产大涨 美元走弱,credit+fx,0.0979,-0.2462,0.3441,False,-6.0,-9.0,15.0,0.0,0.3441,0.7568
M2 利率双因子,次,A 全样本δ,3日(主),2024-01-02,2024-01-02,年初购汇需求与美元偏强 人民币走弱,fx,0.1361,0.4473,-0.3112,True,13.0,11.0,24.0,0.0,-0.3112,0.7568
M2 利率双因子,次,A 全样本δ,3日(主),2024-02-07,2024-02-07,中国股市流动性风险+美债收益率上行,credit,-0.1746,-0.2476,0.073,False,11.0,8.0,19.0,0.0,0.073,0.7568
M2 利率双因子,次,A 全样本δ,3日(主),2024-04-10,2024-04-10,美国3月CPI超预期 收益率急升,rate,-0.5034,-0.4188,-0.0846,True,17.0,14.0,31.0,0.0,-0.0846,0.7568
M2 利率双因子,次,A 全样本δ,3日(主),2024-05-06,2024-05-06,美元回落 人民币升值,fx,-0.0158,-0.2188,0.203,False,2.0,-2.0,4.0,0.0,0.203,0.7568
M2 利率双因子,次,A 全样本δ,3日(主),2024-05-16,2024-05-16,美国4月CPI回落 风险资产涨,credit,0.4615,-0.0638,0.5253,False,11.0,8.0,19.0,0.0,0.5253,0.7568
M2 利率双因子,次,A 全样本δ,3日(主),2024-08-02,2024-08-02,7月非农大幅走弱+日元套息平仓,rate+fx+credit,-1.0307,-0.8285,-0.2022,True,-11.0,-9.0,20.0,0.0,-0.2022,0.7568
M2 利率双因子,次,A 全样本δ,3日(主),2024-10-04,2024-10-04,9月非农强劲 收益率上行,rate,-0.0975,-0.1028,0.0053,False,24.0,19.0,43.0,0.0,0.0053,0.7568
M2 利率双因子,次,A 全样本δ,3日(主),2024-10-08,2024-10-08,中国政策刺激后汇率波动 人民币回调,fx,0.7655,0.7062,0.0593,False,5.0,6.0,11.0,0.0,0.0593,0.7568
M2 利率双因子,次,A 全样本δ,3日(主),2024-11-06,2024-11-06,特朗普胜选 美债收益率上行 美元大涨,rate+fx,1.2115,0.9277,0.2838,False,4.0,4.0,8.0,0.0,0.2838,0.7568
M2 利率双因子,次,A 全样本δ,3日(主),2025-04-02,2025-04-02,"美国""解放日""对等关税(中国累计约54%) 历史级risk-off",rate+credit+fx,0.4465,0.8035,-0.357,True,-19.0,-16.0,35.0,0.0,-0.357,0.7568
M2 利率双因子,次,A 全样本δ,3日(主),2025-04-08,2025-04-08,美中关税加码至104% 人民币中间价破7.20 美债市场承压,rate+fx,-0.6982,-0.7792,0.081,False,22.0,25.0,47.0,0.0,0.081,0.7568
M2 利率双因子,次,A 全样本δ,3日(主),2025-04-09,2025-04-09,90天关税暂缓(不含中国) 美股+9.5%,rate,-1.5807,-1.4572,-0.1235,True,27.0,22.0,49.0,0.0,-0.1235,0.7568
M2 利率双因子,次,A 全样本δ,3日(主),2025-04-10,2025-04-10,中国反制84%至125% 亚洲IG信用risk-off,credit+rate,-0.4309,-0.5623,0.1314,False,-4.0,4.0,8.0,0.0,0.1314,0.7568
M2 利率双因子,次,A 全样本δ,3日(主),2025-04-11,2025-04-11,隔夜美股再跌后亚洲风险偏好修复,credit,0.3685,0.2489,0.1196,False,-6.0,-5.0,11.0,0.0,0.1196,0.7568
M2 利率双因子,次,A 全样本δ,3日(主),2025-05-07,2025-05-07,中国央行宽松(降准50bp加7天逆回购降10bp),credit,0.2281,0.0369,0.1912,False,10.0,7.0,17.0,0.0,0.1912,0.7568
M2 利率双因子,次,A 全样本δ,3日(主),2025-05-12,2025-05-12,美中日内瓦停火(美145%降至30% 中125%降至10%),credit+fx,-0.729,-0.9509,0.2219,False,17.0,16.0,33.0,0.0,0.2219,0.7568
M2 利率双因子,次,A 全样本δ,3日(主),2025-06-05,2025-06-05,美国5月ADP弱加ISM服务跌破荣枯线 叠加美中谈判预期,rate+credit,-0.3539,-0.4911,0.1372,False,16.0,12.0,28.0,0.0,0.1372,0.7568
M2 利率双因子,次,A 全样本δ,3日(主),2025-06-16,2025-06-16,中国地产止跌回稳推进 新城控股发行美元债,credit,0.2423,0.2696,-0.0273,True,-4.0,-3.0,7.0,0.0,-0.0273,0.7568
M2 利率双因子,次,A 全样本δ,3日(主),2025-07-23,2025-07-23,美中缓和交易股债跷跷板 中国长债大跌,credit,-0.1336,-0.2544,0.1208,False,7.0,5.0,12.0,0.0,0.1208,0.7568
M2 利率双因子,次,A 全样本δ,3日(主),2025-08-01,2025-08-01,日央行加息加套息平仓重演 全球risk-off,rate+credit,0.5062,0.3963,0.1099,False,-19.0,-15.0,34.0,0.0,0.1099,0.7568
M2 利率双因子,次,A 全样本δ,3日(主),2025-08-11,2025-08-11,美中关税休战再延90天,credit+fx,0.2541,0.052,0.2021,False,-7.0,-3.0,10.0,0.0,0.2021,0.7568
M2 利率双因子,次,A 全样本δ,3日(主),2025-09-17,2025-09-17,美联储2025年首次降息25bp(至4.00-4.25%),rate,-0.3078,-0.3201,0.0123,False,9.0,10.0,19.0,0.0,0.0123,0.7568
M2 利率双因子,次,A 全样本δ,3日(主),2025-10-30,2025-10-30,特朗普-习近平会晤达成一年战术休战,credit+fx,-0.0669,0.2207,-0.2876,True,2.0,5.0,7.0,0.0,-0.2876,0.7568
M2 利率双因子,次,A 全样本δ,3日(主),2025-12-10,2025-12-10,美联储年内第三次降息(至3.50-3.75%),rate,0.0053,-0.0842,0.0895,False,-3.0,1.0,4.0,0.0,0.0895,0.7568
M2 利率双因子,次,A 全样本δ,3日(主),2026-01-23,2026-01-23,人民币中间价创2023年来最强(6.9929) USDCNY破7,fx,-0.0226,-0.0908,0.0682,False,-4.0,-2.0,6.0,0.0,0.0682,0.7568
M2 利率双因子,次,A 全样本δ,3日(主),2026-02-28,2026-03-02,美以空袭伊朗 海湾战争爆发,rate+credit,-0.1726,0.1345,-0.3071,True,16.0,12.0,28.0,0.0,-0.3071,0.7568
M2 利率双因子,次,A 全样本δ,3日(主),2026-03-02,2026-03-02,开战首个交易日 布油大涨13% 全球risk-off,rate+credit,-0.1726,0.1345,-0.3071,True,16.0,12.0,28.0,0.0,-0.3071,0.7568
M2 利率双因子,次,A 全样本δ,3日(主),2026-03-18,2026-03-18,FOMC按兵不动(3.50-3.75%) 点阵图仍显示1次降息,rate,-0.7683,-0.6928,-0.0755,True,22.0,19.0,41.0,0.0,-0.0755,0.7568
M2 利率双因子,次,A 全样本δ,3日(主),2026-03-23,2026-03-23,海湾战争risk-off(霍尔木兹48小时通牒) 10Y创8个月高位,rate+credit,0.4403,0.4803,-0.04,True,-5.0,-6.0,11.0,0.0,-0.04,0.7568
M2 利率双因子,次,A 全样本δ,3日(主),2026-05-19,2026-05-19,美债长端抛售峰值 10Y约4.68% 30Y约5.2%,rate+credit,0.2976,0.2117,0.0859,False,-2.0,-4.0,6.0,0.0,0.0859,0.7568
M2 利率双因子,次,A 全样本δ,3日(主),2026-07-15,2026-07-15,人民币中间价破6.80 升值至约6.77,fx,0.2277,0.242,-0.0143,True,-3.0,-3.0,6.0,0.0,-0.0143,0.7568
M2 利率双因子,次,A 全样本δ,5日,2021-10-12,2021-10-12,中资房企信用危机(恒大等)美元债抛售传染,credit,-0.0254,-0.1809,0.1555,False,11.0,-2.0,13.0,0.0,0.1555,0.7568
M2 利率双因子,次,A 全样本δ,5日,2021-11-04,2021-11-04,英央行意外不加息 美债收益率回落,rate,-0.5428,-0.1229,-0.4199,True,4.0,-4.0,8.0,0.0,-0.4199,0.7568
M2 利率双因子,次,A 全样本δ,5日,2021-11-10,2021-11-10,美国10月CPI同比6.2%创31年新高,rate,-0.313,-0.6839,0.3709,False,16.0,14.0,30.0,0.0,0.3709,0.7568
M2 利率双因子,次,A 全样本δ,5日,2021-11-26,2021-11-26,奥密克戎变异株恐慌 全球避险,rate,0.0987,0.5158,-0.4171,True,-13.0,-20.0,33.0,0.0,-0.4171,0.7568
M2 利率双因子,次,A 全样本δ,5日,2021-12-09,2021-12-09,恒大正式违约 美元走强,credit+fx,0.6167,0.5992,0.0175,False,-1.0,-5.0,6.0,0.0,0.0175,0.7568
M2 利率双因子,次,A 全样本δ,5日,2022-01-18,2022-01-18,美联储紧缩预期发酵 收益率飙升,credit+rate,-0.3519,-0.173,-0.1789,True,-2.0,-3.0,5.0,0.0,-0.1789,0.7568
M2 利率双因子,次,A 全样本δ,5日,2022-01-27,2022-01-27,美联储1月会议转鹰(鲍威尔),rate+fx,0.7668,0.9592,-0.1924,True,-6.0,-7.0,13.0,0.0,-0.1924,0.7568
M2 利率双因子,次,A 全样本δ,5日,2022-02-07,2022-02-07,节后风险偏好回落 美债调整,credit,-0.3363,-0.0565,-0.2798,True,6.0,-1.0,7.0,0.0,-0.2798,0.7568
M2 利率双因子,次,A 全样本δ,5日,2022-02-28,2022-02-28,俄乌开战 避险与通胀双线,rate,0.3143,0.9366,-0.6223,True,-21.0,-23.0,44.0,0.0,-0.6223,0.7568
M2 利率双因子,次,A 全样本δ,5日,2022-03-15,2022-03-15,美联储开启加息周期(3/16加息25bp)前风险偏好,credit+rate,-0.094,-0.7805,0.6865,False,23.0,18.0,41.0,0.0,0.6865,0.7568
M2 利率双因子,次,A 全样本δ,5日,2022-03-17,2022-03-17,加息落地 利空出尽反弹,credit,0.9569,-0.1037,1.0606,False,16.0,13.0,29.0,0.0,1.0606,0.7568
M2 利率双因子,次,A 全样本δ,5日,2022-03-28,2022-03-28,上海疫情封控 增长担忧,credit+fx,1.0329,0.2824,0.7505,False,0.0,-9.0,9.0,0.0,0.7505,0.7568
M2 利率双因子,次,A 全样本δ,5日,2022-04-25,2022-04-25,人民币快速贬值(疫情封控+中美利差倒挂),fx,1.3099,1.7478,-0.4379,True,-2.0,-1.0,3.0,0.0,-0.4379,0.7568
M2 利率双因子,次,A 全样本δ,5日,2022-05-12,2022-05-12,人民币续贬 中美利差倒挂加深,fx,0.4713,0.6547,-0.1834,True,0.0,-2.0,2.0,0.0,-0.1834,0.7568
M2 利率双因子,次,A 全样本δ,5日,2022-05-03,2022-05-03,5月FOMC前风险偏好弱 债市调整,credit,0.8929,1.7646,-0.8717,True,-6.0,6.0,12.0,0.0,-0.8717,0.7568
M2 利率双因子,次,A 全样本δ,5日,2022-06-13,2022-06-13,5月CPI超预期后美债暴跌 全球债市承压,rate+credit,-0.8646,-0.1742,-0.6904,True,9.0,10.0,19.0,0.0,-0.6904,0.7568
M2 利率双因子,次,A 全样本δ,5日,2022-06-15,2022-06-15,FOMC加息75bp 声明后收益率回落,rate,0.7343,0.7253,0.009,False,-39.0,-33.0,72.0,0.0,0.009,0.7568
M2 利率双因子,次,A 全样本δ,5日,2022-07-22,2022-07-22,中国地产纾困与政策预期 风险偏好,credit,1.0662,0.7024,0.3638,False,-31.0,-23.0,54.0,0.0,0.3638,0.7568
M2 利率双因子,次,A 全样本δ,5日,2022-08-05,2022-08-05,7月非农强劲 加息预期升温,rate,-0.7068,-0.7152,0.0084,False,22.0,19.0,41.0,0.0,0.0084,0.7568
M2 利率双因子,次,A 全样本δ,5日,2022-09-06,2022-09-06,人民币贬向6.9 美元指数走强,fx,0.09,-0.1536,0.2436,False,17.0,17.0,34.0,0.0,0.2436,0.7568
M2 利率双因子,次,A 全样本δ,5日,2022-09-22,2022-09-22,FOMC鹰派点阵图 收益率上行,rate,0.4062,1.4376,-1.0314,True,18.0,21.0,39.0,0.0,-1.0314,0.7568
M2 利率双因子,次,A 全样本δ,5日,2022-09-26,2022-09-26,英国迷你预算危机 全球利率上行,rate,-1.5193,-0.6009,-0.9184,True,10.0,14.0,24.0,0.0,-0.9184,0.7568
M2 利率双因子,次,A 全样本δ,5日,2022-09-28,2022-09-28,英央行紧急购债 全球收益率回落,rate+fx,-0.4062,0.4618,-0.868,True,-37.0,-35.0,72.0,0.0,-0.868,0.7568
M2 利率双因子,次,A 全样本δ,5日,2022-10-14,2022-10-14,全球债市动荡(英养老金危机) 信用承压,credit,-0.9612,-0.3092,-0.652,True,24.0,27.0,51.0,0.0,-0.652,0.7568
M2 利率双因子,次,A 全样本δ,5日,2022-10-26,2022-10-26,美元自高位大幅回落 人民币急升,fx,0.1111,0.2009,-0.0898,True,2.0,-3.0,5.0,0.0,-0.0898,0.7568
M2 利率双因子,次,A 全样本δ,5日,2022-11-10,2022-11-10,美国10月CPI回落至7.7% 美债暴涨,rate+fx,1.5075,0.1775,1.33,False,-34.0,-35.0,69.0,0.0,1.33,0.7568
M2 利率双因子,次,A 全样本δ,5日,2022-11-14,2022-11-14,中国发布防控优化二十条+地产金融16条(11-11公布 美股11-11休市),credit+fx,0.4942,-0.8664,1.3606,False,4.0,0.0,4.0,0.0,1.3606,0.7568
M2 利率双因子,次,A 全样本δ,5日,2022-11-29,2022-11-29,证监会恢复房企股权融资(第三支箭),credit,-2.0415,-3.0825,1.041,False,-8.0,-9.0,17.0,0.0,1.041,0.7568
M2 利率双因子,次,A 全样本δ,5日,2022-11-30,2022-11-30,人民币续升 风险偏好修复,fx,-0.6074,-1.3878,0.7804,False,-19.0,-24.0,43.0,0.0,0.7804,0.7568
M2 利率双因子,次,A 全样本δ,5日,2022-12-05,2022-12-05,防疫新十条 放开加速 人民币走强,fx,-0.9927,-1.07,0.0773,False,8.0,6.0,14.0,0.0,0.0773,0.7568
M2 利率双因子,次,A 全样本δ,5日,2022-12-30,2022-12-30,年末人民币偏强 美元弱,fx,-0.7688,-0.7352,-0.0336,True,-25.0,-28.0,53.0,0.0,-0.0336,0.7568
M2 利率双因子,次,A 全样本δ,5日,2023-01-06,2023-01-06,美国12月ISM服务业破荣枯线+薪资降温,rate,-0.6497,-0.9314,0.2817,False,-37.0,-28.0,65.0,0.0,0.2817,0.7568
M2 利率双因子,次,A 全样本δ,5日,2023-01-09,2023-01-09,中国重启+美元走弱 人民币续升,fx,-1.2985,-1.6935,0.395,False,-9.0,-6.0,15.0,0.0,0.395,0.7568
M2 利率双因子,次,A 全样本δ,5日,2023-01-12,2023-01-12,美国12月CPI回落+中国开放推进,credit,1.257,0.705,0.552,False,-18.0,-15.0,33.0,0.0,0.552,0.7568
M2 利率双因子,次,A 全样本δ,5日,2023-01-17,2023-01-17,人民币单日回调(升幅过大/中间价),fx,1.9128,1.2929,0.6199,False,1.0,3.0,4.0,0.0,0.6199,0.7568
M2 利率双因子,次,A 全样本δ,5日,2023-03-01,2023-03-01,中国2月PMI强劲 人民币升值,fx,0.0874,0.227,-0.1396,True,13.0,5.0,18.0,0.0,-0.1396,0.7568
M2 利率双因子,次,A 全样本δ,5日,2023-03-10,2023-03-10,硅谷银行SVB被接管 避险,rate+fx+credit,0.323,0.5808,-0.2578,True,-50.0,-37.0,87.0,0.0,-0.2578,0.7568
M2 利率双因子,次,A 全样本δ,5日,2023-03-13,2023-03-13,SVB传染 瑞信危机发酵,rate+fx,0.9089,1.1553,-0.2464,True,-52.0,-31.0,83.0,0.0,-0.2464,0.7568
M2 利率双因子,次,A 全样本δ,5日,2023-03-14,2023-03-14,美联储新工具BTFP 银行风险缓解 投资级债涨,credit,0.4536,0.8567,-0.4031,True,-12.0,-8.0,20.0,0.0,-0.4031,0.7568
M2 利率双因子,次,A 全样本δ,5日,2023-03-17,2023-03-17,瑞信危机蔓延 美债收益率续降,rate,-0.1086,-0.2804,0.1718,False,-33.0,-18.0,51.0,0.0,0.1718,0.7568
M2 利率双因子,次,A 全样本δ,5日,2023-03-23,2023-03-23,美联储加息25bp接近尾声 美元走弱,fx,-0.4226,-0.2062,-0.2164,True,13.0,9.0,22.0,0.0,-0.2164,0.7568
M2 利率双因子,次,A 全样本δ,5日,2023-06-20,2023-06-20,中国1年期LPR下调10bp 经济偏弱,credit+fx,1.7959,1.7917,0.0042,False,-3.0,-5.0,8.0,0.0,0.0042,0.7568
M2 利率双因子,次,A 全样本δ,5日,2023-06-26,2023-06-26,人民币续贬(中美利差/经济预期),fx,0.8421,0.7776,0.0645,False,14.0,7.0,21.0,0.0,0.0645,0.7568
M2 利率双因子,次,A 全样本δ,5日,2023-09-11,2023-09-11,央行维稳+美元回落 人民币急升,fx,-1.0919,-1.1194,0.0275,False,6.0,7.0,13.0,0.0,0.0275,0.7568
M2 利率双因子,次,A 全样本δ,5日,2023-10-04,2023-10-04,美债长端急升(10Y创多年新高) 全球利差走阔,rate+credit,1.0751,0.9505,0.1246,False,-21.0,-23.0,44.0,0.0,0.1246,0.7568
M2 利率双因子,次,A 全样本δ,5日,2023-10-26,2023-10-26,美债动荡延续 经济数据强劲,credit,0.7634,0.7815,-0.0181,True,-22.0,-18.0,40.0,0.0,-0.0181,0.7568
M2 利率双因子,次,A 全样本δ,5日,2023-11-01,2023-11-01,美债供应与再融资压力,credit,1.1795,0.6555,0.524,False,-29.0,-30.0,59.0,0.0,0.524,0.7568
M2 利率双因子,次,A 全样本δ,5日,2023-11-06,2023-11-06,风险偏好修复 利差收窄,credit,-0.3018,-0.403,0.1012,False,16.0,4.0,20.0,0.0,0.1012,0.7568
M2 利率双因子,次,A 全样本δ,5日,2023-11-14,2023-11-14,美国10月CPI低于预期(3.2%),rate,-0.4378,-0.8183,0.3805,False,-22.0,-21.0,43.0,0.0,0.3805,0.7568
M2 利率双因子,次,A 全样本δ,5日,2023-11-15,2023-11-15,CPI后信用大涨 利差大幅收窄,credit,-0.9,-1.4713,0.5713,False,-1.0,-3.0,4.0,0.0,0.5713,0.7568
M2 利率双因子,次,A 全样本δ,5日,2023-11-20,2023-11-20,美元走弱 人民币升,fx,-0.2589,-0.5532,0.2943,False,-7.0,-5.0,12.0,0.0,0.2943,0.7568
M2 利率双因子,次,A 全样本δ,5日,2023-12-01,2023-12-01,"鲍威尔称""为时过早谈降息"" 鹰派",credit,1.3813,1.1159,0.2654,False,-20.0,-23.0,43.0,0.0,0.2654,0.7568
M2 利率双因子,次,A 全样本δ,5日,2023-12-13,2023-12-13,FOMC点阵图转向降息 收益率大降,rate+credit,0.9803,0.4311,0.5492,False,-29.0,-27.0,56.0,0.0,0.5492,0.7568
M2 利率双因子,次,A 全样本δ,5日,2023-12-14,2023-12-14,转鸽确认 风险资产大涨 美元走弱,credit+fx,0.5828,0.1888,0.394,False,-14.0,-18.0,32.0,0.0,0.394,0.7568
M2 利率双因子,次,A 全样本δ,5日,2024-01-02,2024-01-02,年初购汇需求与美元偏强 人民币走弱,fx,-0.1422,0.3485,-0.4907,True,13.0,13.0,26.0,0.0,-0.4907,0.7568
M2 利率双因子,次,A 全样本δ,5日,2024-02-07,2024-02-07,中国股市流动性风险+美债收益率上行,credit,-0.176,-0.7622,0.5862,False,28.0,22.0,50.0,0.0,0.5862,0.7568
M2 利率双因子,次,A 全样本δ,5日,2024-04-10,2024-04-10,美国3月CPI超预期 收益率急升,rate,-1.0722,-0.992,-0.0802,True,32.0,31.0,63.0,0.0,-0.0802,0.7568
M2 利率双因子,次,A 全样本δ,5日,2024-05-06,2024-05-06,美元回落 人民币升值,fx,0.0935,-0.1608,0.2543,False,4.0,0.0,4.0,0.0,0.2543,0.7568
M2 利率双因子,次,A 全样本δ,5日,2024-05-16,2024-05-16,美国4月CPI回落 风险资产涨,credit,0.7276,0.0703,0.6573,False,12.0,7.0,19.0,0.0,0.6573,0.7568
M2 利率双因子,次,A 全样本δ,5日,2024-08-02,2024-08-02,7月非农大幅走弱+日元套息平仓,rate+fx+credit,-0.9896,-0.8843,-0.1053,True,-1.0,0.0,1.0,0.0,-0.1053,0.7568
M2 利率双因子,次,A 全样本δ,5日,2024-10-04,2024-10-04,9月非农强劲 收益率上行,rate,0.0231,0.0218,0.0013,False,29.0,24.0,53.0,0.0,0.0013,0.7568
M2 利率双因子,次,A 全样本δ,5日,2024-10-08,2024-10-08,中国政策刺激后汇率波动 人民币回调,fx,1.5513,1.5094,0.0419,False,0.0,0.0,0.0,0.0,0.0419,0.7568
M2 利率双因子,次,A 全样本δ,5日,2024-11-06,2024-11-06,特朗普胜选 美债收益率上行 美元大涨,rate+fx,1.3475,1.1072,0.2403,False,14.0,18.0,32.0,0.0,0.2403,0.7568
M2 利率双因子,次,A 全样本δ,5日,2025-04-02,2025-04-02,"美国""解放日""对等关税(中国累计约54%) 历史级risk-off",rate+credit+fx,-0.1087,0.776,-0.8847,True,-3.0,9.0,12.0,0.0,-0.8847,0.7568
M2 利率双因子,次,A 全样本δ,5日,2025-04-08,2025-04-08,美中关税加码至104% 人民币中间价破7.20 美债市场承压,rate+fx,-0.6395,-0.7057,0.0662,False,20.0,23.0,43.0,0.0,0.0662,0.7568
M2 利率双因子,次,A 全样本δ,5日,2025-04-09,2025-04-09,90天关税暂缓(不含中国) 美股+9.5%,rate,-0.5425,-0.5951,0.0526,False,10.0,9.0,19.0,0.0,0.0526,0.7568
M2 利率双因子,次,A 全样本δ,5日,2025-04-10,2025-04-10,中国反制84%至125% 亚洲IG信用risk-off,credit+rate,0.0672,-0.2758,0.343,False,-15.0,-5.0,20.0,0.0,0.343,0.7568
M2 利率双因子,次,A 全样本δ,5日,2025-04-11,2025-04-11,隔夜美股再跌后亚洲风险偏好修复,credit,0.3727,0.1105,0.2622,False,-9.0,-6.0,15.0,0.0,0.2622,0.7568
M2 利率双因子,次,A 全样本δ,5日,2025-05-07,2025-05-07,中国央行宽松(降准50bp加7天逆回购降10bp),credit,-0.4352,-0.8043,0.3691,False,22.0,19.0,41.0,0.0,0.3691,0.7568
M2 利率双因子,次,A 全样本δ,5日,2025-05-12,2025-05-12,美中日内瓦停火(美145%降至30% 中125%降至10%),credit+fx,-0.3903,-0.5309,0.1406,False,6.0,6.0,12.0,0.0,0.1406,0.7568
M2 利率双因子,次,A 全样本δ,5日,2025-06-05,2025-06-05,美国5月ADP弱加ISM服务跌破荣枯线 叠加美中谈判预期,rate+credit,0.2082,0.001,0.2072,False,9.0,4.0,13.0,0.0,0.2072,0.7568
M2 利率双因子,次,A 全样本δ,5日,2025-06-16,2025-06-16,中国地产止跌回稳推进 新城控股发行美元债,credit,0.2929,0.3327,-0.0398,True,-11.0,-7.0,18.0,0.0,-0.0398,0.7568
M2 利率双因子,次,A 全样本δ,5日,2025-07-23,2025-07-23,美中缓和交易股债跷跷板 中国长债大跌,credit,0.3331,0.1138,0.2193,False,2.0,-1.0,3.0,0.0,0.2193,0.7568
M2 利率双因子,次,A 全样本δ,5日,2025-08-01,2025-08-01,日央行加息加套息平仓重演 全球risk-off,rate+credit,0.3599,0.3394,0.0205,False,-17.0,-14.0,31.0,0.0,0.0205,0.7568
M2 利率双因子,次,A 全样本δ,5日,2025-08-11,2025-08-11,美中关税休战再延90天,credit+fx,0.1707,-0.1435,0.3142,False,1.0,6.0,7.0,0.0,0.3142,0.7568
M2 利率双因子,次,A 全样本δ,5日,2025-09-17,2025-09-17,美联储2025年首次降息25bp(至4.00-4.25%),rate,-0.266,-0.2698,0.0038,False,9.0,8.0,17.0,0.0,0.0038,0.7568
M2 利率双因子,次,A 全样本δ,5日,2025-10-30,2025-10-30,特朗普-习近平会晤达成一年战术休战,credit+fx,-0.2756,0.1542,-0.4298,True,6.0,9.0,15.0,0.0,-0.4298,0.7568
M2 利率双因子,次,A 全样本δ,5日,2025-12-10,2025-12-10,美联储年内第三次降息(至3.50-3.75%),rate,0.039,-0.0783,0.1173,False,-9.0,-3.0,12.0,0.0,0.1173,0.7568
M2 利率双因子,次,A 全样本δ,5日,2026-01-23,2026-01-23,人民币中间价创2023年来最强(6.9929) USDCNY破7,fx,-0.1003,-0.1483,0.048,False,-5.0,-2.0,7.0,0.0,0.048,0.7568
M2 利率双因子,次,A 全样本δ,5日,2026-02-28,2026-03-02,美以空袭伊朗 海湾战争爆发,rate+credit,-0.2568,-0.0575,-0.1993,True,21.0,18.0,39.0,0.0,-0.1993,0.7568
M2 利率双因子,次,A 全样本δ,5日,2026-03-02,2026-03-02,开战首个交易日 布油大涨13% 全球risk-off,rate+credit,-0.2568,-0.0575,-0.1993,True,21.0,18.0,39.0,0.0,-0.1993,0.7568
M2 利率双因子,次,A 全样本δ,5日,2026-03-18,2026-03-18,FOMC按兵不动(3.50-3.75%) 点阵图仍显示1次降息,rate,-0.8281,-0.5914,-0.2367,True,24.0,19.0,43.0,0.0,-0.2367,0.7568
M2 利率双因子,次,A 全样本δ,5日,2026-03-23,2026-03-23,海湾战争risk-off(霍尔木兹48小时通牒) 10Y创8个月高位,rate+credit,0.1847,0.261,-0.0763,True,5.0,5.0,10.0,0.0,-0.0763,0.7568
M2 利率双因子,次,A 全样本δ,5日,2026-05-19,2026-05-19,美债长端抛售峰值 10Y约4.68% 30Y约5.2%,rate+credit,0.3679,0.2485,0.1194,False,-8.0,-11.0,19.0,0.0,0.1194,0.7568
M2 利率双因子,次,A 全样本δ,5日,2026-07-15,2026-07-15,人民币中间价破6.80 升值至约6.77,fx,-0.2259,-0.1872,-0.0387,True,6.0,5.0,11.0,0.0,-0.0387,0.7568
M2 利率双因子,次,B 事件前δ,1日,2021-10-12,2021-10-12,中资房企信用危机(恒大等)美元债抛售传染,credit,-0.1176,0.2047,-0.3223,True,3.0,-2.0,5.0,-0.0775,-0.2448,0.7568
M2 利率双因子,次,B 事件前δ,1日,2021-11-04,2021-11-04,英央行意外不加息 美债收益率回落,rate,0.1395,0.0652,0.0743,False,-9.0,-7.0,16.0,0.0813,-0.007,0.7568
M2 利率双因子,次,B 事件前δ,1日,2021-11-10,2021-11-10,美国10月CPI同比6.2%创31年新高,rate,-0.4522,-0.3658,-0.0864,True,15.0,10.0,25.0,-0.082,-0.0044,0.7568
M2 利率双因子,次,B 事件前δ,1日,2021-11-26,2021-11-26,奥密克戎变异株恐慌 全球避险,rate,0.4816,0.5711,-0.0895,True,-18.0,-16.0,34.0,0.0617,-0.1512,0.7568
M2 利率双因子,次,B 事件前δ,1日,2021-12-09,2021-12-09,恒大正式违约 美元走强,credit+fx,0.7043,0.6318,0.0725,False,-1.0,-3.0,4.0,0.0077,0.0648,0.7568
M2 利率双因子,次,B 事件前δ,1日,2022-01-18,2022-01-18,美联储紧缩预期发酵 收益率飙升,credit+rate,-0.6263,-0.3312,-0.2951,True,10.0,9.0,19.0,0.006,-0.3011,0.7568
M2 利率双因子,次,B 事件前δ,1日,2022-01-27,2022-01-27,美联储1月会议转鹰(鲍威尔),rate+fx,0.892,0.8708,0.0212,False,0.0,-4.0,4.0,0.003,0.0183,0.7568
M2 利率双因子,次,B 事件前δ,1日,2022-02-07,2022-02-07,节后风险偏好回落 美债调整,credit,-0.0603,0.0428,-0.1031,True,-2.0,-1.0,3.0,0.0161,-0.1192,0.7568
M2 利率双因子,次,B 事件前δ,1日,2022-02-28,2022-02-28,俄乌开战 避险与通胀双线,rate,0.2358,0.4362,-0.2004,True,-15.0,-14.0,29.0,-0.0308,-0.1696,0.7568
M2 利率双因子,次,B 事件前δ,1日,2022-03-15,2022-03-15,美联储开启加息周期(3/16加息25bp)前风险偏好,credit+rate,-0.3915,0.0302,-0.4217,True,0.0,1.0,1.0,0.0347,-0.4564,0.7568
M2 利率双因子,次,B 事件前δ,1日,2022-03-17,2022-03-17,加息落地 利空出尽反弹,credit,0.5985,-0.1262,0.7247,False,-1.0,1.0,2.0,0.0385,0.6863,0.7568
M2 利率双因子,次,B 事件前δ,1日,2022-03-28,2022-03-28,上海疫情封控 增长担忧,credit+fx,0.34,0.153,0.187,False,-1.0,-2.0,3.0,0.0153,0.1717,0.7568
M2 利率双因子,次,B 事件前δ,1日,2022-04-25,2022-04-25,人民币快速贬值(疫情封控+中美利差倒挂),fx,0.8645,1.2589,-0.3944,True,-10.0,-9.0,19.0,-0.0234,-0.3711,0.7568
M2 利率双因子,次,B 事件前δ,1日,2022-05-12,2022-05-12,人民币续贬 中美利差倒挂加深,fx,0.8845,1.2772,-0.3927,True,-8.0,-7.0,15.0,0.0019,-0.3947,0.7568
M2 利率双因子,次,B 事件前δ,1日,2022-05-03,2022-05-03,5月FOMC前风险偏好弱 债市调整,credit,-0.4912,0.0633,-0.5545,True,0.0,-2.0,2.0,0.0094,-0.5639,0.7568
M2 利率双因子,次,B 事件前δ,1日,2022-06-13,2022-06-13,5月CPI超预期后美债暴跌 全球债市承压,rate+credit,-0.6778,-0.4987,-0.1791,True,31.0,28.0,59.0,0.1203,-0.2994,0.7568
M2 利率双因子,次,B 事件前δ,1日,2022-06-15,2022-06-15,FOMC加息75bp 声明后收益率回落,rate,0.4851,0.3004,0.1847,False,-23.0,-16.0,39.0,-0.037,0.2217,0.7568
M2 利率双因子,次,B 事件前δ,1日,2022-07-22,2022-07-22,中国地产纾困与政策预期 风险偏好,credit,0.4795,0.3117,0.1678,False,-13.0,-14.0,27.0,-0.0164,0.1842,0.7568
M2 利率双因子,次,B 事件前δ,1日,2022-08-05,2022-08-05,7月非农强劲 加息预期升温,rate,-0.5379,-0.4814,-0.0565,True,21.0,15.0,36.0,0.0746,-0.1311,0.7568
M2 利率双因子,次,B 事件前δ,1日,2022-09-06,2022-09-06,人民币贬向6.9 美元指数走强,fx,0.253,0.2484,0.0046,False,13.0,13.0,26.0,0.0743,-0.0697,0.7568
M2 利率双因子,次,B 事件前δ,1日,2022-09-22,2022-09-22,FOMC鹰派点阵图 收益率上行,rate,-0.298,-0.3524,0.0544,False,17.0,19.0,36.0,0.0935,-0.0391,0.7568
M2 利率双因子,次,B 事件前δ,1日,2022-09-26,2022-09-26,英国迷你预算危机 全球利率上行,rate,-0.7474,-0.6141,-0.1333,True,19.0,19.0,38.0,0.0903,-0.2236,0.7568
M2 利率双因子,次,B 事件前δ,1日,2022-09-28,2022-09-28,英央行紧急购债 全球收益率回落,rate+fx,0.8734,1.3587,-0.4853,True,-29.0,-25.0,54.0,-0.0683,-0.417,0.7568
M2 利率双因子,次,B 事件前δ,1日,2022-10-14,2022-10-14,全球债市动荡(英养老金危机) 信用承压,credit,-0.0614,0.1319,-0.1933,True,4.0,3.0,7.0,0.035,-0.2284,0.7568
M2 利率双因子,次,B 事件前δ,1日,2022-10-26,2022-10-26,美元自高位大幅回落 人民币急升,fx,-1.0527,-1.1457,0.093,False,-5.0,-6.0,11.0,0.0196,0.0734,0.7568
M2 利率双因子,次,B 事件前δ,1日,2022-11-10,2022-11-10,美国10月CPI回落至7.7% 美债暴涨,rate+fx,0.2453,0.3924,-0.1471,True,-32.0,-30.0,62.0,-0.0302,-0.1169,0.7568
M2 利率双因子,次,B 事件前δ,1日,2022-11-14,2022-11-14,中国发布防控优化二十条+地产金融16条(11-11公布 美股11-11休市),credit+fx,-0.671,-1.8305,1.1595,False,5.0,6.0,11.0,0.0448,1.1147,0.7568
M2 利率双因子,次,B 事件前δ,1日,2022-11-29,2022-11-29,证监会恢复房企股权融资(第三支箭),credit,-0.7159,-0.9347,0.2188,False,4.0,6.0,10.0,0.0377,0.1812,0.7568
M2 利率双因子,次,B 事件前δ,1日,2022-11-30,2022-11-30,人民币续升 风险偏好修复,fx,-0.3595,-0.6853,0.3258,False,-10.0,-7.0,17.0,0.0143,0.3115,0.7568
M2 利率双因子,次,B 事件前δ,1日,2022-12-05,2022-12-05,防疫新十条 放开加速 人民币走强,fx,-1.1382,-1.2192,0.081,False,13.0,9.0,22.0,0.0395,0.0415,0.7568
M2 利率双因子,次,B 事件前δ,1日,2022-12-30,2022-12-30,年末人民币偏强 美元弱,fx,-1.1452,-1.1418,-0.0034,True,5.0,5.0,10.0,0.0285,-0.0319,0.7568
M2 利率双因子,次,B 事件前δ,1日,2023-01-06,2023-01-06,美国12月ISM服务业破荣枯线+薪资降温,rate,-0.0356,0.0268,-0.0624,True,-21.0,-16.0,37.0,-0.0088,-0.0536,0.7568
M2 利率双因子,次,B 事件前δ,1日,2023-01-09,2023-01-09,中国重启+美元走弱 人民币续升,fx,-0.6092,-0.9051,0.2959,False,-3.0,-2.0,5.0,0.0162,0.2797,0.7568
M2 利率双因子,次,B 事件前δ,1日,2023-01-12,2023-01-12,美国12月CPI回落+中国开放推进,credit,-0.0329,-0.058,0.0251,False,-13.0,-11.0,24.0,-0.0013,0.0265,0.7568
M2 利率双因子,次,B 事件前δ,1日,2023-01-17,2023-01-17,人民币单日回调(升幅过大/中间价),fx,1.1309,0.929,0.2019,False,0.0,4.0,4.0,0.0263,0.1756,0.7568
M2 利率双因子,次,B 事件前δ,1日,2023-03-01,2023-03-01,中国2月PMI强劲 人民币升值,fx,-1.3363,-1.32,-0.0163,True,9.0,9.0,18.0,0.0312,-0.0476,0.7568
M2 利率双因子,次,B 事件前δ,1日,2023-03-10,2023-03-10,硅谷银行SVB被接管 避险,rate+fx+credit,-0.0083,0.0418,-0.0501,True,-26.0,-23.0,49.0,-0.0259,-0.0243,0.7568
M2 利率双因子,次,B 事件前δ,1日,2023-03-13,2023-03-13,SVB传染 瑞信危机发酵,rate+fx,-0.1164,-0.1467,0.0303,False,-28.0,-15.0,43.0,-0.0129,0.0431,0.7568
M2 利率双因子,次,B 事件前δ,1日,2023-03-14,2023-03-14,美联储新工具BTFP 银行风险缓解 投资级债涨,credit,-0.2339,-0.0302,-0.2037,True,10.0,9.0,19.0,0.0316,-0.2352,0.7568
M2 利率双因子,次,B 事件前δ,1日,2023-03-17,2023-03-17,瑞信危机蔓延 美债收益率续降,rate,0.5776,0.6247,-0.0471,True,-28.0,-17.0,45.0,-0.0342,-0.0129,0.7568
M2 利率双因子,次,B 事件前δ,1日,2023-03-23,2023-03-23,美联储加息25bp接近尾声 美元走弱,fx,-0.5432,-0.461,-0.0822,True,-15.0,-10.0,25.0,-0.0126,-0.0697,0.7568
M2 利率双因子,次,B 事件前δ,1日,2023-06-20,2023-06-20,中国1年期LPR下调10bp 经济偏弱,credit+fx,0.9288,0.9003,0.0285,False,-3.0,-3.0,6.0,0.0091,0.0193,0.7568
M2 利率双因子,次,B 事件前δ,1日,2023-06-26,2023-06-26,人民币续贬(中美利差/经济预期),fx,0.9422,0.9008,0.0414,False,-3.0,-2.0,5.0,0.0096,0.0318,0.7568
M2 利率双因子,次,B 事件前δ,1日,2023-09-11,2023-09-11,央行维稳+美元回落 人民币急升,fx,-0.908,-0.8431,-0.0649,True,1.0,3.0,4.0,0.0125,-0.0774,0.7568
M2 利率双因子,次,B 事件前δ,1日,2023-10-04,2023-10-04,美债长端急升(10Y创多年新高) 全球利差走阔,rate+credit,0.15,0.3065,-0.1565,True,-8.0,-8.0,16.0,0.0038,-0.1603,0.7568
M2 利率双因子,次,B 事件前δ,1日,2023-10-26,2023-10-26,美债动荡延续 经济数据强劲,credit,0.2766,0.3325,-0.0559,True,-10.0,-9.0,19.0,0.002,-0.0579,0.7568
M2 利率双因子,次,B 事件前δ,1日,2023-11-01,2023-11-01,美债供应与再融资压力,credit,0.5639,0.4642,0.0997,False,-15.0,-11.0,26.0,0.0003,0.0994,0.7568
M2 利率双因子,次,B 事件前δ,1日,2023-11-06,2023-11-06,风险偏好修复 利差收窄,credit,-0.5058,-0.8107,0.3049,False,11.0,10.0,21.0,0.0215,0.2835,0.7568
M2 利率双因子,次,B 事件前δ,1日,2023-11-14,2023-11-14,美国10月CPI低于预期(3.2%),rate,0.1677,0.2693,-0.1016,True,-24.0,-19.0,43.0,-0.0084,-0.0932,0.7568
M2 利率双因子,次,B 事件前δ,1日,2023-11-15,2023-11-15,CPI后信用大涨 利差大幅收窄,credit,-0.1396,-0.4333,0.2937,False,10.0,9.0,19.0,0.0182,0.2755,0.7568
M2 利率双因子,次,B 事件前δ,1日,2023-11-20,2023-11-20,美元走弱 人民币升,fx,-0.4647,-0.5393,0.0746,False,-1.0,-2.0,3.0,0.0078,0.0669,0.7568
M2 利率双因子,次,B 事件前δ,1日,2023-12-01,2023-12-01,"鲍威尔称""为时过早谈降息"" 鹰派",credit,0.5283,0.6256,-0.0973,True,-17.0,-15.0,32.0,-0.0044,-0.0929,0.7568
M2 利率双因子,次,B 事件前δ,1日,2023-12-13,2023-12-13,FOMC点阵图转向降息 收益率大降,rate+credit,0.7926,0.6218,0.1708,False,-23.0,-16.0,39.0,-0.0032,0.174,0.7568
M2 利率双因子,次,B 事件前δ,1日,2023-12-14,2023-12-14,转鸽确认 风险资产大涨 美元走弱,credit+fx,-0.1028,-0.4464,0.3436,False,-10.0,-12.0,22.0,-0.0028,0.3464,0.7568
M2 利率双因子,次,B 事件前δ,1日,2024-01-02,2024-01-02,年初购汇需求与美元偏强 人民币走弱,fx,0.4091,0.3261,0.083,False,9.0,7.0,16.0,0.013,0.0699,0.7568
M2 利率双因子,次,B 事件前δ,1日,2024-02-07,2024-02-07,中国股市流动性风险+美债收益率上行,credit,0.0212,0.0332,-0.012,True,3.0,0.0,3.0,0.0065,-0.0185,0.7568
M2 利率双因子,次,B 事件前δ,1日,2024-04-10,2024-04-10,美国3月CPI超预期 收益率急升,rate,-0.6214,-0.7046,0.0832,False,24.0,19.0,43.0,0.0114,0.0718,0.7568
M2 利率双因子,次,B 事件前δ,1日,2024-05-06,2024-05-06,美元回落 人民币升值,fx,-0.2127,-0.4233,0.2106,False,0.0,-1.0,1.0,0.0043,0.2063,0.7568
M2 利率双因子,次,B 事件前δ,1日,2024-05-16,2024-05-16,美国4月CPI回落 风险资产涨,credit,0.4563,-0.0996,0.5559,False,5.0,2.0,7.0,0.0041,0.5519,0.7568
M2 利率双因子,次,B 事件前δ,1日,2024-08-02,2024-08-02,7月非农大幅走弱+日元套息平仓,rate+fx+credit,-0.3456,-0.4299,0.0843,False,-22.0,-19.0,41.0,0.0028,0.0815,0.7568
M2 利率双因子,次,B 事件前δ,1日,2024-10-04,2024-10-04,9月非农强劲 收益率上行,rate,-0.4747,-0.5142,0.0395,False,19.0,13.0,32.0,0.0008,0.0387,0.7568
M2 利率双因子,次,B 事件前δ,1日,2024-10-08,2024-10-08,中国政策刺激后汇率波动 人民币回调,fx,0.6449,0.5788,0.0661,False,0.0,1.0,1.0,0.0028,0.0634,0.7568
M2 利率双因子,次,B 事件前δ,1日,2024-11-06,2024-11-06,特朗普胜选 美债收益率上行 美元大涨,rate+fx,0.4985,0.4829,0.0156,False,11.0,16.0,27.0,0.0067,0.0089,0.7568
M2 利率双因子,次,B 事件前δ,1日,2025-04-02,2025-04-02,"美国""解放日""对等关税(中国累计约54%) 历史级risk-off",rate+credit+fx,-0.1272,-0.1366,0.0094,False,4.0,3.0,7.0,0.0016,0.0077,0.7568
M2 利率双因子,次,B 事件前δ,1日,2025-04-08,2025-04-08,美中关税加码至104% 人民币中间价破7.20 美债市场承压,rate+fx,0.2128,0.0549,0.1579,False,6.0,11.0,17.0,0.0098,0.1481,0.7568
M2 利率双因子,次,B 事件前δ,1日,2025-04-09,2025-04-09,90天关税暂缓(不含中国) 美股+9.5%,rate,-0.4214,-0.2044,-0.217,True,18.0,8.0,26.0,-0.0037,-0.2133,0.7568
M2 利率双因子,次,B 事件前δ,1日,2025-04-10,2025-04-10,中国反制84%至125% 亚洲IG信用risk-off,credit+rate,-0.4896,-0.6431,0.1535,False,-2.0,6.0,8.0,0.0072,0.1463,0.7568
M2 利率双因子,次,B 事件前δ,1日,2025-04-11,2025-04-11,隔夜美股再跌后亚洲风险偏好修复,credit,-0.6697,-0.6167,-0.053,True,11.0,8.0,19.0,0.0034,-0.0564,0.7568
M2 利率双因子,次,B 事件前δ,1日,2025-05-07,2025-05-07,中国央行宽松(降准50bp加7天逆回购降10bp),credit,0.308,0.2717,0.0363,False,-3.0,-4.0,7.0,0.0018,0.0344,0.7568
M2 利率双因子,次,B 事件前δ,1日,2025-05-12,2025-05-12,美中日内瓦停火(美145%降至30% 中125%降至10%),credit+fx,-0.7228,-0.772,0.0492,False,9.0,8.0,17.0,0.0029,0.0462,0.7568
M2 利率双因子,次,B 事件前δ,1日,2025-06-05,2025-06-05,美国5月ADP弱加ISM服务跌破荣枯线 叠加美中谈判预期,rate+credit,-0.1631,-0.2535,0.0904,False,6.0,3.0,9.0,0.0026,0.0879,0.7568
M2 利率双因子,次,B 事件前δ,1日,2025-06-16,2025-06-16,中国地产止跌回稳推进 新城控股发行美元债,credit,-0.1833,-0.1769,-0.0064,True,2.0,5.0,7.0,0.0012,-0.0076,0.7568
M2 利率双因子,次,B 事件前δ,1日,2025-07-23,2025-07-23,美中缓和交易股债跷跷板 中国长债大跌,credit,-0.3361,-0.388,0.0519,False,6.0,5.0,11.0,0.0014,0.0505,0.7568
M2 利率双因子,次,B 事件前δ,1日,2025-08-01,2025-08-01,日央行加息加套息平仓重演 全球risk-off,rate+credit,0.7112,0.7313,-0.0201,True,-19.0,-14.0,33.0,-0.0021,-0.0179,0.7568
M2 利率双因子,次,B 事件前δ,1日,2025-08-11,2025-08-11,美中关税休战再延90天,credit+fx,0.1315,0.0842,0.0473,False,-1.0,0.0,1.0,0.0002,0.0471,0.7568
M2 利率双因子,次,B 事件前δ,1日,2025-09-17,2025-09-17,美联储2025年首次降息25bp(至4.00-4.25%),rate,-0.2836,-0.221,-0.0626,True,3.0,2.0,5.0,0.0001,-0.0627,0.7568
M2 利率双因子,次,B 事件前δ,1日,2025-10-30,2025-10-30,特朗普-习近平会晤达成一年战术休战,credit+fx,-0.2478,0.0761,-0.3239,True,2.0,3.0,5.0,-0.0006,-0.3233,0.7568
M2 利率双因子,次,B 事件前δ,1日,2025-12-10,2025-12-10,美联储年内第三次降息(至3.50-3.75%),rate,0.2297,0.2172,0.0125,False,-6.0,-5.0,11.0,-0.0004,0.0129,0.7568
M2 利率双因子,次,B 事件前δ,1日,2026-01-23,2026-01-23,人民币中间价创2023年来最强(6.9929) USDCNY破7,fx,-0.0095,-0.018,0.0085,False,-1.0,-2.0,3.0,-0.0006,0.0091,0.7568
M2 利率双因子,次,B 事件前δ,1日,2026-02-28,2026-03-02,美以空袭伊朗 海湾战争爆发,rate+credit,-0.0482,0.0474,-0.0956,True,11.0,8.0,19.0,-0.0003,-0.0953,0.7568
M2 利率双因子,次,B 事件前δ,1日,2026-03-02,2026-03-02,开战首个交易日 布油大涨13% 全球risk-off,rate+credit,-0.0482,0.0474,-0.0956,True,11.0,8.0,19.0,-0.0003,-0.0953,0.7568
M2 利率双因子,次,B 事件前δ,1日,2026-03-18,2026-03-18,FOMC按兵不动(3.50-3.75%) 点阵图仍显示1次降息,rate,-0.4148,-0.4229,0.0081,False,8.0,6.0,14.0,0.0004,0.0077,0.7568
M2 利率双因子,次,B 事件前δ,1日,2026-03-23,2026-03-23,海湾战争risk-off(霍尔木兹48小时通牒) 10Y创8个月高位,rate+credit,-0.0779,0.1344,-0.2123,True,-6.0,-5.0,11.0,-0.0001,-0.2122,0.7568
M2 利率双因子,次,B 事件前δ,1日,2026-05-19,2026-05-19,美债长端抛售峰值 10Y约4.68% 30Y约5.2%,rate+credit,0.0743,0.013,0.0613,False,5.0,6.0,11.0,-0.0002,0.0616,0.7568
M2 利率双因子,次,B 事件前δ,1日,2026-07-15,2026-07-15,人民币中间价破6.80 升值至约6.77,fx,0.1072,0.1142,-0.007,True,-5.0,-3.0,8.0,-0.0002,-0.0068,0.7568
M2 利率双因子,次,B 事件前δ,3日(主),2021-10-12,2021-10-12,中资房企信用危机(恒大等)美元债抛售传染,credit,-0.2805,0.3493,-0.6298,True,0.0,-9.0,9.0,-0.1285,-0.5013,0.7568
M2 利率双因子,次,B 事件前δ,3日(主),2021-11-04,2021-11-04,英央行意外不加息 美债收益率回落,rate,-0.1708,0.0588,-0.2296,True,-6.0,-9.0,15.0,0.045,-0.2746,0.7568
M2 利率双因子,次,B 事件前δ,3日(主),2021-11-10,2021-11-10,美国10月CPI同比6.2%创31年新高,rate,-0.5186,-0.6888,0.1702,False,18.0,17.0,35.0,-0.0498,0.2201,0.7568
M2 利率双因子,次,B 事件前δ,3日(主),2021-11-26,2021-11-26,奥密克戎变异株恐慌 全球避险,rate,0.0218,0.3114,-0.2896,True,-20.0,-21.0,41.0,0.0663,-0.3559,0.7568
M2 利率双因子,次,B 事件前δ,3日(主),2021-12-09,2021-12-09,恒大正式违约 美元走强,credit+fx,0.8848,0.6962,0.1886,False,-6.0,-10.0,16.0,0.0379,0.1506,0.7568
M2 利率双因子,次,B 事件前δ,3日(主),2022-01-18,2022-01-18,美联储紧缩预期发酵 收益率飙升,credit+rate,-0.3599,-0.378,0.0181,False,7.0,5.0,12.0,0.0339,-0.0158,0.7568
M2 利率双因子,次,B 事件前δ,3日(主),2022-01-27,2022-01-27,美联储1月会议转鹰(鲍威尔),rate+fx,0.7668,0.8534,-0.0866,True,-4.0,-6.0,10.0,0.0328,-0.1194,0.7568
M2 利率双因子,次,B 事件前δ,3日(主),2022-02-07,2022-02-07,节后风险偏好回落 美债调整,credit,-0.1818,-0.0491,-0.1327,True,4.0,1.0,5.0,0.0455,-0.1782,0.7568
M2 利率双因子,次,B 事件前δ,3日(主),2022-02-28,2022-02-28,俄乌开战 避险与通胀双线,rate,-0.1744,0.4971,-0.6715,True,-12.0,-11.0,23.0,0.0249,-0.6965,0.7568
M2 利率双因子,次,B 事件前δ,3日(主),2022-03-15,2022-03-15,美联储开启加息周期(3/16加息25bp)前风险偏好,credit+rate,0.1611,-0.6191,0.7802,False,7.0,6.0,13.0,0.139,0.6412,0.7568
M2 利率双因子,次,B 事件前δ,3日(主),2022-03-17,2022-03-17,加息落地 利空出尽反弹,credit,0.3434,-0.5668,0.9102,False,15.0,13.0,28.0,0.1786,0.7316,0.7568
M2 利率双因子,次,B 事件前δ,3日(主),2022-03-28,2022-03-28,上海疫情封控 增长担忧,credit+fx,1.0207,0.2117,0.809,False,-11.0,-13.0,24.0,0.0006,0.8083,0.7568
M2 利率双因子,次,B 事件前δ,3日(主),2022-04-25,2022-04-25,人民币快速贬值(疫情封控+中美利差倒挂),fx,0.912,1.2326,-0.3206,True,-13.0,-8.0,21.0,0.0404,-0.361,0.7568
M2 利率双因子,次,B 事件前δ,3日(主),2022-05-12,2022-05-12,人民币续贬 中美利差倒挂加深,fx,0.8781,1.0824,-0.2043,True,-6.0,-3.0,9.0,0.0805,-0.2849,0.7568
M2 利率双因子,次,B 事件前δ,3日(主),2022-05-03,2022-05-03,5月FOMC前风险偏好弱 债市调整,credit,0.1802,0.436,-0.2558,True,0.0,6.0,6.0,0.1182,-0.374,0.7568
M2 利率双因子,次,B 事件前δ,3日(主),2022-06-13,2022-06-13,5月CPI超预期后美债暴跌 全球债市承压,rate+credit,-0.9946,-0.6578,-0.3368,True,13.0,18.0,31.0,0.1424,-0.4792,0.7568
M2 利率双因子,次,B 事件前δ,3日(主),2022-06-15,2022-06-15,FOMC加息75bp 声明后收益率回落,rate,0.6151,0.6301,-0.015,True,-27.0,-24.0,51.0,-0.0255,0.0105,0.7568
M2 利率双因子,次,B 事件前δ,3日(主),2022-07-22,2022-07-22,中国地产纾困与政策预期 风险偏好,credit,0.6731,0.3039,0.3692,False,-11.0,-10.0,21.0,0.0587,0.3105,0.7568
M2 利率双因子,次,B 事件前δ,3日(主),2022-08-05,2022-08-05,7月非农强劲 加息预期升温,rate,-0.5283,-0.5242,-0.0041,True,21.0,12.0,33.0,0.1121,-0.1162,0.7568
M2 利率双因子,次,B 事件前δ,3日(主),2022-09-06,2022-09-06,人民币贬向6.9 美元指数走强,fx,0.4902,0.4352,0.055,False,9.0,9.0,18.0,0.107,-0.052,0.7568
M2 利率双因子,次,B 事件前δ,3日(主),2022-09-22,2022-09-22,FOMC鹰派点阵图 收益率上行,rate,-0.5415,-0.2841,-0.2574,True,41.0,37.0,78.0,0.2018,-0.4593,0.7568
M2 利率双因子,次,B 事件前δ,3日(主),2022-09-26,2022-09-26,英国迷你预算危机 全球利率上行,rate,0.2003,0.9137,-0.7134,True,-4.0,3.0,7.0,0.0824,-0.7957,0.7568
M2 利率双因子,次,B 事件前δ,3日(主),2022-09-28,2022-09-28,英央行紧急购债 全球收益率回落,rate+fx,-0.8462,-0.3281,-0.5181,True,-15.0,-14.0,29.0,0.0216,-0.5397,0.7568
M2 利率双因子,次,B 事件前δ,3日(主),2022-10-14,2022-10-14,全球债市动荡(英养老金危机) 信用承压,credit,-0.0547,0.2406,-0.2953,True,0.0,4.0,4.0,0.1035,-0.3987,0.7568
M2 利率双因子,次,B 事件前δ,3日(主),2022-10-26,2022-10-26,美元自高位大幅回落 人民币急升,fx,0.1657,-0.0179,0.1836,False,-6.0,-8.0,14.0,0.0807,0.1029,0.7568
M2 利率双因子,次,B 事件前δ,3日(主),2022-11-10,2022-11-10,美国10月CPI回落至7.7% 美债暴涨,rate+fx,-0.1611,-1.5318,1.3707,False,-34.0,-32.0,66.0,0.0282,1.3424,0.7568
M2 利率双因子,次,B 事件前δ,3日(主),2022-11-14,2022-11-14,中国发布防控优化二十条+地产金融16条(11-11公布 美股11-11休市),credit+fx,0.783,-0.7161,1.4991,False,-12.0,-15.0,27.0,0.0637,1.4354,0.7568
M2 利率双因子,次,B 事件前δ,3日(主),2022-11-29,2022-11-29,证监会恢复房企股权融资(第三支箭),credit,-0.8116,-1.6999,0.8883,False,-20.0,-16.0,36.0,0.0495,0.8388,0.7568
M2 利率双因子,次,B 事件前δ,3日(主),2022-11-30,2022-11-30,人民币续升 风险偏好修复,fx,-0.1874,-1.0374,0.85,False,-25.0,-24.0,49.0,0.0317,0.8183,0.7568
M2 利率双因子,次,B 事件前δ,3日(主),2022-12-05,2022-12-05,防疫新十条 放开加速 人民币走强,fx,-0.3679,-0.3946,0.0267,False,-5.0,-9.0,14.0,0.0415,-0.0149,0.7568
M2 利率双因子,次,B 事件前δ,3日(主),2022-12-30,2022-12-30,年末人民币偏强 美元弱,fx,-0.6355,-0.5914,-0.0441,True,-9.0,-14.0,23.0,0.0303,-0.0744,0.7568
M2 利率双因子,次,B 事件前δ,3日(主),2023-01-06,2023-01-06,美国12月ISM服务业破荣枯线+薪资降温,rate,-0.816,-1.0755,0.2595,False,-18.0,-10.0,28.0,0.0412,0.2182,0.7568
M2 利率双因子,次,B 事件前δ,3日(主),2023-01-09,2023-01-09,中国重启+美元走弱 人民币续升,fx,-0.5812,-0.9469,0.3657,False,-3.0,-1.0,4.0,0.057,0.3088,0.7568
M2 利率双因子,次,B 事件前δ,3日(主),2023-01-12,2023-01-12,美国12月CPI回落+中国开放推进,credit,0.4136,0.0976,0.316,False,-6.0,-1.0,7.0,0.0542,0.2618,0.7568
M2 利率双因子,次,B 事件前δ,3日(主),2023-01-17,2023-01-17,人民币单日回调(升幅过大/中间价),fx,1.9743,1.4724,0.5019,False,-12.0,-10.0,22.0,0.0361,0.4658,0.7568
M2 利率双因子,次,B 事件前δ,3日(主),2023-03-01,2023-03-01,中国2月PMI强劲 人民币升值,fx,-0.6088,-0.6209,0.0121,False,8.0,5.0,13.0,0.0547,-0.0426,0.7568
M2 利率双因子,次,B 事件前δ,3日(主),2023-03-10,2023-03-10,硅谷银行SVB被接管 避险,rate+fx+credit,-0.3586,-0.1335,-0.2251,True,-44.0,-29.0,73.0,-0.0087,-0.2164,0.7568
M2 利率双因子,次,B 事件前δ,3日(主),2023-03-13,2023-03-13,SVB传染 瑞信危机发酵,rate+fx,0.8889,0.8449,0.044,False,-37.0,-19.0,56.0,0.0107,0.0333,0.7568
M2 利率双因子,次,B 事件前δ,3日(主),2023-03-14,2023-03-14,美联储新工具BTFP 银行风险缓解 投资级债涨,credit,0.4477,0.6746,-0.2269,True,4.0,1.0,5.0,0.0498,-0.2767,0.7568
M2 利率双因子,次,B 事件前δ,3日(主),2023-03-17,2023-03-17,瑞信危机蔓延 美债收益率续降,rate,-0.2237,-0.2996,0.0759,False,1.0,3.0,4.0,0.0505,0.0255,0.7568
M2 利率双因子,次,B 事件前δ,3日(主),2023-03-23,2023-03-23,美联储加息25bp接近尾声 美元走弱,fx,-0.3189,-0.1514,-0.1675,True,5.0,5.0,10.0,0.0553,-0.2228,0.7568
M2 利率双因子,次,B 事件前δ,3日(主),2023-06-20,2023-06-20,中国1年期LPR下调10bp 经济偏弱,credit+fx,0.9869,0.6186,0.3683,False,4.0,3.0,7.0,0.0418,0.3264,0.7568
M2 利率双因子,次,B 事件前δ,3日(主),2023-06-26,2023-06-26,人民币续贬(中美利差/经济预期),fx,1.0748,1.0236,0.0512,False,-2.0,-3.0,5.0,0.036,0.0152,0.7568
M2 利率双因子,次,B 事件前δ,3日(主),2023-09-11,2023-09-11,央行维稳+美元回落 人民币急升,fx,-0.9822,-0.962,-0.0202,True,0.0,-1.0,1.0,0.0346,-0.0548,0.7568
M2 利率双因子,次,B 事件前δ,3日(主),2023-10-04,2023-10-04,美债长端急升(10Y创多年新高) 全球利差走阔,rate+credit,0.0239,0.1385,-0.1146,True,-5.0,-3.0,8.0,0.0304,-0.1449,0.7568
M2 利率双因子,次,B 事件前δ,3日(主),2023-10-26,2023-10-26,美债动荡延续 经济数据强劲,credit,0.2708,0.2472,0.0236,False,-9.0,-7.0,16.0,0.026,-0.0024,0.7568
M2 利率双因子,次,B 事件前δ,3日(主),2023-11-01,2023-11-01,美债供应与再融资压力,credit,1.3339,0.9816,0.3523,False,-33.0,-31.0,64.0,0.0035,0.3489,0.7568
M2 利率双因子,次,B 事件前δ,3日(主),2023-11-06,2023-11-06,风险偏好修复 利差收窄,credit,0.1251,-0.0419,0.167,False,2.0,-8.0,10.0,0.0221,0.1448,0.7568
M2 利率双因子,次,B 事件前δ,3日(主),2023-11-14,2023-11-14,美国10月CPI低于预期(3.2%),rate,0.3628,0.0822,0.2806,False,-23.0,-18.0,41.0,0.0127,0.268,0.7568
M2 利率双因子,次,B 事件前δ,3日(主),2023-11-15,2023-11-15,CPI后信用大涨 利差大幅收窄,credit,-0.1408,-0.5784,0.4376,False,3.0,0.0,3.0,0.0307,0.4069,0.7568
M2 利率双因子,次,B 事件前δ,3日(主),2023-11-20,2023-11-20,美元走弱 人民币升,fx,-0.4369,-0.7117,0.2748,False,-1.0,-2.0,3.0,0.0268,0.2479,0.7568
M2 利率双因子,次,B 事件前δ,3日(主),2023-12-01,2023-12-01,"鲍威尔称""为时过早谈降息"" 鹰派",credit,0.9657,0.839,0.1267,False,-17.0,-19.0,36.0,0.0089,0.1178,0.7568
M2 利率双因子,次,B 事件前δ,3日(主),2023-12-13,2023-12-13,FOMC点阵图转向降息 收益率大降,rate+credit,0.7795,0.3319,0.4476,False,-32.0,-29.0,61.0,0.0011,0.4465,0.7568
M2 利率双因子,次,B 事件前δ,3日(主),2023-12-14,2023-12-14,转鸽确认 风险资产大涨 美元走弱,credit+fx,0.0979,-0.2603,0.3582,False,-6.0,-9.0,15.0,0.0141,0.3441,0.7568
M2 利率双因子,次,B 事件前δ,3日(主),2024-01-02,2024-01-02,年初购汇需求与美元偏强 人民币走弱,fx,0.1361,0.4178,-0.2817,True,13.0,11.0,24.0,0.0295,-0.3112,0.7568
M2 利率双因子,次,B 事件前δ,3日(主),2024-02-07,2024-02-07,中国股市流动性风险+美债收益率上行,credit,-0.1746,-0.2741,0.0995,False,11.0,8.0,19.0,0.0265,0.073,0.7568
M2 利率双因子,次,B 事件前δ,3日(主),2024-04-10,2024-04-10,美国3月CPI超预期 收益率急升,rate,-0.5034,-0.4391,-0.0643,True,17.0,14.0,31.0,0.0202,-0.0846,0.7568
M2 利率双因子,次,B 事件前δ,3日(主),2024-05-06,2024-05-06,美元回落 人民币升值,fx,-0.0158,-0.2317,0.2159,False,2.0,-2.0,4.0,0.013,0.203,0.7568
M2 利率双因子,次,B 事件前δ,3日(主),2024-05-16,2024-05-16,美国4月CPI回落 风险资产涨,credit,0.4615,-0.0798,0.5413,False,11.0,8.0,19.0,0.016,0.5253,0.7568
M2 利率双因子,次,B 事件前δ,3日(主),2024-08-02,2024-08-02,7月非农大幅走弱+日元套息平仓,rate+fx+credit,-1.0307,-0.8391,-0.1916,True,-11.0,-9.0,20.0,0.0106,-0.2022,0.7568
M2 利率双因子,次,B 事件前δ,3日(主),2024-10-04,2024-10-04,9月非农强劲 收益率上行,rate,-0.0975,-0.1089,0.0114,False,24.0,19.0,43.0,0.0061,0.0053,0.7568
M2 利率双因子,次,B 事件前δ,3日(主),2024-10-08,2024-10-08,中国政策刺激后汇率波动 人民币回调,fx,0.7655,0.6986,0.0669,False,5.0,6.0,11.0,0.0076,0.0593,0.7568
M2 利率双因子,次,B 事件前δ,3日(主),2024-11-06,2024-11-06,特朗普胜选 美债收益率上行 美元大涨,rate+fx,1.2115,0.9205,0.291,False,4.0,4.0,8.0,0.0072,0.2838,0.7568
M2 利率双因子,次,B 事件前δ,3日(主),2025-04-02,2025-04-02,"美国""解放日""对等关税(中国累计约54%) 历史级risk-off",rate+credit+fx,0.4465,0.7981,-0.3516,True,-19.0,-16.0,35.0,0.0054,-0.357,0.7568
M2 利率双因子,次,B 事件前δ,3日(主),2025-04-08,2025-04-08,美中关税加码至104% 人民币中间价破7.20 美债市场承压,rate+fx,-0.6982,-0.7958,0.0976,False,22.0,25.0,47.0,0.0166,0.081,0.7568
M2 利率双因子,次,B 事件前δ,3日(主),2025-04-09,2025-04-09,90天关税暂缓(不含中国) 美股+9.5%,rate,-1.5807,-1.465,-0.1157,True,27.0,22.0,49.0,0.0078,-0.1235,0.7568
M2 利率双因子,次,B 事件前δ,3日(主),2025-04-10,2025-04-10,中国反制84%至125% 亚洲IG信用risk-off,credit+rate,-0.4309,-0.575,0.1441,False,-4.0,4.0,8.0,0.0127,0.1314,0.7568
M2 利率双因子,次,B 事件前δ,3日(主),2025-04-11,2025-04-11,隔夜美股再跌后亚洲风险偏好修复,credit,0.3685,0.2412,0.1273,False,-6.0,-5.0,11.0,0.0076,0.1196,0.7568
M2 利率双因子,次,B 事件前δ,3日(主),2025-05-07,2025-05-07,中国央行宽松(降准50bp加7天逆回购降10bp),credit,0.2281,0.0291,0.199,False,10.0,7.0,17.0,0.0078,0.1912,0.7568
M2 利率双因子,次,B 事件前δ,3日(主),2025-05-12,2025-05-12,美中日内瓦停火(美145%降至30% 中125%降至10%),credit+fx,-0.729,-0.9585,0.2295,False,17.0,16.0,33.0,0.0075,0.2219,0.7568
M2 利率双因子,次,B 事件前δ,3日(主),2025-06-05,2025-06-05,美国5月ADP弱加ISM服务跌破荣枯线 叠加美中谈判预期,rate+credit,-0.3539,-0.4978,0.1439,False,16.0,12.0,28.0,0.0067,0.1372,0.7568
M2 利率双因子,次,B 事件前δ,3日(主),2025-06-16,2025-06-16,中国地产止跌回稳推进 新城控股发行美元债,credit,0.2423,0.267,-0.0247,True,-4.0,-3.0,7.0,0.0027,-0.0273,0.7568
M2 利率双因子,次,B 事件前δ,3日(主),2025-07-23,2025-07-23,美中缓和交易股债跷跷板 中国长债大跌,credit,-0.1336,-0.2571,0.1235,False,7.0,5.0,12.0,0.0027,0.1208,0.7568
M2 利率双因子,次,B 事件前δ,3日(主),2025-08-01,2025-08-01,日央行加息加套息平仓重演 全球risk-off,rate+credit,0.5062,0.3975,0.1087,False,-19.0,-15.0,34.0,-0.0013,0.1099,0.7568
M2 利率双因子,次,B 事件前δ,3日(主),2025-08-11,2025-08-11,美中关税休战再延90天,credit+fx,0.2541,0.0518,0.2023,False,-7.0,-3.0,10.0,0.0002,0.2021,0.7568
M2 利率双因子,次,B 事件前δ,3日(主),2025-09-17,2025-09-17,美联储2025年首次降息25bp(至4.00-4.25%),rate,-0.3078,-0.3206,0.0128,False,9.0,10.0,19.0,0.0005,0.0123,0.7568
M2 利率双因子,次,B 事件前δ,3日(主),2025-10-30,2025-10-30,特朗普-习近平会晤达成一年战术休战,credit+fx,-0.0669,0.2227,-0.2896,True,2.0,5.0,7.0,-0.002,-0.2876,0.7568
M2 利率双因子,次,B 事件前δ,3日(主),2025-12-10,2025-12-10,美联储年内第三次降息(至3.50-3.75%),rate,0.0053,-0.0842,0.0895,False,-3.0,1.0,4.0,-0.0,0.0895,0.7568
M2 利率双因子,次,B 事件前δ,3日(主),2026-01-23,2026-01-23,人民币中间价创2023年来最强(6.9929) USDCNY破7,fx,-0.0226,-0.0896,0.067,False,-4.0,-2.0,6.0,-0.0012,0.0682,0.7568
M2 利率双因子,次,B 事件前δ,3日(主),2026-02-28,2026-03-02,美以空袭伊朗 海湾战争爆发,rate+credit,-0.1726,0.1355,-0.3081,True,16.0,12.0,28.0,-0.001,-0.3071,0.7568
M2 利率双因子,次,B 事件前δ,3日(主),2026-03-02,2026-03-02,开战首个交易日 布油大涨13% 全球risk-off,rate+credit,-0.1726,0.1355,-0.3081,True,16.0,12.0,28.0,-0.001,-0.3071,0.7568
M2 利率双因子,次,B 事件前δ,3日(主),2026-03-18,2026-03-18,FOMC按兵不动(3.50-3.75%) 点阵图仍显示1次降息,rate,-0.7683,-0.6937,-0.0746,True,22.0,19.0,41.0,0.0009,-0.0755,0.7568
M2 利率双因子,次,B 事件前δ,3日(主),2026-03-23,2026-03-23,海湾战争risk-off(霍尔木兹48小时通牒) 10Y创8个月高位,rate+credit,0.4403,0.48,-0.0397,True,-5.0,-6.0,11.0,0.0003,-0.04,0.7568
M2 利率双因子,次,B 事件前δ,3日(主),2026-05-19,2026-05-19,美债长端抛售峰值 10Y约4.68% 30Y约5.2%,rate+credit,0.2976,0.2125,0.0851,False,-2.0,-4.0,6.0,-0.0008,0.0859,0.7568
M2 利率双因子,次,B 事件前δ,3日(主),2026-07-15,2026-07-15,人民币中间价破6.80 升值至约6.77,fx,0.2277,0.2424,-0.0147,True,-3.0,-3.0,6.0,-0.0004,-0.0143,0.7568
M2 利率双因子,次,B 事件前δ,5日,2021-10-12,2021-10-12,中资房企信用危机(恒大等)美元债抛售传染,credit,-0.0254,0.005,-0.0304,True,11.0,-2.0,13.0,-0.1858,0.1555,0.7568
M2 利率双因子,次,B 事件前δ,5日,2021-11-04,2021-11-04,英央行意外不加息 美债收益率回落,rate,-0.5428,-0.0886,-0.4542,True,4.0,-4.0,8.0,-0.0344,-0.4199,0.7568
M2 利率双因子,次,B 事件前δ,5日,2021-11-10,2021-11-10,美国10月CPI同比6.2%创31年新高,rate,-0.313,-0.6661,0.3531,False,16.0,14.0,30.0,-0.0178,0.3709,0.7568
M2 利率双因子,次,B 事件前δ,5日,2021-11-26,2021-11-26,奥密克戎变异株恐慌 全球避险,rate,0.0987,0.4813,-0.3826,True,-13.0,-20.0,33.0,0.0344,-0.4171,0.7568
M2 利率双因子,次,B 事件前δ,5日,2021-12-09,2021-12-09,恒大正式违约 美元走强,credit+fx,0.6167,0.56,0.0567,False,-1.0,-5.0,6.0,0.0392,0.0175,0.7568
M2 利率双因子,次,B 事件前δ,5日,2022-01-18,2022-01-18,美联储紧缩预期发酵 收益率飙升,credit+rate,-0.3519,-0.2436,-0.1083,True,-2.0,-3.0,5.0,0.0707,-0.1789,0.7568
M2 利率双因子,次,B 事件前δ,5日,2022-01-27,2022-01-27,美联储1月会议转鹰(鲍威尔),rate+fx,0.7668,0.8968,-0.13,True,-6.0,-7.0,13.0,0.0624,-0.1924,0.7568
M2 利率双因子,次,B 事件前δ,5日,2022-02-07,2022-02-07,节后风险偏好回落 美债调整,credit,-0.3363,-0.1236,-0.2127,True,6.0,-1.0,7.0,0.0672,-0.2798,0.7568
M2 利率双因子,次,B 事件前δ,5日,2022-02-28,2022-02-28,俄乌开战 避险与通胀双线,rate,0.3143,0.9137,-0.5994,True,-21.0,-23.0,44.0,0.0228,-0.6223,0.7568
M2 利率双因子,次,B 事件前δ,5日,2022-03-15,2022-03-15,美联储开启加息周期(3/16加息25bp)前风险偏好,credit+rate,-0.094,-1.0779,0.9839,False,23.0,18.0,41.0,0.2974,0.6865,0.7568
M2 利率双因子,次,B 事件前δ,5日,2022-03-17,2022-03-17,加息落地 利空出尽反弹,credit,0.9569,-0.3484,1.3053,False,16.0,13.0,29.0,0.2447,1.0606,0.7568
M2 利率双因子,次,B 事件前δ,5日,2022-03-28,2022-03-28,上海疫情封控 增长担忧,credit+fx,1.0329,0.1915,0.8414,False,0.0,-9.0,9.0,0.0909,0.7505,0.7568
M2 利率双因子,次,B 事件前δ,5日,2022-04-25,2022-04-25,人民币快速贬值(疫情封控+中美利差倒挂),fx,1.3099,1.6313,-0.3214,True,-2.0,-1.0,3.0,0.1165,-0.4379,0.7568
M2 利率双因子,次,B 事件前δ,5日,2022-05-12,2022-05-12,人民币续贬 中美利差倒挂加深,fx,0.4713,0.5262,-0.0549,True,0.0,-2.0,2.0,0.1285,-0.1834,0.7568
M2 利率双因子,次,B 事件前δ,5日,2022-05-03,2022-05-03,5月FOMC前风险偏好弱 债市调整,credit,0.8929,1.5795,-0.6866,True,-6.0,6.0,12.0,0.1851,-0.8717,0.7568
M2 利率双因子,次,B 事件前δ,5日,2022-06-13,2022-06-13,5月CPI超预期后美债暴跌 全球债市承压,rate+credit,-0.8646,-0.3313,-0.5333,True,9.0,10.0,19.0,0.1572,-0.6904,0.7568
M2 利率双因子,次,B 事件前δ,5日,2022-06-15,2022-06-15,FOMC加息75bp 声明后收益率回落,rate,0.7343,0.7359,-0.0016,True,-39.0,-33.0,72.0,-0.0106,0.009,0.7568
M2 利率双因子,次,B 事件前δ,5日,2022-07-22,2022-07-22,中国地产纾困与政策预期 风险偏好,credit,1.0662,0.6206,0.4456,False,-31.0,-23.0,54.0,0.0818,0.3638,0.7568
M2 利率双因子,次,B 事件前δ,5日,2022-08-05,2022-08-05,7月非农强劲 加息预期升温,rate,-0.7068,-0.9155,0.2087,False,22.0,19.0,41.0,0.2004,0.0084,0.7568
M2 利率双因子,次,B 事件前δ,5日,2022-09-06,2022-09-06,人民币贬向6.9 美元指数走强,fx,0.09,-0.3397,0.4297,False,17.0,17.0,34.0,0.1861,0.2436,0.7568
M2 利率双因子,次,B 事件前δ,5日,2022-09-22,2022-09-22,FOMC鹰派点阵图 收益率上行,rate,0.4062,1.2416,-0.8354,True,18.0,21.0,39.0,0.196,-1.0314,0.7568
M2 利率双因子,次,B 事件前δ,5日,2022-09-26,2022-09-26,英国迷你预算危机 全球利率上行,rate,-1.5193,-0.7697,-0.7496,True,10.0,14.0,24.0,0.1688,-0.9184,0.7568
M2 利率双因子,次,B 事件前δ,5日,2022-09-28,2022-09-28,英央行紧急购债 全球收益率回落,rate+fx,-0.4062,0.4696,-0.8758,True,-37.0,-35.0,72.0,-0.0077,-0.868,0.7568
M2 利率双因子,次,B 事件前δ,5日,2022-10-14,2022-10-14,全球债市动荡(英养老金危机) 信用承压,credit,-0.9612,-0.5221,-0.4391,True,24.0,27.0,51.0,0.2129,-0.652,0.7568
M2 利率双因子,次,B 事件前δ,5日,2022-10-26,2022-10-26,美元自高位大幅回落 人民币急升,fx,0.1111,0.0497,0.0614,False,2.0,-3.0,5.0,0.1512,-0.0898,0.7568
M2 利率双因子,次,B 事件前δ,5日,2022-11-10,2022-11-10,美国10月CPI回落至7.7% 美债暴涨,rate+fx,1.5075,0.0973,1.4102,False,-34.0,-35.0,69.0,0.0802,1.33,0.7568
M2 利率双因子,次,B 事件前δ,5日,2022-11-14,2022-11-14,中国发布防控优化二十条+地产金融16条(11-11公布 美股11-11休市),credit+fx,0.4942,-1.0205,1.5147,False,4.0,0.0,4.0,0.1541,1.3606,0.7568
M2 利率双因子,次,B 事件前δ,5日,2022-11-29,2022-11-29,证监会恢复房企股权融资(第三支箭),credit,-2.0415,-3.1894,1.1479,False,-8.0,-9.0,17.0,0.107,1.041,0.7568
M2 利率双因子,次,B 事件前δ,5日,2022-11-30,2022-11-30,人民币续升 风险偏好修复,fx,-0.6074,-1.4634,0.856,False,-19.0,-24.0,43.0,0.0757,0.7804,0.7568
M2 利率双因子,次,B 事件前δ,5日,2022-12-05,2022-12-05,防疫新十条 放开加速 人民币走强,fx,-0.9927,-1.1887,0.196,False,8.0,6.0,14.0,0.1187,0.0773,0.7568
M2 利率双因子,次,B 事件前δ,5日,2022-12-30,2022-12-30,年末人民币偏强 美元弱,fx,-0.7688,-0.7783,0.0095,False,-25.0,-28.0,53.0,0.0431,-0.0336,0.7568
M2 利率双因子,次,B 事件前δ,5日,2023-01-06,2023-01-06,美国12月ISM服务业破荣枯线+薪资降温,rate,-0.6497,-0.9779,0.3282,False,-37.0,-28.0,65.0,0.0466,0.2817,0.7568
M2 利率双因子,次,B 事件前δ,5日,2023-01-09,2023-01-09,中国重启+美元走弱 人民币续升,fx,-1.2985,-1.7805,0.482,False,-9.0,-6.0,15.0,0.0871,0.395,0.7568
M2 利率双因子,次,B 事件前δ,5日,2023-01-12,2023-01-12,美国12月CPI回落+中国开放推进,credit,1.257,0.6406,0.6164,False,-18.0,-15.0,33.0,0.0644,0.552,0.7568
M2 利率双因子,次,B 事件前δ,5日,2023-01-17,2023-01-17,人民币单日回调(升幅过大/中间价),fx,1.9128,1.1973,0.7155,False,1.0,3.0,4.0,0.0955,0.6199,0.7568
M2 利率双因子,次,B 事件前δ,5日,2023-03-01,2023-03-01,中国2月PMI强劲 人民币升值,fx,0.0874,0.1424,-0.055,True,13.0,5.0,18.0,0.0846,-0.1396,0.7568
M2 利率双因子,次,B 事件前δ,5日,2023-03-10,2023-03-10,硅谷银行SVB被接管 避险,rate+fx+credit,0.323,0.5719,-0.2489,True,-50.0,-37.0,87.0,0.0089,-0.2578,0.7568
M2 利率双因子,次,B 事件前δ,5日,2023-03-13,2023-03-13,SVB传染 瑞信危机发酵,rate+fx,0.9089,1.1344,-0.2255,True,-52.0,-31.0,83.0,0.021,-0.2464,0.7568
M2 利率双因子,次,B 事件前δ,5日,2023-03-14,2023-03-14,美联储新工具BTFP 银行风险缓解 投资级债涨,credit,0.4536,0.7938,-0.3402,True,-12.0,-8.0,20.0,0.0629,-0.4031,0.7568
M2 利率双因子,次,B 事件前δ,5日,2023-03-17,2023-03-17,瑞信危机蔓延 美债收益率续降,rate,-0.1086,-0.3016,0.193,False,-33.0,-18.0,51.0,0.0212,0.1718,0.7568
M2 利率双因子,次,B 事件前δ,5日,2023-03-23,2023-03-23,美联储加息25bp接近尾声 美元走弱,fx,-0.4226,-0.3063,-0.1163,True,13.0,9.0,22.0,0.1001,-0.2164,0.7568
M2 利率双因子,次,B 事件前δ,5日,2023-06-20,2023-06-20,中国1年期LPR下调10bp 经济偏弱,credit+fx,1.7959,1.733,0.0629,False,-3.0,-5.0,8.0,0.0587,0.0042,0.7568
M2 利率双因子,次,B 事件前δ,5日,2023-06-26,2023-06-26,人民币续贬(中美利差/经济预期),fx,0.8421,0.7005,0.1416,False,14.0,7.0,21.0,0.077,0.0645,0.7568
M2 利率双因子,次,B 事件前δ,5日,2023-09-11,2023-09-11,央行维稳+美元回落 人民币急升,fx,-1.0919,-1.1828,0.0909,False,6.0,7.0,13.0,0.0633,0.0275,0.7568
M2 利率双因子,次,B 事件前δ,5日,2023-10-04,2023-10-04,美债长端急升(10Y创多年新高) 全球利差走阔,rate+credit,1.0751,0.9146,0.1605,False,-21.0,-23.0,44.0,0.0359,0.1246,0.7568
M2 利率双因子,次,B 事件前δ,5日,2023-10-26,2023-10-26,美债动荡延续 经济数据强劲,credit,0.7634,0.7445,0.0189,False,-22.0,-18.0,40.0,0.037,-0.0181,0.7568
M2 利率双因子,次,B 事件前δ,5日,2023-11-01,2023-11-01,美债供应与再融资压力,credit,1.1795,0.6285,0.551,False,-29.0,-30.0,59.0,0.027,0.524,0.7568
M2 利率双因子,次,B 事件前δ,5日,2023-11-06,2023-11-06,风险偏好修复 利差收窄,credit,-0.3018,-0.4593,0.1575,False,16.0,4.0,20.0,0.0562,0.1012,0.7568
M2 利率双因子,次,B 事件前δ,5日,2023-11-14,2023-11-14,美国10月CPI低于预期(3.2%),rate,-0.4378,-0.8485,0.4107,False,-22.0,-21.0,43.0,0.0302,0.3805,0.7568
M2 利率双因子,次,B 事件前δ,5日,2023-11-15,2023-11-15,CPI后信用大涨 利差大幅收窄,credit,-0.9,-1.5199,0.6199,False,-1.0,-3.0,4.0,0.0486,0.5713,0.7568
M2 利率双因子,次,B 事件前δ,5日,2023-11-20,2023-11-20,美元走弱 人民币升,fx,-0.2589,-0.5968,0.3379,False,-7.0,-5.0,12.0,0.0437,0.2943,0.7568
M2 利率双因子,次,B 事件前δ,5日,2023-12-01,2023-12-01,"鲍威尔称""为时过早谈降息"" 鹰派",credit,1.3813,1.094,0.2873,False,-20.0,-23.0,43.0,0.0218,0.2654,0.7568
M2 利率双因子,次,B 事件前δ,5日,2023-12-13,2023-12-13,FOMC点阵图转向降息 收益率大降,rate+credit,0.9803,0.4135,0.5668,False,-29.0,-27.0,56.0,0.0176,0.5492,0.7568
M2 利率双因子,次,B 事件前δ,5日,2023-12-14,2023-12-14,转鸽确认 风险资产大涨 美元走弱,credit+fx,0.5828,0.1678,0.415,False,-14.0,-18.0,32.0,0.021,0.394,0.7568
M2 利率双因子,次,B 事件前δ,5日,2024-01-02,2024-01-02,年初购汇需求与美元偏强 人民币走弱,fx,-0.1422,0.3043,-0.4465,True,13.0,13.0,26.0,0.0441,-0.4907,0.7568
M2 利率双因子,次,B 事件前δ,5日,2024-02-07,2024-02-07,中国股市流动性风险+美债收益率上行,credit,-0.176,-0.8149,0.6389,False,28.0,22.0,50.0,0.0527,0.5862,0.7568
M2 利率双因子,次,B 事件前δ,5日,2024-04-10,2024-04-10,美国3月CPI超预期 收益率急升,rate,-1.0722,-1.0307,-0.0415,True,32.0,31.0,63.0,0.0387,-0.0802,0.7568
M2 利率双因子,次,B 事件前δ,5日,2024-05-06,2024-05-06,美元回落 人民币升值,fx,0.0935,-0.1845,0.278,False,4.0,0.0,4.0,0.0237,0.2543,0.7568
M2 利率双因子,次,B 事件前δ,5日,2024-05-16,2024-05-16,美国4月CPI回落 风险资产涨,credit,0.7276,0.0451,0.6825,False,12.0,7.0,19.0,0.0252,0.6573,0.7568
M2 利率双因子,次,B 事件前δ,5日,2024-08-02,2024-08-02,7月非农大幅走弱+日元套息平仓,rate+fx+credit,-0.9896,-0.9026,-0.087,True,-1.0,0.0,1.0,0.0183,-0.1053,0.7568
M2 利率双因子,次,B 事件前δ,5日,2024-10-04,2024-10-04,9月非农强劲 收益率上行,rate,0.0231,0.011,0.0121,False,29.0,24.0,53.0,0.0108,0.0013,0.7568
M2 利率双因子,次,B 事件前δ,5日,2024-10-08,2024-10-08,中国政策刺激后汇率波动 人民币回调,fx,1.5513,1.4988,0.0525,False,0.0,0.0,0.0,0.0106,0.0419,0.7568
M2 利率双因子,次,B 事件前δ,5日,2024-11-06,2024-11-06,特朗普胜选 美债收益率上行 美元大涨,rate+fx,1.3475,1.0918,0.2557,False,14.0,18.0,32.0,0.0154,0.2403,0.7568
M2 利率双因子,次,B 事件前δ,5日,2025-04-02,2025-04-02,"美国""解放日""对等关税(中国累计约54%) 历史级risk-off",rate+credit+fx,-0.1087,0.7636,-0.8723,True,-3.0,9.0,12.0,0.0124,-0.8847,0.7568
M2 利率双因子,次,B 事件前δ,5日,2025-04-08,2025-04-08,美中关税加码至104% 人民币中间价破7.20 美债市场承压,rate+fx,-0.6395,-0.7275,0.088,False,20.0,23.0,43.0,0.0219,0.0662,0.7568
M2 利率双因子,次,B 事件前δ,5日,2025-04-09,2025-04-09,90天关税暂缓(不含中国) 美股+9.5%,rate,-0.5425,-0.6092,0.0667,False,10.0,9.0,19.0,0.0141,0.0526,0.7568
M2 利率双因子,次,B 事件前δ,5日,2025-04-10,2025-04-10,中国反制84%至125% 亚洲IG信用risk-off,credit+rate,0.0672,-0.2934,0.3606,False,-15.0,-5.0,20.0,0.0176,0.343,0.7568
M2 利率双因子,次,B 事件前δ,5日,2025-04-11,2025-04-11,隔夜美股再跌后亚洲风险偏好修复,credit,0.3727,0.0972,0.2755,False,-9.0,-6.0,15.0,0.0133,0.2622,0.7568
M2 利率双因子,次,B 事件前δ,5日,2025-05-07,2025-05-07,中国央行宽松(降准50bp加7天逆回购降10bp),credit,-0.4352,-0.8176,0.3824,False,22.0,19.0,41.0,0.0133,0.3691,0.7568
M2 利率双因子,次,B 事件前δ,5日,2025-05-12,2025-05-12,美中日内瓦停火(美145%降至30% 中125%降至10%),credit+fx,-0.3903,-0.5409,0.1506,False,6.0,6.0,12.0,0.01,0.1406,0.7568
M2 利率双因子,次,B 事件前δ,5日,2025-06-05,2025-06-05,美国5月ADP弱加ISM服务跌破荣枯线 叠加美中谈判预期,rate+credit,0.2082,-0.0077,0.2159,False,9.0,4.0,13.0,0.0087,0.2072,0.7568
M2 利率双因子,次,B 事件前δ,5日,2025-06-16,2025-06-16,中国地产止跌回稳推进 新城控股发行美元债,credit,0.2929,0.3289,-0.036,True,-11.0,-7.0,18.0,0.0038,-0.0398,0.7568
M2 利率双因子,次,B 事件前δ,5日,2025-07-23,2025-07-23,美中缓和交易股债跷跷板 中国长债大跌,credit,0.3331,0.1105,0.2226,False,2.0,-1.0,3.0,0.0033,0.2193,0.7568
M2 利率双因子,次,B 事件前δ,5日,2025-08-01,2025-08-01,日央行加息加套息平仓重演 全球risk-off,rate+credit,0.3599,0.3395,0.0204,False,-17.0,-14.0,31.0,-0.0002,0.0205,0.7568
M2 利率双因子,次,B 事件前δ,5日,2025-08-11,2025-08-11,美中关税休战再延90天,credit+fx,0.1707,-0.1454,0.3161,False,1.0,6.0,7.0,0.0019,0.3142,0.7568
M2 利率双因子,次,B 事件前δ,5日,2025-09-17,2025-09-17,美联储2025年首次降息25bp(至4.00-4.25%),rate,-0.266,-0.2697,0.0037,False,9.0,8.0,17.0,-0.0,0.0038,0.7568
M2 利率双因子,次,B 事件前δ,5日,2025-10-30,2025-10-30,特朗普-习近平会晤达成一年战术休战,credit+fx,-0.2756,0.1575,-0.4331,True,6.0,9.0,15.0,-0.0034,-0.4298,0.7568
M2 利率双因子,次,B 事件前δ,5日,2025-12-10,2025-12-10,美联储年内第三次降息(至3.50-3.75%),rate,0.039,-0.0778,0.1168,False,-9.0,-3.0,12.0,-0.0004,0.1173,0.7568
M2 利率双因子,次,B 事件前δ,5日,2026-01-23,2026-01-23,人民币中间价创2023年来最强(6.9929) USDCNY破7,fx,-0.1003,-0.1464,0.0461,False,-5.0,-2.0,7.0,-0.0019,0.048,0.7568
M2 利率双因子,次,B 事件前δ,5日,2026-02-28,2026-03-02,美以空袭伊朗 海湾战争爆发,rate+credit,-0.2568,-0.0558,-0.201,True,21.0,18.0,39.0,-0.0016,-0.1993,0.7568
M2 利率双因子,次,B 事件前δ,5日,2026-03-02,2026-03-02,开战首个交易日 布油大涨13% 全球risk-off,rate+credit,-0.2568,-0.0558,-0.201,True,21.0,18.0,39.0,-0.0016,-0.1993,0.7568
M2 利率双因子,次,B 事件前δ,5日,2026-03-18,2026-03-18,FOMC按兵不动(3.50-3.75%) 点阵图仍显示1次降息,rate,-0.8281,-0.5925,-0.2356,True,24.0,19.0,43.0,0.0011,-0.2367,0.7568
M2 利率双因子,次,B 事件前δ,5日,2026-03-23,2026-03-23,海湾战争risk-off(霍尔木兹48小时通牒) 10Y创8个月高位,rate+credit,0.1847,0.2603,-0.0756,True,5.0,5.0,10.0,0.0007,-0.0763,0.7568
M2 利率双因子,次,B 事件前δ,5日,2026-05-19,2026-05-19,美债长端抛售峰值 10Y约4.68% 30Y约5.2%,rate+credit,0.3679,0.2499,0.118,False,-8.0,-11.0,19.0,-0.0014,0.1194,0.7568
M2 利率双因子,次,B 事件前δ,5日,2026-07-15,2026-07-15,人民币中间价破6.80 升值至约6.77,fx,-0.2259,-0.1866,-0.0393,True,6.0,5.0,11.0,-0.0006,-0.0387,0.7568
M3 利率+ΔOAS,次,A 全样本δ,1日,2023-09-11,2023-09-11,央行维稳+美元回落 人民币急升,fx,-0.908,-0.8546,-0.0534,True,1.0,3.0,4.0,0.0,-0.0774,0.7568
M3 利率+ΔOAS,次,A 全样本δ,1日,2023-10-04,2023-10-04,美债长端急升(10Y创多年新高) 全球利差走阔,rate+credit,0.15,0.1812,-0.0312,True,-8.0,-8.0,16.0,0.0,-0.1603,0.7568
M3 利率+ΔOAS,次,A 全样本δ,1日,2023-10-26,2023-10-26,美债动荡延续 经济数据强劲,credit,0.2766,0.241,0.0356,False,-10.0,-9.0,19.0,0.0,-0.0579,0.7568
M3 利率+ΔOAS,次,A 全样本δ,1日,2023-11-01,2023-11-01,美债供应与再融资压力,credit,0.5639,0.3765,0.1874,False,-15.0,-11.0,26.0,0.0,0.0994,0.7568
M3 利率+ΔOAS,次,A 全样本δ,1日,2023-11-06,2023-11-06,风险偏好修复 利差收窄,credit,-0.5058,-0.685,0.1792,False,11.0,10.0,21.0,0.0,0.2835,0.7568
M3 利率+ΔOAS,次,A 全样本δ,1日,2023-11-14,2023-11-14,美国10月CPI低于预期(3.2%),rate,0.1677,0.2352,-0.0675,True,-24.0,-19.0,43.0,0.0,-0.0932,0.7568
M3 利率+ΔOAS,次,A 全样本δ,1日,2023-11-15,2023-11-15,CPI后信用大涨 利差大幅收窄,credit,-0.1396,-0.2374,0.0978,False,10.0,9.0,19.0,0.0,0.2755,0.7568
M3 利率+ΔOAS,次,A 全样本δ,1日,2023-11-20,2023-11-20,美元走弱 人民币升,fx,-0.4647,-0.5484,0.0837,False,-1.0,-2.0,3.0,0.0,0.0669,0.7568
M3 利率+ΔOAS,次,A 全样本δ,1日,2023-12-01,2023-12-01,"鲍威尔称""为时过早谈降息"" 鹰派",credit,0.5283,0.5546,-0.0263,True,-17.0,-15.0,32.0,0.0,-0.0929,0.7568
M3 利率+ΔOAS,次,A 全样本δ,1日,2023-12-13,2023-12-13,FOMC点阵图转向降息 收益率大降,rate+credit,0.7926,0.5059,0.2867,False,-23.0,-16.0,39.0,0.0,0.174,0.7568
M3 利率+ΔOAS,次,A 全样本δ,1日,2023-12-14,2023-12-14,转鸽确认 风险资产大涨 美元走弱,credit+fx,-0.1028,-0.2233,0.1205,False,-10.0,-12.0,22.0,0.0,0.3464,0.7568
M3 利率+ΔOAS,次,A 全样本δ,1日,2024-01-02,2024-01-02,年初购汇需求与美元偏强 人民币走弱,fx,0.4091,0.3536,0.0555,False,9.0,7.0,16.0,0.0,0.0699,0.7568
M3 利率+ΔOAS,次,A 全样本δ,1日,2024-02-07,2024-02-07,中国股市流动性风险+美债收益率上行,credit,0.0212,0.0908,-0.0696,True,3.0,0.0,3.0,0.0,-0.0185,0.7568
M3 利率+ΔOAS,次,A 全样本δ,1日,2024-04-10,2024-04-10,美国3月CPI超预期 收益率急升,rate,-0.6214,-0.6945,0.0731,False,24.0,19.0,43.0,0.0,0.0718,0.7568
M3 利率+ΔOAS,次,A 全样本δ,1日,2024-05-06,2024-05-06,美元回落 人民币升值,fx,-0.2127,-0.384,0.1713,False,0.0,-1.0,1.0,0.0,0.2063,0.7568
M3 利率+ΔOAS,次,A 全样本δ,1日,2024-05-16,2024-05-16,美国4月CPI回落 风险资产涨,credit,0.4563,-0.0521,0.5084,False,5.0,2.0,7.0,0.0,0.5519,0.7568
M3 利率+ΔOAS,次,A 全样本δ,1日,2024-08-02,2024-08-02,7月非农大幅走弱+日元套息平仓,rate+fx+credit,-0.3456,-0.4607,0.1151,False,-22.0,-19.0,41.0,0.0,0.0815,0.7568
M3 利率+ΔOAS,次,A 全样本δ,1日,2024-10-04,2024-10-04,9月非农强劲 收益率上行,rate,-0.4747,-0.468,-0.0067,True,19.0,13.0,32.0,0.0,0.0387,0.7568
M3 利率+ΔOAS,次,A 全样本δ,1日,2024-10-08,2024-10-08,中国政策刺激后汇率波动 人民币回调,fx,0.6449,0.5751,0.0698,False,0.0,1.0,1.0,0.0,0.0634,0.7568
M3 利率+ΔOAS,次,A 全样本δ,1日,2024-11-06,2024-11-06,特朗普胜选 美债收益率上行 美元大涨,rate+fx,0.4985,0.5113,-0.0128,True,11.0,16.0,27.0,0.0,0.0089,0.7568
M3 利率+ΔOAS,次,A 全样本δ,1日,2025-04-02,2025-04-02,"美国""解放日""对等关税(中国累计约54%) 历史级risk-off",rate+credit+fx,-0.1272,-0.1291,0.0019,False,4.0,3.0,7.0,0.0,0.0077,0.7568
M3 利率+ΔOAS,次,A 全样本δ,1日,2025-04-08,2025-04-08,美中关税加码至104% 人民币中间价破7.20 美债市场承压,rate+fx,0.2128,0.0359,0.1769,False,6.0,11.0,17.0,0.0,0.1481,0.7568
M3 利率+ΔOAS,次,A 全样本δ,1日,2025-04-09,2025-04-09,90天关税暂缓(不含中国) 美股+9.5%,rate,-0.4214,-0.3679,-0.0535,True,18.0,8.0,26.0,0.0,-0.2133,0.7568
M3 利率+ΔOAS,次,A 全样本δ,1日,2025-04-10,2025-04-10,中国反制84%至125% 亚洲IG信用risk-off,credit+rate,-0.4896,-0.5087,0.0191,False,-2.0,6.0,8.0,0.0,0.1463,0.7568
M3 利率+ΔOAS,次,A 全样本δ,1日,2025-04-11,2025-04-11,隔夜美股再跌后亚洲风险偏好修复,credit,-0.6697,-0.6482,-0.0215,True,11.0,8.0,19.0,0.0,-0.0564,0.7568
M3 利率+ΔOAS,次,A 全样本δ,1日,2025-05-07,2025-05-07,中国央行宽松(降准50bp加7天逆回购降10bp),credit,0.308,0.2922,0.0158,False,-3.0,-4.0,7.0,0.0,0.0344,0.7568
M3 利率+ΔOAS,次,A 全样本δ,1日,2025-05-12,2025-05-12,美中日内瓦停火(美145%降至30% 中125%降至10%),credit+fx,-0.7228,-0.6988,-0.024,True,9.0,8.0,17.0,0.0,0.0462,0.7568
M3 利率+ΔOAS,次,A 全样本δ,1日,2025-06-05,2025-06-05,美国5月ADP弱加ISM服务跌破荣枯线 叠加美中谈判预期,rate+credit,-0.1631,-0.2113,0.0482,False,6.0,3.0,9.0,0.0,0.0879,0.7568
M3 利率+ΔOAS,次,A 全样本δ,1日,2025-06-16,2025-06-16,中国地产止跌回稳推进 新城控股发行美元债,credit,-0.1833,-0.1617,-0.0216,True,2.0,5.0,7.0,0.0,-0.0076,0.7568
M3 利率+ΔOAS,次,A 全样本δ,1日,2025-07-23,2025-07-23,美中缓和交易股债跷跷板 中国长债大跌,credit,-0.3361,-0.3466,0.0105,False,6.0,5.0,11.0,0.0,0.0505,0.7568
M3 利率+ΔOAS,次,A 全样本δ,1日,2025-08-01,2025-08-01,日央行加息加套息平仓重演 全球risk-off,rate+credit,0.7112,0.6983,0.0129,False,-19.0,-14.0,33.0,0.0,-0.0179,0.7568
M3 利率+ΔOAS,次,A 全样本δ,1日,2025-08-11,2025-08-11,美中关税休战再延90天,credit+fx,0.1315,0.0957,0.0358,False,-1.0,0.0,1.0,0.0,0.0471,0.7568
M3 利率+ΔOAS,次,A 全样本δ,1日,2025-09-17,2025-09-17,美联储2025年首次降息25bp(至4.00-4.25%),rate,-0.2836,-0.1974,-0.0862,True,3.0,2.0,5.0,0.0,-0.0627,0.7568
M3 利率+ΔOAS,次,A 全样本δ,1日,2025-10-30,2025-10-30,特朗普-习近平会晤达成一年战术休战,credit+fx,-0.2478,0.0614,-0.3092,True,2.0,3.0,5.0,0.0,-0.3233,0.7568
M3 利率+ΔOAS,次,A 全样本δ,1日,2025-12-10,2025-12-10,美联储年内第三次降息(至3.50-3.75%),rate,0.2297,0.2054,0.0243,False,-6.0,-5.0,11.0,0.0,0.0129,0.7568
M3 利率+ΔOAS,次,A 全样本δ,1日,2026-01-23,2026-01-23,人民币中间价创2023年来最强(6.9929) USDCNY破7,fx,-0.0095,-0.0215,0.012,False,-1.0,-2.0,3.0,0.0,0.0091,0.7568
M3 利率+ΔOAS,次,A 全样本δ,1日,2026-02-28,2026-03-02,美以空袭伊朗 海湾战争爆发,rate+credit,-0.0482,0.0539,-0.1021,True,11.0,8.0,19.0,0.0,-0.0953,0.7568
M3 利率+ΔOAS,次,A 全样本δ,1日,2026-03-02,2026-03-02,开战首个交易日 布油大涨13% 全球risk-off,rate+credit,-0.0482,0.0539,-0.1021,True,11.0,8.0,19.0,0.0,-0.0953,0.7568
M3 利率+ΔOAS,次,A 全样本δ,1日,2026-03-18,2026-03-18,FOMC按兵不动(3.50-3.75%) 点阵图仍显示1次降息,rate,-0.4148,-0.3903,-0.0245,True,8.0,6.0,14.0,0.0,0.0077,0.7568
M3 利率+ΔOAS,次,A 全样本δ,1日,2026-03-23,2026-03-23,海湾战争risk-off(霍尔木兹48小时通牒) 10Y创8个月高位,rate+credit,-0.0779,0.0673,-0.1452,True,-6.0,-5.0,11.0,0.0,-0.2122,0.7568
M3 利率+ΔOAS,次,A 全样本δ,1日,2026-05-19,2026-05-19,美债长端抛售峰值 10Y约4.68% 30Y约5.2%,rate+credit,0.0743,0.015,0.0593,False,5.0,6.0,11.0,0.0,0.0616,0.7568
M3 利率+ΔOAS,次,A 全样本δ,1日,2026-07-15,2026-07-15,人民币中间价破6.80 升值至约6.77,fx,0.1072,0.1128,-0.0056,True,-5.0,-3.0,8.0,0.0,-0.0068,0.7568
M3 利率+ΔOAS,次,A 全样本δ,3日(主),2023-09-11,2023-09-11,央行维稳+美元回落 人民币急升,fx,-0.9822,-0.9751,-0.0071,True,0.0,-1.0,1.0,0.0,-0.0548,0.7568
M3 利率+ΔOAS,次,A 全样本δ,3日(主),2023-10-04,2023-10-04,美债长端急升(10Y创多年新高) 全球利差走阔,rate+credit,0.0239,0.1267,-0.1028,True,-5.0,-3.0,8.0,0.0,-0.1449,0.7568
M3 利率+ΔOAS,次,A 全样本δ,3日(主),2023-10-26,2023-10-26,美债动荡延续 经济数据强劲,credit,0.2708,0.2463,0.0245,False,-9.0,-7.0,16.0,0.0,-0.0024,0.7568
M3 利率+ΔOAS,次,A 全样本δ,3日(主),2023-11-01,2023-11-01,美债供应与再融资压力,credit,1.3339,1.0079,0.326,False,-33.0,-31.0,64.0,0.0,0.3489,0.7568
M3 利率+ΔOAS,次,A 全样本δ,3日(主),2023-11-06,2023-11-06,风险偏好修复 利差收窄,credit,0.1251,0.0768,0.0483,False,2.0,-8.0,10.0,0.0,0.1448,0.7568
M3 利率+ΔOAS,次,A 全样本δ,3日(主),2023-11-14,2023-11-14,美国10月CPI低于预期(3.2%),rate,0.3628,0.2051,0.1577,False,-23.0,-18.0,41.0,0.0,0.268,0.7568
M3 利率+ΔOAS,次,A 全样本δ,3日(主),2023-11-15,2023-11-15,CPI后信用大涨 利差大幅收窄,credit,-0.1408,-0.3568,0.216,False,3.0,0.0,3.0,0.0,0.4069,0.7568
M3 利率+ΔOAS,次,A 全样本δ,3日(主),2023-11-20,2023-11-20,美元走弱 人民币升,fx,-0.4369,-0.6035,0.1666,False,-1.0,-2.0,3.0,0.0,0.2479,0.7568
M3 利率+ΔOAS,次,A 全样本δ,3日(主),2023-12-01,2023-12-01,"鲍威尔称""为时过早谈降息"" 鹰派",credit,0.9657,0.851,0.1147,False,-17.0,-19.0,36.0,0.0,0.1178,0.7568
M3 利率+ΔOAS,次,A 全样本δ,3日(主),2023-12-13,2023-12-13,FOMC点阵图转向降息 收益率大降,rate+credit,0.7795,0.4912,0.2883,False,-32.0,-29.0,61.0,0.0,0.4465,0.7568
M3 利率+ΔOAS,次,A 全样本δ,3日(主),2023-12-14,2023-12-14,转鸽确认 风险资产大涨 美元走弱,credit+fx,0.0979,0.0346,0.0633,False,-6.0,-9.0,15.0,0.0,0.3441,0.7568
M3 利率+ΔOAS,次,A 全样本δ,3日(主),2024-01-02,2024-01-02,年初购汇需求与美元偏强 人民币走弱,fx,0.1361,0.4751,-0.339,True,13.0,11.0,24.0,0.0,-0.3112,0.7568
M3 利率+ΔOAS,次,A 全样本δ,3日(主),2024-02-07,2024-02-07,中国股市流动性风险+美债收益率上行,credit,-0.1746,-0.1845,0.0099,False,11.0,8.0,19.0,0.0,0.073,0.7568
M3 利率+ΔOAS,次,A 全样本δ,3日(主),2024-04-10,2024-04-10,美国3月CPI超预期 收益率急升,rate,-0.5034,-0.4342,-0.0692,True,17.0,14.0,31.0,0.0,-0.0846,0.7568
M3 利率+ΔOAS,次,A 全样本δ,3日(主),2024-05-06,2024-05-06,美元回落 人民币升值,fx,-0.0158,-0.1632,0.1474,False,2.0,-2.0,4.0,0.0,0.203,0.7568
M3 利率+ΔOAS,次,A 全样本δ,3日(主),2024-05-16,2024-05-16,美国4月CPI回落 风险资产涨,credit,0.4615,0.0132,0.4483,False,11.0,8.0,19.0,0.0,0.5253,0.7568
M3 利率+ΔOAS,次,A 全样本δ,3日(主),2024-08-02,2024-08-02,7月非农大幅走弱+日元套息平仓,rate+fx+credit,-1.0307,-0.8616,-0.1691,True,-11.0,-9.0,20.0,0.0,-0.2022,0.7568
M3 利率+ΔOAS,次,A 全样本δ,3日(主),2024-10-04,2024-10-04,9月非农强劲 收益率上行,rate,-0.0975,-0.1174,0.0199,False,24.0,19.0,43.0,0.0,0.0053,0.7568
M3 利率+ΔOAS,次,A 全样本δ,3日(主),2024-10-08,2024-10-08,中国政策刺激后汇率波动 人民币回调,fx,0.7655,0.6953,0.0702,False,5.0,6.0,11.0,0.0,0.0593,0.7568
M3 利率+ΔOAS,次,A 全样本δ,3日(主),2024-11-06,2024-11-06,特朗普胜选 美债收益率上行 美元大涨,rate+fx,1.2115,1.0039,0.2076,False,4.0,4.0,8.0,0.0,0.2838,0.7568
M3 利率+ΔOAS,次,A 全样本δ,3日(主),2025-04-02,2025-04-02,"美国""解放日""对等关税(中国累计约54%) 历史级risk-off",rate+credit+fx,0.4465,0.7453,-0.2988,True,-19.0,-16.0,35.0,0.0,-0.357,0.7568
M3 利率+ΔOAS,次,A 全样本δ,3日(主),2025-04-08,2025-04-08,美中关税加码至104% 人民币中间价破7.20 美债市场承压,rate+fx,-0.6982,-0.8407,0.1425,False,22.0,25.0,47.0,0.0,0.081,0.7568
M3 利率+ΔOAS,次,A 全样本δ,3日(主),2025-04-09,2025-04-09,90天关税暂缓(不含中国) 美股+9.5%,rate,-1.5807,-1.5249,-0.0558,True,27.0,22.0,49.0,0.0,-0.1235,0.7568
M3 利率+ΔOAS,次,A 全样本δ,3日(主),2025-04-10,2025-04-10,中国反制84%至125% 亚洲IG信用risk-off,credit+rate,-0.4309,-0.4684,0.0375,False,-4.0,4.0,8.0,0.0,0.1314,0.7568
M3 利率+ΔOAS,次,A 全样本δ,3日(主),2025-04-11,2025-04-11,隔夜美股再跌后亚洲风险偏好修复,credit,0.3685,0.266,0.1025,False,-6.0,-5.0,11.0,0.0,0.1196,0.7568
M3 利率+ΔOAS,次,A 全样本δ,3日(主),2025-05-07,2025-05-07,中国央行宽松(降准50bp加7天逆回购降10bp),credit,0.2281,0.0899,0.1382,False,10.0,7.0,17.0,0.0,0.1912,0.7568
M3 利率+ΔOAS,次,A 全样本δ,3日(主),2025-05-12,2025-05-12,美中日内瓦停火(美145%降至30% 中125%降至10%),credit+fx,-0.729,-0.8409,0.1119,False,17.0,16.0,33.0,0.0,0.2219,0.7568
M3 利率+ΔOAS,次,A 全样本δ,3日(主),2025-06-05,2025-06-05,美国5月ADP弱加ISM服务跌破荣枯线 叠加美中谈判预期,rate+credit,-0.3539,-0.4333,0.0794,False,16.0,12.0,28.0,0.0,0.1372,0.7568
M3 利率+ΔOAS,次,A 全样本δ,3日(主),2025-06-16,2025-06-16,中国地产止跌回稳推进 新城控股发行美元债,credit,0.2423,0.2792,-0.0369,True,-4.0,-3.0,7.0,0.0,-0.0273,0.7568
M3 利率+ΔOAS,次,A 全样本δ,3日(主),2025-07-23,2025-07-23,美中缓和交易股债跷跷板 中国长债大跌,credit,-0.1336,-0.2037,0.0701,False,7.0,5.0,12.0,0.0,0.1208,0.7568
M3 利率+ΔOAS,次,A 全样本δ,3日(主),2025-08-01,2025-08-01,日央行加息加套息平仓重演 全球risk-off,rate+credit,0.5062,0.4217,0.0845,False,-19.0,-15.0,34.0,0.0,0.1099,0.7568
M3 利率+ΔOAS,次,A 全样本δ,3日(主),2025-08-11,2025-08-11,美中关税休战再延90天,credit+fx,0.2541,0.115,0.1391,False,-7.0,-3.0,10.0,0.0,0.2021,0.7568
M3 利率+ΔOAS,次,A 全样本δ,3日(主),2025-09-17,2025-09-17,美联储2025年首次降息25bp(至4.00-4.25%),rate,-0.3078,-0.2767,-0.0311,True,9.0,10.0,19.0,0.0,0.0123,0.7568
M3 利率+ΔOAS,次,A 全样本δ,3日(主),2025-10-30,2025-10-30,特朗普-习近平会晤达成一年战术休战,credit+fx,-0.0669,0.1798,-0.2467,True,2.0,5.0,7.0,0.0,-0.2876,0.7568
M3 利率+ΔOAS,次,A 全样本δ,3日(主),2025-12-10,2025-12-10,美联储年内第三次降息(至3.50-3.75%),rate,0.0053,-0.0642,0.0695,False,-3.0,1.0,4.0,0.0,0.0895,0.7568
M3 利率+ΔOAS,次,A 全样本δ,3日(主),2026-01-23,2026-01-23,人民币中间价创2023年来最强(6.9929) USDCNY破7,fx,-0.0226,-0.0533,0.0307,False,-4.0,-2.0,6.0,0.0,0.0682,0.7568
M3 利率+ΔOAS,次,A 全样本δ,3日(主),2026-02-28,2026-03-02,美以空袭伊朗 海湾战争爆发,rate+credit,-0.1726,0.1089,-0.2815,True,16.0,12.0,28.0,0.0,-0.3071,0.7568
M3 利率+ΔOAS,次,A 全样本δ,3日(主),2026-03-02,2026-03-02,开战首个交易日 布油大涨13% 全球risk-off,rate+credit,-0.1726,0.1089,-0.2815,True,16.0,12.0,28.0,0.0,-0.3071,0.7568
M3 利率+ΔOAS,次,A 全样本δ,3日(主),2026-03-18,2026-03-18,FOMC按兵不动(3.50-3.75%) 点阵图仍显示1次降息,rate,-0.7683,-0.7134,-0.0549,True,22.0,19.0,41.0,0.0,-0.0755,0.7568
M3 利率+ΔOAS,次,A 全样本δ,3日(主),2026-03-23,2026-03-23,海湾战争risk-off(霍尔木兹48小时通牒) 10Y创8个月高位,rate+credit,0.4403,0.4516,-0.0113,True,-5.0,-6.0,11.0,0.0,-0.04,0.7568
M3 利率+ΔOAS,次,A 全样本δ,3日(主),2026-05-19,2026-05-19,美债长端抛售峰值 10Y约4.68% 30Y约5.2%,rate+credit,0.2976,0.2132,0.0844,False,-2.0,-4.0,6.0,0.0,0.0859,0.7568
M3 利率+ΔOAS,次,A 全样本δ,3日(主),2026-07-15,2026-07-15,人民币中间价破6.80 升值至约6.77,fx,0.2277,0.2476,-0.0199,True,-3.0,-3.0,6.0,0.0,-0.0143,0.7568
M3 利率+ΔOAS,次,A 全样本δ,5日,2023-09-11,2023-09-11,央行维稳+美元回落 人民币急升,fx,-1.0919,-1.1055,0.0136,False,6.0,7.0,13.0,0.0,0.0275,0.7568
M3 利率+ΔOAS,次,A 全样本δ,5日,2023-10-04,2023-10-04,美债长端急升(10Y创多年新高) 全球利差走阔,rate+credit,1.0751,0.9001,0.175,False,-21.0,-23.0,44.0,0.0,0.1246,0.7568
M3 利率+ΔOAS,次,A 全样本δ,5日,2023-10-26,2023-10-26,美债动荡延续 经济数据强劲,credit,0.7634,0.7495,0.0139,False,-22.0,-18.0,40.0,0.0,-0.0181,0.7568
M3 利率+ΔOAS,次,A 全样本δ,5日,2023-11-01,2023-11-01,美债供应与再融资压力,credit,1.1795,0.7469,0.4326,False,-29.0,-30.0,59.0,0.0,0.524,0.7568
M3 利率+ΔOAS,次,A 全样本δ,5日,2023-11-06,2023-11-06,风险偏好修复 利差收窄,credit,-0.3018,-0.2621,-0.0397,True,16.0,4.0,20.0,0.0,0.1012,0.7568
M3 利率+ΔOAS,次,A 全样本δ,5日,2023-11-14,2023-11-14,美国10月CPI低于预期(3.2%),rate,-0.4378,-0.6699,0.2321,False,-22.0,-21.0,43.0,0.0,0.3805,0.7568
M3 利率+ΔOAS,次,A 全样本δ,5日,2023-11-15,2023-11-15,CPI后信用大涨 利差大幅收窄,credit,-0.9,-1.2365,0.3365,False,-1.0,-3.0,4.0,0.0,0.5713,0.7568
M3 利率+ΔOAS,次,A 全样本δ,5日,2023-11-20,2023-11-20,美元走弱 人民币升,fx,-0.2589,-0.4757,0.2168,False,-7.0,-5.0,12.0,0.0,0.2943,0.7568
M3 利率+ΔOAS,次,A 全样本δ,5日,2023-12-01,2023-12-01,"鲍威尔称""为时过早谈降息"" 鹰派",credit,1.3813,1.1866,0.1947,False,-20.0,-23.0,43.0,0.0,0.2654,0.7568
M3 利率+ΔOAS,次,A 全样本δ,5日,2023-12-13,2023-12-13,FOMC点阵图转向降息 收益率大降,rate+credit,0.9803,0.5924,0.3879,False,-29.0,-27.0,56.0,0.0,0.5492,0.7568
M3 利率+ΔOAS,次,A 全样本δ,5日,2023-12-14,2023-12-14,转鸽确认 风险资产大涨 美元走弱,credit+fx,0.5828,0.4729,0.1099,False,-14.0,-18.0,32.0,0.0,0.394,0.7568
M3 利率+ΔOAS,次,A 全样本δ,5日,2024-01-02,2024-01-02,年初购汇需求与美元偏强 人民币走弱,fx,-0.1422,0.2939,-0.4361,True,13.0,13.0,26.0,0.0,-0.4907,0.7568
M3 利率+ΔOAS,次,A 全样本δ,5日,2024-02-07,2024-02-07,中国股市流动性风险+美债收益率上行,credit,-0.176,-0.6106,0.4346,False,28.0,22.0,50.0,0.0,0.5862,0.7568
M3 利率+ΔOAS,次,A 全样本δ,5日,2024-04-10,2024-04-10,美国3月CPI超预期 收益率急升,rate,-1.0722,-1.0357,-0.0365,True,32.0,31.0,63.0,0.0,-0.0802,0.7568
M3 利率+ΔOAS,次,A 全样本δ,5日,2024-05-06,2024-05-06,美元回落 人民币升值,fx,0.0935,-0.0843,0.1778,False,4.0,0.0,4.0,0.0,0.2543,0.7568
M3 利率+ΔOAS,次,A 全样本δ,5日,2024-05-16,2024-05-16,美国4月CPI回落 风险资产涨,credit,0.7276,0.1579,0.5697,False,12.0,7.0,19.0,0.0,0.6573,0.7568
M3 利率+ΔOAS,次,A 全样本δ,5日,2024-08-02,2024-08-02,7月非农大幅走弱+日元套息平仓,rate+fx+credit,-0.9896,-0.8576,-0.132,True,-1.0,0.0,1.0,0.0,-0.1053,0.7568
M3 利率+ΔOAS,次,A 全样本δ,5日,2024-10-04,2024-10-04,9月非农强劲 收益率上行,rate,0.0231,0.0029,0.0202,False,29.0,24.0,53.0,0.0,0.0013,0.7568
M3 利率+ΔOAS,次,A 全样本δ,5日,2024-10-08,2024-10-08,中国政策刺激后汇率波动 人民币回调,fx,1.5513,1.5321,0.0192,False,0.0,0.0,0.0,0.0,0.0419,0.7568
M3 利率+ΔOAS,次,A 全样本δ,5日,2024-11-06,2024-11-06,特朗普胜选 美债收益率上行 美元大涨,rate+fx,1.3475,1.1883,0.1592,False,14.0,18.0,32.0,0.0,0.2403,0.7568
M3 利率+ΔOAS,次,A 全样本δ,5日,2025-04-02,2025-04-02,"美国""解放日""对等关税(中国累计约54%) 历史级risk-off",rate+credit+fx,-0.1087,0.6171,-0.7258,True,-3.0,9.0,12.0,0.0,-0.8847,0.7568
M3 利率+ΔOAS,次,A 全样本δ,5日,2025-04-08,2025-04-08,美中关税加码至104% 人民币中间价破7.20 美债市场承压,rate+fx,-0.6395,-0.8005,0.161,False,20.0,23.0,43.0,0.0,0.0662,0.7568
M3 利率+ΔOAS,次,A 全样本δ,5日,2025-04-09,2025-04-09,90天关税暂缓(不含中国) 美股+9.5%,rate,-0.5425,-0.6106,0.0681,False,10.0,9.0,19.0,0.0,0.0526,0.7568
M3 利率+ΔOAS,次,A 全样本δ,5日,2025-04-10,2025-04-10,中国反制84%至125% 亚洲IG信用risk-off,credit+rate,0.0672,-0.139,0.2062,False,-15.0,-5.0,20.0,0.0,0.343,0.7568
M3 利率+ΔOAS,次,A 全样本δ,5日,2025-04-11,2025-04-11,隔夜美股再跌后亚洲风险偏好修复,credit,0.3727,0.168,0.2047,False,-9.0,-6.0,15.0,0.0,0.2622,0.7568
M3 利率+ΔOAS,次,A 全样本δ,5日,2025-05-07,2025-05-07,中国央行宽松(降准50bp加7天逆回购降10bp),credit,-0.4352,-0.6711,0.2359,False,22.0,19.0,41.0,0.0,0.3691,0.7568
M3 利率+ΔOAS,次,A 全样本δ,5日,2025-05-12,2025-05-12,美中日内瓦停火(美145%降至30% 中125%降至10%),credit+fx,-0.3903,-0.4059,0.0156,False,6.0,6.0,12.0,0.0,0.1406,0.7568
M3 利率+ΔOAS,次,A 全样本δ,5日,2025-06-05,2025-06-05,美国5月ADP弱加ISM服务跌破荣枯线 叠加美中谈判预期,rate+credit,0.2082,0.0722,0.136,False,9.0,4.0,13.0,0.0,0.2072,0.7568
M3 利率+ΔOAS,次,A 全样本δ,5日,2025-06-16,2025-06-16,中国地产止跌回稳推进 新城控股发行美元债,credit,0.2929,0.3561,-0.0632,True,-11.0,-7.0,18.0,0.0,-0.0398,0.7568
M3 利率+ΔOAS,次,A 全样本δ,5日,2025-07-23,2025-07-23,美中缓和交易股债跷跷板 中国长债大跌,credit,0.3331,0.1841,0.149,False,2.0,-1.0,3.0,0.0,0.2193,0.7568
M3 利率+ΔOAS,次,A 全样本δ,5日,2025-08-01,2025-08-01,日央行加息加套息平仓重演 全球risk-off,rate+credit,0.3599,0.3995,-0.0396,True,-17.0,-14.0,31.0,0.0,0.0205,0.7568
M3 利率+ΔOAS,次,A 全样本δ,5日,2025-08-11,2025-08-11,美中关税休战再延90天,credit+fx,0.1707,-0.0267,0.1974,False,1.0,6.0,7.0,0.0,0.3142,0.7568
M3 利率+ΔOAS,次,A 全样本δ,5日,2025-09-17,2025-09-17,美联储2025年首次降息25bp(至4.00-4.25%),rate,-0.266,-0.2119,-0.0541,True,9.0,8.0,17.0,0.0,0.0038,0.7568
M3 利率+ΔOAS,次,A 全样本δ,5日,2025-10-30,2025-10-30,特朗普-习近平会晤达成一年战术休战,credit+fx,-0.2756,0.1266,-0.4022,True,6.0,9.0,15.0,0.0,-0.4298,0.7568
M3 利率+ΔOAS,次,A 全样本δ,5日,2025-12-10,2025-12-10,美联储年内第三次降息(至3.50-3.75%),rate,0.039,-0.0483,0.0873,False,-9.0,-3.0,12.0,0.0,0.1173,0.7568
M3 利率+ΔOAS,次,A 全样本δ,5日,2026-01-23,2026-01-23,人民币中间价创2023年来最强(6.9929) USDCNY破7,fx,-0.1003,-0.1062,0.0059,False,-5.0,-2.0,7.0,0.0,0.048,0.7568
M3 利率+ΔOAS,次,A 全样本δ,5日,2026-02-28,2026-03-02,美以空袭伊朗 海湾战争爆发,rate+credit,-0.2568,-0.0873,-0.1695,True,21.0,18.0,39.0,0.0,-0.1993,0.7568
M3 利率+ΔOAS,次,A 全样本δ,5日,2026-03-02,2026-03-02,开战首个交易日 布油大涨13% 全球risk-off,rate+credit,-0.2568,-0.0873,-0.1695,True,21.0,18.0,39.0,0.0,-0.1993,0.7568
M3 利率+ΔOAS,次,A 全样本δ,5日,2026-03-18,2026-03-18,FOMC按兵不动(3.50-3.75%) 点阵图仍显示1次降息,rate,-0.8281,-0.6608,-0.1673,True,24.0,19.0,43.0,0.0,-0.2367,0.7568
M3 利率+ΔOAS,次,A 全样本δ,5日,2026-03-23,2026-03-23,海湾战争risk-off(霍尔木兹48小时通牒) 10Y创8个月高位,rate+credit,0.1847,0.1952,-0.0105,True,5.0,5.0,10.0,0.0,-0.0763,0.7568
M3 利率+ΔOAS,次,A 全样本δ,5日,2026-05-19,2026-05-19,美债长端抛售峰值 10Y约4.68% 30Y约5.2%,rate+credit,0.3679,0.3013,0.0666,False,-8.0,-11.0,19.0,0.0,0.1194,0.7568
M3 利率+ΔOAS,次,A 全样本δ,5日,2026-07-15,2026-07-15,人民币中间价破6.80 升值至约6.77,fx,-0.2259,-0.1736,-0.0523,True,6.0,5.0,11.0,0.0,-0.0387,0.7568
M3 利率+ΔOAS,次,B 事件前δ,1日,2023-11-06,2023-11-06,风险偏好修复 利差收窄,credit,-0.5058,-0.7466,0.2408,False,11.0,10.0,21.0,0.0616,0.2835,0.7568
M3 利率+ΔOAS,次,B 事件前δ,1日,2023-11-14,2023-11-14,美国10月CPI低于预期(3.2%),rate,0.1677,0.2648,-0.0971,True,-24.0,-19.0,43.0,-0.0295,-0.0932,0.7568
M3 利率+ΔOAS,次,B 事件前δ,1日,2023-11-15,2023-11-15,CPI后信用大涨 利差大幅收窄,credit,-0.1396,-0.304,0.1644,False,10.0,9.0,19.0,0.0666,0.2755,0.7568
M3 利率+ΔOAS,次,B 事件前δ,1日,2023-11-20,2023-11-20,美元走弱 人民币升,fx,-0.4647,-0.5285,0.0638,False,-1.0,-2.0,3.0,-0.0199,0.0669,0.7568
M3 利率+ΔOAS,次,B 事件前δ,1日,2023-12-01,2023-12-01,"鲍威尔称""为时过早谈降息"" 鹰派",credit,0.5283,0.5962,-0.0679,True,-17.0,-15.0,32.0,-0.0416,-0.0929,0.7568
M3 利率+ΔOAS,次,B 事件前δ,1日,2023-12-13,2023-12-13,FOMC点阵图转向降息 收益率大降,rate+credit,0.7926,0.524,0.2686,False,-23.0,-16.0,39.0,-0.0181,0.174,0.7568
M3 利率+ΔOAS,次,B 事件前δ,1日,2023-12-14,2023-12-14,转鸽确认 风险资产大涨 美元走弱,credit+fx,-0.1028,-0.2,0.0972,False,-10.0,-12.0,22.0,-0.0233,0.3464,0.7568
M3 利率+ΔOAS,次,B 事件前δ,1日,2024-01-02,2024-01-02,年初购汇需求与美元偏强 人民币走弱,fx,0.4091,0.3508,0.0583,False,9.0,7.0,16.0,0.0029,0.0699,0.7568
M3 利率+ΔOAS,次,B 事件前δ,1日,2024-02-07,2024-02-07,中国股市流动性风险+美债收益率上行,credit,0.0212,0.0939,-0.0727,True,3.0,0.0,3.0,-0.0031,-0.0185,0.7568
M3 利率+ΔOAS,次,B 事件前δ,1日,2024-04-10,2024-04-10,美国3月CPI超预期 收益率急升,rate,-0.6214,-0.6845,0.0631,False,24.0,19.0,43.0,-0.01,0.0718,0.7568
M3 利率+ΔOAS,次,B 事件前δ,1日,2024-05-06,2024-05-06,美元回落 人民币升值,fx,-0.2127,-0.3761,0.1634,False,0.0,-1.0,1.0,-0.0079,0.2063,0.7568
M3 利率+ΔOAS,次,B 事件前δ,1日,2024-05-16,2024-05-16,美国4月CPI回落 风险资产涨,credit,0.4563,-0.0394,0.4957,False,5.0,2.0,7.0,-0.0127,0.5519,0.7568
M3 利率+ΔOAS,次,B 事件前δ,1日,2024-08-02,2024-08-02,7月非农大幅走弱+日元套息平仓,rate+fx+credit,-0.3456,-0.4802,0.1346,False,-22.0,-19.0,41.0,0.0195,0.0815,0.7568
M3 利率+ΔOAS,次,B 事件前δ,1日,2024-10-04,2024-10-04,9月非农强劲 收益率上行,rate,-0.4747,-0.4361,-0.0386,True,19.0,13.0,32.0,-0.0319,0.0387,0.7568
M3 利率+ΔOAS,次,B 事件前δ,1日,2024-10-08,2024-10-08,中国政策刺激后汇率波动 人民币回调,fx,0.6449,0.5842,0.0607,False,0.0,1.0,1.0,-0.0091,0.0634,0.7568
M3 利率+ΔOAS,次,B 事件前δ,1日,2024-11-06,2024-11-06,特朗普胜选 美债收益率上行 美元大涨,rate+fx,0.4985,0.5134,-0.0149,True,11.0,16.0,27.0,-0.0021,0.0089,0.7568
M3 利率+ΔOAS,次,B 事件前δ,1日,2025-04-02,2025-04-02,"美国""解放日""对等关税(中国累计约54%) 历史级risk-off",rate+credit+fx,-0.1272,-0.1205,-0.0067,True,4.0,3.0,7.0,-0.0086,0.0077,0.7568
M3 利率+ΔOAS,次,B 事件前δ,1日,2025-04-08,2025-04-08,美中关税加码至104% 人民币中间价破7.20 美债市场承压,rate+fx,0.2128,0.0307,0.1821,False,6.0,11.0,17.0,0.0051,0.1481,0.7568
M3 利率+ΔOAS,次,B 事件前δ,1日,2025-04-09,2025-04-09,90天关税暂缓(不含中国) 美股+9.5%,rate,-0.4214,-0.3085,-0.1129,True,18.0,8.0,26.0,-0.0595,-0.2133,0.7568
M3 利率+ΔOAS,次,B 事件前δ,1日,2025-04-10,2025-04-10,中国反制84%至125% 亚洲IG信用risk-off,credit+rate,-0.4896,-0.5354,0.0458,False,-2.0,6.0,8.0,0.0267,0.1463,0.7568
M3 利率+ΔOAS,次,B 事件前δ,1日,2025-04-11,2025-04-11,隔夜美股再跌后亚洲风险偏好修复,credit,-0.6697,-0.6353,-0.0344,True,11.0,8.0,19.0,-0.0129,-0.0564,0.7568
M3 利率+ΔOAS,次,B 事件前δ,1日,2025-05-07,2025-05-07,中国央行宽松(降准50bp加7天逆回购降10bp),credit,0.308,0.2929,0.0151,False,-3.0,-4.0,7.0,-0.0007,0.0344,0.7568
M3 利率+ΔOAS,次,B 事件前δ,1日,2025-05-12,2025-05-12,美中日内瓦停火(美145%降至30% 中125%降至10%),credit+fx,-0.7228,-0.6978,-0.025,True,9.0,8.0,17.0,-0.001,0.0462,0.7568
M3 利率+ΔOAS,次,B 事件前δ,1日,2025-06-05,2025-06-05,美国5月ADP弱加ISM服务跌破荣枯线 叠加美中谈判预期,rate+credit,-0.1631,-0.2101,0.047,False,6.0,3.0,9.0,-0.0011,0.0879,0.7568
M3 利率+ΔOAS,次,B 事件前δ,1日,2025-06-16,2025-06-16,中国地产止跌回稳推进 新城控股发行美元债,credit,-0.1833,-0.1593,-0.024,True,2.0,5.0,7.0,-0.0024,-0.0076,0.7568
M3 利率+ΔOAS,次,B 事件前δ,1日,2025-07-23,2025-07-23,美中缓和交易股债跷跷板 中国长债大跌,credit,-0.3361,-0.3448,0.0087,False,6.0,5.0,11.0,-0.0019,0.0505,0.7568
M3 利率+ΔOAS,次,B 事件前δ,1日,2025-08-01,2025-08-01,日央行加息加套息平仓重演 全球risk-off,rate+credit,0.7112,0.7018,0.0094,False,-19.0,-14.0,33.0,-0.0035,-0.0179,0.7568
M3 利率+ΔOAS,次,B 事件前δ,1日,2025-08-11,2025-08-11,美中关税休战再延90天,credit+fx,0.1315,0.0984,0.0331,False,-1.0,0.0,1.0,-0.0027,0.0471,0.7568
M3 利率+ΔOAS,次,B 事件前δ,1日,2025-09-17,2025-09-17,美联储2025年首次降息25bp(至4.00-4.25%),rate,-0.2836,-0.1941,-0.0895,True,3.0,2.0,5.0,-0.0032,-0.0627,0.7568
M3 利率+ΔOAS,次,B 事件前δ,1日,2025-10-30,2025-10-30,特朗普-习近平会晤达成一年战术休战,credit+fx,-0.2478,0.0662,-0.314,True,2.0,3.0,5.0,-0.0048,-0.3233,0.7568
M3 利率+ΔOAS,次,B 事件前δ,1日,2025-12-10,2025-12-10,美联储年内第三次降息(至3.50-3.75%),rate,0.2297,0.2078,0.0219,False,-6.0,-5.0,11.0,-0.0023,0.0129,0.7568
M3 利率+ΔOAS,次,B 事件前δ,1日,2026-01-23,2026-01-23,人民币中间价创2023年来最强(6.9929) USDCNY破7,fx,-0.0095,-0.0184,0.0089,False,-1.0,-2.0,3.0,-0.0031,0.0091,0.7568
M3 利率+ΔOAS,次,B 事件前δ,1日,2026-02-28,2026-03-02,美以空袭伊朗 海湾战争爆发,rate+credit,-0.0482,0.0581,-0.1063,True,11.0,8.0,19.0,-0.0043,-0.0953,0.7568
M3 利率+ΔOAS,次,B 事件前δ,1日,2026-03-02,2026-03-02,开战首个交易日 布油大涨13% 全球risk-off,rate+credit,-0.0482,0.0581,-0.1063,True,11.0,8.0,19.0,-0.0043,-0.0953,0.7568
M3 利率+ΔOAS,次,B 事件前δ,1日,2026-03-18,2026-03-18,FOMC按兵不动(3.50-3.75%) 点阵图仍显示1次降息,rate,-0.4148,-0.3891,-0.0257,True,8.0,6.0,14.0,-0.0013,0.0077,0.7568
M3 利率+ΔOAS,次,B 事件前δ,1日,2026-03-23,2026-03-23,海湾战争risk-off(霍尔木兹48小时通牒) 10Y创8个月高位,rate+credit,-0.0779,0.0694,-0.1473,True,-6.0,-5.0,11.0,-0.0021,-0.2122,0.7568
M3 利率+ΔOAS,次,B 事件前δ,1日,2026-05-19,2026-05-19,美债长端抛售峰值 10Y约4.68% 30Y约5.2%,rate+credit,0.0743,0.0162,0.0581,False,5.0,6.0,11.0,-0.0012,0.0616,0.7568
M3 利率+ΔOAS,次,B 事件前δ,1日,2026-07-15,2026-07-15,人民币中间价破6.80 升值至约6.77,fx,0.1072,0.1133,-0.0061,True,-5.0,-3.0,8.0,-0.0005,-0.0068,0.7568
M3 利率+ΔOAS,次,B 事件前δ,3日(主),2023-11-06,2023-11-06,风险偏好修复 利差收窄,credit,0.1251,0.1347,-0.0096,True,2.0,-8.0,10.0,-0.058,0.1448,0.7568
M3 利率+ΔOAS,次,B 事件前δ,3日(主),2023-11-14,2023-11-14,美国10月CPI低于预期(3.2%),rate,0.3628,0.2008,0.162,False,-23.0,-18.0,41.0,0.0043,0.268,0.7568
M3 利率+ΔOAS,次,B 事件前δ,3日(主),2023-11-15,2023-11-15,CPI后信用大涨 利差大幅收窄,credit,-0.1408,-0.3999,0.2591,False,3.0,0.0,3.0,0.0431,0.4069,0.7568
M3 利率+ΔOAS,次,B 事件前δ,3日(主),2023-11-20,2023-11-20,美元走弱 人民币升,fx,-0.4369,-0.5884,0.1515,False,-1.0,-2.0,3.0,-0.0151,0.2479,0.7568
M3 利率+ΔOAS,次,B 事件前δ,3日(主),2023-12-01,2023-12-01,"鲍威尔称""为时过早谈降息"" 鹰派",credit,0.9657,0.9362,0.0295,False,-17.0,-19.0,36.0,-0.0852,0.1178,0.7568
M3 利率+ΔOAS,次,B 事件前δ,3日(主),2023-12-13,2023-12-13,FOMC点阵图转向降息 收益率大降,rate+credit,0.7795,0.5541,0.2254,False,-32.0,-29.0,61.0,-0.0629,0.4465,0.7568
M3 利率+ΔOAS,次,B 事件前δ,3日(主),2023-12-14,2023-12-14,转鸽确认 风险资产大涨 美元走弱,credit+fx,0.0979,0.0856,0.0123,False,-6.0,-9.0,15.0,-0.051,0.3441,0.7568
M3 利率+ΔOAS,次,B 事件前δ,3日(主),2024-01-02,2024-01-02,年初购汇需求与美元偏强 人民币走弱,fx,0.1361,0.4942,-0.3581,True,13.0,11.0,24.0,-0.0191,-0.3112,0.7568
M3 利率+ΔOAS,次,B 事件前δ,3日(主),2024-02-07,2024-02-07,中国股市流动性风险+美债收益率上行,credit,-0.1746,-0.1826,0.008,False,11.0,8.0,19.0,-0.002,0.073,0.7568
M3 利率+ΔOAS,次,B 事件前δ,3日(主),2024-04-10,2024-04-10,美国3月CPI超预期 收益率急升,rate,-0.5034,-0.4077,-0.0957,True,17.0,14.0,31.0,-0.0265,-0.0846,0.7568
M3 利率+ΔOAS,次,B 事件前δ,3日(主),2024-05-06,2024-05-06,美元回落 人民币升值,fx,-0.0158,-0.136,0.1202,False,2.0,-2.0,4.0,-0.0272,0.203,0.7568
M3 利率+ΔOAS,次,B 事件前δ,3日(主),2024-05-16,2024-05-16,美国4月CPI回落 风险资产涨,credit,0.4615,0.0392,0.4223,False,11.0,8.0,19.0,-0.026,0.5253,0.7568
M3 利率+ΔOAS,次,B 事件前δ,3日(主),2024-08-02,2024-08-02,7月非农大幅走弱+日元套息平仓,rate+fx+credit,-1.0307,-0.8455,-0.1852,True,-11.0,-9.0,20.0,-0.0161,-0.2022,0.7568
M3 利率+ΔOAS,次,B 事件前δ,3日(主),2024-10-04,2024-10-04,9月非农强劲 收益率上行,rate,-0.0975,-0.0466,-0.0509,True,24.0,19.0,43.0,-0.0707,0.0053,0.7568
M3 利率+ΔOAS,次,B 事件前δ,3日(主),2024-10-08,2024-10-08,中国政策刺激后汇率波动 人民币回调,fx,0.7655,0.7296,0.0359,False,5.0,6.0,11.0,-0.0343,0.0593,0.7568
M3 利率+ΔOAS,次,B 事件前δ,3日(主),2024-11-06,2024-11-06,特朗普胜选 美债收益率上行 美元大涨,rate+fx,1.2115,1.0126,0.1989,False,4.0,4.0,8.0,-0.0087,0.2838,0.7568
M3 利率+ΔOAS,次,B 事件前δ,3日(主),2025-04-02,2025-04-02,"美国""解放日""对等关税(中国累计约54%) 历史级risk-off",rate+credit+fx,0.4465,0.7617,-0.3152,True,-19.0,-16.0,35.0,-0.0164,-0.357,0.7568
M3 利率+ΔOAS,次,B 事件前δ,3日(主),2025-04-08,2025-04-08,美中关税加码至104% 人民币中间价破7.20 美债市场承压,rate+fx,-0.6982,-0.8267,0.1285,False,22.0,25.0,47.0,-0.014,0.081,0.7568
M3 利率+ΔOAS,次,B 事件前δ,3日(主),2025-04-09,2025-04-09,90天关税暂缓(不含中国) 美股+9.5%,rate,-1.5807,-1.4832,-0.0975,True,27.0,22.0,49.0,-0.0416,-0.1235,0.7568
M3 利率+ΔOAS,次,B 事件前δ,3日(主),2025-04-10,2025-04-10,中国反制84%至125% 亚洲IG信用risk-off,credit+rate,-0.4309,-0.4871,0.0562,False,-4.0,4.0,8.0,0.0186,0.1314,0.7568
M3 利率+ΔOAS,次,B 事件前δ,3日(主),2025-04-11,2025-04-11,隔夜美股再跌后亚洲风险偏好修复,credit,0.3685,0.2676,0.1009,False,-6.0,-5.0,11.0,-0.0016,0.1196,0.7568
M3 利率+ΔOAS,次,B 事件前δ,3日(主),2025-05-07,2025-05-07,中国央行宽松(降准50bp加7天逆回购降10bp),credit,0.2281,0.0963,0.1318,False,10.0,7.0,17.0,-0.0064,0.1912,0.7568
M3 利率+ΔOAS,次,B 事件前δ,3日(主),2025-05-12,2025-05-12,美中日内瓦停火(美145%降至30% 中125%降至10%),credit+fx,-0.729,-0.835,0.106,False,17.0,16.0,33.0,-0.0059,0.2219,0.7568
M3 利率+ΔOAS,次,B 事件前δ,3日(主),2025-06-05,2025-06-05,美国5月ADP弱加ISM服务跌破荣枯线 叠加美中谈判预期,rate+credit,-0.3539,-0.4262,0.0723,False,16.0,12.0,28.0,-0.0071,0.1372,0.7568
M3 利率+ΔOAS,次,B 事件前δ,3日(主),2025-06-16,2025-06-16,中国地产止跌回稳推进 新城控股发行美元债,credit,0.2423,0.2881,-0.0458,True,-4.0,-3.0,7.0,-0.0089,-0.0273,0.7568
M3 利率+ΔOAS,次,B 事件前δ,3日(主),2025-07-23,2025-07-23,美中缓和交易股债跷跷板 中国长债大跌,credit,-0.1336,-0.1953,0.0617,False,7.0,5.0,12.0,-0.0084,0.1208,0.7568
M3 利率+ΔOAS,次,B 事件前δ,3日(主),2025-08-01,2025-08-01,日央行加息加套息平仓重演 全球risk-off,rate+credit,0.5062,0.4297,0.0765,False,-19.0,-15.0,34.0,-0.008,0.1099,0.7568
M3 利率+ΔOAS,次,B 事件前δ,3日(主),2025-08-11,2025-08-11,美中关税休战再延90天,credit+fx,0.2541,0.1215,0.1326,False,-7.0,-3.0,10.0,-0.0065,0.2021,0.7568
M3 利率+ΔOAS,次,B 事件前δ,3日(主),2025-09-17,2025-09-17,美联储2025年首次降息25bp(至4.00-4.25%),rate,-0.3078,-0.267,-0.0408,True,9.0,10.0,19.0,-0.0097,0.0123,0.7568
M3 利率+ΔOAS,次,B 事件前δ,3日(主),2025-10-30,2025-10-30,特朗普-习近平会晤达成一年战术休战,credit+fx,-0.0669,0.1936,-0.2605,True,2.0,5.0,7.0,-0.0137,-0.2876,0.7568
M3 利率+ΔOAS,次,B 事件前δ,3日(主),2025-12-10,2025-12-10,美联储年内第三次降息(至3.50-3.75%),rate,0.0053,-0.059,0.0643,False,-3.0,1.0,4.0,-0.0052,0.0895,0.7568
M3 利率+ΔOAS,次,B 事件前δ,3日(主),2026-01-23,2026-01-23,人民币中间价创2023年来最强(6.9929) USDCNY破7,fx,-0.0226,-0.0476,0.025,False,-4.0,-2.0,6.0,-0.0057,0.0682,0.7568
M3 利率+ΔOAS,次,B 事件前δ,3日(主),2026-02-28,2026-03-02,美以空袭伊朗 海湾战争爆发,rate+credit,-0.1726,0.1201,-0.2927,True,16.0,12.0,28.0,-0.0112,-0.3071,0.7568
M3 利率+ΔOAS,次,B 事件前δ,3日(主),2026-03-02,2026-03-02,开战首个交易日 布油大涨13% 全球risk-off,rate+credit,-0.1726,0.1201,-0.2927,True,16.0,12.0,28.0,-0.0112,-0.3071,0.7568
M3 利率+ΔOAS,次,B 事件前δ,3日(主),2026-03-18,2026-03-18,FOMC按兵不动(3.50-3.75%) 点阵图仍显示1次降息,rate,-0.7683,-0.7078,-0.0605,True,22.0,19.0,41.0,-0.0055,-0.0755,0.7568
M3 利率+ΔOAS,次,B 事件前δ,3日(主),2026-03-23,2026-03-23,海湾战争risk-off(霍尔木兹48小时通牒) 10Y创8个月高位,rate+credit,0.4403,0.4558,-0.0155,True,-5.0,-6.0,11.0,-0.0041,-0.04,0.7568
M3 利率+ΔOAS,次,B 事件前δ,3日(主),2026-05-19,2026-05-19,美债长端抛售峰值 10Y约4.68% 30Y约5.2%,rate+credit,0.2976,0.2165,0.0811,False,-2.0,-4.0,6.0,-0.0033,0.0859,0.7568
M3 利率+ΔOAS,次,B 事件前δ,3日(主),2026-07-15,2026-07-15,人民币中间价破6.80 升值至约6.77,fx,0.2277,0.249,-0.0213,True,-3.0,-3.0,6.0,-0.0014,-0.0143,0.7568
M3 利率+ΔOAS,次,B 事件前δ,5日,2023-11-06,2023-11-06,风险偏好修复 利差收窄,credit,-0.3018,-0.2338,-0.068,True,16.0,4.0,20.0,-0.0283,0.1012,0.7568
M3 利率+ΔOAS,次,B 事件前δ,5日,2023-11-14,2023-11-14,美国10月CPI低于预期(3.2%),rate,-0.4378,-0.6529,0.2151,False,-22.0,-21.0,43.0,-0.017,0.3805,0.7568
M3 利率+ΔOAS,次,B 事件前δ,5日,2023-11-15,2023-11-15,CPI后信用大涨 利差大幅收窄,credit,-0.9,-1.2896,0.3896,False,-1.0,-3.0,4.0,0.0532,0.5713,0.7568
M3 利率+ΔOAS,次,B 事件前δ,5日,2023-11-20,2023-11-20,美元走弱 人民币升,fx,-0.2589,-0.4519,0.193,False,-7.0,-5.0,12.0,-0.0238,0.2943,0.7568
M3 利率+ΔOAS,次,B 事件前δ,5日,2023-12-01,2023-12-01,"鲍威尔称""为时过早谈降息"" 鹰派",credit,1.3813,1.3073,0.074,False,-20.0,-23.0,43.0,-0.1207,0.2654,0.7568
M3 利率+ΔOAS,次,B 事件前δ,5日,2023-12-13,2023-12-13,FOMC点阵图转向降息 收益率大降,rate+credit,0.9803,0.6891,0.2912,False,-29.0,-27.0,56.0,-0.0967,0.5492,0.7568
M3 利率+ΔOAS,次,B 事件前δ,5日,2023-12-14,2023-12-14,转鸽确认 风险资产大涨 美元走弱,credit+fx,0.5828,0.5841,-0.0013,True,-14.0,-18.0,32.0,-0.1113,0.394,0.7568
M3 利率+ΔOAS,次,B 事件前δ,5日,2024-01-02,2024-01-02,年初购汇需求与美元偏强 人民币走弱,fx,-0.1422,0.3435,-0.4857,True,13.0,13.0,26.0,-0.0496,-0.4907,0.7568
M3 利率+ΔOAS,次,B 事件前δ,5日,2024-02-07,2024-02-07,中国股市流动性风险+美债收益率上行,credit,-0.176,-0.6379,0.4619,False,28.0,22.0,50.0,0.0273,0.5862,0.7568
M3 利率+ΔOAS,次,B 事件前δ,5日,2024-04-10,2024-04-10,美国3月CPI超预期 收益率急升,rate,-1.0722,-1.0015,-0.0707,True,32.0,31.0,63.0,-0.0342,-0.0802,0.7568
M3 利率+ΔOAS,次,B 事件前δ,5日,2024-05-06,2024-05-06,美元回落 人民币升值,fx,0.0935,-0.0428,0.1363,False,4.0,0.0,4.0,-0.0414,0.2543,0.7568
M3 利率+ΔOAS,次,B 事件前δ,5日,2024-05-16,2024-05-16,美国4月CPI回落 风险资产涨,credit,0.7276,0.2003,0.5273,False,12.0,7.0,19.0,-0.0424,0.6573,0.7568
M3 利率+ΔOAS,次,B 事件前δ,5日,2024-08-02,2024-08-02,7月非农大幅走弱+日元套息平仓,rate+fx+credit,-0.9896,-0.8213,-0.1683,True,-1.0,0.0,1.0,-0.0363,-0.1053,0.7568
M3 利率+ΔOAS,次,B 事件前δ,5日,2024-10-04,2024-10-04,9月非农强劲 收益率上行,rate,0.0231,0.1005,-0.0774,True,29.0,24.0,53.0,-0.0977,0.0013,0.7568
M3 利率+ΔOAS,次,B 事件前δ,5日,2024-10-08,2024-10-08,中国政策刺激后汇率波动 人民币回调,fx,1.5513,1.5755,-0.0242,True,0.0,0.0,0.0,-0.0434,0.0419,0.7568
M3 利率+ΔOAS,次,B 事件前δ,5日,2024-11-06,2024-11-06,特朗普胜选 美债收益率上行 美元大涨,rate+fx,1.3475,1.2131,0.1344,False,14.0,18.0,32.0,-0.0248,0.2403,0.7568
M3 利率+ΔOAS,次,B 事件前δ,5日,2025-04-02,2025-04-02,"美国""解放日""对等关税(中国累计约54%) 历史级risk-off",rate+credit+fx,-0.1087,0.6813,-0.79,True,-3.0,9.0,12.0,-0.0643,-0.8847,0.7568
M3 利率+ΔOAS,次,B 事件前δ,5日,2025-04-08,2025-04-08,美中关税加码至104% 人民币中间价破7.20 美债市场承压,rate+fx,-0.6395,-0.7767,0.1372,False,20.0,23.0,43.0,-0.0238,0.0662,0.7568
M3 利率+ΔOAS,次,B 事件前δ,5日,2025-04-09,2025-04-09,90天关税暂缓(不含中国) 美股+9.5%,rate,-0.5425,-0.5873,0.0448,False,10.0,9.0,19.0,-0.0233,0.0526,0.7568
M3 利率+ΔOAS,次,B 事件前δ,5日,2025-04-10,2025-04-10,中国反制84%至125% 亚洲IG信用risk-off,credit+rate,0.0672,-0.1647,0.2319,False,-15.0,-5.0,20.0,0.0257,0.343,0.7568
M3 利率+ΔOAS,次,B 事件前δ,5日,2025-04-11,2025-04-11,隔夜美股再跌后亚洲风险偏好修复,credit,0.3727,0.1658,0.2069,False,-9.0,-6.0,15.0,0.0022,0.2622,0.7568
M3 利率+ΔOAS,次,B 事件前δ,5日,2025-05-07,2025-05-07,中国央行宽松(降准50bp加7天逆回购降10bp),credit,-0.4352,-0.6613,0.2261,False,22.0,19.0,41.0,-0.0098,0.3691,0.7568
M3 利率+ΔOAS,次,B 事件前δ,5日,2025-05-12,2025-05-12,美中日内瓦停火(美145%降至30% 中125%降至10%),credit+fx,-0.3903,-0.3981,0.0078,False,6.0,6.0,12.0,-0.0078,0.1406,0.7568
M3 利率+ΔOAS,次,B 事件前δ,5日,2025-06-05,2025-06-05,美国5月ADP弱加ISM服务跌破荣枯线 叠加美中谈判预期,rate+credit,0.2082,0.0835,0.1247,False,9.0,4.0,13.0,-0.0114,0.2072,0.7568
M3 利率+ΔOAS,次,B 事件前δ,5日,2025-06-16,2025-06-16,中国地产止跌回稳推进 新城控股发行美元债,credit,0.2929,0.37,-0.0771,True,-11.0,-7.0,18.0,-0.0138,-0.0398,0.7568
M3 利率+ΔOAS,次,B 事件前δ,5日,2025-07-23,2025-07-23,美中缓和交易股债跷跷板 中国长债大跌,credit,0.3331,0.1983,0.1348,False,2.0,-1.0,3.0,-0.0142,0.2193,0.7568
M3 利率+ΔOAS,次,B 事件前δ,5日,2025-08-01,2025-08-01,日央行加息加套息平仓重演 全球risk-off,rate+credit,0.3599,0.4132,-0.0533,True,-17.0,-14.0,31.0,-0.0137,0.0205,0.7568
M3 利率+ΔOAS,次,B 事件前δ,5日,2025-08-11,2025-08-11,美中关税休战再延90天,credit+fx,0.1707,-0.0157,0.1864,False,1.0,6.0,7.0,-0.0109,0.3142,0.7568
M3 利率+ΔOAS,次,B 事件前δ,5日,2025-09-17,2025-09-17,美联储2025年首次降息25bp(至4.00-4.25%),rate,-0.266,-0.1946,-0.0714,True,9.0,8.0,17.0,-0.0173,0.0038,0.7568
M3 利率+ΔOAS,次,B 事件前δ,5日,2025-10-30,2025-10-30,特朗普-习近平会晤达成一年战术休战,credit+fx,-0.2756,0.1489,-0.4245,True,6.0,9.0,15.0,-0.0222,-0.4298,0.7568
M3 利率+ΔOAS,次,B 事件前δ,5日,2025-12-10,2025-12-10,美联储年内第三次降息(至3.50-3.75%),rate,0.039,-0.0393,0.0783,False,-9.0,-3.0,12.0,-0.009,0.1173,0.7568
M3 利率+ΔOAS,次,B 事件前δ,5日,2026-01-23,2026-01-23,人民币中间价创2023年来最强(6.9929) USDCNY破7,fx,-0.1003,-0.0957,-0.0046,True,-5.0,-2.0,7.0,-0.0105,0.048,0.7568
M3 利率+ΔOAS,次,B 事件前δ,5日,2026-02-28,2026-03-02,美以空袭伊朗 海湾战争爆发,rate+credit,-0.2568,-0.0709,-0.1859,True,21.0,18.0,39.0,-0.0164,-0.1993,0.7568
M3 利率+ΔOAS,次,B 事件前δ,5日,2026-03-02,2026-03-02,开战首个交易日 布油大涨13% 全球risk-off,rate+credit,-0.2568,-0.0709,-0.1859,True,21.0,18.0,39.0,-0.0164,-0.1993,0.7568
M3 利率+ΔOAS,次,B 事件前δ,5日,2026-03-18,2026-03-18,FOMC按兵不动(3.50-3.75%) 点阵图仍显示1次降息,rate,-0.8281,-0.6514,-0.1767,True,24.0,19.0,43.0,-0.0094,-0.2367,0.7568
M3 利率+ΔOAS,次,B 事件前δ,5日,2026-03-23,2026-03-23,海湾战争risk-off(霍尔木兹48小时通牒) 10Y创8个月高位,rate+credit,0.1847,0.2026,-0.0179,True,5.0,5.0,10.0,-0.0074,-0.0763,0.7568
M3 利率+ΔOAS,次,B 事件前δ,5日,2026-05-19,2026-05-19,美债长端抛售峰值 10Y约4.68% 30Y约5.2%,rate+credit,0.3679,0.3072,0.0607,False,-8.0,-11.0,19.0,-0.0059,0.1194,0.7568
M3 利率+ΔOAS,次,B 事件前δ,5日,2026-07-15,2026-07-15,人民币中间价破6.80 升值至约6.77,fx,-0.2259,-0.1713,-0.0546,True,6.0,5.0,11.0,-0.0022,-0.0387,0.7568
