date,ret_tr_pct,ret_rmb_pct,hs250_var_95,rmb_hs250_var_95,hs250_var_99,rmb_hs250_var_99,hs500_var_95,rmb_hs500_var_95,hs500_var_99,rmb_hs500_var_99,hs750_var_95,rmb_hs750_var_95,hs750_var_99,rmb_hs750_var_99,fhs_sig_e,fhs_sig_g,rmb_fhs_sig_e,rmb_fhs_sig_g,fhs_e_var_95,fhs_g_var_95,rmb_fhs_e_var_95,rmb_fhs_g_var_95,fhs_e_var_99,fhs_g_var_99,rmb_fhs_e_var_99,rmb_fhs_g_var_99
2022-08-03,0.2285,0.3262,0.598965,0.66331,0.867988,0.876879,,,,,,,,,0.345792,0.406741,0.433216,0.498226,,,,,,,,
2022-08-04,0.1846,0.0661,0.598965,0.66331,0.867988,0.876879,,,,,,,,,0.339897,0.403501,0.427551,0.498548,,,,,,,,
2022-08-05,-0.7185,-0.5379,0.598965,0.66331,0.867988,0.876879,,,,,,,,,0.332631,0.399415,0.414843,0.498097,,,,,,,,
2022-08-08,0.2401,0.0891,0.60532,0.66331,0.874407,0.876879,,,,,,,,,0.367395,0.412681,0.423236,0.498855,,,,,,,,
2022-08-09,-0.1091,-0.0795,0.60532,0.66331,0.874407,0.876879,,,,,,,,,0.361025,0.409676,0.410923,0.498462,,,,,,,,
2022-08-10,0.0055,-0.4323,0.60532,0.66331,0.874407,0.876879,,,,,,,,,0.351046,0.40419,0.39888,0.497953,,,,,,,,
2022-08-11,-0.0655,0.2538,0.60532,0.66331,0.874407,0.876879,,,,,,,,,0.340354,0.398391,0.400964,0.498193,,,,,,,,
2022-08-12,0.2617,0.232,0.60532,0.66331,0.874407,0.876879,,,,,,,,,0.330375,0.392379,0.393688,0.49823,,,,,,,,
2022-08-15,0.1958,0.625,0.60532,0.66331,0.874407,0.876879,,,,,,,,,0.326662,0.389911,0.385902,0.498176,,,,,,,,
2022-08-16,0.0706,0.3066,0.60532,0.66331,0.874407,0.876879,,,,,,,,,0.320322,0.385792,0.404256,0.500172,,,,,,,,
2022-08-17,-0.4626,-0.5658,0.60532,0.66331,0.874407,0.876879,,,,,,,,,0.311044,0.379464,0.399071,0.500361,,,,,,,,
2022-08-18,0.0436,0.1173,0.60532,0.66331,0.874407,0.876879,,,,,,,,,0.322155,0.382591,0.410987,0.501261,,,,,,,,
2022-08-19,-0.3441,0.1102,0.60532,0.66331,0.874407,0.876879,,,,,,,,,0.312523,0.375847,0.399501,0.500911,,,,,,,,
2022-08-22,-0.4112,0.0455,0.60532,0.66331,0.874407,0.876879,,,,,,,,,0.314507,0.374211,0.38827,0.500556,,,,,,,,
2022-08-23,-0.011,-0.011,0.60532,0.66331,0.874407,0.876879,,,,,,,,,0.321131,0.37525,0.376607,0.500109,,,,,,,,
2022-08-24,-0.0605,0.0927,0.60532,0.66331,0.874407,0.876879,,,,,,,,,0.311359,0.366855,0.365144,0.499629,,,,,,,,
2022-08-25,0.4225,0.2707,0.60532,0.66331,0.874407,0.876879,,,,,,,,,0.302238,0.356575,0.354747,0.499236,,,,,,,,
2022-08-26,0.1313,0.4783,0.60532,0.66331,0.874407,0.876879,,,,,,,,,0.310769,0.363796,0.350274,0.499288,,,,,,,,
2022-08-29,-0.5373,-0.0263,0.60532,0.66331,0.874407,0.876879,,,,,,,,,0.303013,0.355859,0.359244,0.500247,,,,,,,,
2022-08-30,0.1264,0.1742,0.60532,0.66331,0.874407,0.876879,,,,,,,,,0.321915,0.367233,0.34836,0.499759,,,,,,,,
2022-08-31,-0.2144,-0.5188,0.60532,0.66331,0.874407,0.876879,,,,,,,,,0.31364,0.359722,0.340432,0.499521,,,,,,,,
2022-09-01,-0.4743,-0.2191,0.60532,0.66331,0.874407,0.876879,,,,,,,,,0.308587,0.352857,0.35368,0.500162,,,,,,,,
2022-09-02,0.1712,0.0539,0.60532,0.66331,0.874407,0.876879,,,,,,,,,0.320952,0.359351,0.34708,0.445703,,,,,,,,
2022-09-06,-0.5368,0.253,0.60532,0.66331,0.874407,0.876879,,,,,,,,,0.313987,0.353225,0.336765,0.428124,,,,,,,,
2022-09-07,0.3158,0.4854,0.60532,0.66331,0.874407,0.876879,,,,,,,,,0.331605,0.363836,0.332335,0.418754,,,,,,,,
2022-09-08,-0.1218,-0.2482,0.60532,0.66331,0.874407,0.876879,,,,,,,,,0.330678,0.363697,0.343448,0.426098,,,,,,,,
2022-09-09,0.0277,-0.4363,0.60532,0.66331,0.874407,0.876879,,,,,,,,,0.32199,0.355604,0.33849,0.416306,,,,,,,,
2022-09-12,0.0,0.0361,0.60532,0.66331,0.874407,0.876879,,,,,,,,,0.312254,0.346916,0.345141,0.416942,,,,,,,,
2022-09-13,-0.3161,-0.345,0.60532,0.66331,0.874407,0.876879,,,,,,,,,0.302742,0.33768,0.334744,0.404504,,,,,,,,
2022-09-14,-0.2502,0.2784,0.60532,0.66331,0.874407,0.876879,,,,,,,,,0.30356,0.335328,0.335368,0.400528,,,,,,,,
2022-09-15,-0.1058,0.3557,0.60532,0.66331,0.874407,0.876879,,,,,,,,,0.300625,0.330006,0.332225,0.395503,,,,,,,,
2022-09-16,-0.0948,-0.288,0.60532,0.66331,0.874407,0.876879,,,,,,,,,0.292617,0.320603,0.33368,0.394739,,,,,,,,
2022-09-19,-0.134,0.225,0.60532,0.66331,0.874407,0.876879,,,,,,,,,0.284651,0.310497,0.331117,0.389169,,,,,,,,
2022-09-20,-0.2237,-0.044,0.60532,0.66331,0.874407,0.876879,,,,,,,,,0.277925,0.300525,0.325727,0.382753,,,,,,,,
2022-09-21,0.1007,0.5315,0.60532,0.66331,0.874407,0.876879,,,,,,,,,0.274973,0.293633,0.315988,0.37214,,,,,,,,
2022-09-22,-0.7129,-0.298,0.60532,0.66331,0.874407,0.876879,,,,,,,,,0.267735,0.284308,0.332877,0.385132,,,,,,,,
2022-09-23,-0.1917,0.5039,0.60875,0.66331,0.874407,0.876879,,,,,,,,,0.312849,0.329999,0.330888,0.380959,,,,,,,,
2022-09-26,-0.9128,-0.7474,0.60875,0.66331,0.874407,0.876879,,,,,,,,,0.306932,0.323673,0.343733,0.389837,,,,,,,,
2022-09-27,-0.451,0.0743,0.611565,0.69298,0.969614,0.876879,,,,,,,,,0.372219,0.371104,0.380236,0.41326,,,,,,,,
2022-09-28,0.5534,0.8734,0.611565,0.69298,0.969614,0.876879,,,,,,,,,0.37741,0.373472,0.369102,0.40539,,,,,,,,
2022-09-29,-0.3648,-1.4739,0.611565,0.69298,0.969614,0.876879,,,,,,,,,0.390214,0.385493,0.416931,0.437694,,,,,,,,
2022-09-30,-0.16,-0.2457,0.611565,0.707655,0.969614,0.905636,,,,,,,,,0.388736,0.383992,0.541982,0.515747,,,,,,,,
2022-10-03,0.485,0.44,0.611565,0.707655,0.969614,0.905636,,,,,,,,,0.378926,0.377633,0.528906,0.51544,,,,,,,,
2022-10-04,0.0,0.0,0.611565,0.707655,0.969614,0.905636,,,,,,,,,0.386113,0.385176,0.523998,0.5161,,,,,,,,
2022-10-05,-0.1367,-0.1367,0.611565,0.707655,0.969614,0.905636,,,,,,,,,0.37435,0.378143,0.508035,0.515621,,,,,,,,
2022-10-06,-0.2389,-0.2389,0.611565,0.707655,0.969614,0.905636,,,,,,,,,0.364487,0.371678,0.493695,0.515247,,,,,,,,
2022-10-07,-0.2768,-0.2768,0.611565,0.707655,0.969614,0.905636,,,,,,,,,0.358196,0.36693,0.482218,0.514938,,,,,,,,
2022-10-11,-0.5386,0.2124,0.611565,0.707655,0.969614,0.905636,,,,,,,,,0.353841,0.363139,0.472419,0.513813,,,,,,,,
2022-10-12,0.0116,0.1246,0.611565,0.707655,0.969614,0.905636,,,,,,,,,0.367555,0.370265,0.460973,0.510924,,,,,,,,
2022-10-13,-0.4539,-0.4818,0.611565,0.707655,0.969614,0.905636,,,,,,,,,0.356369,0.36343,0.44797,0.507593,,,,,,,,
2022-10-14,-0.333,-0.0614,0.611565,0.707655,0.969614,0.905636,,,,,,,,,0.362961,0.366134,0.450072,0.507613,,,,,,,,
2022-10-17,-0.2285,-0.1576,0.611565,0.707655,0.969614,0.905636,,,,,,,,,0.361233,0.363929,0.43662,0.476903,,,,,,,,
2022-10-18,0.0879,0.1643,0.611565,0.707655,0.969614,0.905636,,,,,,,,,0.354673,0.358898,0.425075,0.468503,,,,,,,,
2022-10-19,-0.5288,-0.1421,0.611565,0.707655,0.969614,0.905636,,,,,,,,,0.344541,0.352878,0.414086,0.461771,,,,,,,,
2022-10-20,-0.5553,-0.7644,0.611565,0.69298,0.969614,0.905636,,,,,,,,,0.358279,0.359934,0.402978,0.454486,,,,,,,,
2022-10-21,-0.1363,0.2373,0.611565,0.707655,0.969614,0.905636,,,,,,,,,0.373046,0.367839,0.43325,0.468646,,,,,,,,
2022-10-24,-0.196,0.1212,0.611565,0.707655,0.969614,0.905636,,,,,,,,,0.36322,0.361341,0.424054,0.463641,,,,,,,,
2022-10-25,0.2434,0.3246,0.611565,0.707655,0.969614,0.905636,,,,,,,,,0.355412,0.355661,0.412207,0.494823,,,,,,,,
2022-10-26,0.3019,-1.0527,0.611565,0.707655,0.969614,0.905636,,,,,,,,,0.349704,0.353703,0.407482,0.454303,,,,,,,,
2022-10-27,0.4012,1.1362,0.611565,0.711975,0.969614,0.993508,,,,,,,,,0.347022,0.35396,0.471773,0.507025,,,,,,,,
2022-10-28,-0.2771,0.0822,0.611565,0.711975,0.969614,0.993508,,,,,,,,,0.350509,0.358658,0.535418,0.524441,,,,,,,,
2022-10-31,-0.3608,0.3936,0.611565,0.711975,0.969614,0.993508,,,,,,,,,0.346543,0.354985,0.519497,0.521223,,,,,,,,
2022-11-01,-0.0119,-0.4482,0.611565,0.711975,0.969614,0.993508,,,,,,,,,0.347415,0.354009,0.512816,0.520302,,,,,,,,
2022-11-02,-0.0415,0.1783,0.611565,0.711975,0.969614,0.993508,,,,,,,,,0.336844,0.347227,0.50917,0.519712,,,,,,,,
2022-11-03,-0.3683,-0.2175,0.611565,0.711975,0.969614,0.993508,,,,,,,,,0.326741,0.340292,0.495587,0.516806,,,,,,,,
2022-11-04,-0.0833,-0.0888,0.611565,0.711975,0.969614,0.993508,,,,,,,,,0.329382,0.340023,0.483434,0.513984,,,,,,,,
2022-11-07,-0.0238,-1.0289,0.611565,0.711975,0.969614,0.993508,,,,,,,,,0.319999,0.333069,0.469211,0.51064,,,,,,,,
2022-11-08,0.4161,0.7187,0.611565,0.717795,0.969614,1.041038,,,,,,,,,0.310305,0.32587,0.520065,0.522886,,,,,,,,
2022-11-09,0.3612,0.2452,0.611565,0.717795,0.969614,1.041038,,,,,,,,,0.317648,0.33389,0.534071,0.52765,,,,,,,,
2022-11-10,1.0232,0.2453,0.611565,0.717795,0.969614,1.041038,,,,,,,,,0.320428,0.337743,0.521272,0.52522,,,,,,,,
2022-11-14,0.9144,-0.671,0.611565,0.717795,0.969614,1.041038,,,,,,,,,0.399162,0.391719,0.508952,0.522793,,,,,,,,
2022-11-15,0.6472,0.2646,0.611565,0.717795,0.969614,1.041038,,,,,,,,,0.447144,0.423918,0.5201,0.525788,,,,,,,,
2022-11-16,0.4483,1.1894,0.611565,0.717795,0.969614,1.041038,,,,,,,,,0.461599,0.437136,0.508404,0.523554,,,,,,,,
2022-11-17,-0.3446,0.4792,0.611565,0.717795,0.969614,1.041038,,,,,,,,,0.460812,0.439448,0.572579,0.536212,,,,,,,,
2022-11-18,-0.265,-0.768,0.611565,0.717795,0.969614,1.041038,,,,,,,,,0.454678,0.435744,0.56741,0.536904,,,,,,,,
2022-11-21,0.0173,0.6446,0.611565,0.735475,0.969614,1.041038,,,,,,,,,0.44558,0.430422,0.5814,0.538529,,,,,,,,
2022-11-22,0.2765,-0.0759,0.611565,0.735475,0.969614,1.041038,,,,,,,,,0.432026,0.423438,0.585384,0.540008,,,,,,,,
2022-11-23,0.4076,0.6762,0.611565,0.735475,0.969614,1.041038,,,,,,,,,0.424305,0.420687,0.567856,0.539614,,,,,,,,
2022-11-25,0.4744,0.561,0.611565,0.735475,0.969614,1.041038,,,,,,,,,0.423322,0.421842,0.574932,0.541252,,,,,,,,
2022-11-28,0.0684,0.6696,0.611565,0.735475,0.969614,1.041038,,,,,,,,,0.426559,0.425339,0.574106,0.542239,,,,,,,,
2022-11-29,-0.0114,-0.7159,0.611565,0.735475,0.969614,1.041038,,,,,,,,,0.413903,0.419386,0.580279,0.543759,,,,,,,,
2022-11-30,0.6079,-0.3595,0.611565,0.735475,0.969614,1.041038,,,,,,,,,0.401304,0.413303,0.589297,0.545104,,,,,,,,
2022-12-01,0.9078,0.2638,0.611565,0.735475,0.969614,1.041038,,,,,,,,,0.416599,0.422613,0.578091,0.545116,,,,,,,,
2022-12-02,0.2411,-0.0917,0.611565,0.735475,0.969614,1.041038,,,,,,,,,0.461072,0.449574,0.564193,0.545062,,,,,,,,
2022-12-05,-0.3084,-1.1382,0.611565,0.735475,0.969614,1.041038,,,,,,,,,0.45091,0.44466,0.547466,0.544687,,,,,,,,
2022-12-06,0.2524,0.7182,0.611565,0.75675,0.969614,1.093806,,,,,,,,,0.443652,0.44068,0.599555,0.548745,,,,,,,,
2022-12-07,0.3858,0.0521,0.611565,0.75675,0.969614,1.093806,,,,,,,,,0.434557,0.436785,0.607327,0.550515,,,,,,,,
2022-12-08,-0.0949,-0.171,0.611565,0.75675,0.969614,1.093806,,,,,,,,,0.431787,0.436516,0.588964,0.550164,,,,,,,,
2022-12-09,-0.3245,-0.4538,0.611565,0.75675,0.969614,1.093806,,,,,,,,,0.419278,0.430413,0.572556,0.549849,,,,,,,,
2022-12-12,-0.0617,0.2455,0.611565,0.75675,0.969614,1.093806,,,,,,,,,0.414204,0.427695,0.566134,0.550078,,,,,,,,
2022-12-13,0.4309,-0.0619,0.611565,0.75675,0.969614,1.093806,,,,,,,,,0.40187,0.422003,0.552171,0.550082,,,,,,,,
2022-12-14,0.2899,0.3878,0.611565,0.75675,0.969614,1.093806,,,,,,,,,0.40367,0.423609,0.535564,0.549634,,,,,,,,
2022-12-15,0.0835,0.3967,0.611565,0.75675,0.969614,1.093806,,,,,,,,,0.397763,0.421396,0.527866,0.549945,,,,,,,,
2022-12-16,-0.1113,-0.1228,0.611565,0.75675,0.969614,1.093806,,,,,,,,,0.386187,0.415259,0.520929,0.550274,,,,,,,,
2022-12-19,-0.3794,-0.2876,0.611565,0.75675,0.969614,1.093806,,,,,,,,,0.375414,0.409156,0.505954,0.548507,,,,,,,,
2022-12-20,-0.2799,-0.5267,0.611565,0.75675,0.969614,1.093806,,,,,,,,,0.375654,0.408061,0.495573,0.546246,,,,,,,,
2022-12-21,-0.0112,0.2901,0.611565,0.75675,0.969614,1.093806,,,,,,,,,0.370607,0.404448,0.497496,0.546509,,,,,,,,
2022-12-22,-0.0168,0.0104,0.611565,0.75675,0.969614,1.093806,,,,,,,,,0.359327,0.398122,0.487546,0.544423,,,,,,,,
2022-12-23,-0.2358,-0.1628,0.611565,0.75675,0.969614,1.093806,,,,,,,,,0.348405,0.391742,0.472701,0.541266,,,,,,,,
2022-12-27,0.0,-0.4015,0.611565,0.75675,0.969614,1.093806,,,,,,,,,0.342694,0.387274,0.460032,0.538384,,,,,,,,
2022-12-28,-0.4055,-0.1558,0.611565,0.75675,0.969614,1.093806,,,,,,,,,0.332254,0.380635,0.456731,0.537254,,,,,,,,
2022-12-29,0.2368,0.023,0.611565,0.75675,0.969614,1.093806,,,,,,,,,0.337098,0.381063,0.444459,0.534386,,,,,,,,
2022-12-30,-0.2029,-1.1452,0.611565,0.75675,0.969614,1.093806,,,,,,,,,0.331936,0.377713,0.430956,0.531312,,,,,,,,
2023-01-03,0.2648,0.5008,0.611565,0.76583,0.969614,1.135799,,,,,,,,,0.325639,0.372328,0.503258,0.544622,,,,,,,,
2023-01-04,0.3857,0.0089,0.611565,0.76583,0.969614,1.135799,,,,,,,,,0.322312,0.36981,0.503111,0.544853,,,,,,,,
2023-01-05,0.0113,-0.0977,0.611565,0.75675,0.969614,1.135799,,,,,,,,,0.326463,0.372075,0.487789,0.54174,,,,,,,,
2023-01-06,0.5914,-0.0356,0.611565,0.75675,0.969614,1.135799,,,,,,,,,0.31653,0.364892,0.473534,0.538698,,,,,,,,
2023-01-09,0.3756,-0.6092,0.611565,0.75675,0.969614,1.135799,,,,,,,,,0.339359,0.378825,0.459191,0.535679,,,,,,,,
2023-01-10,-0.2745,-0.1712,0.611565,0.75675,0.969614,1.135799,,,,,,,,,0.341642,0.37998,0.469545,0.537092,,,,,,,,
2023-01-11,0.3025,0.1992,0.611565,0.75675,0.969614,1.135799,,,,,,,,,0.33799,0.376565,0.457168,0.534389,,,,,,,,
2023-01-12,0.4632,-0.0329,0.611565,0.75675,0.969614,1.135799,,,,,,,,,0.335966,0.375213,0.445919,0.53197,,,,,,,,
2023-01-13,-0.156,-0.6844,0.611565,0.75675,0.969614,1.135799,,,,,,,,,0.344926,0.380195,0.432409,0.528977,,,,,,,,
2023-01-17,0.0725,1.1309,0.611565,0.75675,0.969614,1.135799,,,,,,,,,0.336595,0.374652,0.451512,0.531564,,,,,,,,
2023-01-18,0.6996,0.4201,0.611565,0.75675,0.969614,1.135799,,,,,,,,,0.326823,0.368468,0.518042,0.544644,,,,,,,,
2023-01-19,0.1217,0.4233,0.611115,0.75675,0.969614,1.135799,,,,,,,,,0.360238,0.387381,0.512693,0.543894,,,,,,,,
2023-01-20,-0.2989,-0.1705,0.60532,0.75675,0.969614,1.135799,,,,,,,,,0.350533,0.382165,0.507774,0.543209,,,,,,,,
2023-01-23,0.0,0.109,0.60532,0.75675,0.969614,1.135799,,,,,,,,,0.347652,0.379581,0.494073,0.540527,,,,,,,,
2023-01-24,0.0,0.0,0.60532,0.75675,0.969614,1.135799,,,,,,,,,0.337061,0.373413,0.479765,0.537745,,,,,,,,
2023-01-25,0.0,0.0,0.60532,0.75675,0.969614,1.135799,,,,,,,,,0.326792,0.367071,0.46515,0.534805,,,,,,,,
2023-01-26,-0.0222,-0.0222,0.60532,0.75675,0.969614,1.135799,,,,,,,,,0.316837,0.360478,0.450979,0.53193,,,,,,,,
2023-01-27,-0.0776,-0.0776,0.60532,0.75675,0.969614,1.135799,,,,,,,,,0.307233,0.353547,0.437275,0.529072,,,,,,,,
2023-01-30,-0.1666,-0.7545,0.60532,0.75675,0.969614,1.135799,,,,,,,,,0.298479,0.346438,0.424379,0.526278,,,,,,,,
2023-01-31,0.344,0.4018,0.60532,0.759945,0.969614,1.135799,,,,,,,,,0.29225,0.340114,0.451052,0.529967,,,,,,,,
2023-02-01,0.4256,0.227,0.60532,0.759945,0.969614,1.135799,,,,,,,,,0.29561,0.341731,0.44825,0.529157,,,,,,,,
2023-02-02,0.1433,-0.0646,0.60532,0.759945,0.969614,1.135799,,,,,,,,,0.304976,0.347494,0.438137,0.527014,,,,,,,,
2023-02-03,-0.3641,0.3278,0.60532,0.759945,0.969614,1.135799,,,,,,,,,0.297761,0.341898,0.425084,0.524278,,,,,,,,
2023-02-06,-0.4987,-0.2259,0.60532,0.759945,0.969614,1.135799,,,,,,,,,0.302153,0.342564,0.419883,0.522877,,,,,,,,
2023-02-07,-0.1445,-0.1563,0.60532,0.759945,0.969614,1.135799,,,,,,,,,0.317397,0.350015,0.410835,0.520694,,,,,,,,
2023-02-08,0.2278,0.1983,0.598965,0.759945,0.969614,1.135799,,,,,,,,,0.309756,0.344141,0.400155,0.51825,,,,,,,,
2023-02-09,-0.2835,-0.4427,0.598965,0.759945,0.969614,1.135799,,,,,,,,,0.30546,0.341034,0.390994,0.516084,,,,,,,,
2023-02-10,-0.3066,0.1703,0.598965,0.759945,0.969614,1.135799,,,,,,,,,0.304187,0.338452,0.394287,0.515562,,,,,,,,
2023-02-13,0.0112,0.1462,0.598965,0.759945,0.969614,1.135799,,,,,,,,,0.304332,0.336727,0.384545,0.513345,,,,,,,,
2023-02-14,-0.1564,-0.0729,0.57741,0.751305,0.969614,1.135799,,,,,,,,,0.295074,0.329549,0.374546,0.511022,,,,,,,,
2023-02-15,-0.1679,0.205,0.57741,0.751305,0.969614,1.135799,,,,,,,,,0.288638,0.323319,0.363575,0.482031,,,,,,,,
2023-02-16,-0.1794,-0.0627,0.55368,0.751305,0.969614,1.135799,,,,,,,,,0.282851,0.31711,0.356058,0.473478,,,,,,,,
2023-02-17,-0.0056,0.0979,0.55368,0.751305,0.969614,1.135799,,,,,,,,,0.277733,0.310979,0.345552,0.461637,,,,,,,,
2023-02-21,-0.6756,-0.6188,0.55368,0.751305,0.969614,1.135799,,,,,,,,,0.269275,0.302347,0.335882,0.44856,,,,,,,,
2023-02-22,0.0169,0.3192,0.580875,0.751305,0.969614,1.135799,,,,,,,,,0.309103,0.331358,0.359197,0.459512,,,,,,,,
2023-02-23,0.3045,0.5466,0.580875,0.751305,0.969614,1.135799,,,,,,,,,0.299715,0.324776,0.356924,0.454335,,,,,,,,
2023-02-24,-0.3102,0.3679,0.580875,0.751305,0.969614,1.135799,,,,,,,,,0.300005,0.325474,0.371049,0.461424,,,,,,,,
2023-02-27,0.1411,0.0044,0.580875,0.751305,0.969614,1.135799,,,,,,,,,0.300626,0.324255,0.370861,0.458605,,,,,,,,
2023-02-28,0.186,0.0059,0.580875,0.751305,0.969614,1.135799,,,,,,,,,0.29351,0.319455,0.359564,0.447289,,,,,,,,
2023-03-01,-0.3666,-1.3363,0.580875,0.751305,0.969614,1.135799,,,,,,,,,0.288192,0.315843,0.348614,0.434432,,,,,,,,
2023-03-02,-0.2433,0.4332,0.580875,0.759945,0.969614,1.14177,,,,,,,,,0.293488,0.317527,0.470512,0.51351,,,,,,,,
2023-03-03,0.4014,0.2943,0.580875,0.759945,0.969614,1.14177,,,,,,,,,0.290721,0.314171,0.468357,0.513157,,,,,,,,
2023-03-06,-0.0226,0.3345,0.55368,0.751305,0.817593,1.14177,,,,,,,,,0.298522,0.320601,0.459776,0.511687,,,,,,,,
2023-03-07,-0.0847,0.3617,0.55368,0.751305,0.817593,1.14177,,,,,,,,,0.28948,0.314121,0.453237,0.51051,,,,,,,,
2023-03-08,-0.1639,-0.3206,0.55368,0.751305,0.817593,1.14177,,,,,,,,,0.281427,0.307728,0.448272,0.509523,,,,,,,,
2023-03-09,0.3501,0.5427,0.55368,0.751305,0.817593,1.14177,,,,,,,,,0.275792,0.30241,0.441653,0.50817,,,,,,,,
2023-03-10,0.8644,-0.0083,0.545805,0.751305,0.817593,1.14177,,,,,,,,,0.280805,0.306855,0.448359,0.508897,,,,,,,,
2023-03-13,0.7128,-0.1164,0.545805,0.751305,0.817593,1.14177,,,,,,,,,0.344894,0.349574,0.434705,0.49203,,,,,,,,
2023-03-14,-0.562,-0.2339,0.545805,0.751305,0.817593,1.14177,,,,,,,,,0.377226,0.368724,0.422425,0.484701,,,,,,,,
2023-03-15,0.7671,1.2392,0.55368,0.751305,0.817593,1.14177,,,,,,,,,0.390784,0.376236,0.413545,0.502577,,,,,,,,
2023-03-16,-0.4996,-0.5576,0.545805,0.751305,0.715756,1.14177,,,,,,,,,0.422914,0.398982,0.502887,0.515947,,,,,,,,
2023-03-17,0.7154,0.5776,0.545805,0.751305,0.715756,1.14177,,,,,,,,,0.427903,0.403222,0.506336,0.516658,,,,,,,,
2023-03-20,-0.4264,-0.5717,0.545805,0.751305,0.715756,1.14177,,,,,,,,,0.450358,0.425373,0.510892,0.517698,,,,,,,,
2023-03-21,-0.3168,-0.2296,0.545805,0.751305,0.715756,1.14177,,,,,,,,,0.448957,0.424945,0.514743,0.518536,,,,,,,,
2023-03-22,0.699,0.6583,0.545805,0.751305,0.715756,1.14177,,,,,,,,,0.442143,0.41976,0.502221,0.516647,,,,,,,,
2023-03-23,0.3532,-0.5432,0.538015,0.751305,0.715756,1.14177,,,,,,,,,0.461603,0.441389,0.512927,0.518753,,,,,,,,
2023-03-24,-0.0716,0.6401,0.538015,0.751305,0.715756,1.14177,,,,,,,,,0.455826,0.437972,0.514794,0.519197,,,,,,,,
2023-03-27,-0.6471,-0.4158,0.538015,0.751305,0.715756,1.14177,,,,,,,,,0.442287,0.426781,0.523159,0.520989,,,,,,,,
2023-03-28,-0.111,-0.2695,0.545805,0.751305,0.715756,1.14177,,,,,,,,,0.457171,0.440007,0.517346,0.520272,,,,,,,,
2023-03-29,-0.0333,0.1658,0.538015,0.751305,0.715756,1.14177,,,,,,,,,0.444077,0.429414,0.505911,0.518593,,,,,,,,
2023-03-30,0.222,-0.0135,0.538015,0.751305,0.715756,1.14177,,,,,,,,,0.430626,0.419774,0.492177,0.51655,,,,,,,,
2023-03-31,0.3487,0.3138,0.538015,0.751305,0.715756,1.14177,,,,,,,,,0.421034,0.414128,0.477195,0.514241,,,,,,,,
2023-04-03,0.2821,0.4276,0.538015,0.751305,0.715756,1.14177,,,,,,,,,0.417048,0.412694,0.469,0.51295,,,,,,,,
2023-04-04,0.4155,0.4213,0.538015,0.751305,0.715756,1.14177,,,,,,,,,0.410205,0.409176,0.466619,0.512486,,,,,,,,
2023-04-05,0.0,0.0015,0.538015,0.751305,0.715756,1.14177,,,,,,,,,0.410524,0.410468,0.464025,0.511973,,,,,,,,
2023-04-06,0.1768,0.1317,0.538015,0.751305,0.715756,1.14177,,,,,,,,,0.398018,0.402981,0.449889,0.509739,,,,,,,,
2023-04-07,0.0,0.0,0.538015,0.751305,0.715756,1.14177,,,,,,,,,0.388315,0.397656,0.437375,0.507719,,,,,,,,
2023-04-10,0.0,0.0829,0.537075,0.751305,0.715756,1.14177,,,,,,,,,0.376486,0.390958,0.424051,0.505527,,,,,,,,
2023-04-11,-0.4259,-0.3402,0.537075,0.751305,0.715756,1.14177,,,,,,,,,0.365016,0.384539,0.411634,0.491476,,,,,,,,
2023-04-12,0.1717,-0.026,0.537075,0.751305,0.715756,1.14177,,,,,,,,,0.368953,0.385786,0.407701,0.487658,,,,,,,,
2023-04-13,-0.0664,-0.1435,0.537075,0.751305,0.715756,1.14177,,,,,,,,,0.360177,0.381071,0.395332,0.481689,,,,,,,,
2023-04-14,-0.194,-0.1751,0.537075,0.751305,0.715756,1.14177,,,,,,,,,0.349583,0.374929,0.384897,0.47632,,,,,,,,
2023-04-17,-0.2277,-0.088,0.537075,0.751305,0.715756,1.14177,,,,,,,,,0.342248,0.370143,0.375628,0.471149,,,,,,,,
2023-04-18,-0.0445,-0.0896,0.537075,0.751305,0.715756,1.14177,,,,,,,,,0.336477,0.365953,0.364822,0.465201,,,,,,,,
2023-04-19,-0.1726,-0.0331,0.537075,0.751305,0.715756,1.14177,,,,,,,,,0.326409,0.359456,0.354388,0.458994,,,,,,,,
2023-04-20,0.2838,0.1006,0.537075,0.751305,0.715756,1.14177,,,,,,,,,0.319277,0.353912,0.343688,0.452253,,,,,,,,
2023-04-21,-0.1335,0.1498,0.537075,0.751305,0.715756,1.14177,,,,,,,,,0.31726,0.352277,0.334128,0.445549,,,,,,,,
2023-04-24,0.2501,0.3052,0.537075,0.751305,0.715756,1.14177,,,,,,,,,0.309328,0.345668,0.32602,0.438994,,,,,,,,
2023-04-25,0.5866,1.1102,0.537075,0.751305,0.715756,1.14177,,,,,,,,,0.306098,0.342744,0.324809,0.43541,,,,,,,,
2023-04-26,-0.2265,-0.3116,0.537075,0.751305,0.715756,1.14177,,,,,,,,,0.329727,0.358595,0.416081,0.473442,,,,,,,,
2023-04-27,-0.349,-0.4082,0.537075,0.751305,0.715756,1.14177,,,,,,,,,0.324461,0.354481,0.410563,0.470488,,,,,,,,
2023-04-28,0.4319,0.2729,0.537075,0.751305,0.715756,1.14177,,,,,,,,,0.325986,0.353988,0.410421,0.469166,,,,,,,,
2023-05-01,0.0,0.0781,0.537075,0.751305,0.715756,1.14177,,,,,,,,,0.333291,0.358431,0.403494,0.466045,,,,,,,,
2023-05-02,0.0663,0.0663,0.537075,0.751305,0.715756,1.14177,,,,,,,,,0.323138,0.352028,0.391669,0.461025,,,,,,,,
2023-05-03,0.3583,0.3583,0.537075,0.751305,0.715756,1.14177,,,,,,,,,0.313714,0.34569,0.380085,0.45576,,,,,,,,
2023-05-04,0.0385,-0.0628,0.537075,0.751305,0.715756,1.14177,,,,,,,,,0.316566,0.347278,0.378813,0.454011,,,,,,,,
2023-05-05,-0.2533,-0.2432,0.537075,0.751305,0.715756,1.14177,,,,,,,,,0.307067,0.340526,0.367595,0.448434,,,,,,,,
2023-05-08,-0.2872,-0.2525,0.537075,0.751305,0.715756,1.14177,,,,,,,,,0.304109,0.336955,0.361341,0.444201,,,,,,,,
2023-05-09,-0.1494,-0.0395,0.537075,0.751305,0.715756,1.14177,,,,,,,,,0.303122,0.334529,0.35575,0.440017,,,,,,,,
2023-05-10,0.4035,0.5768,0.537075,0.751305,0.715756,1.14177,,,,,,,,,0.296157,0.327846,0.345049,0.433758,,,,,,,,
2023-05-11,0.2314,0.4605,0.537075,0.751305,0.715756,1.14177,,,,,,,,,0.303669,0.333661,0.363149,0.439526,,,,,,,,
2023-05-12,-0.2866,-0.15,0.537075,0.751305,0.715756,1.14177,,,,,,,,,0.299825,0.330513,0.369713,0.440703,,,,,,,,
2023-05-15,-0.0939,-0.173,0.537075,0.751305,0.715756,1.14177,,,,,,,,,0.299048,0.328268,0.360329,0.435529,,,,,,,,
2023-05-16,-0.1437,0.188,0.537075,0.751305,0.715756,1.14177,,,,,,,,,0.290849,0.320657,0.351912,0.430372,,,,,,,,
2023-05-17,-0.2493,0.0799,0.537075,0.751305,0.715756,1.14177,,,,,,,,,0.284177,0.313139,0.344285,0.425543,,,,,,,,
2023-05-18,-0.3333,0.1997,0.537075,0.733225,0.715756,1.14177,,,,,,,,,0.282206,0.30899,0.33437,0.419398,,,,,,,,
2023-05-19,-0.1726,-0.5928,0.537075,0.733225,0.715756,1.14177,,,,,,,,,0.285529,0.309832,0.327854,0.414425,,,,,,,,
2023-05-22,-0.0669,0.3476,0.537075,0.733225,0.715756,1.14177,,,,,,,,,0.280041,0.302503,0.349462,0.42157,,,,,,,,
2023-05-23,0.039,0.2364,0.537075,0.733225,0.715756,1.14177,,,,,,,,,0.272003,0.291857,0.34935,0.420078,,,,,,,,
2023-05-24,-0.1786,-0.0439,0.537075,0.715045,0.715756,1.14177,,,,,,,,,0.26389,0.280388,0.343622,0.416131,,,,,,,,
2023-05-25,-0.3301,-0.0613,0.537075,0.715045,0.715756,1.14177,,,,,,,,,0.259564,0.271883,0.333327,0.409845,,,,,,,,
2023-05-26,0.0,-0.2051,0.537075,0.715045,0.715756,1.14177,,,,,,,,,0.264328,0.276223,0.323521,0.403384,,,,,,,,
2023-05-30,0.6368,0.8659,0.537075,0.715045,0.715756,1.14177,,,,,,,,,0.256275,0.264998,0.317663,0.398303,,,,,,,,
2023-05-31,0.2114,0.6455,0.537075,0.715045,0.715756,1.14177,,,,,,,,,0.293372,0.313178,0.373955,0.423336,,,,,,,,
2023-06-01,0.0667,-0.167,0.537075,0.715045,0.715756,1.14177,,,,,,,,,0.28911,0.310255,0.39554,0.43109,,,,,,,,
2023-06-02,-0.3003,-0.4513,0.537075,0.715045,0.715756,1.14177,,,,,,,,,0.280778,0.303701,0.385666,0.426894,,,,,,,,
2023-06-05,0.0612,0.3756,0.537075,0.715045,0.715756,1.14177,,,,,,,,,0.281988,0.303187,0.389916,0.427709,,,,,,,,
2023-06-06,0.0111,0.208,0.537075,0.715045,0.715756,1.14177,,,,,,,,,0.273808,0.296438,0.389072,0.426958,,,,,,,,
2023-06-07,-0.3233,-0.1871,0.537075,0.715045,0.715756,1.14177,,,,,,,,,0.265481,0.288935,0.380644,0.423342,,,,,,,,
2023-06-08,0.3011,0.0511,0.537075,0.715045,0.715756,1.14177,,,,,,,,,0.2693,0.290504,0.371883,0.41929,,,,,,,,
2023-06-09,-0.1393,0.0911,0.537075,0.715045,0.715756,1.14177,,,,,,,,,0.271313,0.292929,0.360771,0.414251,,,,,,,,
2023-06-12,0.1003,0.3301,0.537075,0.715045,0.715756,1.14177,,,,,,,,,0.265252,0.287002,0.350492,0.409237,,,,,,,,
2023-06-13,-0.2733,-0.0663,0.534775,0.715045,0.715756,1.14177,,,,,,,,,0.258342,0.280995,0.349302,0.407688,,,,,,,,
2023-06-14,0.1395,-0.0073,0.530725,0.715045,0.694623,1.14177,,,,,,,,,0.259264,0.280265,0.33905,0.402382,,,,,,,,
2023-06-15,0.3952,0.1431,0.51566,0.70068,0.694623,1.14177,,,,,,,,,0.253677,0.275521,0.328726,0.396771,,,,,,,,
2023-06-16,-0.1278,-0.198,0.51566,0.70068,0.694623,1.14177,,,,,,,,,0.264314,0.286116,0.320633,0.391833,,,,,,,,
2023-06-20,0.1445,0.9288,0.51566,0.70068,0.694623,1.14177,,,,,,,,,0.258167,0.280346,0.314626,0.38751,,,,,,,,
2023-06-21,0.1055,0.0609,0.51566,0.70068,0.694623,1.14177,,,,,,,,,0.252793,0.275969,0.38054,0.415024,,,,,,,,
2023-06-22,0.0,-0.0028,0.51566,0.70068,0.694623,1.14177,,,,,,,,,0.24645,0.270488,0.369248,0.410433,,,,,,,,
2023-06-23,-0.1332,-0.1332,0.51566,0.70068,0.694623,1.14177,,,,,,,,,0.238942,0.263337,0.358,0.40561,,,,,,,,
2023-06-26,0.1277,0.9422,0.51566,0.70068,0.694623,1.14177,,,,,,,,,0.233949,0.257655,0.348624,0.401238,,,,,,,,
2023-06-27,-0.1833,-0.4199,0.51566,0.70068,0.694623,1.14177,,,,,,,,,0.228969,0.252986,0.409281,0.423835,,,,,,,,
2023-06-28,0.2165,0.5525,0.51566,0.70068,0.694623,1.14177,,,,,,,,,0.226489,0.249343,0.409926,0.424102,,,,,,,,
2023-06-29,-0.506,-0.397,0.51566,0.70068,0.694623,1.14177,,,,,,,,,0.225902,0.249526,0.419848,0.427403,,,,,,,,
2023-06-30,0.1671,0.1643,0.51854,0.70068,0.694623,1.14177,,,,,,,,,0.251658,0.271472,0.418512,0.427134,,,,,,,,
2023-07-03,-0.1727,-0.3287,0.51854,0.70068,0.694623,1.14177,,,,,,,,,0.247401,0.26849,0.407754,0.423733,,,,,,,,
2023-07-05,-0.1953,-0.1056,0.51854,0.70068,0.694623,1.14177,,,,,,,,,0.243566,0.264538,0.403447,0.42231,,,,,,,,
2023-07-06,-0.4107,-0.3624,0.51854,0.70068,0.694623,1.14177,,,,,,,,,0.240943,0.261438,0.392011,0.418474,,,,,,,,
2023-07-07,-0.1697,-0.5774,0.50312,0.67837,0.694623,1.14177,,,,,,,,,0.254344,0.271115,0.390298,0.417651,,,,,,,,
2023-07-10,0.198,0.3502,0.50312,0.67837,0.694623,1.14177,,,,,,,,,0.250074,0.266983,0.403975,0.421925,,,,,,,,
2023-07-11,0.1412,-0.1704,0.50312,0.67837,0.694623,1.14177,,,,,,,,,0.247259,0.26559,0.400952,0.420945,,,,,,,,
2023-07-12,0.5347,-0.0691,0.50312,0.67837,0.694623,1.14177,,,,,,,,,0.242209,0.262013,0.390972,0.417586,,,,,,,,
2023-07-13,0.5598,0.3419,0.50312,0.67837,0.694623,1.14177,,,,,,,,,0.268886,0.285413,0.379439,0.413555,,,,,,,,
2023-07-14,-0.2627,-0.3985,0.50312,0.67837,0.694623,1.14177,,,,,,,,,0.294558,0.306843,0.377292,0.412506,,,,,,,,
2023-07-17,0.0,0.4304,0.50312,0.67837,0.694623,1.14177,,,,,,,,,0.292744,0.304679,0.378598,0.412494,,,,,,,,
2023-07-18,0.1845,0.289,0.50312,0.67837,0.694623,1.14177,,,,,,,,,0.283826,0.297614,0.381904,0.413292,,,,,,,,
2023-07-19,0.2344,0.8925,0.50312,0.67837,0.694623,1.14177,,,,,,,,,0.278866,0.294265,0.376976,0.411366,,,,,,,,
2023-07-20,-0.3909,-1.0839,0.50312,0.67837,0.694623,1.14177,,,,,,,,,0.276399,0.292893,0.425885,0.427311,,,,,,,,
2023-07-21,-0.0224,0.1169,0.50312,0.701725,0.694623,1.14177,,,,,,,,,0.284572,0.29808,0.490903,0.447872,,,,,,,,
2023-07-24,-0.1568,-0.1651,0.50312,0.701725,0.694623,1.14177,,,,,,,,,0.275957,0.291532,0.476808,0.44466,,,,,,,,
2023-07-25,-0.0112,-0.7305,0.50312,0.701725,0.694623,1.14177,,,,,,,,,0.270293,0.286898,0.464048,0.441706,,,,,,,,
2023-07-26,0.1736,0.4018,0.50312,0.72393,0.694623,1.14177,,,,,,,,,0.262073,0.28075,0.484188,0.448161,,,,,,,,
2023-07-27,-0.4037,-0.0867,0.50312,0.72393,0.694623,1.14177,,,,,,,,,0.257623,0.277816,0.479644,0.447709,,,,,,,,
2023-07-28,0.2413,-0.0966,0.50312,0.72393,0.694623,1.14177,,,,,,,,,0.268637,0.284797,0.465517,0.44439,,,,,,,,
2023-07-31,0.1512,0.0644,0.50312,0.72393,0.694623,1.14177,,,,,,,,,0.267076,0.28428,0.451955,0.441124,,,,,,,,
2023-08-01,-0.3139,0.1735,0.50312,0.72393,0.694623,1.14177,,,,,,,,,0.261575,0.280566,0.438471,0.437749,,,,,,,,
2023-08-02,-0.2192,-0.0174,0.50312,0.72393,0.694623,1.14177,,,,,,,,,0.265006,0.282157,0.427232,0.434871,,,,,,,,
2023-08-03,-0.4794,-0.8541,0.499195,0.701725,0.694623,1.14177,0.533855,0.68545,0.712956,1.084394,,,,,0.262483,0.279622,0.414239,0.431358,0.401364,0.411283,0.654044,0.607719,0.623955,0.596503,1.085773,1.047795
2023-08-04,0.5413,0.6222,0.499195,0.72393,0.694623,1.14177,0.533855,0.705605,0.712956,1.084394,,,,,0.280273,0.291494,0.452844,0.442181,0.430502,0.4348,0.765344,0.632504,0.666244,0.621829,1.186961,1.074085
2023-08-07,-0.0731,0.1859,0.499195,0.72393,0.694623,1.14177,0.533855,0.705605,0.712956,1.084394,,,,,0.302358,0.310003,0.464749,0.445979,0.464425,0.462408,0.785464,0.637937,0.718743,0.661313,1.218166,1.083311
2023-08-08,0.2641,0.632,0.490015,0.72393,0.661635,1.14177,0.533855,0.705605,0.712956,1.084394,,,,,0.293693,0.303157,0.452886,0.443256,0.449088,0.445899,0.765415,0.634042,0.698145,0.646709,1.187072,1.076696
2023-08-09,0.0224,-0.0816,0.490015,0.72393,0.661635,1.14177,0.533855,0.705605,0.712956,1.084394,,,,,0.292002,0.302662,0.46558,0.447184,0.446502,0.445171,0.786869,0.639661,0.694125,0.645653,1.220344,1.086238
2023-08-10,-0.3767,-0.2658,0.490015,0.72393,0.661635,1.14177,0.533855,0.705605,0.712956,1.084394,,,,,0.28316,0.296244,0.451839,0.443939,0.432982,0.435731,0.763645,0.635019,0.673107,0.631962,1.184327,1.078355
2023-08-11,-0.186,0.0935,0.490015,0.72393,0.661635,1.14177,0.533855,0.705605,0.712956,1.084394,,,,,0.289625,0.300084,0.442886,0.441838,0.442867,0.441379,0.748514,0.632014,0.688475,0.640154,1.16086,1.073252
2023-08-14,-0.2147,0.0861,0.490015,0.72393,0.661635,1.14177,0.533855,0.705605,0.712956,1.084394,,,,,0.284474,0.295914,0.430004,0.438637,0.434991,0.435246,0.726742,0.627435,0.67623,0.631258,1.127095,1.065476
2023-08-15,-0.2661,0.053,0.490015,0.72393,0.661635,1.14177,0.533855,0.705605,0.712956,1.084394,,,,,0.280777,0.292729,0.417437,0.435387,0.429338,0.430561,0.705503,0.622786,0.667442,0.624464,1.094155,1.057582
2023-08-16,-0.2327,-0.0023,0.490015,0.72393,0.661635,1.14177,0.533855,0.705605,0.712956,1.084394,,,,,0.279918,0.291436,0.404929,0.432012,0.428024,0.428659,0.684364,0.617959,0.6654,0.621705,1.06137,1.049384
2023-08-17,-0.1934,-0.2962,0.490015,0.72393,0.661635,1.14177,0.533855,0.705605,0.712956,1.084394,,,,,0.277312,0.288947,0.392593,0.428508,0.42404,0.424998,0.663515,0.612946,0.659205,0.616396,1.029036,1.040872
2023-08-18,0.0455,-0.1055,0.490015,0.72393,0.661635,1.14177,0.533855,0.705605,0.712956,1.084394,,,,,0.273005,0.28532,0.387487,0.426749,0.417454,0.419664,0.654885,0.61043,0.648967,0.608658,1.015652,1.0366
2023-08-21,-0.4678,-0.3786,0.490015,0.72393,0.661635,1.14177,0.533855,0.705605,0.712956,1.084394,,,,,0.264923,0.279673,0.37657,0.423375,0.405095,0.411358,0.636435,0.605604,0.629755,0.596612,0.987038,1.028404
2023-08-22,0.0857,0.1749,0.490015,0.72393,0.661635,1.14177,0.533855,0.705605,0.712956,1.084394,,,,,0.281253,0.290238,0.376692,0.422808,0.432008,0.432926,0.636641,0.604793,0.668573,0.61915,0.987357,1.027027
2023-08-23,0.6549,0.4366,0.490015,0.72393,0.661635,1.14177,0.533855,0.705605,0.712956,1.084394,,,,,0.273492,0.28512,0.367721,0.419837,0.420087,0.425292,0.621479,0.600543,0.650125,0.608232,0.963843,1.01981
2023-08-24,-0.0909,-0.0703,0.490015,0.72393,0.661635,1.14177,0.533855,0.705605,0.712956,1.084394,,,,,0.309909,0.313646,0.372213,0.420523,0.476024,0.467842,0.629071,0.601524,0.736692,0.669085,0.975617,1.021476
2023-08-25,-0.0625,0.0803,0.490015,0.72393,0.661635,1.14177,0.533855,0.705605,0.712956,1.084394,,,,,0.301292,0.307292,0.361285,0.416907,0.462788,0.458364,0.610602,0.596352,0.716209,0.65553,0.946974,1.012693
2023-08-28,0.0796,0.0933,0.490015,0.72393,0.661635,1.14177,0.533855,0.705605,0.712956,1.084394,,,,,0.292514,0.301125,0.35083,0.413251,0.449305,0.449165,0.592932,0.591122,0.695342,0.642374,0.91957,1.003812
2023-08-29,0.4082,0.2654,0.490015,0.72393,0.661635,1.14177,0.533855,0.705605,0.712956,1.084394,,,,,0.284273,0.295818,0.340909,0.409548,0.436647,0.441249,0.576164,0.585826,0.675752,0.631053,0.893566,0.994817
2023-08-30,0.1018,0.1609,0.477105,0.72393,0.661635,1.14177,0.533855,0.705605,0.712956,1.084394,,,,,0.293189,0.303063,0.336856,0.407411,0.448317,0.445761,0.569315,0.582769,0.696947,0.646509,0.882942,0.989627
2023-08-31,0.1694,-0.1841,0.477105,0.72393,0.661635,1.14177,0.533855,0.705605,0.712956,1.084394,,,,,0.285349,0.298033,0.328964,0.404026,0.436329,0.438362,0.555976,0.577927,0.67831,0.635778,0.862256,0.981404
2023-09-01,0.0,0.0331,0.477105,0.72393,0.661635,1.14177,0.533855,0.705605,0.712956,1.084394,,,,,0.279751,0.294679,0.322115,0.400747,0.427769,0.433429,0.544401,0.573236,0.665003,0.628624,0.844304,0.973439
2023-09-05,-0.5318,0.034,0.47418,0.72393,0.661635,1.14177,0.533855,0.705605,0.712956,1.084394,,,,,0.271228,0.288947,0.312407,0.396463,0.408905,0.424998,0.527994,0.567109,0.644743,0.616396,0.818858,0.963033
2023-09-06,-0.0965,0.0978,0.490015,0.72393,0.661635,1.14177,0.533855,0.705605,0.712956,1.084394,,,,,0.293461,0.302546,0.303004,0.391974,0.448733,0.451285,0.512102,0.560687,0.697593,0.645406,0.794212,0.952129
2023-09-07,0.1475,0.3209,0.47418,0.72393,0.661635,1.14177,0.533855,0.705605,0.712956,1.084394,,,,,0.285502,0.297074,0.294749,0.387597,0.430424,0.436952,0.49815,0.554426,0.678674,0.633733,0.772574,0.941497
2023-09-08,0.0,0.1949,0.47418,0.72393,0.661635,1.14177,0.533855,0.705605,0.712956,1.084394,,,,,0.279152,0.2933,0.296383,0.38644,0.420851,0.431401,0.500912,0.552771,0.663579,0.625682,0.776857,0.938687
2023-09-11,-0.1589,-0.908,0.47418,0.72393,0.661635,1.14177,0.533855,0.705605,0.712956,1.084394,,,,,0.270648,0.287684,0.291293,0.382929,0.40803,0.423141,0.492309,0.547749,0.643364,0.613701,0.763516,0.930158
2023-09-12,0.1248,0.1646,0.47418,0.739795,0.661635,1.14177,0.533855,0.709725,0.712956,1.084394,,,,,0.265274,0.283625,0.359483,0.405056,0.399928,0.41717,0.645099,0.580121,0.630589,0.605043,1.039567,0.994628
2023-09-13,0.051,-0.2388,0.47418,0.739795,0.661635,1.14177,0.533855,0.709725,0.712956,1.084394,,,,,0.259003,0.279661,0.350856,0.401915,0.390474,0.41134,0.629618,0.575623,0.615682,0.596586,1.014619,0.986915
2023-09-14,-0.0397,0.0565,0.47418,0.739795,0.661635,1.14177,0.533855,0.709725,0.712956,1.084394,,,,,0.251423,0.274473,0.34516,0.399448,0.379046,0.403709,0.619396,0.572089,0.597664,0.585519,0.998147,0.980857
2023-09-15,-0.1305,-0.1662,0.47418,0.739795,0.661635,1.14177,0.533855,0.709725,0.712956,1.084394,,,,,0.243958,0.26888,0.334931,0.39551,0.367792,0.395483,0.60104,0.566449,0.579919,0.573588,0.968567,0.971187
2023-09-18,0.0511,0.2859,0.47418,0.739795,0.661635,1.14177,0.533855,0.709725,0.712956,1.084394,,,,,0.238676,0.264288,0.32727,0.392128,0.359829,0.388729,0.587292,0.561606,0.567363,0.563792,0.946412,0.962883
2023-09-19,-0.159,-0.0918,0.47418,0.739795,0.661635,1.14177,0.533855,0.709725,0.712956,1.084394,,,,,0.231743,0.258853,0.324936,0.390444,0.349377,0.380734,0.583104,0.559194,0.550882,0.552198,0.939663,0.958748
2023-09-20,-0.0341,-0.163,0.47418,0.739795,0.661635,1.14177,0.533855,0.709725,0.712956,1.084394,,,,,0.228034,0.254845,0.315839,0.386383,0.343785,0.374839,0.566779,0.553378,0.542065,0.543648,0.913356,0.948776
2023-09-21,-0.4331,-0.1645,0.47418,0.739795,0.661635,1.14177,0.533855,0.709725,0.712956,1.084394,,,,,0.221245,0.24856,0.308809,0.382775,0.33355,0.365595,0.554163,0.54821,0.525927,0.53024,0.893026,0.939916
2023-09-22,0.1712,0.0534,0.47418,0.739795,0.661635,1.14177,0.533855,0.709725,0.712956,1.084394,,,,,0.239305,0.261432,0.302101,0.379099,0.365923,0.389958,0.542126,0.542945,0.568858,0.557699,0.873628,0.93089
2023-09-25,-0.3198,-0.1418,0.461545,0.739795,0.605401,1.14177,0.533855,0.709725,0.712956,1.084394,,,,,0.235774,0.259272,0.29319,0.374508,0.355454,0.381351,0.526135,0.53637,0.495857,0.501959,0.847859,0.919616
2023-09-26,-0.0744,-0.0881,0.461545,0.739795,0.605401,1.14177,0.533855,0.709725,0.712956,1.084394,,,,,0.241641,0.262267,0.286372,0.370331,0.364299,0.385756,0.5139,0.530388,0.508196,0.507758,0.828142,0.90936
2023-09-27,-0.2063,-0.1995,0.452595,0.72393,0.558717,1.14177,0.533855,0.709725,0.712956,1.084394,,,,,0.234987,0.256928,0.278485,0.365519,0.347261,0.373724,0.470663,0.522846,0.460379,0.460527,0.805334,0.897544
2023-09-28,0.1146,-0.0154,0.44454,0.72393,0.558717,1.14177,0.533855,0.709725,0.712956,1.084394,,,,,0.233366,0.254679,0.274388,0.361914,0.344865,0.370453,0.463738,0.517689,0.457203,0.456496,0.793486,0.888691
2023-09-29,0.0744,0.0059,0.44454,0.72393,0.558717,1.14177,0.533855,0.709725,0.712956,1.084394,,,,,0.227991,0.25088,0.266056,0.35648,0.336922,0.364927,0.449657,0.509916,0.446672,0.449686,0.769391,0.875348
2023-10-02,0.0,0.0,0.44454,0.701725,0.558717,1.111593,0.533855,0.709725,0.712956,1.084394,,,,,0.221796,0.246058,0.257955,0.350789,0.327767,0.357913,0.407286,0.494209,0.434535,0.441043,0.676133,0.822504
2023-10-03,-0.8393,-0.8393,0.44454,0.701725,0.558717,1.111593,0.533855,0.709725,0.712956,1.084394,,,,,0.215039,0.240169,0.250096,0.34478,0.317782,0.349347,0.394878,0.485744,0.421297,0.430488,0.655533,0.808415
2023-10-04,0.15,0.15,0.461545,0.72393,0.605401,1.111593,0.536825,0.714095,0.719708,1.084394,,,,,0.292801,0.293436,0.317901,0.372801,0.441428,0.431601,0.537279,0.533262,0.615791,0.568102,0.919319,0.895983
2023-10-05,0.0948,0.0948,0.461545,0.72393,0.605401,1.111593,0.536825,0.714095,0.719708,1.084394,,,,,0.286249,0.290309,0.310398,0.369296,0.43155,0.427002,0.524598,0.528248,0.602011,0.562048,0.897621,0.88756
2023-10-06,-0.2209,-0.2209,0.461545,0.72393,0.605401,1.111593,0.536825,0.714095,0.719708,1.084394,,,,,0.278499,0.286293,0.301837,0.365152,0.419866,0.421095,0.51013,0.522321,0.585712,0.554273,0.872864,0.8776
2023-10-10,0.6322,0.6158,0.461545,0.72393,0.605401,1.111593,0.536825,0.714095,0.719708,1.084394,,,,,0.275383,0.284095,0.297602,0.362243,0.415169,0.417862,0.502972,0.51816,0.579159,0.550018,0.860617,0.870608
2023-10-11,0.3751,0.4354,0.461545,0.72393,0.605401,1.111593,0.536825,0.714095,0.719708,1.084394,,,,,0.308652,0.306235,0.325585,0.372606,0.465325,0.450426,0.550266,0.532983,0.649127,0.592881,0.94154,0.895515
2023-10-12,-0.4677,-0.4307,0.44454,0.72393,0.605401,1.111593,0.536825,0.714095,0.719708,1.084394,,,,,0.313037,0.310435,0.333196,0.375004,0.462602,0.451555,0.563129,0.536413,0.658349,0.601013,0.96355,0.901278
2023-10-13,0.2428,0.2839,0.46149,0.72393,0.605401,1.111593,0.536825,0.714095,0.719708,1.084394,,,,,0.324403,0.317517,0.339836,0.376754,0.484061,0.469702,0.574351,0.538916,0.682253,0.614724,0.982751,0.905484
2023-10-16,-0.3064,-0.2298,0.45213,0.72393,0.605401,1.111593,0.536825,0.714095,0.719708,1.084394,,,,,0.320094,0.315755,0.336742,0.375421,0.477632,0.467096,0.569122,0.53701,0.673191,0.611312,0.973804,0.90228
2023-10-17,-0.4469,-0.4469,0.45213,0.72393,0.605401,1.111593,0.536825,0.714095,0.719708,1.084394,,,,,0.319289,0.315033,0.331301,0.372975,0.47643,0.466028,0.559926,0.533511,0.671498,0.609915,0.958069,0.896402
2023-10-18,-0.2504,-0.1738,0.45834,0.72393,0.605401,1.111593,0.536825,0.714095,0.719708,1.084394,,,,,0.328347,0.320642,0.339349,0.375225,0.489946,0.474325,0.573528,0.536729,0.690547,0.620774,0.981343,0.901809
2023-10-19,-0.3622,-0.4101,0.45834,0.72393,0.605401,1.111593,0.536825,0.714095,0.719708,1.084394,,,,,0.324199,0.317787,0.331754,0.372072,0.483757,0.470102,0.560692,0.532219,0.681824,0.615246,0.959379,0.894231
2023-10-20,0.1813,0.2209,0.44069,0.72393,0.605401,1.111593,0.536825,0.709725,0.719708,1.084394,,,,,0.326604,0.319073,0.336969,0.373294,0.482651,0.464119,0.569506,0.533967,0.686882,0.617736,0.97446,0.897168
2023-10-23,0.0,0.0041,0.430085,0.701725,0.605401,1.111593,0.536825,0.709725,0.719708,1.084394,,,,,0.319753,0.315613,0.331154,0.371004,0.460799,0.453718,0.52286,0.522689,0.672473,0.611038,0.957644,0.891664
2023-10-24,0.4663,0.3733,0.430085,0.701725,0.605401,1.111593,0.536825,0.709725,0.719708,1.084394,,,,,0.310012,0.309888,0.321067,0.366919,0.446761,0.445488,0.506934,0.516934,0.651987,0.599954,0.928474,0.881847
2023-10-25,-0.3378,-0.2352,0.430085,0.701725,0.605401,1.111593,0.536825,0.709725,0.719708,1.084394,,,,,0.321539,0.318773,0.324438,0.367861,0.463373,0.458261,0.512257,0.518261,0.67623,0.617155,0.938223,0.884111
2023-10-26,0.2971,0.2766,0.430085,0.701725,0.605401,1.111593,0.536825,0.709725,0.719708,1.084394,,,,,0.322538,0.319054,0.319787,0.365508,0.464813,0.458665,0.504913,0.514946,0.678331,0.617699,0.924773,0.878456
2023-10-27,0.0814,0.1101,0.430085,0.67837,0.605401,1.111593,0.536825,0.709725,0.719708,1.084394,,,,,0.321068,0.31929,0.317361,0.364247,0.462694,0.459004,0.486047,0.503083,0.675239,0.618156,0.917757,0.875425
2023-10-30,-0.064,-0.1159,0.430085,0.67837,0.605401,1.111593,0.536825,0.709725,0.719708,1.084394,,,,,0.311925,0.314075,0.308873,0.360574,0.449518,0.451507,0.473047,0.49801,0.65601,0.60806,0.893211,0.866597
2023-10-31,-0.1164,-0.0713,0.430085,0.67837,0.605401,1.111593,0.536825,0.709725,0.719708,1.084394,,,,,0.302829,0.308664,0.300806,0.35677,0.43641,0.443728,0.460692,0.492756,0.63688,0.597584,0.869883,0.857455
2023-11-01,0.5516,0.5639,0.430085,0.67837,0.605401,1.111593,0.536825,0.709725,0.719708,1.084394,,,,,0.294985,0.303931,0.292165,0.352571,0.425106,0.436924,0.447459,0.486956,0.620384,0.588421,0.844894,0.847363
2023-11-02,0.4795,0.459,0.430085,0.67837,0.605401,1.111593,0.536825,0.709725,0.719708,1.084394,,,,,0.316308,0.31801,0.315147,0.361035,0.455834,0.457164,0.482656,0.498646,0.665228,0.615678,0.911355,0.867705
2023-11-03,0.5231,0.311,0.430085,0.67837,0.605401,1.111593,0.536825,0.709725,0.719708,1.084394,,,,,0.328394,0.326892,0.325576,0.364606,0.473252,0.469933,0.498628,0.503579,0.690646,0.632874,0.941514,0.876288
2023-11-06,-0.0803,-0.5058,0.430085,0.67837,0.605401,1.111593,0.536825,0.709725,0.719708,1.084394,,,,,0.343206,0.338198,0.32472,0.364021,0.494597,0.486186,0.497317,0.502771,0.721797,0.654763,0.939038,0.874882
2023-11-07,0.2235,0.3514,0.430085,0.67837,0.605401,1.111593,0.536825,0.709725,0.719708,1.084394,,,,,0.333331,0.331685,0.338329,0.368519,0.480366,0.476823,0.530076,0.510891,0.701029,0.642153,0.978393,0.885692
2023-11-08,0.263,0.2795,0.430085,0.64751,0.605401,1.111593,0.536825,0.709725,0.719708,1.084394,,,,,0.327781,0.328767,0.339127,0.368758,0.472368,0.472628,0.516297,0.509313,0.689357,0.636504,0.980701,0.886266
2023-11-09,-0.5037,-0.4556,0.430085,0.64751,0.605401,1.111593,0.536825,0.709725,0.719708,1.084394,,,,,0.324259,0.327202,0.335848,0.367485,0.467293,0.470378,0.511305,0.507555,0.68195,0.633474,0.971219,0.883207
2023-11-10,0.0287,0.0287,0.44069,0.64751,0.605401,1.111593,0.536825,0.709725,0.719708,1.084394,,,,,0.337725,0.335169,0.34421,0.370203,0.499086,0.487532,0.524035,0.511309,0.71027,0.648899,0.9954,0.889739
2023-11-13,0.0746,0.1501,0.44069,0.64751,0.605401,1.111593,0.536825,0.709725,0.719708,1.084394,,,,,0.327512,0.328895,0.333798,0.366411,0.483993,0.478406,0.508184,0.506072,0.688791,0.636752,0.96529,0.880626
2023-11-14,0.6628,0.1677,0.44069,0.61448,0.605401,1.111593,0.536825,0.709725,0.719708,1.084394,,,,,0.31806,0.323379,0.325711,0.363323,0.470025,0.470383,0.495872,0.501807,0.668913,0.626073,0.941904,0.873204
2023-11-15,-0.0513,-0.1396,0.44069,0.61448,0.605401,1.111593,0.536825,0.709725,0.719708,1.084394,,,,,0.348498,0.343853,0.318449,0.360406,0.515006,0.500164,0.484816,0.497778,0.732927,0.665711,0.920904,0.866193
2023-11-16,0.4037,0.3347,0.44069,0.61448,0.605401,1.111593,0.536825,0.709725,0.719708,1.084394,,,,,0.338115,0.337184,0.310636,0.357085,0.499662,0.490463,0.472921,0.493191,0.711091,0.6528,0.89831,0.858212
2023-11-17,0.0737,-0.3359,0.44069,0.61448,0.605401,1.111593,0.536825,0.709725,0.719708,1.084394,,,,,0.342404,0.340842,0.312132,0.357217,0.506,0.495784,0.475199,0.493373,0.720111,0.659882,0.902636,0.858529
2023-11-20,0.1473,-0.4647,0.44069,0.60182,0.605401,1.111593,0.536825,0.709725,0.719708,1.084394,,,,,0.332464,0.33479,0.313609,0.357185,0.491311,0.486981,0.477448,0.482628,0.699206,0.648165,0.906907,0.858452
2023-11-21,0.1641,-0.2945,0.44069,0.60182,0.605401,1.111593,0.536825,0.709725,0.719708,1.084394,,,,,0.324349,0.33014,0.324663,0.360682,0.479319,0.480217,0.494627,0.487353,0.682139,0.639162,0.938873,0.866857
2023-11-22,0.0452,0.3223,0.44069,0.60182,0.605401,1.111593,0.536825,0.709725,0.719708,1.084394,,,,,0.317026,0.326032,0.322933,0.359631,0.468497,0.474242,0.491991,0.485933,0.666738,0.631209,0.933871,0.864331
2023-11-24,-0.1357,-0.2224,0.44069,0.60182,0.605401,1.111593,0.536825,0.709725,0.719708,1.084394,,,,,0.307568,0.320562,0.322895,0.359472,0.45452,0.466285,0.491933,0.485718,0.646847,0.620619,0.933761,0.863949
2023-11-27,0.3445,0.4004,0.44069,0.60182,0.605401,1.111593,0.536825,0.709725,0.719708,1.084394,,,,,0.300045,0.315966,0.317763,0.357191,0.443403,0.4596,0.484115,0.482636,0.631025,0.611721,0.91892,0.858467
2023-11-28,0.3209,0.1138,0.44069,0.60182,0.605401,1.111593,0.536825,0.709725,0.719708,1.084394,,,,,0.302896,0.317802,0.323317,0.359081,0.447616,0.462271,0.492576,0.48519,0.637021,0.615275,0.934981,0.863009
2023-11-29,0.4374,0.3253,0.44069,0.58587,0.605401,1.111593,0.536825,0.709725,0.719708,1.084394,,,,,0.304006,0.318621,0.314705,0.35569,0.449256,0.463462,0.479456,0.478116,0.639356,0.616861,0.910077,0.854859
2023-11-30,-0.1288,-0.0447,0.44069,0.58587,0.605401,1.111593,0.536825,0.709725,0.719708,1.084394,,,,,0.313614,0.324377,0.31535,0.355651,0.463455,0.471834,0.480439,0.478063,0.659562,0.628005,0.911942,0.854765
2023-12-01,0.4919,0.5283,0.44069,0.58587,0.605401,1.111593,0.536825,0.709725,0.719708,1.084394,,,,,0.305693,0.319613,0.30594,0.351783,0.451749,0.464905,0.466102,0.472864,0.642904,0.618782,0.88473,0.845469
2023-12-04,-0.0614,-0.0082,0.44069,0.58587,0.605401,1.111593,0.536825,0.709725,0.719708,1.084394,,,,,0.319936,0.328077,0.323619,0.358084,0.472797,0.477216,0.493036,0.481334,0.672858,0.635168,0.935854,0.860613
2023-12-05,0.4176,0.4456,0.44069,0.574835,0.605401,0.997709,0.536825,0.709725,0.719708,1.084394,,,,,0.310554,0.322576,0.313766,0.354226,0.458933,0.469215,0.464594,0.459704,0.653127,0.624518,0.907361,0.851341
2023-12-06,0.3162,0.5064,0.44069,0.574835,0.605401,0.997709,0.536825,0.709725,0.719708,1.084394,,,,,0.317994,0.327076,0.323197,0.357436,0.469928,0.47576,0.478558,0.46387,0.668774,0.63323,0.934634,0.859055
2023-12-07,0.0,-0.0908,0.44069,0.574835,0.605401,0.997709,0.536825,0.709725,0.719708,1.084394,,,,,0.317887,0.327211,0.337009,0.362338,0.469769,0.475957,0.49901,0.470232,0.668549,0.633492,0.974576,0.870837
2023-12-08,-0.2829,-0.1013,0.44069,0.574835,0.605401,0.997709,0.536825,0.709725,0.719708,1.084394,,,,,0.308203,0.321622,0.327498,0.358836,0.455459,0.467827,0.484927,0.465687,0.648183,0.622671,0.947072,0.86242
2023-12-11,-0.0167,0.1507,0.44069,0.574835,0.605401,0.997709,0.536825,0.709725,0.719708,1.084394,,,,,0.306744,0.320377,0.31849,0.355376,0.453302,0.466016,0.471589,0.461197,0.645114,0.620261,0.921022,0.854104
2023-12-12,0.1055,0.0916,0.44069,0.574835,0.605401,0.997709,0.536825,0.709725,0.719708,1.084394,,,,,0.297427,0.315018,0.310986,0.352327,0.439534,0.458221,0.460478,0.45724,0.62552,0.609886,0.899322,0.846777
2023-12-13,0.8344,0.7926,0.44069,0.574835,0.605401,0.997709,0.536825,0.709725,0.719708,1.084394,,,,,0.289522,0.310507,0.302346,0.348738,0.427852,0.451659,0.447684,0.452582,0.608894,0.601152,0.874336,0.838151
2023-12-14,0.7893,-0.1028,0.44069,0.574835,0.605401,0.997709,0.536825,0.709725,0.719708,1.084394,,,,,0.347228,0.343098,0.351598,0.366783,0.513129,0.499066,0.520612,0.476001,0.730256,0.664249,1.016765,0.88152
2023-12-15,-0.0382,0.0897,0.44069,0.574835,0.605401,0.997709,0.536825,0.709725,0.719708,1.084394,,,,,0.388217,0.370871,0.341815,0.363458,0.573702,0.539464,0.506126,0.471686,0.81646,0.718019,0.988474,0.873529
2023-12-18,-0.0546,0.111,0.44069,0.574835,0.605401,0.997709,0.536825,0.709725,0.719708,1.084394,,,,,0.376507,0.363205,0.33213,0.360016,0.556397,0.528313,0.491786,0.467219,0.791833,0.703177,0.960467,0.865256
2023-12-19,0.1038,0.0898,0.44069,0.574835,0.605401,0.997709,0.536825,0.709725,0.719708,1.084394,,,,,0.365282,0.356252,0.323158,0.356683,0.539809,0.518199,0.478501,0.462893,0.768226,0.689716,0.934521,0.857246
2023-12-20,0.2998,0.3951,0.44069,0.574835,0.605401,0.997709,0.536825,0.709725,0.719708,1.084394,,,,,0.355065,0.350318,0.314084,0.353188,0.524711,0.509568,0.465065,0.458357,0.746738,0.678228,0.908281,0.848846
2023-12-21,-0.0926,-0.0562,0.44069,0.574835,0.605401,0.997709,0.536825,0.709725,0.719708,1.084394,,,,,0.351994,0.348918,0.319525,0.354746,0.520172,0.507531,0.473121,0.460379,0.74028,0.675517,0.924015,0.85259
2023-12-22,-0.0708,-0.1633,0.44069,0.574835,0.605401,0.997709,0.536825,0.709725,0.719708,1.084394,,,,,0.342024,0.343215,0.310097,0.351117,0.505439,0.499236,0.459161,0.45567,0.719312,0.664476,0.896751,0.843868
2023-12-26,0.0,0.1639,0.44069,0.574835,0.605401,0.997709,0.536825,0.709725,0.719708,1.084394,,,,,0.332058,0.337652,0.303299,0.348327,0.490711,0.491144,0.449095,0.452049,0.698352,0.653706,0.877092,0.837163
2023-12-27,0.4569,0.4191,0.44069,0.574835,0.605401,0.997709,0.536825,0.709725,0.719708,1.084394,,,,,0.321942,0.332131,0.296787,0.345444,0.475762,0.483113,0.439453,0.448307,0.677077,0.643017,0.858261,0.830234
2023-12-28,-0.1412,-0.6185,0.44069,0.574835,0.605401,0.997709,0.536825,0.709725,0.719708,1.084394,,,,,0.331592,0.337462,0.30551,0.348013,0.490022,0.490868,0.452369,0.451641,0.697372,0.653338,0.883486,0.836408
2023-12-29,-0.038,-0.1309,0.44069,0.58587,0.605401,0.997709,0.536825,0.709725,0.719708,1.084394,,,,,0.323346,0.332897,0.332699,0.357958,0.477837,0.484227,0.50687,0.481164,0.68003,0.6445,0.962112,0.86031
2024-01-02,-0.1905,0.4091,0.44069,0.574835,0.605401,0.881589,0.536825,0.709725,0.719708,1.084394,,,,,0.313633,0.327615,0.324154,0.354874,0.463483,0.476544,0.479975,0.460545,0.659602,0.634274,0.919565,0.852898
2024-01-03,-0.0551,0.0443,0.44069,0.574835,0.605401,0.881589,0.536825,0.709725,0.719708,1.084394,,,,,0.307638,0.32418,0.329868,0.356732,0.454624,0.471548,0.488436,0.462957,0.646994,0.627624,0.935775,0.857363
2024-01-04,-0.4459,-0.3173,0.44069,0.574835,0.605401,0.881589,0.536825,0.705605,0.719708,1.084394,,,,,0.298572,0.319188,0.320003,0.353102,0.441226,0.464287,0.473829,0.458246,0.627928,0.617959,0.90779,0.848639
2024-01-05,-0.3592,-0.5536,0.44645,0.574835,0.605401,0.881589,0.536825,0.705605,0.719708,1.084394,,,,,0.309396,0.324146,0.319841,0.352939,0.461561,0.471498,0.473589,0.458034,0.650692,0.627558,0.90733,0.848247
2024-01-08,0.1494,0.2753,0.44645,0.574835,0.605401,0.881589,0.536825,0.705605,0.719708,1.084394,,,,,0.312608,0.32533,0.338451,0.359657,0.466353,0.473221,0.515633,0.483448,0.657447,0.62985,0.960123,0.864393
2024-01-09,-0.0276,0.1609,0.44645,0.565355,0.605401,0.881589,0.536825,0.705605,0.719708,1.084394,,,,,0.305286,0.32148,0.334998,0.358439,0.45543,0.46762,0.510372,0.481811,0.642048,0.622396,0.950328,0.861466
2024-01-10,-0.0055,0.0447,0.44645,0.565355,0.605401,0.881589,0.536825,0.705605,0.719708,1.084394,,,,,0.296063,0.316459,0.327175,0.355614,0.441671,0.460317,0.498454,0.478013,0.622651,0.612675,0.928135,0.854676
2024-01-11,0.4084,0.3512,0.44645,0.565355,0.605401,0.881589,0.536825,0.705605,0.719708,1.084394,,,,,0.287047,0.311459,0.317397,0.352004,0.428221,0.453044,0.483557,0.473161,0.603689,0.602995,0.900397,0.846
2024-01-12,0.2146,0.2076,0.44645,0.565355,0.605401,0.881589,0.536825,0.705605,0.719708,1.084394,,,,,0.295736,0.315837,0.319526,0.352494,0.441183,0.459412,0.486801,0.47382,0.621963,0.611471,0.906436,0.847178
2024-01-16,-0.3303,-0.0391,0.44645,0.5558,0.605401,0.881589,0.536825,0.705605,0.719708,1.084394,,,,,0.291505,0.313469,0.313937,0.350243,0.434871,0.455968,0.464847,0.470794,0.613065,0.606887,0.890581,0.841768
2024-01-17,-0.2871,-0.1675,0.44645,0.5558,0.605401,0.881589,0.536825,0.705605,0.719708,1.084394,,,,,0.293977,0.31411,0.304524,0.346605,0.438559,0.4569,0.450909,0.465904,0.618264,0.608128,0.863878,0.833024
2024-01-18,-0.0774,-0.076,0.44645,0.5558,0.605401,0.881589,0.533855,0.68545,0.719708,1.084394,,,,,0.293569,0.31333,0.298084,0.343935,0.43795,0.455766,0.441374,0.462315,0.617406,0.606618,0.845609,0.826607
2024-01-19,-0.0332,-0.0749,0.44645,0.5558,0.605401,0.881589,0.53237,0.68545,0.719708,1.084394,,,,,0.285257,0.308639,0.289602,0.340402,0.42555,0.448942,0.428814,0.457566,0.599925,0.597536,0.821547,0.818116
2024-01-22,0.1272,0.1119,0.44645,0.5558,0.605401,0.881589,0.53237,0.68545,0.719708,1.084394,,,,,0.276686,0.303706,0.281379,0.336829,0.412764,0.441767,0.416638,0.452763,0.581899,0.587985,0.79822,0.809529
2024-01-23,-0.0664,-0.3449,0.44645,0.5558,0.605401,0.881589,0.53237,0.68545,0.719708,1.084394,,,,,0.27006,0.299787,0.27418,0.333444,0.402879,0.436066,0.405979,0.448213,0.567964,0.580398,0.777798,0.801393
2024-01-24,-0.1218,-0.3172,0.44645,0.5558,0.605401,0.881589,0.53237,0.68545,0.719708,1.084394,,,,,0.262338,0.294904,0.27893,0.334541,0.391359,0.428963,0.413012,0.449687,0.551724,0.570944,0.791273,0.80403
2024-01-25,0.2103,0.3639,0.44645,0.5558,0.605401,0.881589,0.53237,0.68545,0.719708,1.084394,,,,,0.25609,0.290499,0.281373,0.334821,0.382039,0.422556,0.41663,0.450064,0.538584,0.562416,0.798203,0.804703
2024-01-26,-0.0276,0.0742,0.44645,0.5558,0.605401,0.881589,0.53237,0.68545,0.719708,1.084394,,,,,0.253576,0.288545,0.286994,0.33629,0.378288,0.419714,0.424953,0.452038,0.533296,0.558633,0.814149,0.808233
2024-01-29,0.3367,0.3855,0.44645,0.5558,0.605401,0.881589,0.53237,0.68545,0.719708,1.084394,,,,,0.245944,0.283145,0.278844,0.332682,0.366903,0.411859,0.412885,0.447188,0.517245,0.548178,0.791029,0.799562
2024-01-30,0.1322,0.0723,0.44645,0.54892,0.605401,0.881589,0.53237,0.68545,0.719708,1.084394,,,,,0.252311,0.286558,0.286366,0.334845,0.376401,0.416823,0.407818,0.42641,0.530636,0.554786,0.812368,0.804761
2024-01-31,0.4338,0.3195,0.44645,0.54892,0.605401,0.881589,0.53237,0.68545,0.719708,1.084394,,,,,0.246759,0.282643,0.278206,0.331213,0.368118,0.411129,0.396197,0.421784,0.51896,0.547206,0.789219,0.796032
2024-02-01,0.3173,0.4929,0.44645,0.54892,0.605401,0.881589,0.53237,0.68545,0.719708,1.084394,,,,,0.261778,0.291182,0.280855,0.331514,0.390524,0.423549,0.39997,0.422168,0.550546,0.563738,0.796734,0.796755
2024-02-02,-0.5422,-0.3738,0.44645,0.54892,0.605401,0.881589,0.53237,0.68545,0.719708,1.084394,,,,,0.265437,0.292902,0.297866,0.337362,0.395983,0.426051,0.424195,0.429615,0.558241,0.567068,0.844991,0.81081
2024-02-05,-0.5562,-0.47,0.45834,0.54892,0.605401,0.881589,0.533855,0.68545,0.719708,1.084394,,,,,0.2896,0.305253,0.302959,0.339185,0.432601,0.452913,0.431448,0.431936,0.620689,0.592574,0.859439,0.815191
2024-02-06,0.3033,0.2004,0.45834,0.54892,0.605401,0.881589,0.536825,0.68545,0.719708,1.084394,,,,,0.312086,0.316689,0.315485,0.343907,0.466191,0.478801,0.467139,0.462277,0.668882,0.614774,0.894973,0.82654
2024-02-07,-0.0275,0.0212,0.45834,0.54892,0.605401,0.881589,0.533855,0.67813,0.719708,1.084394,,,,,0.311566,0.316784,0.309788,0.341646,0.465414,0.478945,0.458704,0.459238,0.667767,0.614959,0.878811,0.821106
2024-02-08,-0.1212,-0.0906,0.45834,0.54892,0.605401,0.881589,0.533855,0.67813,0.719708,1.084394,,,,,0.302149,0.311882,0.300396,0.337953,0.451347,0.471533,0.444797,0.454274,0.647584,0.605443,0.852168,0.81223
2024-02-09,-0.0552,-0.1052,0.45834,0.54892,0.605401,0.881589,0.533855,0.67813,0.719708,1.084394,,,,,0.294445,0.307742,0.292089,0.334575,0.439839,0.465274,0.432497,0.449733,0.631073,0.597406,0.828603,0.804112
2024-02-12,0.0,-0.0014,0.45834,0.54892,0.605401,0.881589,0.533855,0.67813,0.719708,1.084394,,,,,0.285795,0.303095,0.284361,0.331286,0.426917,0.458248,0.421054,0.445312,0.612533,0.588385,0.80668,0.796207
2024-02-13,0.0,0.0,0.45834,0.54892,0.605401,0.881589,0.53237,0.67134,0.719708,1.084394,,,,,0.277089,0.298357,0.275698,0.327496,0.413912,0.451085,0.408227,0.440218,0.593874,0.579187,0.782104,0.787098
2024-02-14,-0.3592,-0.3592,0.45834,0.54892,0.605401,0.881589,0.53237,0.67134,0.719708,1.084394,,,,,0.268647,0.293612,0.267299,0.323657,0.401302,0.443911,0.39579,0.435057,0.575781,0.569976,0.758278,0.777872
2024-02-15,0.2102,0.2102,0.45834,0.54892,0.605401,0.881589,0.531825,0.67134,0.719708,1.084394,,,,,0.274923,0.296212,0.273685,0.325546,0.410677,0.447842,0.405246,0.437596,0.589232,0.575023,0.776394,0.782412
2024-02-16,-0.177,-0.177,0.45834,0.54892,0.605401,0.881589,0.531825,0.67134,0.719708,1.084394,,,,,0.271475,0.294328,0.270297,0.3236,0.405526,0.444994,0.400229,0.434981,0.581842,0.571366,0.766783,0.777735
2024-02-20,0.1714,0.1394,0.45834,0.54892,0.605401,0.881589,0.531825,0.67134,0.719708,1.084394,,,,,0.266752,0.29128,0.265624,0.321164,0.398471,0.440385,0.39331,0.431706,0.571719,0.565449,0.753526,0.77188
2024-02-21,-0.1714,-0.1909,0.44645,0.52637,0.559158,0.881589,0.531825,0.67134,0.719708,1.084394,,,,,0.262011,0.288548,0.259786,0.318136,0.390872,0.427782,0.369965,0.405132,0.52468,0.532634,0.736965,0.764602
2024-02-22,0.0387,0.1124,0.44645,0.52637,0.559158,0.881589,0.531825,0.67134,0.719708,1.084394,,,,,0.257475,0.28543,0.256176,0.315949,0.384105,0.423159,0.364824,0.402346,0.515596,0.526878,0.726724,0.759346
2024-02-23,0.2211,0.2572,0.44645,0.52637,0.559158,0.881589,0.531825,0.67134,0.719708,1.084394,,,,,0.249811,0.280731,0.249893,0.312577,0.372671,0.416193,0.355876,0.398052,0.500249,0.518204,0.7089,0.751242
2024-02-26,-0.0276,-0.0248,0.44645,0.52637,0.559158,0.881589,0.531825,0.67134,0.719708,1.084394,,,,,0.248182,0.279532,0.250338,0.311817,0.370241,0.414415,0.35651,0.397085,0.496987,0.515991,0.710163,0.749416
2024-02-27,-0.116,-0.1091,0.44645,0.52637,0.559158,0.881589,0.531825,0.67134,0.719708,1.084394,,,,,0.240717,0.274603,0.242787,0.307837,0.359105,0.407108,0.345757,0.392016,0.482038,0.506892,0.688742,0.73985
2024-02-28,0.1768,0.1754,0.44645,0.52637,0.559158,0.881589,0.531825,0.67134,0.719708,1.084394,,,,,0.235107,0.270394,0.236903,0.304396,0.350736,0.400868,0.337377,0.387634,0.470804,0.499123,0.67205,0.73158
2024-02-29,0.1379,0.1393,0.44645,0.48969,0.559158,0.846848,0.531825,0.67134,0.719708,1.084394,,,,,0.232022,0.268037,0.23367,0.301901,0.346134,0.397373,0.316185,0.368642,0.464626,0.494772,0.539377,0.658
2024-03-01,0.3191,0.2955,0.44645,0.48969,0.559158,0.846848,0.531825,0.67134,0.719708,1.084394,,,,,0.227476,0.264634,0.229107,0.298762,0.339352,0.392328,0.310011,0.364809,0.455523,0.488491,0.528844,0.651159
2024-03-04,-0.1209,-0.0834,0.44645,0.48969,0.559158,0.846848,0.52895,0.64687,0.712956,1.084394,,,,,0.233987,0.268419,0.233623,0.299479,0.349065,0.39794,0.316122,0.365685,0.468561,0.495477,0.539269,0.652721
2024-03-05,0.2307,0.2001,0.44645,0.48969,0.559158,0.846848,0.52895,0.64687,0.712956,1.084394,,,,,0.228784,0.264404,0.227425,0.29572,0.341303,0.391987,0.307735,0.361095,0.458142,0.488066,0.524962,0.644529
2024-03-06,0.0932,0.1099,0.44645,0.48969,0.559158,0.846848,0.52895,0.64687,0.712956,1.084394,,,,,0.228899,0.264072,0.225879,0.293782,0.341475,0.391495,0.305643,0.358728,0.458373,0.487453,0.521393,0.640305
2024-03-07,0.1205,0.0482,0.44645,0.48969,0.559158,0.846848,0.519775,0.64687,0.712956,1.084394,,,,,0.223097,0.259846,0.220646,0.290171,0.332819,0.38523,0.298562,0.354319,0.446754,0.479652,0.509314,0.632434
2024-03-08,0.0766,-0.0208,0.44645,0.48969,0.559158,0.846848,0.506665,0.64687,0.712956,1.084394,,,,,0.218305,0.256147,0.21425,0.285924,0.32567,0.379746,0.289908,0.349133,0.437158,0.472824,0.49455,0.623178
2024-03-11,-0.0328,-0.0815,0.44645,0.48969,0.559158,0.846848,0.50543,0.64687,0.712956,1.084394,,,,,0.212485,0.251578,0.207785,0.281492,0.316988,0.372972,0.28116,0.343721,0.425503,0.46439,0.479627,0.613518
2024-03-12,-0.1863,-0.2086,0.44645,0.48969,0.559158,0.846848,0.50543,0.64687,0.712956,1.084394,,,,,0.206168,0.246284,0.202442,0.277453,0.307564,0.365124,0.27393,0.338789,0.412854,0.454618,0.467294,0.604715
2024-03-13,-0.1152,-0.0164,0.44014,0.48969,0.54934,0.846848,0.50543,0.64687,0.712956,1.084394,,,,,0.20503,0.244272,0.202817,0.276231,0.303399,0.35116,0.274437,0.337297,0.410575,0.450904,0.468159,0.602052
2024-03-14,-0.352,-0.2727,0.44014,0.48969,0.54934,0.846848,0.503785,0.64687,0.698248,1.084394,,,,,0.200777,0.240107,0.196679,0.271592,0.297105,0.345172,0.266132,0.331633,0.402058,0.443216,0.453991,0.591941
2024-03-15,-0.0937,-0.0645,0.430085,0.467615,0.54934,0.846848,0.503785,0.64687,0.698248,1.084394,,,,,0.212901,0.247596,0.202049,0.272917,0.318029,0.361542,0.277422,0.333251,0.426336,0.45704,0.466387,0.594829
2024-03-18,-0.0386,0.0003,0.430085,0.467615,0.54934,0.846848,0.503785,0.64687,0.698248,1.084394,,,,,0.207688,0.243224,0.19653,0.268623,0.310242,0.355158,0.269844,0.328007,0.415897,0.44897,0.453647,0.58547
2024-03-19,0.1488,0.1627,0.42986,0.460605,0.54934,0.846848,0.503785,0.64687,0.698248,1.084394,,,,,0.201583,0.238141,0.190543,0.263851,0.301122,0.347736,0.261624,0.32218,0.403672,0.439587,0.439828,0.575069
2024-03-20,0.1706,0.172,0.42986,0.460605,0.54934,0.846848,0.503785,0.64687,0.698248,1.084394,,,,,0.198811,0.235746,0.188988,0.261272,0.296982,0.344239,0.259489,0.319031,0.398121,0.435166,0.436238,0.569448
2024-03-21,0.1209,0.1223,0.42986,0.460605,0.54934,0.846848,0.499805,0.62793,0.698248,1.084394,,,,,0.197232,0.234254,0.188012,0.258983,0.294623,0.34206,0.258148,0.316236,0.394959,0.432412,0.433985,0.564459
2024-03-22,0.2249,0.6352,0.42986,0.453665,0.54934,0.846848,0.499805,0.62793,0.698248,1.084394,,,,,0.193503,0.231051,0.184729,0.255383,0.289053,0.337383,0.253641,0.31184,0.387492,0.426499,0.426407,0.556613
2024-03-25,-0.0603,-0.3193,0.42986,0.453665,0.54934,0.846848,0.499805,0.62793,0.698248,1.084394,,,,,0.195529,0.232324,0.237247,0.283428,0.292079,0.339242,0.32575,0.346085,0.391549,0.428849,0.547634,0.617738
2024-03-26,0.0713,0.1739,0.41906,0.453665,0.537104,0.846848,0.499805,0.62793,0.698248,1.084394,,,,,0.190147,0.22762,0.242953,0.286045,0.284039,0.327221,0.333585,0.349281,0.380771,0.420166,0.560805,0.623442
2024-03-27,0.1533,0.2835,0.41906,0.453665,0.537104,0.846848,0.498745,0.62014,0.698248,1.084394,,,,,0.18518,0.223302,0.239372,0.283811,0.27662,0.321014,0.328668,0.346553,0.370825,0.412195,0.552539,0.618573
2024-03-28,-0.0438,-0.0549,0.41906,0.453665,0.537104,0.846848,0.498745,0.62014,0.698248,1.084394,,,,,0.183424,0.221522,0.242247,0.284612,0.273997,0.318455,0.332615,0.347531,0.367308,0.40891,0.559175,0.620318
2024-04-01,0.0,0.0636,0.41906,0.453665,0.537104,0.846848,0.498745,0.62014,0.698248,1.084394,,,,,0.178159,0.216625,0.235252,0.280857,0.266132,0.311415,0.323011,0.342946,0.356765,0.39987,0.543029,0.612134
2024-04-02,-0.4443,-0.4277,0.41906,0.453665,0.537104,0.846848,0.498745,0.62014,0.698248,1.084394,,,,,0.172732,0.21149,0.228616,0.277044,0.258025,0.304033,0.313899,0.33829,0.345898,0.390392,0.527711,0.603824
2024-04-03,0.0467,0.0605,0.42986,0.453665,0.537104,0.846848,0.498745,0.62014,0.698248,1.084394,,,,,0.199725,0.232026,0.245163,0.285241,0.304919,0.338807,0.352445,0.363241,0.428063,0.450422,0.565906,0.621689
2024-04-04,0.0,0.0124,0.42986,0.453665,0.537104,0.846848,0.498745,0.62014,0.698248,1.084394,,,,,0.193978,0.227698,0.238156,0.281485,0.296145,0.332487,0.342372,0.358458,0.415746,0.44202,0.549732,0.613503
2024-04-05,-0.1829,-0.1829,0.42986,0.453665,0.537104,0.846848,0.498745,0.62014,0.698248,1.084394,,,,,0.188069,0.223041,0.230921,0.277511,0.287124,0.325687,0.331971,0.353397,0.403081,0.432979,0.533032,0.604842
2024-04-08,-0.0999,-0.1469,0.42986,0.453665,0.537104,0.846848,0.498745,0.62014,0.698248,1.084394,,,,,0.187763,0.222057,0.228325,0.275842,0.286657,0.32425,0.328239,0.351272,0.402425,0.431069,0.527039,0.601204
2024-04-09,0.2274,0.2426,0.42986,0.453665,0.537104,0.846848,0.491575,0.62014,0.698248,1.084394,,,,,0.18368,0.218407,0.224274,0.273358,0.280424,0.31892,0.322415,0.348109,0.393674,0.423984,0.517688,0.59579
2024-04-10,-0.656,-0.6214,0.42986,0.453665,0.537104,0.846848,0.491575,0.62014,0.698248,1.084394,,,,,0.186593,0.220745,0.225416,0.273242,0.284871,0.322334,0.324057,0.347961,0.399918,0.428522,0.520324,0.595537
2024-04-11,-0.134,-0.0898,0.43926,0.460605,0.54934,0.846848,0.498745,0.62261,0.698248,1.084394,,,,,0.241967,0.259234,0.26633,0.294028,0.377683,0.385827,0.394355,0.39571,0.582989,0.535333,0.706569,0.68322
2024-04-12,0.2064,0.2078,0.43926,0.460605,0.54934,0.846848,0.498745,0.62261,0.698248,1.084394,,,,,0.236881,0.255691,0.259152,0.290623,0.369744,0.380553,0.383727,0.391128,0.570735,0.528016,0.687526,0.675308
2024-04-15,-0.2511,-0.24,0.43926,0.460605,0.54934,0.846848,0.498745,0.62261,0.698248,1.084394,,,,,0.235163,0.254986,0.256361,0.289187,0.367062,0.379504,0.379594,0.389195,0.566596,0.52656,0.680121,0.671971
2024-04-16,-0.3302,-0.3288,0.43926,0.460605,0.54934,0.846848,0.498745,0.62261,0.698248,1.084394,,,,,0.23615,0.255283,0.255409,0.288708,0.368603,0.379946,0.378185,0.38855,0.568974,0.527174,0.677596,0.670858
2024-04-17,0.3023,0.3106,0.43926,0.460605,0.54934,0.846848,0.491575,0.62261,0.698248,1.084394,,,,,0.242822,0.259275,0.260397,0.291096,0.379017,0.385888,0.38557,0.391764,0.585049,0.535417,0.690829,0.676407
2024-04-18,-0.1062,-0.1159,0.43926,0.460605,0.54934,0.846848,0.491575,0.62261,0.698248,1.084394,,,,,0.246795,0.262672,0.263678,0.292661,0.385219,0.390944,0.390429,0.39387,0.594621,0.542432,0.699533,0.680043
2024-04-19,0.0224,0.0514,0.43926,0.460605,0.54934,0.846848,0.491575,0.62261,0.698248,1.084394,,,,,0.240687,0.258484,0.257217,0.289557,0.375685,0.38471,0.380862,0.389693,0.579905,0.533784,0.682392,0.672831
2024-04-22,-0.0168,-0.0168,0.43926,0.460605,0.54934,0.846848,0.491575,0.62261,0.698248,1.084394,,,,,0.233419,0.253797,0.249699,0.285836,0.36434,0.377735,0.36973,0.384685,0.562394,0.524105,0.662447,0.664184
2024-04-23,0.1565,0.2145,0.43926,0.460605,0.54934,0.846848,0.491575,0.62261,0.698248,1.084394,,,,,0.226346,0.249183,0.242127,0.28198,0.3533,0.370867,0.358518,0.379496,0.545352,0.514577,0.642359,0.655224
2024-04-24,-0.1453,-0.1246,0.43926,0.460605,0.54934,0.846848,0.491575,0.62261,0.698248,1.084394,,,,,0.222773,0.24713,0.240559,0.2809,0.347723,0.367812,0.356196,0.378042,0.536743,0.510337,0.638199,0.652715
2024-04-25,-0.2577,-0.2577,0.43926,0.460605,0.54934,0.846848,0.491575,0.62261,0.698248,1.084394,,,,,0.2189,0.244289,0.235219,0.278018,0.341678,0.363583,0.348289,0.374163,0.527412,0.504471,0.624032,0.646018
2024-04-26,0.0393,0.0448,0.43926,0.460605,0.54934,0.846848,0.491575,0.62261,0.698248,1.084394,,,,,0.221419,0.245355,0.236628,0.278366,0.34561,0.36517,0.350376,0.374632,0.533481,0.506672,0.62777,0.646827
2024-04-29,0.2799,0.0782,0.43926,0.460605,0.54934,0.846848,0.491575,0.62261,0.698248,1.084394,,,,,0.21489,0.24115,0.229682,0.274618,0.335419,0.358912,0.340091,0.369588,0.51775,0.497988,0.609343,0.638118
2024-04-30,-0.1679,-0.0532,0.43926,0.460605,0.54934,0.846848,0.491575,0.62261,0.698248,1.084394,,,,,0.219334,0.244524,0.223507,0.271118,0.342355,0.363933,0.330947,0.364877,0.528458,0.504956,0.59296,0.629985
2024-05-01,0.0,0.0055,0.43926,0.460605,0.54934,0.846848,0.491575,0.62261,0.698248,1.084394,,,,,0.216593,0.242343,0.21709,0.267392,0.338077,0.360687,0.321446,0.359863,0.521854,0.500452,0.575936,0.621327
2024-05-02,0.4637,0.4637,0.43926,0.460605,0.54934,0.846848,0.491575,0.62261,0.698248,1.084394,,,,,0.209995,0.237954,0.210481,0.263441,0.327778,0.354155,0.31166,0.354545,0.505956,0.491388,0.558403,0.612146
2024-05-03,0.3283,0.3283,0.43926,0.460605,0.54934,0.846848,0.480365,0.62261,0.698248,1.084394,,,,,0.233137,0.253825,0.233549,0.274501,0.3639,0.377776,0.345816,0.36943,0.561714,0.524163,0.619602,0.637846
2024-05-06,0.2497,-0.2127,0.43926,0.460605,0.54934,0.846848,0.480365,0.62261,0.698248,1.084394,,,,,0.239914,0.258682,0.24029,0.277436,0.374478,0.385005,0.355798,0.37338,0.578043,0.534193,0.637485,0.644666
2024-05-07,0.1495,0.3076,0.43926,0.460605,0.54934,0.846848,0.480365,0.62261,0.698248,1.084394,,,,,0.240512,0.259372,0.238724,0.276533,0.375412,0.386032,0.353479,0.372165,0.579483,0.535618,0.633331,0.642568
2024-05-08,-0.1107,-0.1107,0.43926,0.460605,0.54934,0.846848,0.480365,0.62261,0.698248,1.084394,,,,,0.236043,0.256627,0.243407,0.278516,0.368436,0.381947,0.360413,0.374834,0.568716,0.529949,0.645755,0.647175
2024-05-09,0.1107,0.1287,0.43926,0.460605,0.54934,0.846848,0.480365,0.62261,0.698248,1.084394,,,,,0.230453,0.252899,0.237545,0.275475,0.359711,0.376398,0.351733,0.370741,0.555247,0.522251,0.630203,0.640109
2024-05-10,-0.1052,-0.0194,0.43926,0.460605,0.54934,0.846848,0.480365,0.62261,0.698248,1.084394,,,,,0.225072,0.249536,0.232456,0.272638,0.351311,0.371393,0.344198,0.366923,0.542283,0.515306,0.616702,0.633517
2024-05-13,0.0222,0.1121,0.43926,0.460605,0.54934,0.846848,0.480365,0.62261,0.698248,1.084394,,,,,0.219732,0.245943,0.225424,0.268815,0.342976,0.366045,0.333786,0.361778,0.529417,0.507886,0.598046,0.624634
2024-05-14,0.1715,0.1853,0.43926,0.460605,0.54934,0.846848,0.480365,0.62261,0.698248,1.084394,,,,,0.213107,0.241658,0.220275,0.26575,0.332635,0.359668,0.326162,0.357653,0.513454,0.499037,0.584386,0.617512
2024-05-15,0.0,-0.2007,0.43926,0.460605,0.54934,0.846848,0.480365,0.62261,0.698248,1.084394,,,,,0.210842,0.240213,0.218335,0.264149,0.3291,0.357517,0.323289,0.355498,0.507997,0.496053,0.579239,0.613791
2024-05-16,0.4688,0.4563,0.43926,0.460605,0.54934,0.846848,0.480365,0.62261,0.698248,1.084394,,,,,0.204419,0.235932,0.217317,0.263264,0.319074,0.351145,0.321782,0.354307,0.492522,0.487213,0.576538,0.611735
2024-05-17,-0.1487,-0.0767,0.43926,0.460605,0.54934,0.846848,0.480365,0.61893,0.698248,1.053012,,,,,0.229056,0.251748,0.238507,0.273418,0.35753,0.374685,0.353158,0.367973,0.551882,0.519874,0.632755,0.635329
2024-05-20,-0.0717,0.0819,0.43926,0.460605,0.54934,0.846848,0.480365,0.61893,0.698248,1.053012,,,,,0.225045,0.249047,0.232003,0.270026,0.351269,0.370665,0.343527,0.363408,0.542218,0.514296,0.6155,0.627447
2024-05-21,0.1818,0.226,0.43926,0.453665,0.54934,0.846848,0.480365,0.618515,0.698248,1.053012,,,,,0.218895,0.245063,0.225828,0.26657,0.34167,0.364735,0.324649,0.339465,0.5274,0.506069,0.599118,0.619417
2024-05-22,0.0,0.0401,0.43926,0.453665,0.54934,0.846848,0.480365,0.618515,0.698248,1.053012,,,,,0.216848,0.243785,0.225838,0.266029,0.338475,0.362833,0.324664,0.338776,0.522468,0.50343,0.599144,0.61816
2024-05-23,-0.2646,-0.2425,0.43926,0.453665,0.54934,0.846848,0.480365,0.609665,0.698248,1.053012,,,,,0.210242,0.239525,0.219179,0.262251,0.328164,0.356493,0.315091,0.333965,0.506552,0.494633,0.581478,0.609381
2024-05-24,0.0607,0.0662,0.43926,0.453665,0.54934,0.846848,0.480365,0.609665,0.698248,1.053012,,,,,0.213893,0.241344,0.220648,0.262814,0.333862,0.3592,0.317203,0.334682,0.515348,0.498389,0.585375,0.610689
2024-05-28,-0.2651,-0.2292,0.43926,0.453665,0.54934,0.846848,0.480365,0.609665,0.698248,1.053012,,,,,0.20791,0.23751,0.214539,0.259215,0.324524,0.353494,0.30842,0.330098,0.500933,0.490472,0.569168,0.602326
2024-05-29,-0.2381,-0.1788,0.43926,0.453665,0.54934,0.846848,0.480365,0.609665,0.698248,1.053012,,,,,0.211777,0.239421,0.215447,0.259393,0.330559,0.356338,0.309726,0.330325,0.51025,0.494418,0.571577,0.60274
2024-05-30,0.2713,0.2699,0.43926,0.453665,0.54934,0.846848,0.480365,0.609665,0.698248,1.053012,,,,,0.213448,0.240015,0.213426,0.25801,0.333168,0.357222,0.30682,0.328564,0.514276,0.495644,0.566216,0.599526
2024-05-31,0.265,0.1504,0.43926,0.453665,0.54934,0.846848,0.480365,0.609665,0.698248,1.053012,,,,,0.217354,0.242641,0.217229,0.259305,0.339265,0.361131,0.312287,0.330213,0.523687,0.501067,0.576305,0.602536
2024-06-03,0.4072,0.421,0.43926,0.453665,0.54934,0.846848,0.480365,0.609665,0.698248,1.053012,,,,,0.220503,0.244752,0.213809,0.25698,0.34418,0.364273,0.307371,0.327252,0.531274,0.505427,0.567232,0.597133
2024-06-04,0.3399,0.3026,0.43926,0.451685,0.54934,0.846848,0.480365,0.609665,0.698248,1.053012,,,,,0.235909,0.254726,0.231529,0.265524,0.368227,0.379117,0.332845,0.338133,0.568393,0.526024,0.614243,0.616986
2024-06-05,0.1969,0.3101,0.43926,0.451685,0.54934,0.846848,0.480365,0.609665,0.698248,1.053012,,,,,0.243405,0.259748,0.236397,0.267594,0.379927,0.386592,0.339843,0.340769,0.586454,0.536394,0.627157,0.621796
2024-06-06,0.0382,0.0051,0.43926,0.451685,0.54934,0.846848,0.480365,0.609665,0.698248,1.053012,,,,,0.240868,0.258224,0.241454,0.269798,0.375967,0.384323,0.347113,0.343575,0.580341,0.533247,0.640573,0.626918
2024-06-07,-0.564,-0.5433,0.43926,0.451685,0.54934,0.846848,0.480365,0.609665,0.698248,1.053012,,,,,0.233717,0.2537,0.234102,0.265933,0.364805,0.37759,0.336544,0.338653,0.563112,0.523905,0.621069,0.617937
2024-06-10,0.0,0.0124,0.44518,0.460605,0.560178,0.846848,0.498745,0.609665,0.698248,1.053012,,,,,0.26539,0.274222,0.263108,0.282006,0.435946,0.418092,0.389585,0.379531,0.661955,0.593191,0.698021,0.655285
2024-06-11,0.1317,0.2269,0.44518,0.460605,0.560178,0.846848,0.498745,0.609665,0.698248,1.053012,,,,,0.257306,0.268929,0.255111,0.278054,0.422667,0.410022,0.377743,0.374212,0.641792,0.581741,0.676805,0.646102
2024-06-12,0.2355,0.2355,0.44518,0.460605,0.560178,0.846848,0.480365,0.609665,0.675973,1.053012,,,,,0.251544,0.265372,0.253507,0.277145,0.413202,0.404599,0.375368,0.372989,0.62742,0.574046,0.67255,0.64399
2024-06-13,0.4858,0.4513,0.44518,0.460605,0.560178,0.846848,0.474555,0.59362,0.673026,1.053012,,,,,0.25061,0.264983,0.252463,0.276474,0.411668,0.404005,0.373822,0.372086,0.62509,0.573205,0.66978,0.64243
2024-06-14,0.0762,0.1286,0.44518,0.460605,0.560178,0.846848,0.468125,0.583015,0.673026,1.053012,,,,,0.27055,0.278438,0.268577,0.28461,0.444422,0.42452,0.397682,0.383035,0.674826,0.60231,0.71253,0.661336
2024-06-17,-0.256,-0.2505,0.44518,0.460605,0.560178,0.846848,0.468125,0.583015,0.673026,1.053012,,,,,0.262971,0.273511,0.262293,0.281456,0.431973,0.417008,0.388378,0.37879,0.655922,0.591652,0.695859,0.654007
2024-06-18,0.2125,0.1877,0.44518,0.460605,0.560178,0.846848,0.468125,0.583015,0.673026,1.053012,,,,,0.262558,0.2733,0.261601,0.281643,0.431294,0.416686,0.387353,0.379042,0.654892,0.591196,0.694023,0.654441
2024-06-20,-0.1035,-0.0194,0.44518,0.460605,0.560178,0.846848,0.468125,0.583015,0.673026,1.053012,,,,,0.259827,0.271716,0.257765,0.279624,0.426808,0.414271,0.381673,0.376325,0.64808,0.58777,0.683846,0.64975
2024-06-21,-0.0491,-0.0422,0.44518,0.460605,0.560178,0.846848,0.468125,0.57817,0.673026,1.053012,,,,,0.253184,0.267527,0.249957,0.275752,0.415896,0.407884,0.370112,0.371114,0.63151,0.578708,0.663132,0.640753
2024-06-24,0.0763,0.0446,0.44518,0.460605,0.560178,0.846848,0.468125,0.57817,0.673026,1.053012,,,,,0.245765,0.262919,0.242563,0.272054,0.403709,0.400859,0.359163,0.366137,0.613005,0.56874,0.643516,0.63216
2024-06-25,0.0054,0.0646,0.44518,0.460605,0.560178,0.846848,0.468125,0.57817,0.673026,1.053012,,,,,0.23901,0.258797,0.235427,0.268289,0.392613,0.394574,0.348597,0.36107,0.596156,0.559824,0.624584,0.623411
2024-06-26,-0.3383,-0.2874,0.44518,0.460605,0.560178,0.846848,0.468125,0.57817,0.673026,1.053012,,,,,0.231733,0.254334,0.228803,0.264665,0.380659,0.38777,0.338789,0.356193,0.578006,0.550169,0.607011,0.61499
2024-06-27,0.1311,0.1614,0.44518,0.460605,0.560178,0.846848,0.468125,0.57817,0.673026,1.053012,,,,,0.239468,0.258757,0.232735,0.266827,0.393365,0.394513,0.344611,0.359102,0.597299,0.559737,0.617442,0.620014
2024-06-28,-0.3116,-0.3336,0.44518,0.460605,0.560178,0.846848,0.468125,0.57817,0.673026,1.053012,,,,,0.234383,0.255699,0.229082,0.264567,0.385012,0.389851,0.339202,0.356061,0.584615,0.553122,0.607751,0.614763
2024-07-01,0.0,0.0151,0.43926,0.460605,0.560178,0.846848,0.468125,0.57817,0.673026,1.053012,,,,,0.239719,0.258679,0.236659,0.268644,0.374174,0.385001,0.350421,0.361548,0.597925,0.559568,0.627852,0.624236
2024-07-02,-0.1973,-0.1574,0.43926,0.460605,0.560178,0.846848,0.468125,0.57817,0.673026,1.053012,,,,,0.232416,0.254227,0.229479,0.264824,0.362775,0.378375,0.33979,0.356407,0.579709,0.549938,0.608804,0.61536
2024-07-03,0.332,0.3141,0.43926,0.460605,0.560178,0.846848,0.468125,0.57817,0.673026,1.053012,,,,,0.23046,0.25281,0.225804,0.262887,0.359721,0.376266,0.334348,0.3538,0.57483,0.546873,0.599054,0.610859
2024-07-05,0.4511,0.425,0.43926,0.460605,0.560178,0.846848,0.468125,0.57817,0.673026,1.053012,,,,,0.237778,0.25736,0.232051,0.265459,0.371144,0.383037,0.343598,0.357261,0.593083,0.556715,0.615627,0.616835
2024-07-08,0.0604,0.0645,0.43926,0.460605,0.560178,0.846848,0.467705,0.571985,0.673026,1.053012,,,,,0.255647,0.268522,0.2479,0.273012,0.390295,0.392099,0.367066,0.367426,0.637654,0.58086,0.657675,0.634386
2024-07-09,-0.0219,0.0359,0.43926,0.451685,0.560178,0.846848,0.467705,0.571985,0.673026,1.053012,,,,,0.248301,0.264072,0.240867,0.269341,0.37908,0.385601,0.354145,0.345557,0.619331,0.571234,0.639016,0.625856
2024-07-10,0.0768,0.1222,0.43926,0.451685,0.560178,0.846848,0.467705,0.571985,0.673026,1.053012,,,,,0.240796,0.259531,0.233694,0.265555,0.367622,0.37897,0.343598,0.340699,0.600611,0.561411,0.619986,0.617058
2024-07-11,0.3885,0.1339,0.43926,0.451685,0.560178,0.846848,0.467705,0.571985,0.673026,1.053012,,,,,0.234217,0.255577,0.228544,0.262586,0.357578,0.373196,0.336026,0.33689,0.584201,0.552858,0.606323,0.610159
2024-07-12,0.2455,0.138,0.43926,0.451685,0.560178,0.846848,0.467705,0.571985,0.673026,1.053012,,,,,0.246216,0.262788,0.223996,0.259826,0.375897,0.383726,0.329339,0.333349,0.61413,0.568457,0.594258,0.603746
2024-07-15,-0.1581,-0.0244,0.43926,0.451685,0.560178,0.846848,0.467705,0.571985,0.673026,1.053012,,,,,0.246173,0.262784,0.219787,0.25716,0.375831,0.38372,0.323151,0.329929,0.614023,0.568448,0.583091,0.597551
2024-07-16,0.2453,0.3733,0.43926,0.451685,0.560178,0.846848,0.467705,0.571985,0.673026,1.053012,,,,,0.241795,0.260133,0.213175,0.253469,0.369147,0.379849,0.313429,0.325193,0.603103,0.562714,0.56555,0.588975
2024-07-17,0.0,-0.1074,0.43926,0.451685,0.560178,0.846848,0.467705,0.571985,0.673026,1.053012,,,,,0.242007,0.260239,0.226005,0.259144,0.369471,0.380004,0.332293,0.332474,0.603632,0.562943,0.599588,0.602161
2024-07-18,-0.1853,-0.1949,0.43926,0.451685,0.560178,0.846848,0.467705,0.571985,0.673026,1.053012,,,,,0.234634,0.255815,0.220693,0.256378,0.358215,0.373544,0.324483,0.328926,0.585241,0.553373,0.585495,0.595734
2024-07-19,-0.1637,-0.0329,0.43926,0.451685,0.560178,0.846848,0.467705,0.571985,0.673026,1.053012,,,,,0.23197,0.254121,0.219231,0.2557,0.354148,0.37107,0.322333,0.328056,0.578597,0.549709,0.581616,0.594159
2024-07-22,-0.0765,-0.0201,0.43926,0.43961,0.560178,0.785988,0.467705,0.571985,0.673026,1.053012,,,,,0.22845,0.251893,0.212705,0.25207,0.348774,0.367817,0.303077,0.315443,0.569817,0.544889,0.540928,0.544697
2024-07-23,0.0656,0.0821,0.43926,0.43961,0.560178,0.785988,0.467705,0.571985,0.673026,1.053012,,,,,0.222282,0.248094,0.206284,0.248371,0.339357,0.36227,0.293928,0.310814,0.554432,0.536671,0.524599,0.536704
2024-07-24,-0.1367,-0.3101,0.43926,0.43961,0.560178,0.785988,0.467705,0.571985,0.673026,1.053012,,,,,0.216108,0.244276,0.201009,0.244969,0.329931,0.356695,0.286412,0.306557,0.539033,0.528412,0.511184,0.529353
2024-07-25,0.082,-0.3485,0.43926,0.42935,0.560178,0.732529,0.467705,0.571985,0.673026,1.053012,,,,,0.212183,0.241642,0.209165,0.249296,0.323939,0.352848,0.298033,0.311972,0.529243,0.522714,0.531926,0.538703
2024-07-26,0.2729,0.5381,0.43926,0.42935,0.560178,0.732529,0.467705,0.571985,0.673026,1.053012,,,,,0.206698,0.238122,0.220027,0.25512,0.315565,0.347708,0.323504,0.322382,0.515561,0.5151,0.559549,0.551288
2024-07-29,0.1307,0.2616,0.43926,0.42935,0.560178,0.732529,0.467705,0.571985,0.673026,1.053012,,,,,0.211256,0.240562,0.25076,0.270612,0.315572,0.347532,0.36869,0.341958,0.52693,0.520378,0.637706,0.584765
2024-07-30,0.1415,0.023,0.43926,0.42935,0.560178,0.732529,0.467705,0.571985,0.673026,1.053012,,,,,0.207307,0.237935,0.251423,0.270777,0.309673,0.343737,0.369665,0.342167,0.51708,0.514695,0.639392,0.585121
2024-07-31,0.4286,-0.0109,0.43926,0.42935,0.560178,0.732529,0.467705,0.571985,0.673026,1.053012,,,,,0.203958,0.235609,0.243829,0.266909,0.30467,0.340377,0.3585,0.337279,0.508727,0.509664,0.620079,0.576763
2024-08-01,0.3351,0.678,0.43926,0.42935,0.560178,0.732529,0.467705,0.571985,0.673026,1.053012,,,,,0.223886,0.247239,0.236416,0.263123,0.334438,0.357178,0.3476,0.332495,0.558433,0.534822,0.601227,0.568582
2024-08-02,0.8221,-0.3456,0.43926,0.42935,0.560178,0.732529,0.462855,0.566095,0.656196,1.053012,0.504635,0.618665,0.701823,0.98137,0.232067,0.251904,0.283055,0.287473,0.346659,0.363918,0.416173,0.363265,0.578839,0.544913,0.719835,0.6212
2024-08-05,-0.2196,-0.6395,0.40772,0.41978,0.560178,0.619979,0.462855,0.566095,0.656196,1.053012,0.504635,0.618665,0.701823,0.98137,0.301951,0.295673,0.287192,0.290883,0.446385,0.416562,0.409212,0.364014,0.753149,0.639593,0.730355,0.628568
2024-08-06,-0.4138,-0.0456,0.40772,0.42935,0.560178,0.630631,0.462855,0.571985,0.656196,1.053012,0.504635,0.62023,0.701823,0.98137,0.297653,0.293265,0.319481,0.310778,0.440031,0.41317,0.46973,0.392714,0.742428,0.634384,0.812469,0.695236
2024-08-07,-0.1078,0.1671,0.424415,0.42935,0.560178,0.630631,0.454335,0.571985,0.647189,1.053012,0.504635,0.62023,0.701823,0.98137,0.305868,0.299758,0.30995,0.306178,0.452175,0.42421,0.455717,0.386901,0.762919,0.648429,0.788231,0.684946
2024-08-08,-0.1079,-0.126,0.424415,0.42935,0.560178,0.630631,0.454335,0.571985,0.647189,1.053012,0.504635,0.62023,0.701823,0.98137,0.297724,0.294537,0.303282,0.302972,0.440136,0.416821,0.445913,0.38285,0.742605,0.637135,0.771274,0.677774
2024-08-09,0.151,0.0297,0.424415,0.42935,0.560178,0.630631,0.454335,0.571985,0.647189,1.053012,0.504635,0.62023,0.701823,0.98137,0.289861,0.289707,0.295658,0.299536,0.428512,0.409986,0.434703,0.378508,0.722993,0.626687,0.751885,0.670087
2024-08-12,0.2153,0.3325,0.424415,0.42935,0.560178,0.630631,0.454335,0.571985,0.647189,1.053012,0.504635,0.62023,0.701823,0.98137,0.283455,0.285898,0.286743,0.295208,0.419041,0.404596,0.421596,0.373039,0.707014,0.618448,0.729214,0.660405
2024-08-13,0.2524,-0.0072,0.424415,0.42935,0.560178,0.630631,0.454335,0.571985,0.647189,1.053012,0.504635,0.62023,0.701823,0.98137,0.279834,0.283866,0.289693,0.296835,0.413688,0.40172,0.425933,0.375095,0.697983,0.614052,0.736716,0.664045
2024-08-14,0.1447,-0.1016,0.424415,0.42935,0.560178,0.630631,0.454335,0.571985,0.647189,1.053012,0.504635,0.62023,0.701823,0.98137,0.278264,0.28307,0.280873,0.292599,0.411367,0.400593,0.412965,0.369742,0.694067,0.61233,0.714286,0.654568
2024-08-15,-0.2252,0.2667,0.424415,0.42935,0.560178,0.630631,0.454335,0.571985,0.647189,1.053012,0.504635,0.62023,0.701823,0.98137,0.272105,0.279499,0.273451,0.289167,0.402262,0.39554,0.402053,0.365405,0.678704,0.604606,0.695411,0.646891
2024-08-16,0.1019,-0.0236,0.424415,0.42935,0.560178,0.630631,0.454335,0.571985,0.647189,1.053012,0.504635,0.62023,0.701823,0.98137,0.269521,0.278193,0.273051,0.28886,0.398442,0.393692,0.401464,0.365018,0.672259,0.60178,0.694394,0.646204
2024-08-19,0.1714,-0.1796,0.424415,0.42935,0.560178,0.630631,0.451145,0.571985,0.647189,1.053012,0.504635,0.62023,0.701823,0.98137,0.2625,0.274173,0.264796,0.284874,0.388063,0.388003,0.389327,0.359981,0.654747,0.593085,0.6734,0.637287
2024-08-20,0.262,0.1597,0.424415,0.42935,0.560178,0.630631,0.451145,0.571985,0.647189,1.053012,0.504635,0.62023,0.701823,0.98137,0.257943,0.271554,0.260471,0.283009,0.381326,0.384296,0.382968,0.357624,0.643381,0.587419,0.662401,0.633115
2024-08-21,0.1494,0.183,0.39058,0.42935,0.560178,0.630631,0.451145,0.571985,0.647189,1.053012,0.504635,0.62023,0.701823,0.98137,0.258188,0.271614,0.255548,0.28038,0.369927,0.381536,0.37573,0.354302,0.643992,0.587549,0.649882,0.627233
2024-08-22,-0.2562,-0.1217,0.39058,0.42935,0.560178,0.630631,0.451145,0.571985,0.647189,1.053012,0.504635,0.62023,0.701823,0.98137,0.252984,0.268606,0.251785,0.278243,0.362471,0.37731,0.370197,0.351601,0.631011,0.581042,0.640312,0.622453
2024-08-23,0.2829,0.0082,0.39058,0.42935,0.560178,0.630631,0.451145,0.571985,0.647189,1.053012,0.504635,0.62023,0.701823,0.98137,0.253178,0.268809,0.245928,0.275445,0.362749,0.377595,0.361586,0.348066,0.631495,0.581481,0.625417,0.616193
2024-08-26,0.0533,0.0084,0.39058,0.42935,0.560178,0.630631,0.451145,0.571985,0.647189,1.053012,0.504635,0.62023,0.701823,0.98137,0.255059,0.269735,0.238445,0.271612,0.365444,0.378896,0.350584,0.343222,0.636187,0.583484,0.606387,0.607619
2024-08-27,0.0373,0.0822,0.39058,0.42935,0.560178,0.630631,0.451145,0.571985,0.647189,1.053012,0.504635,0.62023,0.701823,0.98137,0.247633,0.265525,0.23119,0.267821,0.354804,0.372982,0.339917,0.338432,0.617665,0.574377,0.587937,0.599138
2024-08-28,-0.0586,-0.0572,0.39058,0.42935,0.560178,0.630631,0.451145,0.571985,0.647189,1.053012,0.504635,0.62023,0.701823,0.98137,0.240263,0.261332,0.225049,0.264391,0.344244,0.367092,0.330888,0.334097,0.599282,0.565307,0.57232,0.591465
2024-08-29,-0.1066,-0.4905,0.39058,0.42935,0.560178,0.630631,0.447105,0.571985,0.647189,1.053012,0.504635,0.62023,0.701823,0.98137,0.233385,0.257417,0.218643,0.260955,0.33439,0.361593,0.321469,0.329755,0.582126,0.556838,0.556029,0.583778
2024-08-30,-0.1922,-0.2937,0.39058,0.43961,0.560178,0.630631,0.447105,0.571985,0.647189,1.053012,0.504635,0.62023,0.701823,0.98137,0.227777,0.254162,0.243663,0.27353,0.326355,0.357021,0.369222,0.35154,0.568138,0.549797,0.619657,0.611909
2024-09-03,0.3041,0.739,0.39058,0.43961,0.560178,0.630631,0.447105,0.571985,0.647189,1.053012,0.504635,0.62023,0.701823,0.98137,0.225801,0.252879,0.246952,0.275308,0.323523,0.355219,0.374205,0.353825,0.56321,0.547022,0.628021,0.615887
2024-09-04,0.3563,0.2298,0.39058,0.43961,0.560178,0.630631,0.44595,0.571985,0.647189,1.053012,0.504635,0.62023,0.701823,0.98137,0.231247,0.255509,0.300155,0.30202,0.331326,0.358913,0.454824,0.388155,0.576793,0.552711,0.763322,0.675644
2024-09-05,0.1273,-0.1515,0.36085,0.43961,0.560178,0.630631,0.44595,0.571985,0.647189,1.053012,0.504635,0.62023,0.701823,0.98137,0.240591,0.260336,0.296405,0.300306,0.336596,0.355854,0.449141,0.385952,0.6001,0.563153,0.753785,0.67181
2024-09-06,0.0,-0.0635,0.36085,0.43961,0.560178,0.630631,0.44438,0.571985,0.647189,1.053012,0.504635,0.62023,0.701823,0.98137,0.235336,0.257244,0.289762,0.297503,0.329244,0.351628,0.439075,0.38235,0.586992,0.556464,0.736891,0.665539
2024-09-09,0.2119,0.5738,0.36085,0.43961,0.560178,0.630631,0.44438,0.571985,0.647189,1.053012,0.504635,0.62023,0.701823,0.98137,0.228167,0.253134,0.281365,0.293635,0.319214,0.34601,0.426351,0.377379,0.569111,0.547573,0.715537,0.656886
2024-09-10,0.2695,0.3707,0.36085,0.43961,0.560178,0.630631,0.44438,0.571985,0.647189,1.053012,0.504635,0.62023,0.701823,0.98137,0.227224,0.252253,0.306873,0.306636,0.317895,0.344806,0.465003,0.394088,0.566759,0.545668,0.780406,0.68597
2024-09-11,-0.0264,-0.0447,0.36085,0.42935,0.560178,0.619979,0.44438,0.571985,0.647189,1.053012,0.504635,0.62023,0.701823,0.98137,0.22998,0.253372,0.311072,0.309026,0.321751,0.346335,0.457366,0.3905,0.573633,0.548088,0.710133,0.655843
2024-09-12,-0.0898,-0.1165,0.36085,0.42935,0.560178,0.619979,0.44438,0.571985,0.647189,1.053012,0.504635,0.62023,0.701823,0.98137,0.223067,0.249388,0.301794,0.304753,0.312079,0.340889,0.443725,0.385101,0.55639,0.53947,0.688953,0.646775
2024-09-13,0.2164,-0.1256,0.36085,0.42935,0.560178,0.619979,0.44438,0.571985,0.647189,1.053012,0.504635,0.62023,0.701823,0.98137,0.217387,0.24606,0.293989,0.301316,0.304133,0.33634,0.432249,0.380758,0.542223,0.532271,0.671135,0.639481
2024-09-16,0.2685,0.308,0.36085,0.42935,0.560178,0.619979,0.44438,0.571985,0.647189,1.053012,0.504635,0.62023,0.701823,0.98137,0.217328,0.245549,0.286688,0.298115,0.30405,0.335642,0.421515,0.376713,0.542076,0.531166,0.654468,0.632687
2024-09-17,-0.0526,-0.0526,0.36085,0.42935,0.560178,0.619979,0.44438,0.571985,0.647189,1.053012,0.504635,0.62023,0.701823,0.98137,0.220733,0.246938,0.288011,0.298662,0.308814,0.33754,0.42346,0.377404,0.550569,0.53417,0.657488,0.633848
2024-09-18,0.0,-0.206,0.36085,0.42935,0.560178,0.619979,0.44438,0.571985,0.647189,1.053012,0.504635,0.62023,0.701823,0.98137,0.214396,0.243212,0.279534,0.294747,0.299948,0.332447,0.410996,0.372457,0.534762,0.52611,0.638136,0.625539
2024-09-19,-0.1368,-0.3305,0.36085,0.42935,0.560178,0.619979,0.44438,0.571985,0.647189,1.053012,0.504635,0.62023,0.701823,0.98137,0.207865,0.239232,0.275676,0.293285,0.290811,0.327007,0.405324,0.370609,0.518472,0.517501,0.629329,0.622436
2024-09-20,0.0,-0.2408,0.36085,0.42935,0.560178,0.619979,0.44438,0.571985,0.647189,1.053012,0.504635,0.62023,0.701823,0.98137,0.204299,0.236973,0.279269,0.295596,0.285822,0.323919,0.410607,0.373529,0.509578,0.512614,0.637531,0.627341
2024-09-23,-0.0316,-0.0273,0.3592,0.42935,0.560178,0.619979,0.44438,0.571985,0.647189,1.053012,0.504635,0.62023,0.701823,0.98137,0.198076,0.23299,0.277112,0.294936,0.276245,0.306064,0.407435,0.372695,0.494056,0.503998,0.632607,0.62594
2024-09-24,0.1053,-0.1645,0.3592,0.42935,0.560178,0.619979,0.43366,0.571985,0.564831,1.053012,0.504635,0.62023,0.701823,0.98137,0.192197,0.229111,0.268753,0.290976,0.268045,0.300969,0.395145,0.367691,0.479392,0.495607,0.613525,0.617536
2024-09-25,-0.1897,-0.194,0.3592,0.42935,0.560178,0.619979,0.43366,0.571985,0.564831,1.053012,0.504635,0.62023,0.701823,0.98137,0.188119,0.226016,0.263663,0.288675,0.262358,0.296903,0.387661,0.364784,0.46922,0.488912,0.601905,0.612653
2024-09-26,-0.058,-0.3557,0.3592,0.42935,0.560178,0.619979,0.426735,0.558305,0.56202,1.053012,0.504635,0.62023,0.701823,0.98137,0.188214,0.225709,0.26001,0.287037,0.262491,0.2965,0.38229,0.362714,0.469457,0.488248,0.593566,0.609176
2024-09-27,0.2582,0.2653,0.3592,0.42935,0.560178,0.619979,0.425925,0.558305,0.56202,1.053012,0.504635,0.62023,0.701823,0.98137,0.183033,0.222054,0.266721,0.290473,0.255265,0.291698,0.392157,0.367056,0.456534,0.480342,0.608886,0.616469
2024-09-30,-0.1422,-0.0495,0.3592,0.42935,0.560178,0.619979,0.425925,0.558305,0.56202,1.053012,0.504635,0.62023,0.701823,0.98137,0.18839,0.22452,0.266636,0.290134,0.262736,0.294938,0.392033,0.366627,0.469896,0.485676,0.608692,0.615749
2024-10-01,0.0,-0.0014,0.3592,0.42935,0.560178,0.619979,0.425925,0.5538,0.56202,1.029138,0.504635,0.62023,0.701823,0.98137,0.185943,0.222685,0.258797,0.286369,0.259323,0.292527,0.380507,0.36187,0.463793,0.481707,0.590797,0.607759
2024-10-02,0.1527,0.1527,0.3592,0.42935,0.560178,0.619979,0.425925,0.5538,0.56202,1.029138,0.504635,0.62023,0.701823,0.98137,0.180278,0.218664,0.250914,0.282487,0.251423,0.287245,0.368917,0.356964,0.449663,0.473009,0.572801,0.59952
2024-10-03,-0.3028,-0.3028,0.35596,0.41978,0.54934,0.586699,0.425925,0.5538,0.56202,1.029138,0.504635,0.62023,0.701823,0.98137,0.178744,0.216946,0.246129,0.279833,0.244217,0.27377,0.350702,0.350186,0.39889,0.42922,0.550154,0.549298
2024-10-04,-0.4747,-0.4747,0.35596,0.41978,0.54934,0.586699,0.425925,0.5538,0.56202,1.029138,0.504635,0.62023,0.701823,0.98137,0.188504,0.222928,0.249892,0.281613,0.262895,0.292847,0.356064,0.352414,0.420671,0.441056,0.558565,0.552792
2024-10-07,-0.2677,-0.2677,0.3592,0.42935,0.54934,0.586699,0.426735,0.5538,0.56202,1.029138,0.504635,0.62023,0.701823,0.98137,0.216615,0.240048,0.268737,0.290815,0.303053,0.327958,0.395122,0.367488,0.534338,0.507794,0.600688,0.570855
2024-10-08,0.0482,0.6449,0.3592,0.42935,0.54934,0.586699,0.426735,0.5538,0.56202,1.029138,0.504635,0.62023,0.701823,0.98137,0.220015,0.242076,0.268675,0.290945,0.307809,0.330729,0.39503,0.367652,0.542725,0.512084,0.600549,0.57111
2024-10-09,-0.1931,0.1223,0.3592,0.42935,0.54934,0.586699,0.426735,0.5538,0.56202,1.029138,0.504635,0.62023,0.701823,0.98137,0.213639,0.23827,0.304645,0.308526,0.298889,0.325529,0.447917,0.389868,0.526997,0.504032,0.68095,0.605621
2024-10-10,0.0322,-0.0017,0.3592,0.42935,0.54934,0.586699,0.425925,0.5538,0.56202,1.029138,0.504635,0.62023,0.701823,0.98137,0.212462,0.237521,0.29688,0.304861,0.297243,0.324506,0.4365,0.385237,0.524093,0.502448,0.663594,0.598427
2024-10-11,0.0,-0.1796,0.35596,0.41978,0.54934,0.586699,0.425925,0.5538,0.56202,1.029138,0.504635,0.62023,0.701823,0.98137,0.206141,0.233693,0.287836,0.300638,0.287492,0.306988,0.423203,0.379901,0.508501,0.49435,0.643378,0.590137
2024-10-15,0.2252,0.9654,0.35596,0.41978,0.54934,0.586699,0.414405,0.5538,0.56202,1.029138,0.504635,0.62023,0.701823,0.98137,0.199861,0.229822,0.282514,0.298359,0.278734,0.301903,0.415378,0.377021,0.49301,0.486162,0.631482,0.585663
2024-10-16,0.1391,0.1391,0.35596,0.41978,0.54934,0.586699,0.414405,0.5538,0.56202,1.029138,0.504635,0.62023,0.701823,0.98137,0.201471,0.230455,0.361863,0.339672,0.280979,0.302734,0.532044,0.429226,0.496981,0.487501,0.808845,0.666759
2024-10-17,-0.2731,-0.2394,0.345835,0.393765,0.54934,0.586699,0.414405,0.5538,0.56202,1.029138,0.504635,0.62023,0.701823,0.98137,0.198283,0.228295,0.35249,0.335255,0.270913,0.288092,0.518263,0.423645,0.489117,0.482931,0.787894,0.658088
2024-10-18,-0.0161,-0.2987,0.345835,0.393765,0.54934,0.586699,0.414405,0.5538,0.56202,1.029138,0.504635,0.62023,0.701823,0.98137,0.203549,0.231269,0.346746,0.333236,0.281795,0.291845,0.509818,0.421093,0.502107,0.489223,0.775055,0.654125
2024-10-21,-0.3654,-0.1207,0.338075,0.36723,0.54934,0.586699,0.410855,0.5538,0.56202,1.029138,0.504635,0.618665,0.701823,0.98137,0.197387,0.227461,0.344053,0.332876,0.273265,0.28704,0.505858,0.420638,0.486907,0.481167,0.769036,0.653419
2024-10-22,-0.1616,-0.104,0.345835,0.36723,0.54934,0.586699,0.40576,0.543815,0.56202,1.029138,0.504635,0.618665,0.701823,0.98137,0.21127,0.235569,0.334879,0.328794,0.294645,0.309452,0.49237,0.41548,0.521153,0.498319,0.74853,0.645406
2024-10-23,-0.1457,-0.1148,0.345835,0.36723,0.54934,0.586699,0.40576,0.543815,0.56202,1.029138,0.504635,0.618665,0.701823,0.98137,0.208624,0.233909,0.325675,0.324675,0.290955,0.307272,0.478837,0.410275,0.514626,0.494807,0.727957,0.63732
2024-10-24,0.1618,0.0747,0.345835,0.36723,0.54934,0.586699,0.40576,0.543815,0.56202,1.029138,0.504635,0.618665,0.701823,0.98137,0.205393,0.231865,0.317004,0.320818,0.286449,0.304587,0.466088,0.405401,0.506656,0.490483,0.708575,0.629749
2024-10-25,-0.1187,-0.1061,0.345835,0.36723,0.54934,0.586699,0.40576,0.543815,0.56202,1.029138,0.504635,0.618665,0.701823,0.98137,0.203041,0.230327,0.30789,0.316565,0.283169,0.302566,0.452688,0.400027,0.500854,0.48723,0.688203,0.621401
2024-10-28,-0.1242,-0.047,0.345835,0.36723,0.54934,0.586699,0.40576,0.543205,0.56202,0.909209,0.504635,0.618665,0.701823,0.98137,0.198991,0.227744,0.29964,0.31286,0.277521,0.299173,0.440558,0.395345,0.490864,0.481766,0.669763,0.614128
2024-10-29,0.0864,0.1523,0.345835,0.36723,0.54934,0.586699,0.40576,0.543205,0.56202,0.909209,0.504635,0.618665,0.701823,0.98137,0.195313,0.225322,0.29074,0.308774,0.272391,0.295991,0.427472,0.390182,0.481791,0.476642,0.649869,0.606108
2024-10-30,-0.0486,-0.1496,0.345835,0.36723,0.54934,0.586699,0.40576,0.543205,0.56202,0.909209,0.504635,0.618665,0.701823,0.98137,0.190542,0.222235,0.284341,0.305648,0.265737,0.291936,0.418064,0.386232,0.470022,0.470112,0.635566,0.599971
2024-10-31,0.081,0.0094,0.345835,0.36723,0.54934,0.586699,0.40576,0.543205,0.56202,0.909209,0.504635,0.618665,0.701823,0.98137,0.185121,0.218668,0.278103,0.302819,0.258177,0.28725,0.408892,0.382657,0.45665,0.462567,0.621623,0.594418
2024-11-01,-0.4436,-0.393,0.345835,0.36723,0.54934,0.586699,0.40576,0.543205,0.56202,0.909209,0.504635,0.618665,0.701823,0.98137,0.180574,0.215562,0.269641,0.298797,0.251836,0.28317,0.396451,0.377574,0.445433,0.455996,0.602708,0.586523
2024-11-04,0.3247,0.0167,0.35596,0.38436,0.54934,0.586699,0.410855,0.543205,0.56202,0.909209,0.504635,0.618665,0.701823,0.98137,0.206052,0.230732,0.278587,0.30297,0.295097,0.315231,0.40976,0.389376,0.512667,0.488087,0.622705,0.594715
2024-11-05,0.0486,0.1218,0.35596,0.38436,0.54934,0.586699,0.410855,0.543205,0.56202,0.909209,0.504635,0.618665,0.701823,0.98137,0.215025,0.236087,0.270131,0.298945,0.307947,0.322547,0.397323,0.384203,0.534992,0.499415,0.603803,0.586814
2024-11-06,-0.5307,0.4985,0.35596,0.36723,0.54934,0.586699,0.410855,0.543205,0.56202,0.909209,0.504635,0.618665,0.701823,0.98137,0.208814,0.232373,0.263596,0.295658,0.299052,0.317473,0.384042,0.373608,0.519539,0.491558,0.589196,0.580361
2024-11-07,0.4875,-0.0293,0.3592,0.36723,0.54934,0.586699,0.414405,0.527525,0.56202,0.854639,0.50573,0.618665,0.701823,0.98137,0.240595,0.251716,0.283238,0.30396,0.35568,0.351502,0.412659,0.384099,0.608731,0.548031,0.633101,0.596658
2024-11-08,0.2213,0.7423,0.3592,0.36723,0.54934,0.586699,0.414405,0.527525,0.56202,0.854639,0.50573,0.618665,0.701823,0.98137,0.262054,0.266016,0.274704,0.3,0.387403,0.371471,0.400225,0.379095,0.663024,0.579165,0.614025,0.588885
2024-11-12,-0.4431,0.2994,0.35596,0.357625,0.54934,0.586699,0.414405,0.527525,0.56202,0.854639,0.50573,0.618665,0.701823,0.98137,0.259789,0.264768,0.322482,0.322087,0.372056,0.361731,0.469835,0.407005,0.657293,0.576448,0.72082,0.63224
2024-11-13,-0.0596,-0.1634,0.3592,0.357625,0.54934,0.586699,0.425925,0.527525,0.56202,0.854639,0.50573,0.618665,0.701823,0.98137,0.274264,0.275255,0.321144,0.32156,0.405454,0.384372,0.467885,0.406339,0.693917,0.59928,0.717829,0.631206
2024-11-14,-0.0596,-0.0222,0.3592,0.357625,0.54934,0.586699,0.425925,0.506845,0.56202,0.854639,0.50573,0.618665,0.701823,0.98137,0.26631,0.269994,0.313923,0.318601,0.393695,0.377026,0.457365,0.4026,0.673792,0.587825,0.701688,0.625397
2024-11-15,0.0488,0.0709,0.3592,0.357625,0.54934,0.586699,0.425925,0.506845,0.56202,0.854639,0.50573,0.618665,0.701823,0.98137,0.258609,0.265134,0.304408,0.314343,0.382311,0.370239,0.443502,0.397219,0.654308,0.577244,0.68042,0.617039
2024-11-18,0.0379,0.143,0.3592,0.357625,0.54934,0.586699,0.425925,0.506845,0.56202,0.854639,0.50573,0.618665,0.701823,0.98137,0.251016,0.26048,0.295645,0.310313,0.371086,0.36374,0.430735,0.392127,0.635097,0.567112,0.660833,0.609129
2024-11-19,0.0704,0.1091,0.3592,0.357625,0.54934,0.586699,0.425925,0.506845,0.56202,0.854639,0.50573,0.618665,0.701823,0.98137,0.243546,0.256007,0.288771,0.30704,0.360042,0.357494,0.42072,0.387991,0.616197,0.557373,0.645468,0.602704
2024-11-20,-0.0867,0.0058,0.3592,0.357625,0.54934,0.586699,0.425925,0.491265,0.56202,0.854639,0.50573,0.618665,0.701823,0.98137,0.236755,0.252016,0.281246,0.303455,0.350003,0.351921,0.409756,0.383461,0.599015,0.548684,0.628648,0.595667
2024-11-21,-0.0596,-0.1853,0.3592,0.35246,0.54934,0.586699,0.425925,0.491265,0.56202,0.854639,0.50573,0.618665,0.701823,0.98137,0.230523,0.248369,0.272682,0.299476,0.34079,0.346828,0.388537,0.374691,0.583247,0.540744,0.609506,0.587856
2024-11-22,0.0054,0.1255,0.3592,0.35246,0.54934,0.586699,0.425925,0.491265,0.56202,0.854639,0.50573,0.618665,0.701823,0.98137,0.223977,0.244534,0.268243,0.297515,0.331113,0.341473,0.382212,0.372238,0.566685,0.532394,0.599583,0.584007
2024-11-25,0.6161,0.5333,0.3592,0.35246,0.54934,0.586699,0.425925,0.491265,0.56202,0.854639,0.50573,0.618665,0.701823,0.98137,0.217157,0.24053,0.261882,0.29429,0.321031,0.335882,0.373148,0.368203,0.54943,0.523677,0.585365,0.577676
2024-11-26,-0.0431,0.1294,0.3592,0.35246,0.54934,0.586699,0.425925,0.491265,0.56202,0.854639,0.50573,0.618665,0.701823,0.98137,0.259042,0.265255,0.285538,0.304113,0.382951,0.370408,0.406855,0.380493,0.655403,0.577508,0.638242,0.596958
2024-11-27,0.1885,0.103,0.3592,0.35246,0.54934,0.586699,0.425925,0.491265,0.56202,0.854639,0.50573,0.618665,0.701823,0.98137,0.251372,0.260814,0.278648,0.300792,0.371612,0.364207,0.397038,0.376338,0.635998,0.567839,0.622841,0.590439
2024-11-29,0.3223,0.274,0.3592,0.35246,0.54934,0.586699,0.425925,0.47549,0.56202,0.854639,0.50573,0.618665,0.701823,0.98137,0.24805,0.258955,0.271334,0.297261,0.366701,0.361611,0.386616,0.37192,0.627593,0.563792,0.606492,0.583508
2024-12-02,0.0054,0.4064,0.3592,0.35246,0.54934,0.586699,0.425925,0.47549,0.56202,0.854639,0.50573,0.618665,0.701823,0.98137,0.25312,0.262014,0.271495,0.296799,0.374196,0.365882,0.386845,0.371342,0.64042,0.570452,0.606852,0.582601
2024-12-03,-0.1717,0.0261,0.3592,0.35246,0.54934,0.586699,0.425925,0.47549,0.56202,0.854639,0.50573,0.618665,0.701823,0.98137,0.245412,0.257623,0.281419,0.300639,0.362801,0.359751,0.400986,0.376146,0.620918,0.560892,0.629035,0.590139
2024-12-04,0.2629,-0.0478,0.3592,0.35246,0.54934,0.586699,0.425925,0.47549,0.56202,0.854639,0.50573,0.618665,0.701823,0.98137,0.241624,0.255592,0.272921,0.296707,0.357201,0.356915,0.388877,0.371227,0.611334,0.55647,0.61004,0.582421
2024-12-05,0.0214,-0.0805,0.3592,0.35246,0.54934,0.586699,0.425925,0.470235,0.56202,0.839448,0.50573,0.618665,0.701823,0.98137,0.242953,0.256332,0.264865,0.293032,0.359166,0.357948,0.377399,0.366629,0.614697,0.558081,0.592033,0.575207
2024-12-06,0.091,0.2865,0.3592,0.35246,0.54934,0.586699,0.425925,0.470235,0.56202,0.839448,0.50573,0.618665,0.701823,0.98137,0.23561,0.252192,0.257552,0.289675,0.34831,0.352167,0.366978,0.362429,0.596118,0.549067,0.575687,0.568617
2024-12-09,-0.1071,-0.2392,0.3592,0.35246,0.54934,0.586699,0.425925,0.470235,0.56202,0.839448,0.50573,0.618665,0.701823,0.98137,0.229518,0.248727,0.25938,0.289757,0.339304,0.347328,0.369583,0.362531,0.580705,0.541523,0.579773,0.568778
2024-12-10,-0.0911,-0.2344,0.3592,0.35246,0.54934,0.586699,0.425925,0.470235,0.56202,0.839448,0.50573,0.618665,0.701823,0.98137,0.224067,0.245683,0.258214,0.28938,0.331246,0.343077,0.367922,0.36206,0.566913,0.534896,0.577166,0.568038
2024-12-11,-0.1932,-0.0485,0.3592,0.35246,0.54934,0.586699,0.425925,0.470235,0.56202,0.839448,0.50573,0.618665,0.701823,0.98137,0.218384,0.242468,0.256847,0.288867,0.322845,0.338588,0.365974,0.361418,0.552534,0.527896,0.574111,0.567031
2024-12-12,-0.2259,-0.1158,0.3592,0.35246,0.54934,0.586699,0.425925,0.470235,0.56202,0.839448,0.50573,0.618665,0.701823,0.98137,0.216955,0.241582,0.249306,0.285292,0.320732,0.337351,0.355229,0.356945,0.548919,0.525967,0.557255,0.560014
2024-12-13,-0.2318,-0.1342,0.3592,0.35246,0.54934,0.586699,0.425925,0.470235,0.56202,0.839448,0.50573,0.618665,0.701823,0.98137,0.217502,0.241758,0.24337,0.282457,0.321541,0.337596,0.346771,0.353398,0.550303,0.526351,0.543987,0.554449
2024-12-16,0.0054,0.1153,0.3592,0.35246,0.54934,0.586699,0.425925,0.470235,0.56202,0.839448,0.50573,0.618665,0.701823,0.98137,0.218387,0.242117,0.238235,0.279934,0.322849,0.338098,0.339454,0.350241,0.552542,0.527132,0.532509,0.549496
2024-12-17,0.0,0.0137,0.3592,0.35246,0.54934,0.586699,0.425925,0.470235,0.56202,0.839448,0.50573,0.618665,0.701823,0.98137,0.211738,0.238289,0.232697,0.276804,0.31302,0.332752,0.331563,0.346325,0.535719,0.518798,0.52013,0.543352
2024-12-18,-0.4002,-0.3755,0.3592,0.35246,0.54934,0.586699,0.425925,0.470235,0.56202,0.839448,0.50573,0.618665,0.701823,0.98137,0.205287,0.23451,0.225633,0.273091,0.303483,0.327475,0.321498,0.34168,0.519398,0.51057,0.50434,0.536064
2024-12-19,-0.217,-0.0785,0.36261,0.357625,0.54934,0.586699,0.425925,0.470235,0.56202,0.839448,0.50573,0.618665,0.701823,0.98137,0.221865,0.243502,0.23731,0.278242,0.355821,0.342047,0.345745,0.3516,0.561342,0.530148,0.530441,0.546175
2024-12-20,0.0271,0.0107,0.36261,0.357625,0.54934,0.586699,0.425925,0.464965,0.56202,0.839448,0.50573,0.618665,0.701823,0.98137,0.221576,0.243216,0.230882,0.275013,0.355358,0.341645,0.33638,0.34752,0.560611,0.529525,0.516073,0.539836
2024-12-23,-0.1521,-0.1192,0.36261,0.357625,0.54934,0.586699,0.425925,0.464965,0.56202,0.839448,0.50573,0.618665,0.701823,0.98137,0.214928,0.239429,0.223864,0.271324,0.344696,0.336325,0.326155,0.342858,0.54379,0.52128,0.500386,0.532595
2024-12-24,0.0326,-0.0099,0.36261,0.357625,0.54934,0.586699,0.425925,0.464965,0.56202,0.839448,0.50573,0.618665,0.701823,0.98137,0.211685,0.237427,0.218999,0.268686,0.339495,0.333513,0.319067,0.339525,0.535585,0.516921,0.489512,0.527417
2024-12-26,0.0,0.048,0.36261,0.357625,0.54934,0.586699,0.425925,0.464965,0.56202,0.839448,0.50573,0.618665,0.701823,0.98137,0.205392,0.233761,0.212342,0.265028,0.329402,0.328364,0.309368,0.334902,0.519663,0.50894,0.474632,0.520236
2024-12-27,-0.0816,-0.083,0.36261,0.357625,0.54934,0.586699,0.425925,0.464965,0.56202,0.839448,0.50573,0.618665,0.701823,0.98137,0.199135,0.230039,0.206208,0.261429,0.319367,0.323135,0.300431,0.330354,0.503832,0.500836,0.460921,0.513172
2024-12-30,0.3096,0.3274,0.36261,0.357625,0.54934,0.586699,0.425925,0.464965,0.56202,0.839448,0.50573,0.618665,0.701823,0.98137,0.1941,0.226873,0.200957,0.25833,0.311292,0.318688,0.292781,0.326438,0.491093,0.493943,0.449184,0.507089
2024-12-31,-0.0542,-0.0542,0.36261,0.35246,0.54934,0.548553,0.425925,0.464965,0.56202,0.839448,0.50573,0.618665,0.701823,0.98137,0.202893,0.231561,0.210695,0.261312,0.325394,0.325273,0.300213,0.326942,0.513341,0.50415,0.470951,0.512942
2025-01-02,0.0109,0.0123,0.36261,0.35246,0.54934,0.548553,0.425925,0.456055,0.56202,0.755348,0.50573,0.618665,0.701823,0.98137,0.197159,0.2281,0.204707,0.257932,0.316198,0.320412,0.291681,0.322713,0.498833,0.496615,0.457566,0.506307
2025-01-03,-0.118,0.1625,0.36261,0.35246,0.54934,0.548553,0.425925,0.456055,0.56202,0.755348,0.50573,0.618665,0.701823,0.98137,0.191172,0.224439,0.198494,0.254233,0.306596,0.315269,0.282828,0.318085,0.483685,0.488644,0.443679,0.499046
2025-01-06,-0.1315,-0.0987,0.36261,0.35246,0.54934,0.548553,0.425925,0.456055,0.56202,0.755348,0.504635,0.614315,0.701823,0.98137,0.187588,0.222004,0.19652,0.252117,0.300848,0.311849,0.280016,0.315438,0.474617,0.483343,0.439266,0.494893
2025-01-07,-0.1866,-0.1306,0.3592,0.35246,0.54934,0.548553,0.425925,0.456055,0.56202,0.755348,0.504635,0.614315,0.701823,0.98137,0.184704,0.219895,0.192061,0.249296,0.293433,0.308763,0.273662,0.311908,0.467321,0.478751,0.429299,0.489355
2025-01-08,0.0824,0.1534,0.35596,0.347195,0.54934,0.517428,0.425925,0.456055,0.56202,0.755348,0.504635,0.614315,0.701823,0.98137,0.184818,0.21943,0.188938,0.247093,0.293614,0.30811,0.260394,0.302085,0.467609,0.477739,0.422319,0.485031
2025-01-09,0.0,0.0068,0.35596,0.347195,0.54934,0.517428,0.425925,0.451515,0.56202,0.755348,0.504635,0.614315,0.701823,0.98137,0.180321,0.216457,0.186996,0.244862,0.28647,0.303936,0.257718,0.299358,0.456231,0.471266,0.417978,0.480652
2025-01-10,-0.2694,-0.2626,0.35596,0.347195,0.54934,0.517428,0.425925,0.451515,0.56202,0.755348,0.504635,0.614315,0.701823,0.98137,0.174828,0.212773,0.181307,0.241082,0.277743,0.298763,0.249877,0.294737,0.442333,0.463245,0.405262,0.473232
2025-01-13,-0.1267,-0.1362,0.35596,0.347195,0.54934,0.517428,0.425925,0.451515,0.56202,0.755348,0.504635,0.614315,0.701823,0.98137,0.181894,0.216292,0.187183,0.243403,0.295605,0.303704,0.265901,0.297574,0.460211,0.470907,0.418396,0.477788
2025-01-14,0.0276,0.0167,0.35596,0.347195,0.54934,0.517428,0.425925,0.451515,0.56202,0.755348,0.504635,0.614315,0.701823,0.98137,0.179063,0.21413,0.184522,0.241369,0.291004,0.300668,0.262121,0.295087,0.453048,0.466199,0.412448,0.473795
2025-01-15,0.5057,0.4962,0.35596,0.347195,0.54934,0.517428,0.425925,0.44712,0.56202,0.755348,0.504635,0.614315,0.701823,0.98137,0.173739,0.210555,0.178947,0.237605,0.282352,0.295648,0.254201,0.290486,0.439578,0.458416,0.399987,0.466406
2025-01-16,0.2738,0.2902,0.35596,0.347195,0.54934,0.517428,0.425925,0.44712,0.56202,0.755348,0.504635,0.614315,0.701823,0.98137,0.209089,0.231495,0.211834,0.252374,0.339801,0.325051,0.300919,0.308542,0.529017,0.504006,0.473497,0.495397
2025-01-17,-0.0109,-0.1023,0.35596,0.347195,0.54934,0.517428,0.425925,0.44712,0.56202,0.755348,0.501855,0.603845,0.701823,0.98137,0.213525,0.234007,0.217334,0.254117,0.34701,0.328578,0.308732,0.310673,0.540241,0.509475,0.48579,0.498819
2025-01-21,0.2349,-0.5009,0.35596,0.347195,0.54934,0.517428,0.425925,0.44712,0.56202,0.755348,0.499195,0.596085,0.701823,0.98137,0.207038,0.230295,0.212198,0.251446,0.336467,0.323366,0.301436,0.307407,0.523828,0.501394,0.47431,0.493576
2025-01-22,-0.1037,-0.0817,0.35596,0.35246,0.54934,0.522524,0.425925,0.451515,0.56202,0.755348,0.499195,0.596085,0.701823,0.98137,0.208814,0.231215,0.239542,0.265577,0.339354,0.324658,0.347983,0.332278,0.528321,0.503397,0.54684,0.535947
2025-01-23,-0.071,0.1378,0.35596,0.35246,0.54934,0.522524,0.425925,0.451515,0.56202,0.755348,0.499195,0.596085,0.701823,0.98137,0.20404,0.228465,0.233105,0.26249,0.331595,0.320796,0.338632,0.328416,0.516243,0.497409,0.532145,0.529717
2025-01-24,0.1202,-0.4854,0.35596,0.35246,0.54934,0.522524,0.425925,0.451515,0.56202,0.755348,0.499195,0.596085,0.701823,0.98137,0.198587,0.225287,0.228511,0.25991,0.322733,0.316334,0.331959,0.325188,0.502446,0.49049,0.521658,0.52451
2025-01-27,0.3651,0.4575,0.35596,0.357625,0.54934,0.522524,0.425925,0.456055,0.56202,0.755348,0.499195,0.596085,0.701823,0.98137,0.194776,0.222969,0.251438,0.271774,0.31654,0.313079,0.366328,0.343427,0.492804,0.485444,0.573997,0.548452
2025-01-28,-0.0218,-0.1391,0.35596,0.357625,0.54934,0.522524,0.425925,0.456055,0.56202,0.755348,0.499195,0.596085,0.701823,0.98137,0.208948,0.23078,0.268302,0.279804,0.339571,0.324047,0.390898,0.353574,0.52866,0.50245,0.612495,0.564657
2025-01-29,0.0,0.0,0.35596,0.357625,0.54934,0.522524,0.425925,0.456055,0.56202,0.755348,0.499195,0.596085,0.701823,0.98137,0.202653,0.227182,0.262351,0.277275,0.329341,0.318995,0.382228,0.350378,0.512733,0.494616,0.59891,0.559554
2025-01-30,0.0,0.0,0.35596,0.357625,0.54934,0.522524,0.425925,0.451515,0.56202,0.731588,0.499195,0.596085,0.701823,0.98137,0.196479,0.223609,0.254358,0.273514,0.319307,0.313978,0.370582,0.345626,0.497113,0.486837,0.580663,0.551964
2025-01-31,0.0,0.0,0.35596,0.357625,0.54934,0.522524,0.425925,0.451515,0.56202,0.731588,0.499195,0.596085,0.701823,0.98137,0.190494,0.22007,0.24661,0.269813,0.309581,0.309009,0.359294,0.340949,0.48197,0.479132,0.562975,0.544495
2025-02-03,0.0,0.0,0.35596,0.357625,0.54934,0.522524,0.425925,0.451515,0.56202,0.731588,0.499195,0.596085,0.701823,0.98137,0.18469,0.216583,0.239097,0.266162,0.300149,0.304112,0.348348,0.336335,0.467285,0.47154,0.545824,0.537127
2025-02-04,0.1522,0.1522,0.35596,0.357625,0.54934,0.522524,0.425925,0.451515,0.56202,0.731588,0.499195,0.596085,0.701823,0.98137,0.179064,0.213102,0.231813,0.262554,0.291005,0.299225,0.337736,0.331776,0.453051,0.463961,0.529196,0.529846
2025-02-05,0.3524,0.763,0.345835,0.35246,0.543705,0.522524,0.425925,0.451515,0.56202,0.731588,0.499195,0.596085,0.701823,0.98137,0.177567,0.211828,0.227822,0.260243,0.267142,0.289404,0.331921,0.328856,0.449263,0.461188,0.520085,0.525182
2025-02-06,0.0162,0.2401,0.334655,0.347195,0.50326,0.522524,0.414405,0.451515,0.56202,0.731588,0.499195,0.596085,0.701823,0.98137,0.192586,0.219918,0.289342,0.289995,0.275811,0.288892,0.420328,0.362829,0.487263,0.478801,0.660526,0.585223
2025-02-07,-0.1842,-0.1019,0.334655,0.347195,0.50326,0.522524,0.414405,0.451515,0.56202,0.731588,0.495325,0.59379,0.687075,0.98137,0.186761,0.216442,0.286626,0.288815,0.267469,0.284326,0.416383,0.361353,0.472525,0.471233,0.654326,0.582842
2025-02-10,-0.0325,0.1072,0.334655,0.347195,0.50326,0.522524,0.414405,0.451515,0.56202,0.731588,0.495325,0.59379,0.687075,0.98137,0.186608,0.216214,0.279013,0.285617,0.26725,0.284027,0.405323,0.357352,0.472138,0.470737,0.636947,0.576388
2025-02-11,-0.076,-0.039,0.334655,0.347195,0.50326,0.522524,0.414405,0.451515,0.56202,0.731588,0.495325,0.59379,0.687075,0.98137,0.181099,0.212864,0.271785,0.282258,0.25936,0.279626,0.394823,0.353149,0.458199,0.463443,0.620446,0.56961
2025-02-12,-0.3044,-0.2825,0.334655,0.347195,0.50326,0.522524,0.414405,0.451515,0.56202,0.731588,0.495325,0.59379,0.687075,0.98137,0.176566,0.21002,0.263678,0.278643,0.252868,0.27589,0.383046,0.348626,0.446731,0.457251,0.601939,0.562314
2025-02-13,0.3261,0.0521,0.334655,0.347195,0.50326,0.522524,0.414405,0.451515,0.56202,0.731588,0.48589,0.588165,0.687075,0.98137,0.18672,0.215598,0.264845,0.279841,0.280913,0.294554,0.384741,0.350125,0.472421,0.469396,0.604603,0.564732
2025-02-14,0.2547,-0.2377,0.334655,0.347195,0.50326,0.522524,0.414405,0.451515,0.56202,0.731588,0.48589,0.588165,0.687075,0.98137,0.197871,0.221702,0.257094,0.276206,0.297689,0.302894,0.373481,0.345577,0.500634,0.482685,0.586909,0.557396
2025-02-18,-0.1246,0.2277,0.32183,0.3402,0.50326,0.522524,0.414405,0.451515,0.56202,0.731588,0.477285,0.588165,0.687075,0.98137,0.201733,0.223739,0.255972,0.276102,0.303499,0.305677,0.371851,0.345447,0.510406,0.48712,0.584348,0.557187
2025-02-19,0.1137,0.1783,0.32183,0.3402,0.50326,0.522524,0.414405,0.451515,0.56202,0.731588,0.477285,0.588165,0.687075,0.98137,0.197955,0.221585,0.254364,0.275075,0.297815,0.302734,0.369515,0.344162,0.500847,0.48243,0.580677,0.555114
2025-02-20,0.1028,-0.2796,0.32183,0.3402,0.50326,0.522524,0.414405,0.451515,0.56202,0.731588,0.477285,0.588165,0.687075,0.98137,0.193934,0.21916,0.250453,0.272994,0.291766,0.299421,0.363834,0.341558,0.490673,0.477151,0.571748,0.550914
2025-02-21,0.3239,0.2494,0.32183,0.3402,0.50326,0.522524,0.410855,0.44712,0.556258,0.731588,0.477285,0.588165,0.687075,0.98137,0.189705,0.21657,0.252296,0.274303,0.285404,0.295882,0.366511,0.343196,0.479974,0.471512,0.575956,0.553556
2025-02-24,0.1669,0.1324,0.32183,0.3402,0.50326,0.522524,0.410855,0.44712,0.556258,0.731588,0.477285,0.588165,0.687075,0.98137,0.200308,0.22231,0.252123,0.273873,0.301355,0.303724,0.36626,0.342658,0.5068,0.484009,0.575561,0.552688
2025-02-25,0.3867,0.4364,0.32183,0.3402,0.50326,0.522524,0.410855,0.44712,0.556258,0.731588,0.477285,0.588165,0.687075,0.98137,0.198462,0.221081,0.246585,0.271066,0.298578,0.302045,0.358215,0.339146,0.50213,0.481333,0.562918,0.547024
2025-02-26,0.166,0.2804,0.32183,0.3402,0.50326,0.522524,0.410855,0.44712,0.556258,0.731588,0.477285,0.588165,0.687075,0.98137,0.214467,0.230074,0.261883,0.277705,0.322657,0.314332,0.380438,0.347452,0.542624,0.500912,0.597841,0.560421
2025-02-27,-0.0161,0.3387,0.32183,0.3402,0.50326,0.522524,0.410855,0.44712,0.556258,0.731588,0.477285,0.588165,0.687075,0.98137,0.211872,0.228499,0.26303,0.27797,0.318753,0.31218,0.382105,0.347784,0.536058,0.497483,0.60046,0.560956
2025-02-28,0.3099,0.2756,0.32183,0.3402,0.50326,0.522524,0.410855,0.44712,0.556258,0.731588,0.477285,0.588165,0.687075,0.98137,0.205456,0.224882,0.268173,0.280106,0.3091,0.307238,0.389576,0.350456,0.519825,0.489609,0.612201,0.565267
2025-03-03,0.2025,0.2231,0.32183,0.3402,0.50326,0.522524,0.410855,0.43151,0.556258,0.64041,0.477285,0.588165,0.687075,0.98137,0.21317,0.229085,0.268625,0.280108,0.320706,0.31298,0.390232,0.350459,0.539342,0.498759,0.613233,0.565271
2025-03-04,-0.1919,-0.4558,0.32183,0.3402,0.50326,0.522524,0.410855,0.43151,0.556258,0.64041,0.477285,0.588165,0.687075,0.98137,0.212545,0.228595,0.266113,0.278729,0.319765,0.312311,0.386583,0.348734,0.537761,0.497692,0.607498,0.562488
2025-03-05,-0.2885,-0.4883,0.32183,0.347195,0.50326,0.522524,0.410855,0.44712,0.556258,0.64041,0.47452,0.580205,0.674326,0.98137,0.211363,0.228235,0.281127,0.287314,0.317987,0.311819,0.409583,0.363064,0.534771,0.496909,0.641773,0.579813
2025-03-06,-0.0161,-0.0685,0.32183,0.35246,0.50326,0.522524,0.410855,0.451515,0.556258,0.64041,0.47452,0.580205,0.674326,0.98137,0.216767,0.23179,0.297652,0.296926,0.326117,0.316676,0.447778,0.383938,0.548443,0.504648,0.679497,0.59921
2025-03-07,-0.1017,-0.2785,0.32183,0.35246,0.50326,0.522524,0.410855,0.451515,0.556258,0.64041,0.47452,0.580205,0.674326,0.98137,0.2102,0.228094,0.289072,0.293181,0.316238,0.311627,0.43487,0.379096,0.531828,0.496602,0.65991,0.591653
2025-03-10,0.3316,0.678,0.32183,0.35246,0.50326,0.522524,0.410855,0.451515,0.556258,0.64041,0.473085,0.580205,0.674326,0.98137,0.205314,0.225424,0.288448,0.293684,0.308887,0.307979,0.433931,0.379746,0.519466,0.490789,0.658486,0.592668
2025-03-11,-0.2191,-0.6512,0.32183,0.35246,0.50326,0.522524,0.410855,0.451515,0.556258,0.64041,0.47079,0.574835,0.674326,0.98137,0.214993,0.23071,0.325256,0.312416,0.323448,0.315201,0.489304,0.403968,0.543955,0.502297,0.742513,0.63047
2025-03-12,-0.1767,-0.0467,0.32183,0.36659,0.50326,0.583131,0.410855,0.45561,0.556258,0.651993,0.4689,0.580205,0.674326,0.98137,0.215242,0.231157,0.353394,0.330177,0.323823,0.315811,0.568801,0.445119,0.544585,0.50327,0.806748,0.681522
2025-03-13,0.1874,0.2799,0.32183,0.36659,0.50326,0.583131,0.410855,0.45561,0.556258,0.651993,0.4689,0.580205,0.674326,0.98137,0.213126,0.230164,0.342819,0.325193,0.32064,0.314455,0.55178,0.4384,0.539231,0.501108,0.782607,0.671235
2025-03-14,-0.2518,-0.3374,0.32183,0.36659,0.50326,0.583131,0.40405,0.45561,0.54234,0.651993,0.4689,0.580205,0.674326,0.98137,0.21167,0.229231,0.339373,0.32381,0.318449,0.31318,0.546233,0.436536,0.535547,0.499077,0.77474,0.66838
2025-03-17,0.0536,-0.0155,0.32183,0.36659,0.50326,0.583131,0.40405,0.45561,0.54234,0.651993,0.467755,0.574835,0.66467,0.98137,0.21429,0.230983,0.339255,0.325054,0.322391,0.315574,0.546043,0.438213,0.542176,0.502892,0.774471,0.670948
2025-03-18,0.0268,-0.0479,0.30836,0.36659,0.50326,0.583131,0.400375,0.451515,0.54234,0.651993,0.465405,0.574835,0.66467,0.98137,0.208177,0.227497,0.328942,0.320199,0.29814,0.298849,0.529444,0.431668,0.52671,0.495302,0.750928,0.660927
2025-03-19,0.1821,0.2195,0.30836,0.36659,0.50326,0.583131,0.400375,0.451515,0.54234,0.651993,0.465405,0.574835,0.66467,0.98137,0.201941,0.223946,0.319137,0.315686,0.289209,0.294184,0.513663,0.425584,0.510932,0.487571,0.728544,0.651611
2025-03-20,0.139,0.3835,0.30836,0.36659,0.50326,0.583131,0.391365,0.44712,0.54234,0.651993,0.465405,0.574835,0.66467,0.98137,0.200806,0.223082,0.314051,0.313269,0.287584,0.293049,0.505477,0.422325,0.50806,0.48569,0.716934,0.646622
2025-03-21,-0.0481,-0.0357,0.30836,0.36659,0.50326,0.583131,0.391365,0.44712,0.54234,0.651993,0.465405,0.574835,0.66467,0.98137,0.197644,0.221097,0.318645,0.3156,0.283055,0.290441,0.512871,0.425468,0.50006,0.481368,0.727421,0.651434
2025-03-24,-0.3426,-0.2805,0.30836,0.36659,0.50326,0.583131,0.391365,0.44712,0.54234,0.651993,0.461295,0.569045,0.66467,0.98137,0.191984,0.217874,0.309062,0.311205,0.274949,0.286207,0.497447,0.419543,0.48574,0.474351,0.705544,0.642362
2025-03-25,0.0322,0.0846,0.32183,0.36659,0.50326,0.583131,0.391365,0.43151,0.54234,0.651993,0.461295,0.569045,0.66467,0.98137,0.204179,0.224872,0.307423,0.311105,0.307179,0.307225,0.494809,0.419408,0.516594,0.489587,0.701803,0.642156
2025-03-26,-0.1556,-0.0096,0.32183,0.36659,0.50326,0.583131,0.391365,0.43151,0.54234,0.651993,0.461295,0.569045,0.66467,0.98137,0.198116,0.221402,0.298777,0.306997,0.298058,0.302484,0.480892,0.41387,0.501254,0.482032,0.682065,0.633676
2025-03-27,-0.0645,-0.1058,0.32183,0.36659,0.50326,0.583131,0.37741,0.43151,0.531904,0.651993,0.461295,0.569045,0.66467,0.98137,0.195825,0.220119,0.289685,0.302779,0.294611,0.300731,0.466259,0.408183,0.495458,0.479239,0.661309,0.62497
2025-03-28,0.3915,0.3681,0.32183,0.36659,0.50326,0.583131,0.37741,0.43151,0.531904,0.651993,0.45709,0.56211,0.66467,0.98137,0.190516,0.21708,0.282053,0.29936,0.286624,0.296579,0.453975,0.403574,0.482025,0.472622,0.643887,0.617913
2025-03-31,0.1177,0.0337,0.32183,0.36659,0.50326,0.583131,0.37741,0.43151,0.531904,0.651993,0.45709,0.56211,0.66467,0.98137,0.208122,0.226554,0.287942,0.301675,0.313111,0.309523,0.463453,0.406695,0.526571,0.493249,0.65733,0.622691
2025-04-01,0.188,0.367,0.32183,0.36659,0.50326,0.583131,0.37741,0.43151,0.531904,0.651993,0.45709,0.56211,0.66467,0.98137,0.203831,0.22405,0.279292,0.297592,0.306656,0.306102,0.449531,0.401191,0.515714,0.487797,0.637584,0.614263
2025-04-02,-0.0969,-0.1272,0.32183,0.36659,0.50326,0.583131,0.37741,0.43151,0.531904,0.651993,0.45709,0.56211,0.66467,0.98137,0.202916,0.22333,0.285316,0.299909,0.305279,0.305118,0.459227,0.404314,0.513399,0.48623,0.651336,0.619046
2025-04-03,0.3977,0.5874,0.30836,0.35246,0.50326,0.583131,0.37741,0.43151,0.531904,0.651993,0.45709,0.56211,0.66467,0.98137,0.198161,0.220722,0.278373,0.296868,0.283796,0.289949,0.418775,0.383863,0.493034,0.480551,0.635486,0.612769
2025-04-04,0.0,-0.0137,0.30836,0.35246,0.50326,0.583131,0.37741,0.43151,0.531904,0.651993,0.45709,0.56211,0.66467,0.98137,0.215411,0.230073,0.30585,0.309314,0.3085,0.302232,0.46011,0.399957,0.535953,0.50091,0.698212,0.638459
2025-04-07,-1.1491,-0.768,0.30836,0.35246,0.50326,0.583131,0.37741,0.43151,0.531904,0.651993,0.45709,0.56211,0.66467,0.98137,0.208848,0.226435,0.296552,0.305078,0.299101,0.297453,0.446123,0.394479,0.519623,0.49299,0.676986,0.629715
2025-04-08,-0.2064,0.2128,0.32183,0.36659,0.547683,0.630631,0.391365,0.44712,0.54234,0.730875,0.461295,0.569045,0.674326,0.98137,0.346737,0.316381,0.343593,0.330396,0.521652,0.432246,0.553025,0.445414,0.877281,0.713145,0.80437,0.7079
2025-04-09,-0.5725,-0.4214,0.32183,0.36659,0.547683,0.630631,0.391365,0.44712,0.54234,0.730875,0.45709,0.56211,0.674326,0.98137,0.339954,0.311959,0.337179,0.327414,0.511447,0.426205,0.542702,0.441394,0.860119,0.703178,0.789354,0.701511
2025-04-10,0.0,-0.4896,0.334655,0.385125,0.568335,0.630631,0.400375,0.44712,0.556278,0.730875,0.461295,0.56211,0.674326,0.98137,0.35819,0.32982,0.342816,0.33157,0.580143,0.463113,0.551775,0.446997,0.906258,0.743438,0.802551,0.710415
2025-04-11,-0.3616,-0.6697,0.32183,0.385125,0.547683,0.592362,0.391365,0.451515,0.556278,0.730875,0.461295,0.56211,0.674326,0.98137,0.347278,0.321286,0.353347,0.338507,0.522466,0.438947,0.531563,0.456349,0.864044,0.699497,0.806641,0.698716
2025-04-14,0.449,0.7284,0.334655,0.40862,0.547683,0.645467,0.391365,0.45561,0.556278,0.730875,0.461295,0.569045,0.674326,0.98137,0.348154,0.323245,0.379832,0.355021,0.523784,0.441624,0.611353,0.492632,0.866223,0.703762,0.867102,0.732803
2025-04-15,0.2674,0.3098,0.334655,0.40862,0.547683,0.645467,0.391365,0.45561,0.556278,0.730875,0.461295,0.569045,0.674326,0.98137,0.355014,0.330091,0.409207,0.373414,0.534104,0.450977,0.658634,0.518155,0.883291,0.718667,0.934161,0.770768
2025-04-16,0.321,0.1883,0.334655,0.40862,0.547683,0.645467,0.391365,0.45561,0.556278,0.730875,0.461295,0.569045,0.674326,0.98137,0.350375,0.327105,0.403933,0.371076,0.527125,0.446897,0.650145,0.514911,0.871749,0.712166,0.922121,0.765942
2025-04-17,-0.0978,-0.1841,0.326285,0.40862,0.547683,0.645467,0.391365,0.45561,0.556278,0.730875,0.45709,0.569045,0.674326,0.98137,0.348682,0.326536,0.394334,0.366169,0.524578,0.44612,0.634695,0.508102,0.867537,0.710928,0.900208,0.755814
2025-04-21,0.0,-0.1042,0.326285,0.40862,0.547683,0.645467,0.391365,0.45561,0.556278,0.730875,0.45709,0.569045,0.674326,0.98137,0.338908,0.319725,0.384972,0.361851,0.509874,0.436815,0.619626,0.50211,0.843219,0.696099,0.878836,0.746901
2025-04-22,-0.1306,0.1488,0.326285,0.40862,0.547683,0.645467,0.391365,0.45561,0.556278,0.730875,0.452595,0.569045,0.674326,0.98137,0.328583,0.312812,0.374115,0.356582,0.49434,0.42737,0.602152,0.494799,0.81753,0.681048,0.854051,0.736025
2025-04-23,0.2501,-0.1034,0.326285,0.40862,0.547683,0.645467,0.391365,0.45561,0.556278,0.730875,0.452595,0.569045,0.674326,0.98137,0.320176,0.307549,0.364545,0.351777,0.481692,0.42018,0.586748,0.488131,0.796613,0.669589,0.832204,0.726107
2025-04-24,0.3578,0.3839,0.326285,0.40862,0.547683,0.645467,0.391365,0.45561,0.556278,0.730875,0.452595,0.569045,0.674326,0.98137,0.316409,0.305438,0.354346,0.34693,0.476025,0.417295,0.570333,0.481405,0.78724,0.664993,0.808921,0.716102
2025-04-25,0.308,0.2874,0.326285,0.40862,0.547683,0.645467,0.391365,0.45561,0.556278,0.730875,0.452595,0.569045,0.674326,0.98137,0.319044,0.307522,0.356188,0.347926,0.479989,0.420143,0.573298,0.482787,0.793796,0.669531,0.813126,0.718158
2025-04-28,0.3178,0.4248,0.326285,0.40862,0.547683,0.645467,0.391365,0.45561,0.556278,0.730875,0.452595,0.569045,0.674326,0.98137,0.318392,0.307416,0.35244,0.346048,0.479008,0.419998,0.567265,0.480181,0.792174,0.6693,0.80457,0.714282
2025-04-29,0.1666,-0.1795,0.326285,0.40862,0.547683,0.645467,0.391365,0.45561,0.556278,0.730875,0.452595,0.569045,0.674326,0.98137,0.318357,0.307672,0.357195,0.348482,0.478955,0.420348,0.574918,0.483559,0.792087,0.669857,0.815425,0.719306
2025-04-30,0.0054,0.0274,0.326285,0.40862,0.547683,0.645467,0.391365,0.45561,0.556278,0.730875,0.452595,0.569045,0.674326,0.98137,0.311344,0.30344,0.349093,0.344878,0.468405,0.414566,0.561878,0.478558,0.774638,0.660643,0.796929,0.711867
2025-05-01,0.0,0.0,0.326285,0.40862,0.547683,0.645467,0.391365,0.45561,0.556278,0.730875,0.452595,0.569045,0.674326,0.98137,0.301862,0.297825,0.338525,0.339715,0.454139,0.406894,0.544868,0.471394,0.751047,0.648419,0.772804,0.70121
2025-05-02,-0.6138,-0.6138,0.326285,0.40862,0.547683,0.645467,0.391365,0.45561,0.556278,0.730875,0.452595,0.569045,0.674326,0.98137,0.292666,0.292506,0.328212,0.334727,0.440304,0.399627,0.528269,0.464472,0.728167,0.636838,0.749261,0.690914
2025-05-05,0.0,0.0,0.340665,0.44032,0.568335,0.645467,0.400375,0.456245,0.564085,0.730875,0.458685,0.574835,0.674326,0.98137,0.321122,0.310397,0.351945,0.347656,0.520106,0.43584,0.586085,0.501044,0.798966,0.67579,0.80344,0.717601
2025-05-06,-0.0162,-0.7645,0.340665,0.44032,0.568335,0.645467,0.400375,0.456245,0.564085,0.730875,0.452595,0.574835,0.674326,0.98137,0.311339,0.304518,0.341223,0.342436,0.504261,0.427585,0.56823,0.493521,0.774626,0.66299,0.778963,0.706826
2025-05-07,0.1889,0.308,0.340665,0.466195,0.568335,0.660635,0.400375,0.464965,0.564085,0.764535,0.452595,0.580205,0.674326,0.98137,0.301881,0.298992,0.380151,0.364146,0.488942,0.419826,0.643143,0.56948,0.751094,0.650959,0.86783,0.780212
2025-05-08,-0.3457,-0.2212,0.340665,0.466195,0.568335,0.660635,0.400375,0.464965,0.564085,0.764535,0.449155,0.580205,0.674326,0.98137,0.296319,0.295787,0.376212,0.362278,0.479934,0.415326,0.636479,0.566559,0.737255,0.643981,0.858838,0.77621
2025-05-09,0.1081,0.1413,0.344305,0.466195,0.568335,0.660635,0.400375,0.464965,0.564085,0.764535,0.449155,0.580205,0.674326,0.98137,0.299512,0.297903,0.368754,0.358997,0.485105,0.418297,0.623862,0.561428,0.7452,0.648588,0.841813,0.76918
2025-05-12,-0.2435,-0.7228,0.344305,0.466195,0.568335,0.660635,0.400375,0.464965,0.564085,0.764535,0.449155,0.580205,0.674326,0.98137,0.291592,0.293356,0.359191,0.354198,0.472278,0.411912,0.607683,0.553923,0.725494,0.638689,0.819982,0.758898
2025-05-13,0.0054,0.0595,0.344305,0.480585,0.568335,0.696781,0.400375,0.470235,0.564085,0.764535,0.449155,0.588165,0.674326,0.98137,0.288933,0.291945,0.390671,0.372369,0.467971,0.409931,0.674329,0.619243,0.718879,0.635617,0.891846,0.79783
2025-05-14,-0.0976,-0.0657,0.344305,0.480585,0.568335,0.696781,0.400375,0.470235,0.564085,0.764535,0.449155,0.588165,0.674326,0.98137,0.280134,0.286976,0.37905,0.366486,0.45372,0.402954,0.65427,0.60946,0.696986,0.624798,0.865317,0.785226
2025-05-15,0.287,0.269,0.344305,0.480585,0.568335,0.696781,0.400375,0.470235,0.564085,0.764535,0.449155,0.588165,0.674326,0.98137,0.27265,0.282781,0.367855,0.360979,0.441598,0.397064,0.634947,0.600301,0.678366,0.615665,0.83976,0.773426
2025-05-16,0.0378,0.0697,0.344305,0.480585,0.568335,0.696781,0.400375,0.470235,0.564085,0.764535,0.449155,0.588165,0.674326,0.98137,0.273532,0.283082,0.362684,0.358342,0.443027,0.397486,0.626021,0.595916,0.68056,0.61632,0.827956,0.767776
2025-05-19,-0.0433,0.0316,0.344305,0.480585,0.568335,0.696781,0.400375,0.470235,0.564085,0.764535,0.449155,0.588165,0.674326,0.98137,0.265361,0.278483,0.352049,0.353036,0.429793,0.391029,0.607664,0.587092,0.66023,0.606308,0.803678,0.756408
2025-05-20,0.0324,0.1017,0.344305,0.480585,0.568335,0.696781,0.400375,0.470235,0.564085,0.764535,0.449155,0.580205,0.674326,0.920189,0.257495,0.274054,0.341412,0.347766,0.417052,0.38481,0.589304,0.578328,0.640659,0.596665,0.779395,0.745117
2025-05-21,-0.3737,-0.6164,0.344305,0.480585,0.568335,0.696781,0.400375,0.470235,0.564085,0.764535,0.449155,0.580205,0.674326,0.920189,0.249777,0.26964,0.331948,0.343002,0.404552,0.378612,0.572968,0.570406,0.621457,0.587055,0.75779,0.734909
2025-05-22,0.1356,0.1606,0.354445,0.486995,0.568335,0.696781,0.400375,0.470235,0.564085,0.764535,0.449155,0.580205,0.674326,0.920189,0.258891,0.274344,0.355492,0.355245,0.419313,0.385217,0.640926,0.601531,0.644133,0.597296,0.811537,0.761141
2025-05-23,0.1083,-0.224,0.354445,0.486995,0.568335,0.696781,0.400375,0.470235,0.564085,0.764535,0.449155,0.580205,0.674326,0.920189,0.253192,0.271031,0.3469,0.350904,0.410083,0.380565,0.625435,0.59418,0.629953,0.590083,0.791923,0.75184
2025-05-27,0.389,0.6005,0.354445,0.486995,0.568335,0.696781,0.400375,0.470235,0.564085,0.764535,0.449155,0.574835,0.674326,0.920189,0.246908,0.267366,0.340779,0.348106,0.399905,0.375419,0.614399,0.589443,0.614318,0.582104,0.77795,0.745845
2025-05-28,-0.0863,-0.0988,0.354445,0.486995,0.568335,0.696781,0.400375,0.470235,0.564085,0.764535,0.449155,0.574835,0.674326,0.920189,0.257653,0.272777,0.36166,0.358107,0.417308,0.383017,0.652046,0.606377,0.641053,0.593885,0.825618,0.767273
2025-05-29,0.2264,0.1068,0.354445,0.486995,0.568335,0.696781,0.400375,0.470235,0.564085,0.764535,0.449155,0.574835,0.674326,0.920189,0.250696,0.268871,0.351477,0.353234,0.40604,0.377532,0.633687,0.598126,0.623743,0.58538,0.802372,0.756832
2025-05-30,0.2366,0.4257,0.354445,0.486995,0.568335,0.696781,0.400375,0.470235,0.564085,0.764535,0.449155,0.574835,0.674326,0.920189,0.249305,0.267799,0.341772,0.348389,0.403788,0.376027,0.61619,0.589922,0.620282,0.583047,0.780217,0.746451
2025-06-02,-0.2635,-0.2857,0.354445,0.486995,0.568335,0.696781,0.400375,0.470235,0.564085,0.764535,0.449155,0.574835,0.674326,0.920189,0.248561,0.26706,0.34738,0.350755,0.402582,0.374989,0.626301,0.593928,0.618431,0.581438,0.793019,0.751521
2025-06-03,-0.0539,-0.1971,0.354445,0.486995,0.568335,0.696781,0.400375,0.470235,0.564085,0.764535,0.449155,0.569045,0.674326,0.920189,0.249483,0.267412,0.343991,0.349431,0.404076,0.375483,0.62019,0.591686,0.620725,0.582204,0.785282,0.748684
2025-06-04,0.4462,0.4072,0.354445,0.486995,0.568335,0.696781,0.400375,0.470235,0.564085,0.764535,0.449155,0.569045,0.674326,0.920189,0.242243,0.263307,0.336988,0.346194,0.39235,0.369719,0.607565,0.586205,0.602712,0.573267,0.769295,0.741748
2025-06-05,-0.0322,-0.1631,0.354445,0.486995,0.568335,0.696781,0.400375,0.470235,0.564085,0.764535,0.449155,0.569045,0.674326,0.920189,0.259049,0.271971,0.341608,0.347999,0.419569,0.381885,0.615894,0.589261,0.644526,0.59213,0.779842,0.745616
2025-06-06,-0.3494,-0.16,0.354445,0.486995,0.568335,0.696781,0.400375,0.470235,0.564085,0.764535,0.449155,0.569045,0.674326,0.920189,0.251281,0.267693,0.333602,0.344242,0.406988,0.375878,0.60146,0.5829,0.625199,0.582816,0.761566,0.737566
2025-06-09,0.0861,-0.0308,0.35611,0.486995,0.568335,0.696781,0.400375,0.470235,0.564085,0.764535,0.449155,0.569045,0.674326,0.920189,0.258222,0.2714,0.325805,0.340543,0.41823,0.381083,0.587402,0.576636,0.642468,0.590887,0.743766,0.729641
2025-06-10,0.1452,0.2399,0.35611,0.486995,0.568335,0.696781,0.400375,0.470235,0.564085,0.764535,0.449155,0.569045,0.674326,0.920189,0.251242,0.267501,0.31597,0.335709,0.406925,0.375608,0.569671,0.568451,0.625102,0.582398,0.721314,0.719283
2025-06-11,0.2415,0.3222,0.347735,0.480585,0.552018,0.696781,0.400375,0.470235,0.564085,0.764535,0.449155,0.569045,0.674326,0.920189,0.246171,0.264561,0.311929,0.333261,0.374372,0.368089,0.538414,0.554207,0.612485,0.559338,0.699331,0.714038
2025-06-12,0.3104,0.0292,0.347735,0.480585,0.552018,0.696781,0.400375,0.470235,0.564085,0.764535,0.449155,0.569045,0.674326,0.920189,0.245893,0.264098,0.312555,0.332876,0.373949,0.367445,0.539494,0.553567,0.611793,0.558359,0.700734,0.713214
2025-06-13,-0.2247,-0.1077,0.347735,0.480585,0.552018,0.696781,0.400375,0.470235,0.564085,0.764535,0.44645,0.569045,0.66467,0.920189,0.250233,0.266077,0.303118,0.328138,0.380549,0.370199,0.523205,0.545687,0.622591,0.562543,0.679577,0.703062
2025-06-16,-0.1554,-0.1833,0.347735,0.480585,0.552018,0.696781,0.400375,0.470235,0.564085,0.764535,0.44518,0.56211,0.651639,0.920189,0.248775,0.265263,0.295065,0.324133,0.378332,0.369066,0.509305,0.539027,0.618964,0.560822,0.661523,0.694481
2025-06-17,0.2625,0.3391,0.347735,0.480585,0.552018,0.696781,0.400375,0.470235,0.564085,0.764535,0.443985,0.5558,0.651639,0.920189,0.244181,0.262709,0.289578,0.321334,0.371345,0.365513,0.499834,0.534373,0.607534,0.555423,0.649221,0.688484
2025-06-18,0.0267,0.0865,0.347735,0.480585,0.552018,0.696781,0.400375,0.470235,0.564085,0.764535,0.443985,0.5558,0.651639,0.920189,0.245319,0.262999,0.292786,0.32186,0.373076,0.365916,0.505372,0.535247,0.610365,0.556036,0.656413,0.689611
2025-06-20,0.0481,-0.0953,0.347735,0.480585,0.552018,0.696781,0.400375,0.470235,0.564085,0.764535,0.443985,0.5558,0.651639,0.920189,0.237936,0.258863,0.284656,0.31755,0.361848,0.360162,0.491339,0.52808,0.591996,0.547291,0.638186,0.680376
2025-06-23,0.1389,0.1459,0.347735,0.480585,0.552018,0.696781,0.400375,0.470235,0.564085,0.764535,0.443985,0.5558,0.651639,0.920189,0.230988,0.254877,0.27697,0.313594,0.351282,0.354616,0.478072,0.521501,0.574709,0.538864,0.620954,0.6719
2025-06-24,0.2932,0.1859,0.347735,0.480585,0.552018,0.696781,0.400375,0.470235,0.564085,0.764535,0.443985,0.548965,0.651639,0.920189,0.226521,0.252088,0.2709,0.31001,0.344488,0.350735,0.467595,0.515541,0.563595,0.532968,0.607346,0.664221
2025-06-25,0.1064,0.1775,0.347735,0.480585,0.552018,0.696781,0.400375,0.470235,0.564085,0.764535,0.443985,0.548965,0.651639,0.920189,0.231065,0.254049,0.266565,0.307092,0.351399,0.353464,0.460112,0.510688,0.5749,0.537114,0.597627,0.657969
2025-06-26,0.1594,0.0353,0.347735,0.480585,0.552018,0.696781,0.400375,0.470235,0.564085,0.764535,0.443985,0.548965,0.651639,0.920189,0.225537,0.250728,0.262077,0.304073,0.342992,0.348843,0.452365,0.505668,0.561146,0.530092,0.587565,0.651501
2025-06-27,-0.1062,-0.042,0.347735,0.480585,0.552018,0.696781,0.400375,0.470235,0.564085,0.764535,0.443985,0.548965,0.651639,0.920189,0.222124,0.248453,0.25424,0.299685,0.337802,0.345678,0.438838,0.498371,0.552655,0.525282,0.569995,0.642099
2025-06-30,0.2229,0.1043,0.347735,0.480585,0.552018,0.696781,0.400375,0.470235,0.564085,0.764535,0.443985,0.548965,0.651639,0.920189,0.216923,0.245358,0.246709,0.295453,0.329892,0.341372,0.425839,0.491333,0.539714,0.518739,0.553111,0.633032
2025-07-01,0.0,0.0154,0.347735,0.480585,0.552018,0.696781,0.400375,0.470235,0.564085,0.764535,0.443985,0.548965,0.651639,0.920189,0.217286,0.245018,0.240554,0.291529,0.330444,0.340899,0.415215,0.484807,0.540618,0.51802,0.539311,0.624624
2025-07-02,-0.1174,-0.1146,0.347735,0.480585,0.552018,0.696781,0.391365,0.470235,0.564085,0.764535,0.443985,0.548965,0.651639,0.920189,0.210667,0.241017,0.233256,0.287113,0.320378,0.335332,0.402618,0.477464,0.524149,0.509561,0.52295,0.615163
2025-07-03,-0.1607,-0.1119,0.347735,0.480585,0.552018,0.696781,0.391365,0.470235,0.564085,0.764535,0.443985,0.548965,0.651639,0.920189,0.206264,0.238245,0.227886,0.28372,0.313682,0.331475,0.393349,0.471821,0.513194,0.503701,0.51091,0.607893
2025-07-07,-0.1448,-0.0611,0.347735,0.480585,0.552018,0.696781,0.391365,0.470235,0.564085,0.764535,0.443985,0.548965,0.651639,0.920189,0.203817,0.236536,0.222637,0.280303,0.309961,0.329098,0.384289,0.466139,0.507106,0.500087,0.499142,0.600572
2025-07-08,-0.0644,-0.0728,0.347735,0.480585,0.552018,0.696781,0.391365,0.470235,0.564085,0.764535,0.443985,0.548965,0.651639,0.920189,0.200766,0.234444,0.216373,0.276213,0.305321,0.326187,0.373477,0.459337,0.499515,0.495664,0.485099,0.591808
2025-07-09,0.2521,0.3385,0.347735,0.480585,0.552018,0.696781,0.37741,0.470235,0.564085,0.764535,0.443375,0.543255,0.651639,0.920189,0.195288,0.230847,0.210538,0.272238,0.29699,0.321182,0.363405,0.452727,0.485886,0.48806,0.472017,0.583292
2025-07-10,0.0536,-0.0188,0.347735,0.480585,0.552018,0.696781,0.37741,0.464965,0.564085,0.764535,0.443375,0.543255,0.651639,0.920189,0.199154,0.232427,0.220322,0.275171,0.302869,0.323381,0.380293,0.457604,0.495504,0.4914,0.493952,0.589576
2025-07-11,-0.2466,-0.34,0.347735,0.480585,0.552018,0.696781,0.37741,0.464965,0.564085,0.764535,0.443375,0.543255,0.651639,0.920189,0.193533,0.228686,0.213659,0.270826,0.294321,0.318176,0.368792,0.450379,0.481519,0.483491,0.479014,0.580266
2025-07-14,-0.0215,-0.0368,0.347735,0.480585,0.552018,0.696781,0.37741,0.464965,0.564085,0.764535,0.443375,0.543255,0.651639,0.920189,0.19712,0.230523,0.223265,0.27511,0.299776,0.320732,0.385373,0.457503,0.490444,0.487375,0.50055,0.589445
2025-07-15,-0.1827,-0.1004,0.347735,0.480585,0.552018,0.696781,0.37741,0.464965,0.564085,0.764535,0.443375,0.543255,0.651639,0.920189,0.191188,0.226666,0.216651,0.270959,0.290755,0.315365,0.373957,0.4506,0.475685,0.47922,0.485722,0.580551
2025-07-16,0.1827,0.2691,0.347735,0.480585,0.552018,0.696781,0.37741,0.464965,0.564085,0.764535,0.443375,0.543255,0.651639,0.920189,0.190689,0.226029,0.211486,0.267502,0.289996,0.314479,0.365041,0.444851,0.474443,0.477873,0.474142,0.573144
2025-07-17,-0.0215,0.0356,0.347735,0.480585,0.552018,0.696781,0.37741,0.464965,0.564085,0.764535,0.443375,0.543255,0.651639,0.920189,0.190219,0.225195,0.215378,0.267891,0.289281,0.313319,0.371759,0.445498,0.473274,0.47611,0.482868,0.573978
2025-07-18,0.1932,0.1152,0.347735,0.480585,0.552018,0.696781,0.37741,0.464965,0.564085,0.764535,0.443375,0.543255,0.651639,0.920189,0.1845,0.22139,0.208998,0.263614,0.280584,0.308025,0.360747,0.438385,0.459045,0.468065,0.468564,0.564814
2025-07-21,0.2409,0.2186,0.347735,0.480585,0.552018,0.696781,0.37741,0.464965,0.564085,0.764535,0.443375,0.543255,0.651639,0.920189,0.185033,0.221117,0.204587,0.26006,0.281394,0.307645,0.353133,0.432475,0.460371,0.467488,0.458675,0.557199
2025-07-22,0.155,0.1383,0.347735,0.480585,0.552018,0.696781,0.37741,0.464965,0.564085,0.764535,0.443375,0.543255,0.651639,0.920189,0.188852,0.222803,0.205455,0.258977,0.287202,0.309991,0.354631,0.430674,0.469872,0.471053,0.460621,0.554879
2025-07-23,-0.1282,-0.3361,0.347735,0.480585,0.552018,0.696781,0.37385,0.456245,0.564085,0.73084,0.443375,0.543255,0.651639,0.920189,0.186994,0.221202,0.202056,0.255865,0.284377,0.307763,0.348764,0.425499,0.46525,0.467668,0.453001,0.548211
2025-07-24,-0.0214,-0.1024,0.347735,0.480585,0.552018,0.696781,0.37385,0.456245,0.564085,0.73084,0.443375,0.543255,0.651639,0.920189,0.183997,0.219182,0.212496,0.261174,0.279819,0.304953,0.366785,0.434328,0.457793,0.463397,0.476407,0.559586
2025-07-25,0.1122,0.3049,0.347735,0.480585,0.552018,0.696781,0.37385,0.456245,0.564085,0.73084,0.443375,0.543255,0.651639,0.920189,0.178468,0.215504,0.207544,0.257963,0.27141,0.299835,0.358237,0.428988,0.444037,0.455621,0.465304,0.552706
2025-07-28,-0.0214,0.1166,0.347735,0.480585,0.552018,0.696781,0.37385,0.45561,0.564085,0.723217,0.443375,0.543255,0.651639,0.920189,0.1752,0.212984,0.214634,0.260247,0.266441,0.296329,0.370475,0.432786,0.435906,0.450293,0.4812,0.5576
2025-07-29,0.3626,0.3501,0.347735,0.480585,0.552018,0.696781,0.37385,0.45561,0.564085,0.723217,0.443375,0.543255,0.651639,0.920189,0.169944,0.209322,0.210047,0.256884,0.258447,0.291234,0.362558,0.427193,0.422829,0.442551,0.470916,0.550395
2025-07-30,-0.1545,0.0751,0.347735,0.480585,0.552018,0.696781,0.365815,0.45561,0.564085,0.723217,0.443375,0.543255,0.651639,0.920189,0.187181,0.219329,0.220967,0.261258,0.284661,0.305157,0.381406,0.434467,0.465715,0.463708,0.495398,0.559766
2025-07-31,-0.016,0.0785,0.347735,0.480585,0.552018,0.696781,0.365815,0.45561,0.564085,0.723217,0.443375,0.543255,0.651639,0.920189,0.185383,0.218207,0.215024,0.257424,0.281927,0.303596,0.371148,0.428091,0.461241,0.461336,0.482074,0.551552
2025-08-01,0.553,0.7112,0.347735,0.480585,0.552018,0.696781,0.365815,0.45561,0.564085,0.723217,0.443375,0.543255,0.651639,0.920189,0.179778,0.214618,0.209359,0.253633,0.273403,0.298603,0.36137,0.421787,0.447296,0.453748,0.469374,0.543429
2025-08-04,0.1272,-0.3398,0.347735,0.480585,0.552018,0.696781,0.365815,0.45561,0.564085,0.723217,0.443375,0.543255,0.651639,0.920189,0.220748,0.23858,0.267487,0.283279,0.335709,0.331941,0.461704,0.471088,0.549231,0.504409,0.599694,0.606948
2025-08-05,0.0582,0.1348,0.347735,0.480585,0.552018,0.696781,0.365815,0.45561,0.564085,0.723217,0.4386,0.540815,0.630783,0.881589,0.216279,0.235875,0.272368,0.286613,0.328913,0.328178,0.470129,0.476632,0.538112,0.49869,0.610637,0.614091
2025-08-06,-0.0688,-0.0869,0.347735,0.480585,0.552018,0.696781,0.36236,0.447335,0.564085,0.670231,0.4386,0.540815,0.630783,0.881589,0.210174,0.232294,0.266127,0.283311,0.319628,0.323196,0.459356,0.471141,0.522923,0.491119,0.596645,0.607017
2025-08-07,-0.0371,-0.0594,0.347735,0.466195,0.552018,0.696781,0.36236,0.447335,0.564085,0.670231,0.4386,0.540815,0.630783,0.881589,0.204467,0.229082,0.258896,0.279843,0.310949,0.318727,0.437777,0.437641,0.508723,0.484328,0.580433,0.577308
2025-08-08,-0.106,-0.0601,0.344305,0.466195,0.552018,0.696781,0.36236,0.447335,0.564085,0.670231,0.430085,0.535775,0.593563,0.881589,0.198446,0.225614,0.251431,0.276147,0.301793,0.304491,0.425154,0.431861,0.493743,0.476996,0.563697,0.569683
2025-08-11,0.0689,0.1315,0.344305,0.466195,0.552018,0.696781,0.36236,0.447335,0.564085,0.670231,0.430085,0.535775,0.593563,0.881589,0.194145,0.223176,0.244215,0.272512,0.295252,0.3012,0.412952,0.426176,0.483042,0.471841,0.547519,0.562184
2025-08-12,0.0159,-0.1219,0.344305,0.466195,0.552018,0.696781,0.36236,0.447335,0.564085,0.670231,0.430085,0.535775,0.593563,0.881589,0.188986,0.219992,0.238956,0.269422,0.287406,0.296903,0.404059,0.421343,0.470206,0.46511,0.535729,0.55581
2025-08-13,0.3016,0.2445,0.344305,0.466195,0.552018,0.696781,0.36163,0.447335,0.564085,0.670231,0.430085,0.535775,0.593563,0.881589,0.18327,0.21651,0.233593,0.266722,0.278713,0.292204,0.394991,0.417121,0.455984,0.457748,0.523705,0.55024
2025-08-14,-0.0634,0.0077,0.344305,0.466195,0.552018,0.696781,0.36163,0.447335,0.564085,0.670231,0.430085,0.535775,0.593563,0.881589,0.192433,0.221207,0.234262,0.26629,0.292648,0.298543,0.396122,0.416445,0.478782,0.467679,0.525205,0.549348
2025-08-15,-0.1217,-0.0911,0.344305,0.466195,0.552018,0.696781,0.36163,0.447335,0.564085,0.670231,0.430085,0.535775,0.593563,0.881589,0.187216,0.218173,0.227133,0.262396,0.284714,0.294448,0.384067,0.410356,0.465802,0.461264,0.509222,0.541315
2025-08-18,0.0159,0.0577,0.344305,0.466195,0.552018,0.696781,0.36163,0.447335,0.564085,0.670231,0.430085,0.535775,0.593563,0.881589,0.183944,0.216283,0.221341,0.259307,0.279738,0.291897,0.374274,0.405525,0.457661,0.457268,0.496237,0.534943
2025-08-19,0.1586,0.1196,0.344305,0.466195,0.552018,0.696781,0.36163,0.447335,0.564085,0.670231,0.430085,0.535775,0.593563,0.881589,0.178383,0.212852,0.215063,0.255578,0.271281,0.287267,0.363658,0.399693,0.443825,0.450014,0.482162,0.52725
2025-08-20,0.0581,-0.0283,0.344305,0.466195,0.552018,0.696781,0.36163,0.447335,0.564085,0.670231,0.426175,0.523145,0.593563,0.881589,0.177258,0.211723,0.21056,0.252523,0.26957,0.285743,0.356044,0.394915,0.441026,0.447627,0.472066,0.520948
2025-08-21,-0.1691,-0.1189,0.344305,0.466195,0.552018,0.696781,0.36163,0.447335,0.564085,0.670231,0.426175,0.523145,0.593563,0.881589,0.172446,0.20859,0.204263,0.248834,0.262252,0.281515,0.345396,0.389146,0.429054,0.441004,0.457949,0.513337
2025-08-22,0.2958,0.0978,0.344305,0.466195,0.552018,0.696781,0.35932,0.447335,0.564085,0.670231,0.426175,0.523145,0.593563,0.881589,0.172247,0.208445,0.20017,0.246422,0.26195,0.281319,0.338475,0.385374,0.428558,0.440697,0.448772,0.508361
2025-08-25,0.0369,-0.1601,0.344305,0.466195,0.552018,0.696781,0.35932,0.447335,0.564085,0.670231,0.426175,0.523145,0.593563,0.881589,0.182041,0.21352,0.195545,0.243145,0.276844,0.288169,0.330654,0.380249,0.452926,0.451427,0.438403,0.501601
2025-08-26,0.0527,0.0667,0.344305,0.466195,0.552018,0.696781,0.35932,0.447335,0.564085,0.670231,0.426175,0.523145,0.593563,0.881589,0.176726,0.210203,0.193602,0.241858,0.268761,0.283692,0.327369,0.378237,0.439702,0.444414,0.434047,0.498946
2025-08-27,0.079,0.1014,0.344305,0.466195,0.552018,0.696781,0.35932,0.447335,0.564085,0.670231,0.426175,0.523145,0.593563,0.881589,0.171828,0.207037,0.188413,0.238267,0.261312,0.279419,0.318594,0.372621,0.427516,0.43772,0.422414,0.491538
2025-08-28,0.0842,-0.2378,0.344305,0.466195,0.552018,0.696781,0.35932,0.447335,0.564085,0.670231,0.426175,0.523145,0.593563,0.881589,0.167714,0.204226,0.184354,0.235085,0.255056,0.275625,0.311731,0.367645,0.41728,0.431777,0.413314,0.484973
2025-08-29,-0.0579,-0.0607,0.344305,0.466195,0.552018,0.696781,0.35932,0.447335,0.564085,0.670231,0.426175,0.523145,0.593563,0.881589,0.163907,0.201528,0.18799,0.236932,0.249266,0.271984,0.317879,0.370533,0.407808,0.426073,0.421465,0.488784
2025-09-02,-0.1791,-0.0586,0.344305,0.466195,0.552018,0.696781,0.35932,0.447335,0.564085,0.670231,0.420455,0.523145,0.593563,0.881589,0.159546,0.198719,0.182869,0.233638,0.242634,0.268193,0.30922,0.365382,0.396958,0.420134,0.409984,0.481988
2025-09-03,0.1581,0.1931,0.344305,0.44032,0.552018,0.696781,0.35932,0.447335,0.564085,0.670231,0.420455,0.523145,0.593563,0.881589,0.160786,0.199451,0.177878,0.230333,0.24452,0.269181,0.295961,0.32958,0.400043,0.421682,0.388395,0.47517
2025-09-04,0.2577,0.2563,0.344305,0.44032,0.552018,0.696781,0.35932,0.447335,0.564085,0.670231,0.420455,0.517295,0.593563,0.881589,0.160626,0.198743,0.178828,0.229508,0.244277,0.268225,0.297542,0.3284,0.399645,0.420185,0.390469,0.473468
2025-09-05,0.3146,0.1871,0.344305,0.44032,0.552018,0.696781,0.35932,0.447335,0.564085,0.670231,0.412405,0.517295,0.593563,0.881589,0.168039,0.202478,0.184396,0.231113,0.25555,0.273266,0.306806,0.330696,0.418089,0.428082,0.402627,0.476779
2025-09-08,0.2562,0.2141,0.344305,0.44032,0.552018,0.696781,0.3592,0.447335,0.564085,0.670231,0.412405,0.517295,0.593563,0.881589,0.180226,0.209141,0.18456,0.230039,0.274084,0.282259,0.307079,0.32916,0.448411,0.442169,0.402985,0.474564
2025-09-09,-0.1777,-0.2956,0.344305,0.44032,0.552018,0.696781,0.3592,0.447335,0.564085,0.670231,0.40836,0.517295,0.593563,0.881589,0.185663,0.211916,0.186464,0.229886,0.282352,0.286004,0.310247,0.328941,0.461938,0.448035,0.407143,0.474248
2025-09-10,0.1307,0.1279,0.344305,0.44032,0.552018,0.696781,0.3592,0.447335,0.564085,0.670231,0.40836,0.517295,0.593563,0.881589,0.185195,0.211996,0.194745,0.234932,0.281641,0.286112,0.324025,0.336161,0.460774,0.448205,0.425224,0.484658
2025-09-11,0.1096,0.0773,0.344305,0.44032,0.552018,0.696781,0.3592,0.447335,0.564085,0.670231,0.40836,0.517295,0.593563,0.881589,0.182385,0.210007,0.191393,0.232323,0.277367,0.283427,0.318448,0.332428,0.453782,0.443999,0.417905,0.479276
2025-09-12,-0.0209,0.0605,0.344305,0.44032,0.552018,0.696781,0.3592,0.43151,0.564085,0.651385,0.40836,0.517295,0.593563,0.881589,0.178855,0.2076,0.186526,0.228959,0.271999,0.280179,0.31035,0.327614,0.444999,0.438911,0.407278,0.472336
2025-09-15,0.1043,0.0257,0.344305,0.44032,0.552018,0.696781,0.3592,0.43151,0.564085,0.651385,0.40836,0.517295,0.593563,0.881589,0.173482,0.204327,0.18145,0.22544,0.263828,0.275762,0.301904,0.322579,0.431631,0.431991,0.396194,0.465076
2025-09-16,0.1042,0.0424,0.344305,0.44032,0.552018,0.696781,0.3592,0.43151,0.564085,0.651385,0.40836,0.517295,0.593563,0.881589,0.170126,0.20195,0.176035,0.221745,0.258724,0.272554,0.292895,0.317292,0.423281,0.426965,0.384371,0.457453
2025-09-17,-0.1303,-0.2836,0.344305,0.44032,0.552018,0.696781,0.3592,0.43151,0.564085,0.651385,0.40836,0.517295,0.593563,0.881589,0.166907,0.199615,0.170988,0.218096,0.253829,0.269402,0.284497,0.312071,0.415272,0.422029,0.373351,0.449926
2025-09-18,-0.1148,0.0146,0.344305,0.44032,0.552018,0.696781,0.3592,0.43151,0.564085,0.651385,0.40836,0.517295,0.593563,0.881589,0.16494,0.198559,0.179745,0.223496,0.250837,0.267977,0.299068,0.319797,0.410378,0.419796,0.392472,0.461066
2025-09-19,-0.0627,-0.0388,0.344305,0.44032,0.552018,0.696781,0.3592,0.43151,0.564085,0.651385,0.40836,0.517295,0.593563,0.881589,0.162368,0.197069,0.174306,0.219826,0.246926,0.265966,0.290018,0.314546,0.403979,0.416646,0.380596,0.453495
2025-09-22,-0.0784,-0.0812,0.344305,0.44032,0.552018,0.696781,0.3592,0.43151,0.564085,0.651385,0.40836,0.517295,0.593563,0.881589,0.158169,0.194435,0.169263,0.216449,0.24054,0.262411,0.281627,0.309714,0.393532,0.411077,0.369584,0.446528
2025-09-23,0.1567,0.123,0.344305,0.44032,0.552018,0.696781,0.3592,0.43151,0.564085,0.651385,0.40836,0.517295,0.593563,0.881589,0.154549,0.192122,0.165308,0.213746,0.235035,0.25929,0.275047,0.305846,0.384525,0.406187,0.360949,0.440952
2025-09-24,-0.1045,0.1749,0.344305,0.44032,0.552018,0.696781,0.35236,0.43151,0.564085,0.651385,0.40836,0.517295,0.593563,0.881589,0.154679,0.191531,0.163079,0.21131,0.235233,0.258492,0.271338,0.302361,0.384848,0.404937,0.356082,0.435926
2025-09-25,-0.0993,-0.0671,0.344305,0.44032,0.552018,0.696781,0.35236,0.43151,0.564085,0.651385,0.40469,0.517295,0.568335,0.881589,0.152135,0.189912,0.163812,0.210418,0.231364,0.256307,0.272558,0.301084,0.378519,0.401514,0.357682,0.434086
2025-09-26,-0.0262,-0.0402,0.344305,0.44032,0.552018,0.696781,0.35236,0.43151,0.564085,0.651385,0.40469,0.517295,0.568335,0.881589,0.149493,0.188168,0.15967,0.207492,0.227346,0.253953,0.265666,0.296897,0.371945,0.397827,0.348638,0.42805
2025-09-29,0.1882,0.0002,0.344305,0.44032,0.552018,0.696781,0.35236,0.43151,0.564085,0.651385,0.402125,0.503595,0.56302,0.881589,0.145081,0.185125,0.155119,0.204134,0.220636,0.249846,0.258094,0.292092,0.360968,0.391394,0.338701,0.421122
2025-09-30,0.0,-0.0056,0.344305,0.44032,0.552018,0.696781,0.35236,0.43151,0.564085,0.651385,0.396015,0.503595,0.56302,0.881589,0.148022,0.186127,0.150393,0.200401,0.225109,0.251199,0.25023,0.286751,0.368286,0.393512,0.328382,0.413421
2025-10-01,0.0,0.014,0.344305,0.44032,0.552018,0.696781,0.35236,0.43151,0.564085,0.651385,0.396015,0.503595,0.56302,0.881589,0.143513,0.182918,0.145818,0.196671,0.218252,0.246868,0.242618,0.281414,0.357067,0.386728,0.318392,0.405727
2025-10-02,0.2662,0.2662,0.344305,0.44032,0.552018,0.696781,0.35236,0.43151,0.564085,0.651385,0.396015,0.49622,0.56302,0.846848,0.139141,0.179725,0.141418,0.192817,0.211603,0.242558,0.235297,0.275899,0.346189,0.379977,0.308785,0.397776
2025-10-03,-0.1051,-0.1051,0.344305,0.44032,0.552018,0.696781,0.35236,0.43151,0.564085,0.651385,0.396015,0.49622,0.56302,0.846848,0.149835,0.185558,0.151825,0.197531,0.227866,0.250431,0.252613,0.282644,0.372796,0.392309,0.331509,0.407501
2025-10-06,-0.1105,-0.1105,0.344305,0.44032,0.552018,0.696781,0.34953,0.42785,0.556278,0.639617,0.396015,0.49622,0.56302,0.846848,0.147533,0.184091,0.149434,0.195687,0.224365,0.248451,0.248635,0.280006,0.367069,0.389207,0.326288,0.403697
2025-10-07,0.0,0.0,0.344305,0.44032,0.552018,0.696781,0.34953,0.42785,0.556278,0.639617,0.396015,0.49622,0.56302,0.846848,0.145577,0.182816,0.147388,0.194032,0.210881,0.235401,0.245231,0.277638,0.362202,0.386512,0.32182,0.400282
2025-10-08,0.1263,0.1263,0.32541,0.40862,0.552018,0.696781,0.34953,0.42785,0.556278,0.639617,0.396015,0.49622,0.56302,0.846848,0.141142,0.179613,0.142898,0.190248,0.195419,0.227246,0.237388,0.256478,0.321879,0.373335,0.312017,0.392476
2025-10-09,0.0,0.1053,0.32541,0.40862,0.552018,0.696781,0.34953,0.42785,0.556278,0.639617,0.396015,0.49622,0.56302,0.846848,0.140296,0.178321,0.141957,0.188143,0.194248,0.225611,0.235824,0.25364,0.31995,0.37065,0.309962,0.388134
2025-10-10,0.3151,0.4063,0.32541,0.40862,0.552018,0.696781,0.34953,0.42785,0.556278,0.639617,0.396015,0.49622,0.56302,0.846848,0.136022,0.175109,0.140028,0.185412,0.18833,0.221547,0.23262,0.249958,0.310203,0.363973,0.30575,0.3825
2025-10-14,0.0996,0.1613,0.32541,0.40862,0.552018,0.696781,0.34953,0.42785,0.556278,0.639617,0.385725,0.49622,0.56302,0.846848,0.152804,0.185103,0.168334,0.202694,0.211566,0.234192,0.279643,0.273256,0.348475,0.384746,0.367556,0.418152
2025-10-15,-0.0471,-0.2182,0.32541,0.40862,0.552018,0.696781,0.345885,0.421715,0.556278,0.639617,0.385725,0.49622,0.56302,0.846848,0.150145,0.182881,0.16792,0.201477,0.207884,0.231381,0.278955,0.271616,0.342411,0.380128,0.366652,0.415641
2025-10-16,0.34,0.2951,0.32541,0.40862,0.552018,0.696781,0.345885,0.421715,0.556278,0.639617,0.378185,0.49622,0.56302,0.846848,0.146027,0.1801,0.171353,0.204456,0.202183,0.227862,0.284658,0.275632,0.33302,0.374347,0.374148,0.421787
2025-10-17,-0.1306,-0.0829,0.32541,0.40862,0.552018,0.696781,0.345885,0.421715,0.556278,0.639617,0.378185,0.49622,0.56302,0.846848,0.164257,0.191185,0.181178,0.209585,0.227423,0.241887,0.30098,0.282546,0.374594,0.397388,0.395601,0.432368
2025-10-20,0.0941,-0.0028,0.32541,0.40862,0.552018,0.696781,0.342755,0.410665,0.556278,0.639617,0.378185,0.49622,0.56302,0.846848,0.162435,0.190338,0.176828,0.207028,0.224901,0.240815,0.293753,0.279099,0.370439,0.395628,0.386102,0.427093
2025-10-21,0.1305,0.1628,0.32541,0.40862,0.552018,0.696781,0.342755,0.410665,0.556278,0.639617,0.378185,0.49622,0.56302,0.846848,0.159164,0.187844,0.171442,0.203391,0.219485,0.23766,0.284806,0.274196,0.362979,0.390444,0.374342,0.41959
2025-10-22,0.0782,0.1329,0.32541,0.40862,0.552018,0.696781,0.338515,0.39442,0.556278,0.639617,0.37535,0.49622,0.56302,0.846848,0.157591,0.186326,0.170936,0.202183,0.217316,0.235739,0.283965,0.272568,0.359392,0.387288,0.373237,0.417098
2025-10-23,-0.1931,-0.2436,0.297245,0.40862,0.552018,0.696781,0.338515,0.39442,0.556278,0.639617,0.37127,0.490095,0.56302,0.846848,0.153987,0.183594,0.168896,0.200064,0.203896,0.224198,0.280577,0.269711,0.351173,0.38161,0.368783,0.412726
2025-10-24,0.0418,0.0278,0.297245,0.40862,0.552018,0.696781,0.338515,0.39442,0.556278,0.639617,0.37127,0.490095,0.56302,0.846848,0.156609,0.18586,0.174283,0.204592,0.207368,0.226965,0.289526,0.275815,0.357152,0.38632,0.380545,0.422067
2025-10-27,0.1044,-0.0488,0.297245,0.40862,0.552018,0.696781,0.338515,0.39442,0.556278,0.639617,0.37127,0.490095,0.56302,0.846848,0.152183,0.182688,0.169111,0.200926,0.201508,0.223092,0.280934,0.270873,0.347059,0.379727,0.369252,0.414504
2025-10-28,0.0886,-0.0719,0.297245,0.40862,0.552018,0.696781,0.338515,0.39442,0.556278,0.639617,0.37127,0.490095,0.56302,0.846848,0.149747,0.180572,0.164395,0.197773,0.198282,0.220508,0.273099,0.266622,0.341503,0.375328,0.358955,0.408
2025-10-29,0.0,-0.0113,0.297245,0.40862,0.552018,0.696781,0.338515,0.39442,0.556278,0.639617,0.37127,0.489015,0.56302,0.804363,0.146798,0.178132,0.160356,0.195107,0.194377,0.217528,0.26639,0.263028,0.334778,0.370257,0.350136,0.4025
2025-10-30,-0.4125,-0.2478,0.297245,0.40862,0.552018,0.696781,0.338515,0.39442,0.556278,0.639617,0.37127,0.489015,0.56302,0.804363,0.142326,0.174927,0.155496,0.191525,0.188456,0.213614,0.258316,0.258199,0.324579,0.363595,0.339524,0.39511
2025-10-31,-0.0209,0.0803,0.32541,0.40862,0.552018,0.696781,0.342755,0.39442,0.556278,0.639617,0.37535,0.489015,0.56302,0.804363,0.171028,0.195668,0.162519,0.196932,0.235846,0.247559,0.269983,0.265489,0.427553,0.429096,0.354859,0.406265
2025-11-03,0.0262,0.1006,0.32541,0.40862,0.552018,0.696781,0.342755,0.39442,0.556278,0.639617,0.37535,0.489015,0.56302,0.804363,0.165897,0.19232,0.158791,0.193777,0.22877,0.243323,0.26379,0.261235,0.414726,0.421753,0.346719,0.399756
2025-11-04,0.0,0.1024,0.32541,0.40862,0.552018,0.696781,0.342755,0.39442,0.556278,0.639617,0.37535,0.489015,0.56302,0.804363,0.160971,0.188981,0.155914,0.191012,0.221977,0.239098,0.25901,0.257508,0.402412,0.414431,0.340437,0.394052
2025-11-05,-0.262,-0.3111,0.297245,0.400745,0.552018,0.696781,0.342755,0.39442,0.556278,0.639617,0.37535,0.489015,0.56302,0.804363,0.156067,0.185695,0.153231,0.188299,0.20665,0.226764,0.254553,0.253707,0.362673,0.407225,0.334579,0.388455
2025-11-06,0.2724,0.1811,0.297245,0.400745,0.552018,0.696781,0.342755,0.39442,0.556278,0.639617,0.37535,0.489015,0.56302,0.804363,0.16436,0.191625,0.166967,0.198702,0.226651,0.242443,0.277807,0.28432,0.381944,0.420229,0.364571,0.409916
2025-11-07,-0.0052,0.0285,0.297245,0.400745,0.552018,0.696781,0.342755,0.376375,0.556278,0.639617,0.37535,0.489015,0.56302,0.804363,0.172758,0.196444,0.167848,0.198336,0.238231,0.24854,0.279273,0.283796,0.40146,0.430797,0.366495,0.409161
2025-11-10,-0.0576,-0.0941,0.279905,0.400745,0.509094,0.696781,0.342755,0.376375,0.556278,0.639617,0.37535,0.486995,0.56302,0.768,0.1675,0.192996,0.162885,0.194667,0.221789,0.235679,0.271015,0.278546,0.339162,0.380092,0.355658,0.401592
2025-11-12,0.2562,0.1536,0.279905,0.400745,0.509094,0.696781,0.342755,0.376375,0.556278,0.639617,0.37535,0.486995,0.56302,0.768,0.163009,0.190158,0.159596,0.192538,0.215842,0.232214,0.265543,0.2755,0.330068,0.374503,0.348476,0.3972
2025-11-13,-0.1986,-0.4379,0.279905,0.400745,0.509094,0.696781,0.338515,0.373885,0.556278,0.639617,0.37535,0.486995,0.56302,0.768,0.170047,0.194058,0.159242,0.19132,0.225161,0.236976,0.264954,0.273757,0.344319,0.382184,0.347704,0.394688
2025-11-14,-0.178,-0.1188,0.266745,0.430475,0.4941,0.696781,0.338515,0.376375,0.556278,0.639617,0.37535,0.486995,0.56302,0.768,0.171894,0.195761,0.187995,0.212524,0.217465,0.224983,0.317888,0.332362,0.348059,0.385538,0.432708,0.459041
2025-11-17,0.0786,0.1954,0.266745,0.430475,0.4941,0.696781,0.338515,0.376375,0.556278,0.639617,0.37535,0.480585,0.56302,0.768,0.172267,0.196396,0.184576,0.210624,0.217937,0.225713,0.312106,0.32939,0.348814,0.386788,0.424839,0.454937
2025-11-18,0.0209,0.0195,0.266745,0.430475,0.4941,0.696781,0.338515,0.376375,0.556278,0.639617,0.37535,0.480585,0.56302,0.768,0.168125,0.19348,0.185243,0.210405,0.212697,0.222362,0.313234,0.329048,0.340427,0.381045,0.426374,0.454464
2025-11-19,-0.0367,0.0083,0.266745,0.430475,0.4941,0.696781,0.338515,0.376375,0.556278,0.639617,0.37535,0.480585,0.56302,0.768,0.163083,0.190114,0.179663,0.206638,0.206318,0.218493,0.303799,0.323157,0.330218,0.374416,0.413531,0.446327
2025-11-20,0.1466,0.1353,0.266745,0.430475,0.4941,0.696781,0.338515,0.376375,0.556278,0.639617,0.37535,0.480585,0.56302,0.768,0.15837,0.187065,0.174202,0.202931,0.200356,0.214989,0.294565,0.31736,0.320675,0.368411,0.400961,0.438321
2025-11-21,0.0889,0.0439,0.266745,0.430475,0.4941,0.696781,0.338515,0.376375,0.556278,0.639617,0.37535,0.472585,0.56302,0.766285,0.157689,0.186111,0.172116,0.200939,0.199494,0.213893,0.291037,0.314244,0.319296,0.366533,0.39616,0.434018
2025-11-24,0.1097,0.045,0.266745,0.430475,0.4941,0.696781,0.338515,0.373885,0.556278,0.639617,0.37535,0.472585,0.56302,0.766285,0.154428,0.183644,0.167219,0.19738,0.195369,0.211057,0.282757,0.308678,0.312693,0.361674,0.384888,0.426331
2025-11-25,0.1356,-0.1111,0.266745,0.430475,0.4941,0.696781,0.338515,0.373885,0.556278,0.639617,0.37535,0.472585,0.56302,0.766285,0.152116,0.181691,0.162499,0.19385,0.192444,0.208813,0.274775,0.303158,0.308012,0.357828,0.374024,0.418706
2025-11-26,0.073,-0.0499,0.266745,0.430475,0.4941,0.696781,0.338515,0.373885,0.556278,0.639617,0.37535,0.472585,0.56302,0.766285,0.151176,0.180508,0.159882,0.192224,0.191255,0.207453,0.27035,0.300615,0.306108,0.355498,0.368001,0.415194
2025-11-28,-0.0834,-0.0933,0.266745,0.430475,0.4941,0.696781,0.338515,0.373885,0.556278,0.639617,0.37535,0.472585,0.56302,0.766285,0.147657,0.177841,0.155492,0.189147,0.186803,0.204388,0.262927,0.295803,0.298983,0.350245,0.357896,0.408548
2025-12-01,-0.2662,-0.3143,0.266745,0.430475,0.4941,0.696781,0.338515,0.373885,0.556278,0.639617,0.37535,0.472585,0.56302,0.766285,0.144609,0.175899,0.152478,0.187058,0.182947,0.202156,0.257831,0.292536,0.292811,0.346421,0.350959,0.404036
2025-12-02,0.047,0.023,0.26796,0.430475,0.4941,0.696781,0.338515,0.373885,0.556278,0.639617,0.37535,0.467615,0.56302,0.766285,0.154625,0.182916,0.166678,0.197269,0.204741,0.22337,0.287699,0.324421,0.313092,0.36024,0.383643,0.426091
2025-12-03,0.094,0.0034,0.26796,0.430475,0.4941,0.696781,0.338515,0.373885,0.556278,0.639617,0.37535,0.467615,0.56302,0.766285,0.150356,0.179886,0.161698,0.193637,0.199088,0.21967,0.279103,0.318448,0.304448,0.354273,0.372181,0.418246
2025-12-04,-0.1306,-0.0202,0.26796,0.430475,0.4941,0.696781,0.338515,0.373885,0.556278,0.639617,0.37535,0.467615,0.56302,0.766285,0.147582,0.177628,0.156775,0.190027,0.195415,0.216913,0.270606,0.312512,0.298831,0.349826,0.360849,0.410449
2025-12-05,-0.1098,-0.1353,0.26796,0.430475,0.4941,0.696781,0.338515,0.373885,0.556278,0.639617,0.37535,0.467615,0.56302,0.766285,0.146619,0.177119,0.152079,0.186547,0.19414,0.216291,0.2625,0.306788,0.296881,0.348824,0.35004,0.402932
2025-12-08,-0.0785,-0.0587,0.26796,0.430475,0.4941,0.696781,0.338515,0.373885,0.556278,0.639617,0.37535,0.460695,0.56302,0.7596,0.144674,0.175886,0.151125,0.185859,0.191565,0.214785,0.260854,0.305657,0.292943,0.346395,0.347845,0.401446
2025-12-09,-0.0576,-0.1666,0.26796,0.430475,0.4941,0.696781,0.338515,0.373885,0.556278,0.639617,0.37535,0.460695,0.56302,0.7596,0.141579,0.173796,0.147225,0.18292,0.187467,0.212233,0.254122,0.300824,0.286676,0.342279,0.338868,0.395098
2025-12-10,0.2198,0.2297,0.26796,0.430475,0.4941,0.696781,0.338515,0.373885,0.556278,0.639617,0.37535,0.460695,0.56302,0.7596,0.137989,0.171288,0.148459,0.183684,0.182713,0.20917,0.256252,0.30208,0.279407,0.33734,0.341708,0.396748
2025-12-11,-0.0261,-0.1125,0.26796,0.430475,0.4941,0.696781,0.338515,0.373885,0.556278,0.639617,0.37535,0.460695,0.56302,0.7596,0.144212,0.174392,0.154542,0.186526,0.190953,0.212961,0.266752,0.306754,0.292007,0.343453,0.35571,0.402887
2025-12-12,-0.068,-0.1119,0.26796,0.430475,0.4941,0.696781,0.338515,0.373885,0.556278,0.639617,0.37535,0.460695,0.56302,0.7596,0.139965,0.171426,0.152347,0.184971,0.18533,0.209339,0.262963,0.304197,0.283408,0.337612,0.350657,0.399528
2025-12-15,0.0366,-0.074,0.26796,0.430475,0.4941,0.696781,0.338515,0.373885,0.556278,0.639617,0.37535,0.460695,0.56302,0.7596,0.13672,0.16916,0.150228,0.183413,0.181033,0.206572,0.259305,0.301634,0.276837,0.333149,0.34578,0.396163
2025-12-16,0.1829,0.1077,0.26796,0.430475,0.4941,0.696781,0.338515,0.373885,0.556278,0.639617,0.37535,0.460695,0.56302,0.7596,0.132857,0.166146,0.146775,0.180772,0.175918,0.202891,0.253345,0.297291,0.269015,0.327213,0.337832,0.390458
2025-12-17,-0.0261,-0.0062,0.26796,0.430475,0.4941,0.696781,0.338515,0.373885,0.556278,0.639617,0.37535,0.460695,0.56302,0.7596,0.136379,0.167528,0.144728,0.178469,0.180581,0.204579,0.249812,0.293504,0.276147,0.329935,0.333121,0.385484
2025-12-18,0.1305,0.0922,0.26796,0.430475,0.4941,0.696781,0.338515,0.373885,0.556278,0.639617,0.37535,0.460695,0.56302,0.7596,0.132379,0.164598,0.140327,0.174861,0.175285,0.201001,0.242215,0.28757,0.268047,0.324164,0.322991,0.377691
2025-12-19,-0.1044,-0.0973,0.26796,0.430475,0.4941,0.696781,0.338515,0.373885,0.556278,0.639617,0.37535,0.460695,0.56302,0.7596,0.132267,0.163705,0.137914,0.172199,0.175136,0.19991,0.23805,0.283192,0.26782,0.322406,0.317437,0.371941
2025-12-22,-0.0366,-0.0963,0.264985,0.430475,0.4941,0.696781,0.338515,0.373885,0.556278,0.639617,0.370505,0.460695,0.56302,0.7596,0.130762,0.162626,0.13582,0.170356,0.165429,0.186902,0.234436,0.280161,0.257812,0.320281,0.312617,0.36796
2025-12-23,0.0209,-0.1028,0.264985,0.430475,0.4941,0.696781,0.338515,0.373885,0.556278,0.639617,0.370505,0.45571,0.56302,0.7596,0.127095,0.159839,0.133779,0.16848,0.160789,0.183699,0.230913,0.277076,0.250582,0.314792,0.307919,0.363908
2025-12-24,0.0887,-0.1079,0.264985,0.430475,0.4941,0.696781,0.338515,0.373885,0.556278,0.639617,0.370505,0.45571,0.56302,0.7596,0.12333,0.156702,0.132125,0.166832,0.156026,0.180094,0.228058,0.274366,0.243159,0.308614,0.304112,0.360349
2025-12-26,0.0,-0.1127,0.264985,0.430475,0.4941,0.696781,0.338515,0.373885,0.556278,0.639617,0.370505,0.45571,0.56302,0.7596,0.121531,0.154593,0.130798,0.165388,0.15375,0.17767,0.225768,0.271991,0.239612,0.30446,0.301058,0.35723
2025-12-29,0.1512,0.1412,0.264985,0.430475,0.4941,0.696781,0.338515,0.373885,0.556278,0.639617,0.370505,0.45571,0.56302,0.7596,0.117828,0.151405,0.129783,0.164132,0.149066,0.174006,0.224016,0.269926,0.232311,0.298182,0.298722,0.354517
2025-12-30,-0.0261,-0.1618,0.264985,0.430475,0.4941,0.696781,0.338515,0.373885,0.556278,0.639617,0.370505,0.45571,0.56302,0.7596,0.120092,0.151841,0.130497,0.163391,0.15193,0.174507,0.225248,0.268707,0.236775,0.29904,0.300365,0.352916
2025-12-31,-0.1565,-0.1994,0.264985,0.430475,0.4941,0.696781,0.338515,0.373885,0.556278,0.639617,0.36606,0.45571,0.56302,0.7596,0.116609,0.148851,0.132583,0.164654,0.147523,0.171071,0.228849,0.270784,0.229908,0.293152,0.305166,0.355644
2026-01-02,-0.0261,-0.1033,0.264985,0.430475,0.4941,0.696781,0.338515,0.35993,0.556278,0.639617,0.36606,0.45571,0.56302,0.7596,0.119379,0.150886,0.137511,0.168144,0.15657,0.17341,0.237355,0.276524,0.235369,0.297159,0.316509,0.363182
2026-01-05,0.1461,0.1504,0.264985,0.430475,0.4941,0.696781,0.338515,0.35993,0.556278,0.639617,0.36606,0.453665,0.56302,0.74274,0.115919,0.14787,0.135702,0.166393,0.152033,0.169943,0.234232,0.273644,0.228547,0.29122,0.312345,0.3594
2026-01-06,-0.0316,-0.0974,0.264985,0.430475,0.4941,0.696781,0.338515,0.35993,0.556278,0.639617,0.36606,0.453665,0.56302,0.74274,0.117948,0.148194,0.136628,0.16605,0.154694,0.170316,0.235831,0.27308,0.232548,0.291858,0.314477,0.358659
2026-01-07,0.0789,0.2663,0.264985,0.430475,0.4941,0.696781,0.338515,0.35993,0.556278,0.639617,0.36606,0.453665,0.56302,0.74274,0.114616,0.145236,0.134597,0.164127,0.150324,0.166916,0.232325,0.269917,0.225978,0.286032,0.309802,0.354506
2026-01-08,-0.121,-0.307,0.264985,0.430475,0.4941,0.696781,0.3307,0.35993,0.556278,0.639617,0.36606,0.453665,0.56302,0.74274,0.112793,0.142856,0.145892,0.171439,0.147933,0.164181,0.251821,0.281942,0.222384,0.281345,0.3358,0.370299
2026-01-09,0.0474,-0.0429,0.264985,0.430475,0.4941,0.696781,0.330205,0.355875,0.556278,0.639617,0.36606,0.453665,0.56302,0.74274,0.113302,0.143104,0.160194,0.182503,0.1486,0.164466,0.288818,0.304341,0.223388,0.281833,0.368719,0.394197
2026-01-12,-0.0526,-0.1114,0.264985,0.430475,0.4941,0.696781,0.330205,0.355875,0.556278,0.639617,0.36606,0.44932,0.56302,0.74274,0.110462,0.140005,0.155669,0.179138,0.144875,0.160904,0.28066,0.29873,0.217788,0.27573,0.358304,0.386929
2026-01-13,0.0684,0.1315,0.264985,0.430475,0.4941,0.696781,0.330205,0.355875,0.556278,0.639617,0.36606,0.44932,0.56302,0.74274,0.107869,0.137406,0.153374,0.177442,0.141475,0.157917,0.276522,0.295902,0.212676,0.270612,0.353021,0.383266
2026-01-14,0.0999,0.0354,0.262825,0.430475,0.4941,0.696781,0.330205,0.355875,0.556278,0.639617,0.36606,0.44932,0.56302,0.74274,0.105917,0.134676,0.15215,0.175982,0.133997,0.149937,0.274315,0.293467,0.208827,0.265235,0.350204,0.380112
2026-01-15,-0.1104,-0.2108,0.262825,0.430475,0.4941,0.696781,0.330205,0.355875,0.556278,0.639617,0.36606,0.44932,0.56302,0.74274,0.105565,0.13305,0.14777,0.172413,0.133552,0.148127,0.266418,0.287515,0.208133,0.262033,0.340122,0.372403
2026-01-16,-0.1316,-0.1015,0.262825,0.430475,0.4941,0.696781,0.330205,0.355875,0.556278,0.639617,0.36606,0.44501,0.56302,0.74274,0.105862,0.133064,0.152289,0.175841,0.133927,0.148142,0.274566,0.293232,0.208719,0.26206,0.350524,0.379807
2026-01-20,-0.2056,-0.3233,0.262825,0.430475,0.4941,0.696781,0.31253,0.355875,0.556278,0.639617,0.36606,0.44501,0.56302,0.74274,0.10758,0.134402,0.149728,0.173876,0.136101,0.149632,0.269949,0.289955,0.212106,0.264695,0.344629,0.375563
2026-01-21,0.1582,0.2128,0.262825,0.430475,0.4941,0.696781,0.31253,0.355875,0.556278,0.639617,0.36606,0.44501,0.56302,0.74274,0.115824,0.141531,0.165363,0.185671,0.151908,0.162658,0.308267,0.313941,0.23235,0.278735,0.380616,0.40104
2026-01-22,0.0421,0.1325,0.262825,0.430475,0.4941,0.696781,0.31253,0.355875,0.556278,0.639617,0.36606,0.44501,0.56302,0.74274,0.118794,0.142873,0.168586,0.18754,0.155803,0.1642,0.314276,0.317101,0.238308,0.281378,0.388035,0.405077
2026-01-23,0.0895,-0.0095,0.262825,0.38477,0.4941,0.696781,0.31253,0.355875,0.556278,0.639617,0.36606,0.44501,0.56302,0.74274,0.115636,0.139709,0.166641,0.185839,0.151661,0.160564,0.300441,0.309905,0.231973,0.275147,0.366722,0.401403
2026-01-26,0.121,-0.0069,0.262825,0.38477,0.4941,0.696781,0.31253,0.355875,0.556278,0.639617,0.36606,0.44501,0.56302,0.74274,0.114236,0.137708,0.161581,0.182151,0.149825,0.158264,0.291319,0.303754,0.229165,0.271206,0.355587,0.393437
2026-01-27,-0.0105,-0.0062,0.262825,0.38477,0.4941,0.696781,0.31253,0.355875,0.556278,0.639617,0.36606,0.44501,0.56302,0.74274,0.114653,0.137049,0.156668,0.178491,0.150372,0.157507,0.282461,0.297651,0.230001,0.269908,0.344775,0.385531
2026-01-28,-0.0368,-0.1562,0.262825,0.33991,0.4941,0.696781,0.31253,0.355875,0.556278,0.639617,0.36606,0.44501,0.56302,0.74274,0.11119,0.133666,0.151903,0.174867,0.14583,0.153619,0.262196,0.28758,0.223054,0.263246,0.334289,0.377704
2026-01-29,0.0526,0.0785,0.262825,0.33991,0.4941,0.696781,0.31253,0.355875,0.556278,0.639617,0.36606,0.44501,0.56302,0.74274,0.108179,0.130632,0.152164,0.175044,0.141881,0.150132,0.262647,0.287871,0.217014,0.257271,0.334863,0.378086
2026-01-30,-0.0631,-0.0199,0.262825,0.33991,0.4941,0.696781,0.31253,0.355875,0.556278,0.639617,0.36606,0.44501,0.56302,0.74274,0.105672,0.127488,0.148776,0.172173,0.138593,0.146519,0.256799,0.283149,0.211985,0.251079,0.327407,0.371885
2026-02-02,-0.1,-0.1676,0.262825,0.33991,0.4941,0.696781,0.31253,0.355875,0.556278,0.639617,0.36606,0.44054,0.56302,0.726727,0.103612,0.125196,0.144326,0.168651,0.135891,0.143885,0.249118,0.277357,0.207852,0.246565,0.317614,0.364277
2026-02-03,0.0789,-0.045,0.262825,0.33991,0.4941,0.696781,0.31253,0.355875,0.556278,0.639617,0.36606,0.44054,0.56302,0.726727,0.103399,0.124765,0.145828,0.16963,0.135612,0.143389,0.251711,0.278967,0.207425,0.245716,0.32092,0.366392
2026-02-04,0.0158,0.0706,0.262825,0.33991,0.4941,0.696781,0.31253,0.355875,0.556278,0.639617,0.36606,0.44054,0.56302,0.726727,0.102095,0.122385,0.141814,0.166385,0.133902,0.140654,0.244782,0.273631,0.204809,0.241029,0.312086,0.359383
2026-02-05,0.3518,0.2985,0.262825,0.33991,0.4941,0.696781,0.31253,0.355875,0.556278,0.639617,0.36606,0.44054,0.56302,0.726727,0.09906,0.118491,0.138577,0.163438,0.129921,0.136179,0.239195,0.268784,0.198721,0.23336,0.304962,0.353018
2026-02-06,-0.0891,-0.0747,0.262825,0.33991,0.4941,0.696781,0.30476,0.34886,0.556278,0.639617,0.36606,0.44054,0.56302,0.726727,0.129035,0.145233,0.152963,0.173196,0.169235,0.166913,0.264026,0.284832,0.258853,0.286026,0.336621,0.374094
2026-02-09,0.0787,-0.1926,0.262825,0.33991,0.4941,0.696781,0.30288,0.345745,0.531033,0.639617,0.36396,0.44054,0.56302,0.726727,0.126993,0.143883,0.149427,0.170572,0.166557,0.165361,0.257923,0.280517,0.254756,0.283368,0.32884,0.368427
2026-02-10,0.2304,0.0945,0.262825,0.33991,0.4941,0.696781,0.30288,0.345745,0.531033,0.639617,0.36396,0.44054,0.56302,0.726727,0.124625,0.141514,0.152363,0.172819,0.163451,0.162639,0.26299,0.284212,0.250006,0.278702,0.335301,0.37328
2026-02-11,-0.1308,-0.1033,0.262825,0.33991,0.4941,0.696781,0.30288,0.345745,0.531033,0.639617,0.36396,0.44054,0.56302,0.726727,0.133358,0.147606,0.149524,0.170362,0.174905,0.16964,0.25809,0.280171,0.267525,0.2907,0.329053,0.367973
2026-02-12,0.3346,0.1681,0.262825,0.33991,0.4941,0.696781,0.30288,0.345745,0.531033,0.639617,0.36396,0.43466,0.56302,0.726727,0.133206,0.148074,0.147161,0.168553,0.174705,0.170178,0.254011,0.277196,0.26722,0.291621,0.323853,0.364066
2026-02-13,0.12,0.2214,0.262825,0.33991,0.4941,0.696781,0.30288,0.345745,0.531033,0.639617,0.36396,0.43466,0.56302,0.726727,0.15296,0.163036,0.1485,0.168928,0.200613,0.187373,0.256323,0.277813,0.306848,0.321088,0.3268,0.364876
2026-02-17,0.0,-0.071,0.25741,0.33991,0.4941,0.696781,0.30288,0.345745,0.531033,0.639617,0.36396,0.43466,0.56302,0.726727,0.151185,0.161384,0.153851,0.172157,0.191266,0.179672,0.265559,0.283123,0.303287,0.317835,0.338576,0.37185
2026-02-18,0.0,0.0,0.25741,0.33991,0.4941,0.696781,0.30288,0.345745,0.531033,0.639617,0.36396,0.43466,0.56302,0.726727,0.146579,0.157954,0.150175,0.16948,0.185439,0.175853,0.259214,0.278721,0.294047,0.311079,0.330486,0.366068
2026-02-19,0.0,0.0,0.25741,0.33991,0.4941,0.696781,0.289215,0.34028,0.531033,0.639617,0.36396,0.43466,0.56302,0.726727,0.142114,0.154615,0.1456,0.165938,0.17979,0.172136,0.251317,0.272896,0.28509,0.304503,0.320418,0.358418
2026-02-20,-0.0365,-0.0365,0.25741,0.33991,0.4941,0.696781,0.289215,0.34028,0.531033,0.639617,0.36396,0.43466,0.56302,0.726727,0.137785,0.15135,0.141164,0.162389,0.174313,0.168501,0.24366,0.267059,0.276406,0.298073,0.310656,0.350752
2026-02-23,0.198,0.198,0.25741,0.33991,0.4941,0.696781,0.289215,0.34028,0.531033,0.639617,0.36396,0.43466,0.56302,0.726727,0.133886,0.148538,0.137156,0.159137,0.169381,0.16537,0.236742,0.261711,0.268584,0.292535,0.301835,0.343728
2026-02-24,-0.0468,-0.3384,0.25741,0.33991,0.4941,0.696781,0.289215,0.34028,0.531033,0.639617,0.36193,0.42935,0.559158,0.726727,0.138572,0.151364,0.141546,0.161565,0.175309,0.168516,0.244319,0.265704,0.277984,0.298101,0.311496,0.348972
2026-02-25,-0.0208,-0.2215,0.25741,0.33991,0.4941,0.696781,0.289215,0.34028,0.531033,0.639617,0.36193,0.42935,0.559158,0.726727,0.134839,0.148761,0.160325,0.1762,0.170586,0.165618,0.289054,0.293831,0.270496,0.292974,0.37149,0.381456
2026-02-26,0.1509,-0.2619,0.25741,0.33991,0.4941,0.696781,0.289215,0.34028,0.531033,0.639617,0.36193,0.42935,0.559158,0.726727,0.13083,0.145774,0.164637,0.17968,0.165515,0.162293,0.296828,0.299634,0.262453,0.287092,0.381482,0.38899
2026-02-27,0.1818,0.43,0.25741,0.33991,0.4941,0.696781,0.289215,0.34028,0.531033,0.639617,0.36193,0.42935,0.559158,0.726727,0.13212,0.146047,0.172031,0.18546,0.167147,0.162597,0.310159,0.309273,0.265041,0.287629,0.398615,0.401503
2026-03-02,-0.4005,-0.0482,0.25741,0.33991,0.4941,0.696781,0.289215,0.34028,0.531033,0.639617,0.36193,0.42935,0.559158,0.726727,0.135615,0.147946,0.197264,0.20376,0.171568,0.164711,0.355652,0.33979,0.272052,0.291369,0.457082,0.441121
2026-03-03,-0.1251,0.1289,0.262825,0.33991,0.4941,0.696781,0.30288,0.34028,0.531033,0.639617,0.36396,0.42935,0.559158,0.726727,0.164049,0.172695,0.191618,0.200048,0.215157,0.198474,0.345473,0.333599,0.411071,0.38526,0.444,0.433085
2026-03-04,-0.2142,-0.2533,0.262825,0.33991,0.4941,0.696781,0.30288,0.34028,0.531033,0.639617,0.36193,0.424865,0.559158,0.696781,0.161976,0.171778,0.188445,0.197806,0.212438,0.19742,0.339752,0.329861,0.405877,0.383214,0.436648,0.428231
2026-03-05,-0.0418,-0.1245,0.262825,0.33991,0.4941,0.696781,0.30288,0.34028,0.531033,0.639617,0.36193,0.424865,0.559158,0.696781,0.165575,0.17548,0.192952,0.201768,0.220751,0.21264,0.347878,0.336468,0.414895,0.391473,0.447091,0.436808
2026-03-06,-0.0366,0.0403,0.262825,0.33917,0.4941,0.696781,0.30288,0.34028,0.531033,0.639617,0.36193,0.424865,0.559158,0.696781,0.160857,0.172209,0.189543,0.199752,0.214461,0.208676,0.341732,0.333106,0.403073,0.384176,0.439192,0.432444
2026-03-09,-0.0314,0.1149,0.25741,0.33795,0.4941,0.696781,0.30288,0.34028,0.531033,0.639617,0.36193,0.424865,0.559158,0.696781,0.156214,0.168982,0.184034,0.195965,0.203191,0.194207,0.32571,0.308285,0.391438,0.376977,0.426427,0.424245
2026-03-10,-0.0733,-0.5086,0.25741,0.33795,0.4941,0.696781,0.30288,0.34028,0.531033,0.639617,0.36193,0.424865,0.559158,0.696781,0.15165,0.165791,0.180634,0.193524,0.197254,0.190539,0.319692,0.304445,0.380002,0.369858,0.418549,0.418961
2026-03-11,-0.215,-0.3765,0.25741,0.33917,0.4941,0.696781,0.30288,0.345745,0.531033,0.639617,0.36193,0.42935,0.559158,0.696781,0.148123,0.163486,0.214921,0.219446,0.192667,0.18789,0.400653,0.365947,0.371164,0.364716,0.535636,0.496222
2026-03-12,-0.2576,-0.2081,0.25741,0.33991,0.4941,0.696781,0.30288,0.34886,0.531033,0.639617,0.36193,0.42935,0.559158,0.696781,0.152962,0.16761,0.22787,0.230049,0.203935,0.203104,0.424792,0.391021,0.38329,0.373916,0.567908,0.520198
2026-03-13,-0.1317,0.2635,0.26002,0.33917,0.4941,0.696781,0.30288,0.34886,0.531033,0.639617,0.36193,0.42935,0.559158,0.696781,0.161168,0.174323,0.226733,0.229881,0.220591,0.22296,0.4103,0.383349,0.403852,0.388892,0.565074,0.519818
2026-03-16,0.2369,0.2282,0.26002,0.33917,0.4941,0.696781,0.30288,0.34886,0.531033,0.639617,0.36193,0.42935,0.559158,0.696781,0.159553,0.173492,0.229105,0.231859,0.218381,0.221897,0.414592,0.386647,0.399805,0.387038,0.570986,0.524291
2026-03-17,0.0631,-0.0704,0.26002,0.33917,0.4941,0.696781,0.30288,0.34886,0.531033,0.639617,0.36052,0.42935,0.54934,0.696781,0.165218,0.177166,0.229051,0.232038,0.226134,0.226596,0.414495,0.386946,0.414001,0.395234,0.570851,0.524695
2026-03-18,-0.2157,-0.4148,0.26002,0.33917,0.4941,0.696781,0.30288,0.34886,0.531033,0.639617,0.36052,0.42935,0.54934,0.696781,0.160929,0.173966,0.222742,0.227899,0.220264,0.222504,0.403078,0.380044,0.403253,0.388095,0.555127,0.515336
2026-03-19,-0.0474,0.3476,0.26002,0.33991,0.4941,0.696781,0.289215,0.35669,0.531033,0.639617,0.3592,0.424865,0.54934,0.696781,0.16473,0.177325,0.238664,0.240552,0.225466,0.2268,0.443879,0.408873,0.412778,0.395589,0.594809,0.543948
2026-03-20,-0.4965,-0.7011,0.26002,0.33991,0.4941,0.696781,0.289215,0.35669,0.531033,0.639617,0.3592,0.424865,0.54934,0.696781,0.160133,0.174155,0.246561,0.246672,0.219174,0.222745,0.458566,0.419275,0.401259,0.388517,0.61449,0.557786
2026-03-23,-0.0053,-0.0779,0.262825,0.360075,0.53526,0.712167,0.30288,0.37555,0.531033,0.651385,0.3592,0.424865,0.54934,0.712167,0.197217,0.203493,0.294342,0.286545,0.280844,0.266709,0.549414,0.503447,0.577115,0.516076,0.786316,0.689255
2026-03-24,-0.1431,0.0181,0.262825,0.360075,0.53526,0.712167,0.30288,0.37555,0.531033,0.651385,0.3592,0.424865,0.54934,0.712167,0.191214,0.199032,0.286013,0.28046,0.272296,0.260862,0.533867,0.492756,0.559548,0.504762,0.764065,0.674618
2026-03-25,0.3652,0.5001,0.262825,0.360075,0.53526,0.712167,0.30288,0.37555,0.531033,0.651385,0.3592,0.424865,0.54934,0.712167,0.188673,0.197536,0.277335,0.274105,0.268677,0.258902,0.517669,0.48159,0.552113,0.500968,0.740882,0.659332
2026-03-26,-0.4076,-0.2686,0.26002,0.360075,0.53526,0.712167,0.30288,0.37555,0.531033,0.651385,0.3592,0.420725,0.54934,0.712167,0.203627,0.208716,0.295476,0.288996,0.278705,0.266949,0.55153,0.507753,0.595872,0.529322,0.789345,0.69515
2026-03-27,0.0,0.013,0.262825,0.360075,0.53526,0.712167,0.30476,0.37555,0.531033,0.651385,0.36052,0.420725,0.54934,0.712167,0.221234,0.22418,0.293932,0.28873,0.315045,0.293823,0.548648,0.507286,0.647396,0.56854,0.78522,0.69451
2026-03-30,0.3178,0.3221,0.262825,0.360075,0.53526,0.712167,0.30476,0.37555,0.531033,0.651385,0.3592,0.420725,0.537104,0.712167,0.214494,0.218928,0.284996,0.282168,0.305447,0.286939,0.531969,0.495757,0.627672,0.55522,0.761348,0.678726
2026-03-31,0.1057,-0.0956,0.262825,0.360075,0.53526,0.712167,0.30476,0.37555,0.531033,0.651385,0.3592,0.420725,0.537104,0.712167,0.222052,0.224828,0.287357,0.284274,0.31621,0.294672,0.536376,0.499457,0.649789,0.570183,0.767656,0.683792
2026-04-01,0.1313,-0.2463,0.262825,0.360075,0.53526,0.712167,0.30476,0.37555,0.531033,0.651385,0.3592,0.420725,0.537104,0.712167,0.216839,0.220698,0.279586,0.27884,0.308787,0.289259,0.52187,0.48991,0.634535,0.559709,0.746896,0.670721
2026-04-02,0.0426,0.2403,0.262825,0.360075,0.53526,0.712167,0.30476,0.37555,0.531033,0.651385,0.3592,0.420725,0.537104,0.712167,0.212679,0.21743,0.277701,0.278106,0.302863,0.284976,0.518352,0.48862,0.622361,0.551421,0.74186,0.668956
2026-04-03,0.0,-0.0465,0.262825,0.360075,0.53526,0.712167,0.30476,0.37555,0.531033,0.651385,0.3592,0.420725,0.537104,0.712167,0.206464,0.212793,0.2756,0.276676,0.294012,0.278898,0.51443,0.486108,0.604174,0.539662,0.736248,0.665516
2026-04-06,0.0,-0.0669,0.262825,0.360075,0.53526,0.712167,0.30288,0.35669,0.531033,0.651385,0.3592,0.420725,0.537104,0.712167,0.200174,0.208266,0.267447,0.27098,0.285055,0.272965,0.499212,0.4761,0.585768,0.528181,0.714467,0.651815
2026-04-07,0.0,-0.3073,0.262825,0.360075,0.53526,0.712167,0.30288,0.35669,0.531033,0.651385,0.3592,0.420725,0.537104,0.712167,0.194076,0.20394,0.259817,0.265729,0.276371,0.267295,0.48497,0.466874,0.567923,0.51721,0.694084,0.639184
2026-04-08,0.3028,-0.1064,0.262825,0.360075,0.53526,0.712167,0.30288,0.35669,0.531033,0.651385,0.3592,0.420725,0.537104,0.712167,0.188163,0.199791,0.262908,0.268503,0.267951,0.261857,0.49074,0.471748,0.55062,0.506687,0.702342,0.645857
2026-04-09,-0.0053,0.0342,0.26002,0.33991,0.45534,0.685714,0.30288,0.35669,0.531033,0.651385,0.3592,0.420725,0.537104,0.712167,0.196933,0.205566,0.256227,0.263968,0.269543,0.26292,0.476543,0.448674,0.493471,0.458591,0.659506,0.596897
2026-04-10,-0.0584,-0.1111,0.26002,0.33991,0.45534,0.685714,0.30288,0.35669,0.531033,0.651385,0.3592,0.420725,0.537104,0.712167,0.190938,0.201405,0.248563,0.258614,0.261337,0.257598,0.462289,0.439574,0.478449,0.449308,0.63978,0.58479
2026-04-13,0.1379,0.1745,0.25265,0.33917,0.410099,0.685714,0.30288,0.35669,0.531033,0.651385,0.3592,0.420725,0.537104,0.712167,0.185673,0.197896,0.242522,0.25454,0.249044,0.246139,0.451054,0.432649,0.465256,0.44148,0.624231,0.575578
2026-04-14,0.3228,0.1088,0.25265,0.337365,0.410099,0.685714,0.289215,0.34886,0.496842,0.651385,0.35596,0.420725,0.537104,0.712167,0.183158,0.195891,0.238988,0.251932,0.245671,0.243645,0.444481,0.428216,0.458954,0.437007,0.615135,0.569681
2026-04-15,-0.0581,-0.0244,0.245205,0.33034,0.410099,0.659597,0.289215,0.34886,0.496842,0.651385,0.35596,0.420725,0.537104,0.712167,0.194386,0.203175,0.233235,0.247848,0.260731,0.252705,0.422066,0.413311,0.487089,0.453257,0.600327,0.560446
2026-04-16,-0.1111,-0.07,0.245205,0.33034,0.410099,0.659597,0.289215,0.34886,0.496842,0.651385,0.35596,0.420725,0.537104,0.712167,0.189001,0.19963,0.226208,0.243021,0.253508,0.248296,0.40935,0.405261,0.473596,0.445348,0.58224,0.549531
2026-04-17,0.2642,0.2085,0.245205,0.33034,0.410099,0.659597,0.289215,0.34886,0.496842,0.651385,0.35596,0.420725,0.537104,0.712167,0.185253,0.197349,0.219986,0.238766,0.248481,0.245459,0.398091,0.398165,0.464204,0.44026,0.566225,0.539909
2026-04-20,0.0106,0.0135,0.245205,0.33034,0.410099,0.659597,0.27387,0.34886,0.496842,0.651385,0.35596,0.420725,0.537104,0.712167,0.190913,0.200792,0.219314,0.237907,0.256073,0.249741,0.396874,0.396733,0.478387,0.447941,0.564495,0.537967
2026-04-21,-0.2113,-0.1585,0.245205,0.33034,0.410099,0.659597,0.27387,0.34886,0.496842,0.651385,0.35596,0.420725,0.537104,0.712167,0.185115,0.196823,0.212659,0.233275,0.248296,0.244805,0.384831,0.389009,0.463858,0.439086,0.547366,0.527493
2026-04-22,0.0423,0.1405,0.245205,0.33034,0.410099,0.659597,0.27387,0.34886,0.496842,0.651385,0.35596,0.420725,0.537104,0.712167,0.18679,0.19854,0.209804,0.231296,0.250542,0.24694,0.379665,0.385709,0.468055,0.442917,0.540017,0.523018
2026-04-23,-0.1005,-0.1225,0.245205,0.33034,0.410099,0.659597,0.27387,0.34886,0.496842,0.651385,0.35596,0.420725,0.537104,0.712167,0.181396,0.194774,0.206303,0.228559,0.243307,0.242256,0.37333,0.381144,0.454539,0.434515,0.531006,0.516829
2026-04-24,0.1533,0.2982,0.245205,0.33034,0.410099,0.659597,0.27387,0.34886,0.496842,0.651385,0.35596,0.420725,0.537104,0.712167,0.177584,0.192405,0.202256,0.225725,0.238194,0.23931,0.366006,0.376418,0.444987,0.42923,0.52059,0.51042
2026-04-27,-0.0899,-0.2817,0.245205,0.33034,0.410099,0.659597,0.27387,0.34886,0.496842,0.651385,0.35596,0.420725,0.537104,0.712167,0.176221,0.191096,0.209257,0.229696,0.236366,0.237682,0.378675,0.38304,0.441572,0.42631,0.53861,0.5194
2026-04-28,-0.0476,0.1662,0.245205,0.33034,0.410099,0.659597,0.27387,0.34886,0.496842,0.651385,0.35596,0.420725,0.537104,0.712167,0.172266,0.188603,0.214296,0.233127,0.231061,0.234581,0.387794,0.388762,0.431661,0.420749,0.551579,0.527158
2026-04-29,-0.2649,-0.2634,0.245205,0.33034,0.410099,0.659597,0.27387,0.34886,0.496842,0.651385,0.35596,0.420725,0.537104,0.712167,0.167425,0.185386,0.211718,0.231046,0.224568,0.23058,0.383129,0.385292,0.419531,0.413572,0.544944,0.522452
2026-04-30,0.0583,-0.091,0.25265,0.33034,0.410099,0.659597,0.27387,0.34886,0.496842,0.651385,0.35596,0.420725,0.537104,0.712167,0.174813,0.190797,0.215169,0.23343,0.239267,0.24403,0.389374,0.389267,0.438044,0.425643,0.553827,0.527843
2026-05-01,0.0,0.0044,0.25265,0.33034,0.410099,0.659597,0.27387,0.34886,0.496842,0.651385,0.35596,0.420725,0.537104,0.712167,0.170088,0.187429,0.209802,0.229769,0.2328,0.239723,0.379661,0.383162,0.426204,0.41813,0.540012,0.519565
2026-05-04,-0.0902,-0.0551,0.25265,0.33034,0.410099,0.659597,0.27387,0.34886,0.496842,0.651385,0.35596,0.420725,0.537104,0.712167,0.164906,0.183867,0.203413,0.225311,0.225707,0.235167,0.3681,0.375728,0.413219,0.410183,0.523568,0.509484
2026-05-05,0.0902,0.0551,0.245205,0.31925,0.404121,0.659597,0.27387,0.34886,0.496842,0.651385,0.35596,0.420725,0.537104,0.712167,0.161402,0.181577,0.197678,0.221304,0.216489,0.225842,0.338429,0.346253,0.39688,0.392127,0.508806,0.500423
2026-05-06,0.3757,0.1323,0.245205,0.31925,0.404121,0.659597,0.27387,0.34886,0.496842,0.651385,0.35596,0.420725,0.537104,0.712167,0.158037,0.178961,0.19213,0.217275,0.211976,0.222588,0.328931,0.339949,0.388606,0.386477,0.494526,0.491313
2026-05-07,-0.1163,-0.2573,0.245205,0.31286,0.404121,0.563578,0.27387,0.34886,0.496842,0.651385,0.35596,0.420725,0.537104,0.712167,0.178735,0.19184,0.189075,0.21475,0.239738,0.238607,0.314099,0.299101,0.439501,0.41429,0.486663,0.471079
2026-05-08,0.1163,0.1031,0.245205,0.31286,0.404121,0.563578,0.27387,0.34886,0.496842,0.651385,0.35596,0.420725,0.537104,0.712167,0.175616,0.190015,0.193847,0.217757,0.235555,0.236337,0.322026,0.303289,0.431832,0.410349,0.498946,0.477676
2026-05-11,-0.1533,-0.2372,0.23504,0.31286,0.404121,0.563578,0.27387,0.34886,0.496842,0.651385,0.35596,0.420725,0.537104,0.712167,0.172633,0.187726,0.189631,0.214543,0.231553,0.23349,0.315022,0.298813,0.424496,0.405406,0.488094,0.470625
2026-05-12,-0.18,-0.2212,0.23504,0.31286,0.404121,0.563578,0.27387,0.34886,0.496842,0.651385,0.35596,0.420725,0.537104,0.712167,0.171534,0.187304,0.192816,0.216499,0.230079,0.232965,0.320313,0.301537,0.421794,0.404495,0.496292,0.474916
2026-05-13,-0.0106,-0.0283,0.22065,0.30939,0.404121,0.473957,0.27387,0.34886,0.496842,0.651385,0.35596,0.420725,0.537104,0.712167,0.172054,0.187982,0.194636,0.217561,0.230777,0.233808,0.317131,0.284488,0.423073,0.405959,0.500976,0.477246
2026-05-14,-0.0636,-0.1476,0.22065,0.30939,0.404121,0.473957,0.27387,0.34886,0.496842,0.651385,0.35596,0.420725,0.537104,0.712167,0.166833,0.184459,0.188834,0.213442,0.223774,0.229427,0.307677,0.279102,0.410235,0.398351,0.486042,0.46821
2026-05-15,-0.4358,-0.0812,0.22065,0.30939,0.404121,0.473957,0.27387,0.34886,0.496842,0.651385,0.35596,0.420725,0.537104,0.712167,0.162499,0.181612,0.186617,0.211722,0.217961,0.225886,0.304065,0.276853,0.399577,0.392202,0.480336,0.464437
2026-05-18,-0.0853,-0.2205,0.236745,0.30939,0.410099,0.473957,0.289215,0.34886,0.496842,0.651385,0.3592,0.420725,0.537104,0.712167,0.190307,0.201077,0.182022,0.208359,0.260474,0.257179,0.296578,0.272456,0.531382,0.47842,0.468509,0.45706
2026-05-19,-0.1387,0.0743,0.236745,0.30939,0.410099,0.473957,0.289215,0.34886,0.496842,0.651385,0.3592,0.420725,0.537104,0.712167,0.185689,0.198117,0.184557,0.209753,0.254153,0.253393,0.300708,0.274278,0.518487,0.471378,0.475034,0.460118
2026-05-20,0.3145,0.1088,0.236745,0.30939,0.410099,0.473957,0.289215,0.34886,0.496842,0.651385,0.3592,0.420725,0.537104,0.712167,0.18321,0.196673,0.179858,0.206217,0.25076,0.251546,0.293052,0.269655,0.511565,0.467942,0.462939,0.452361
2026-05-21,0.0851,0.1145,0.236745,0.30939,0.410099,0.473957,0.289215,0.34886,0.496842,0.651385,0.3592,0.420725,0.537104,0.712167,0.193614,0.203263,0.176403,0.20344,0.265,0.259975,0.287423,0.266023,0.540615,0.483621,0.454046,0.44627
2026-05-22,-0.0266,-0.1443,0.22065,0.307165,0.410099,0.426581,0.289215,0.34886,0.496842,0.651385,0.3592,0.417605,0.537104,0.712167,0.18887,0.199939,0.173314,0.200862,0.253332,0.24868,0.276016,0.260601,0.527369,0.475713,0.446095,0.440614
2026-05-26,0.3398,0.2146,0.22065,0.307165,0.410099,0.426581,0.289215,0.34886,0.496842,0.651385,0.3592,0.417605,0.537104,0.712167,0.183232,0.196219,0.171711,0.199432,0.24577,0.244053,0.273463,0.258745,0.511627,0.466862,0.441969,0.437478
2026-05-27,0.0795,-0.0267,0.22065,0.307165,0.410099,0.426581,0.289215,0.34886,0.496842,0.651385,0.3592,0.417605,0.537104,0.712167,0.196182,0.204463,0.174582,0.200744,0.26314,0.254307,0.278036,0.260448,0.547786,0.486477,0.449359,0.440356
2026-05-28,0.1217,0.1335,0.22065,0.307165,0.410099,0.426581,0.289215,0.34886,0.496842,0.651385,0.3592,0.417605,0.537104,0.712167,0.1912,0.201015,0.16939,0.19689,0.256457,0.250019,0.269767,0.255447,0.533875,0.478273,0.435995,0.431901
2026-05-29,0.1374,-0.0604,0.22065,0.307165,0.410099,0.426581,0.289215,0.34886,0.496842,0.651385,0.3592,0.417605,0.537104,0.712167,0.187757,0.198527,0.167453,0.195022,0.251839,0.246924,0.266682,0.253024,0.524261,0.472353,0.43101,0.427804
2026-06-01,-0.0158,-0.0335,0.22065,0.307165,0.410099,0.426581,0.289215,0.34886,0.496842,0.651385,0.3592,0.417605,0.537104,0.712167,0.185122,0.196537,0.163025,0.191636,0.248305,0.244449,0.25963,0.248631,0.516904,0.467618,0.419612,0.420376
2026-06-02,0.0,-0.0414,0.22065,0.307165,0.410099,0.426581,0.289215,0.34886,0.496842,0.651385,0.3592,0.417605,0.537104,0.712167,0.179524,0.192888,0.158271,0.187935,0.240796,0.23991,0.252059,0.243829,0.501273,0.458936,0.407376,0.412258
2026-06-03,-0.1375,-0.034,0.215385,0.307165,0.410099,0.426581,0.289215,0.34886,0.496842,0.651385,0.3592,0.417605,0.537104,0.712167,0.174055,0.189281,0.153784,0.184357,0.233461,0.235424,0.244913,0.239187,0.486002,0.450354,0.395827,0.404409
2026-06-04,0.0423,0.1058,0.215385,0.307165,0.410099,0.426581,0.289215,0.34886,0.496842,0.651385,0.3592,0.417605,0.537104,0.712167,0.172081,0.188231,0.149332,0.180726,0.230813,0.234118,0.237823,0.234476,0.48049,0.447856,0.384368,0.396444
2026-06-05,-0.2913,-0.4095,0.215385,0.307165,0.410099,0.426581,0.289215,0.34886,0.496842,0.651385,0.3592,0.412685,0.537104,0.712167,0.16716,0.184855,0.147084,0.178424,0.224213,0.229919,0.234243,0.231489,0.46675,0.439823,0.378582,0.391394
2026-06-08,-0.2283,0.033,0.22065,0.30939,0.410099,0.426581,0.291875,0.35669,0.496842,0.651385,0.3592,0.412685,0.537104,0.712167,0.17708,0.191827,0.174348,0.197371,0.24237,0.245348,0.284074,0.258087,0.494449,0.456412,0.482483,0.45238
2026-06-09,0.2177,0.0554,0.22065,0.30939,0.410099,0.426581,0.291875,0.35669,0.496842,0.651385,0.3592,0.412685,0.537104,0.712167,0.180563,0.194503,0.169229,0.193606,0.24219,0.241919,0.275734,0.253164,0.504174,0.462779,0.468317,0.44375
2026-06-10,-0.0796,-0.0456,0.22065,0.30939,0.410099,0.426581,0.291875,0.35669,0.496842,0.651385,0.3592,0.412685,0.537104,0.712167,0.183004,0.195695,0.164634,0.190133,0.245464,0.243402,0.268247,0.248623,0.51099,0.465615,0.455601,0.43579
2026-06-11,0.3868,0.403,0.22065,0.30939,0.410099,0.426581,0.28864,0.34886,0.474918,0.651385,0.3592,0.412685,0.537104,0.712167,0.178497,0.192865,0.160009,0.18665,0.239419,0.239882,0.260711,0.244068,0.498405,0.458882,0.442802,0.427807
2026-06-12,-0.0212,-0.2132,0.22065,0.30939,0.410099,0.426581,0.28864,0.34886,0.474918,0.651385,0.3592,0.412685,0.537104,0.712167,0.197298,0.20479,0.183878,0.202541,0.264637,0.254714,0.299602,0.264848,0.550902,0.487255,0.508856,0.46423
2026-06-15,0.111,0.0282,0.22065,0.30939,0.410099,0.426581,0.28864,0.34886,0.474918,0.651385,0.3592,0.412685,0.537104,0.712167,0.191358,0.200935,0.185768,0.203914,0.256669,0.249919,0.302682,0.266643,0.534316,0.478082,0.514086,0.467377
2026-06-16,0.1056,0.0938,0.215385,0.30939,0.410099,0.426581,0.28864,0.34886,0.474918,0.651385,0.3592,0.412685,0.537104,0.712167,0.18751,0.198222,0.180241,0.200021,0.251508,0.246545,0.293676,0.261553,0.523572,0.471627,0.498791,0.458454
2026-06-17,-0.3277,-0.3055,0.215385,0.30939,0.410099,0.426581,0.28864,0.34886,0.474918,0.651385,0.3592,0.412685,0.537104,0.712167,0.183629,0.195487,0.176255,0.197086,0.246302,0.243143,0.287181,0.257715,0.512735,0.46512,0.48776,0.451727
2026-06-18,0.1376,0.2988,0.22263,0.30939,0.410099,0.426581,0.291875,0.34886,0.474918,0.651385,0.3592,0.412685,0.537104,0.712167,0.195293,0.204043,0.186552,0.20423,0.273852,0.26208,0.309907,0.284449,0.545304,0.485477,0.516256,0.468101
2026-06-22,-0.1693,-0.0822,0.22263,0.30939,0.410099,0.426581,0.291875,0.34886,0.474918,0.651385,0.3592,0.412685,0.537104,0.712167,0.192321,0.201883,0.195116,0.209892,0.269685,0.259306,0.324134,0.292335,0.537005,0.480338,0.539955,0.481078
2026-06-23,0.0424,0.2709,0.22263,0.30939,0.410099,0.426581,0.291875,0.34886,0.474918,0.651385,0.3592,0.412685,0.537104,0.712167,0.191018,0.201427,0.190241,0.20661,0.267858,0.25872,0.316036,0.287764,0.533367,0.479253,0.526464,0.473556
2026-06-24,0.3066,0.6095,0.22263,0.30939,0.410099,0.426581,0.291875,0.34886,0.474918,0.651385,0.3592,0.412685,0.537104,0.712167,0.185489,0.19773,0.196018,0.210381,0.260105,0.253971,0.325633,0.293016,0.517929,0.470457,0.542451,0.482199
2026-06-25,0.0686,-0.1225,0.22263,0.30939,0.410099,0.426581,0.291875,0.34886,0.474918,0.651385,0.3592,0.412685,0.537104,0.712167,0.19489,0.203449,0.241676,0.243056,0.273287,0.261317,0.401481,0.338525,0.544178,0.484064,0.668803,0.557091
2026-06-26,0.1002,0.1061,0.22263,0.30939,0.410099,0.426581,0.291875,0.34886,0.474918,0.651385,0.3592,0.412685,0.537104,0.712167,0.189699,0.199946,0.236227,0.239572,0.266008,0.256818,0.392429,0.333673,0.529684,0.475729,0.653724,0.549106
2026-06-29,0.0105,-0.0542,0.22263,0.30939,0.410099,0.426581,0.291875,0.34886,0.474918,0.651385,0.3592,0.412685,0.537104,0.712167,0.18555,0.197062,0.2305,0.235635,0.26019,0.253113,0.382915,0.32819,0.518099,0.468867,0.637875,0.540082
2026-06-30,-0.2427,-0.3679,0.22263,0.30939,0.410099,0.426581,0.28864,0.34886,0.474918,0.651385,0.3592,0.40983,0.537104,0.712167,0.179916,0.193384,0.223872,0.23123,0.25229,0.248389,0.371905,0.322054,0.502367,0.460116,0.619533,0.529986
2026-07-01,0.0,0.134,0.23622,0.31286,0.410099,0.426581,0.28864,0.35631,0.474918,0.651385,0.3592,0.40983,0.537104,0.712167,0.184287,0.196743,0.235017,0.239962,0.258989,0.253417,0.390419,0.361974,0.514572,0.468108,0.650376,0.55
2026-07-02,-0.1758,-0.2583,0.23622,0.31286,0.410099,0.426581,0.27387,0.35631,0.474918,0.651385,0.35596,0.40983,0.537104,0.712167,0.178673,0.193087,0.230209,0.236664,0.251099,0.248708,0.382432,0.356999,0.498897,0.45941,0.63707,0.54244
2026-07-06,0.16,0.266,0.23622,0.31286,0.410099,0.426581,0.27387,0.35631,0.474918,0.651385,0.35596,0.40983,0.537104,0.712167,0.178502,0.193273,0.23199,0.238468,0.250859,0.248947,0.385391,0.35972,0.498419,0.459852,0.641999,0.546575
2026-07-07,-0.3203,-0.3556,0.23622,0.31286,0.410099,0.426581,0.27387,0.35631,0.474918,0.651385,0.35596,0.40983,0.537104,0.712167,0.177446,0.192209,0.23417,0.240081,0.249375,0.247577,0.389012,0.362153,0.495471,0.457321,0.648032,0.550272
2026-07-08,-0.1337,0.0002,0.244845,0.31925,0.410099,0.426581,0.28864,0.35631,0.474918,0.651385,0.35596,0.40983,0.537104,0.712167,0.189086,0.200389,0.243172,0.24728,0.288051,0.274092,0.403967,0.375636,0.527972,0.476783,0.672943,0.566773
2026-07-09,0.1177,-0.0353,0.244845,0.31925,0.410099,0.426581,0.28864,0.35631,0.474918,0.651385,0.35083,0.40983,0.537104,0.712167,0.186228,0.198769,0.235764,0.242193,0.283697,0.271876,0.39166,0.367909,0.519992,0.472929,0.652443,0.555113
2026-07-10,-0.0374,-0.2659,0.244845,0.31925,0.410099,0.426581,0.28864,0.35631,0.474918,0.651385,0.35083,0.40455,0.537104,0.712167,0.182842,0.196336,0.228745,0.237438,0.278539,0.268548,0.38,0.360685,0.510538,0.46714,0.633019,0.544214
2026-07-13,-0.2142,-0.1714,0.244845,0.31925,0.410099,0.426581,0.28864,0.35631,0.474918,0.651385,0.35083,0.40455,0.537104,0.712167,0.177508,0.192918,0.231143,0.239523,0.270413,0.263873,0.383984,0.363853,0.495644,0.459008,0.639655,0.548993
2026-07-14,0.0911,-0.0491,0.23622,0.31286,0.410099,0.426581,0.28864,0.35631,0.474918,0.651385,0.35083,0.40455,0.537104,0.712167,0.179921,0.194755,0.228,0.237586,0.274089,0.266385,0.378762,0.36091,0.502381,0.463378,0.630957,0.544554
2026-07-15,0.1338,0.1072,0.23622,0.31286,0.410099,0.426581,0.28864,0.35631,0.474918,0.651385,0.35083,0.40455,0.537104,0.712167,0.175861,0.191906,0.221381,0.233112,0.267904,0.262489,0.367767,0.354114,0.491045,0.4566,0.61264,0.534299
2026-07-16,0.0481,0.1131,0.23622,0.31286,0.410099,0.426581,0.28864,0.35631,0.474918,0.651385,0.35083,0.40455,0.537104,0.712167,0.173625,0.190122,0.216238,0.229547,0.264498,0.260048,0.359223,0.348698,0.484802,0.452355,0.598407,0.526128
2026-07-17,-0.0428,0.0074,0.23622,0.31286,0.410099,0.426581,0.28864,0.35631,0.474918,0.651385,0.35083,0.402075,0.537104,0.712167,0.168748,0.186803,0.211473,0.22623,0.257068,0.255509,0.351307,0.34366,0.471184,0.444458,0.585221,0.518525
2026-07-20,-0.1606,-0.2965,0.23622,0.31286,0.410099,0.426581,0.28864,0.35631,0.474918,0.651385,0.35083,0.402075,0.537104,0.712167,0.163943,0.183685,0.205038,0.221836,0.249748,0.251244,0.340617,0.336985,0.457767,0.43704,0.567413,0.508454
2026-07-21,-0.1394,-0.1571,0.23622,0.31286,0.410099,0.426581,0.28864,0.35631,0.474918,0.651385,0.35083,0.402075,0.537104,0.712167,0.163744,0.183637,0.211644,0.226423,0.249445,0.251178,0.351591,0.343953,0.457211,0.436925,0.585694,0.518968
2026-07-22,-0.1879,-0.086,0.23622,0.31286,0.410099,0.426581,0.28864,0.35631,0.474918,0.651385,0.35083,0.402075,0.537104,0.712167,0.162386,0.182801,0.208773,0.224529,0.247376,0.250035,0.346822,0.341076,0.45342,0.434936,0.577749,0.514627
2026-07-23,-0.1721,-0.2075,0.23622,0.31286,0.410099,0.426581,0.28864,0.35631,0.474918,0.651385,0.347735,0.38652,0.537104,0.685714,0.164029,0.183908,0.203506,0.220956,0.249879,0.251549,0.338072,0.335648,0.458007,0.43757,0.563173,0.506437
2026-07-24,0.0108,0.0374,0.23622,0.30939,0.410099,0.426581,0.28864,0.35631,0.474918,0.651385,0.347735,0.38652,0.537104,0.685714,0.164524,0.184263,0.203748,0.221092,0.250633,0.252034,0.336538,0.335855,0.459389,0.438415,0.563843,0.506749
2026-07-27,0.199,0.1074,0.23622,0.30939,0.410099,0.426581,0.28864,0.35631,0.474918,0.651385,0.347735,0.38652,0.537104,0.685714,0.159534,0.180879,0.197753,0.216949,0.243032,0.247406,0.326636,0.329561,0.445456,0.430363,0.547253,0.497253
2026-07-28,0.1449,0.2232,0.23622,0.30939,0.410099,0.426581,0.28864,0.35631,0.474918,0.651385,0.347735,0.377655,0.537104,0.660635,0.162173,0.181945,0.193526,0.213915,0.247052,0.248864,0.319654,0.324952,0.452825,0.4329,0.535555,0.490299
2026-07-29,-0.2793,-0.3517,0.23622,0.30939,0.410099,0.426581,0.28864,0.35631,0.474918,0.651385,0.347735,0.377655,0.537104,0.660635,0.161189,0.180847,0.195433,0.214856,0.245553,0.247362,0.322804,0.326382,0.450077,0.430287,0.540833,0.492456
2026-07-30,-0.0269,-0.1911,0.250895,0.31286,0.410099,0.426581,0.28864,0.35631,0.474918,0.651385,0.344305,0.377655,0.537104,0.660635,0.170598,0.18712,0.208144,0.223423,0.278981,0.265863,0.353777,0.351359,0.476349,0.445213,0.576008,0.512092
2026-07-31,-0.1023,-0.163,0.250895,0.31286,0.410099,0.426581,0.28864,0.35631,0.474918,0.651385,0.344305,0.377655,0.537104,0.660635,0.165532,0.183809,0.207161,0.222786,0.270696,0.261158,0.352106,0.350358,0.462204,0.437335,0.573288,0.510632
2026-08-03,0.1238,0.2038,0.250895,0.31286,0.410099,0.426581,0.28864,0.35631,0.474918,0.651385,0.344305,0.377655,0.537104,0.660635,0.162433,0.181829,0.20478,0.221165,0.265629,0.258345,0.348059,0.347808,0.453551,0.432624,0.566699,0.506916
2026-08-04,0.274,0.2281,0.250895,0.31286,0.410099,0.426581,0.28864,0.35631,0.474918,0.651385,0.344305,0.377655,0.537104,0.660635,0.160378,0.180122,0.204722,0.220977,0.262268,0.25592,0.347961,0.347513,0.447813,0.428562,0.566538,0.506485
2026-08-05,0.1233,0.0507,0.250895,0.30939,0.410099,0.426581,0.28864,0.35631,0.474918,0.651385,0.344305,0.377655,0.537104,0.660635,0.169359,0.185192,0.206199,0.221799,0.276955,0.263123,0.350471,0.348805,0.47289,0.440625,0.570626,0.508369
2026-08-06,-0.2038,-0.1964,0.250895,0.30939,0.410099,0.426581,0.28864,0.35631,0.474918,0.651385,0.340665,0.37605,0.537104,0.645467,0.166954,0.183335,0.200303,0.217753,0.273022,0.260485,0.34045,0.342443,0.466175,0.436207,0.55431,0.499096
2026-08-07,0.1288,0.1081,0.250895,0.30939,0.410099,0.426581,0.28864,0.355605,0.474918,0.651385,0.340665,0.37605,0.537104,0.645467,0.169391,0.18516,0.200071,0.217577,0.277007,0.263078,0.340056,0.342166,0.472979,0.440549,0.553668,0.498693
2026-08-10,-0.1879,-0.2205,0.250895,0.30939,0.410099,0.426581,0.27976,0.355605,0.474918,0.651385,0.340665,0.37605,0.537104,0.645467,0.167234,0.183462,0.195775,0.214539,0.27348,0.260665,0.332754,0.337388,0.466956,0.436509,0.541779,0.491729
2026-08-11,0.0376,0.0346,0.250895,0.30939,0.410099,0.426581,0.27976,0.355605,0.474918,0.651385,0.340665,0.37605,0.537104,0.645467,0.168545,0.184527,0.197346,0.215531,0.275624,0.262178,0.335424,0.338948,0.470617,0.439043,0.546126,0.494003
2026-08-12,0.0644,0.0392,0.250895,0.30939,0.410099,0.426581,0.27976,0.355605,0.474918,0.651385,0.340665,0.37605,0.537104,0.645467,0.16367,0.18125,0.191521,0.211505,0.267651,0.257522,0.325523,0.332617,0.457005,0.431246,0.530007,0.484775
2026-08-13,0.2519,0.2445,0.250895,0.30939,0.410099,0.426581,0.27976,0.355605,0.474918,0.651385,0.338075,0.37605,0.537104,0.645467,0.159466,0.178324,0.185935,0.207605,0.260777,0.253365,0.316029,0.326484,0.445266,0.424284,0.514548,0.475836
2026-08-14,-0.15,-0.1737,0.250895,0.30939,0.410099,0.426581,0.27976,0.355605,0.474918,0.651385,0.338075,0.37605,0.537104,0.645467,0.166466,0.182167,0.189959,0.209908,0.272224,0.258825,0.322868,0.330105,0.464812,0.433428,0.525684,0.481115
2026-08-17,-0.0858,-0.1051,0.250895,0.30939,0.410099,0.426581,0.27976,0.355605,0.474918,0.651385,0.338075,0.37605,0.537104,0.645467,0.165524,0.181765,0.189023,0.209187,0.270683,0.258254,0.321278,0.328971,0.462182,0.432471,0.523094,0.479462
2026-08-18,0.0161,0.0621,0.250895,0.30939,0.410099,0.426581,0.27976,0.355605,0.474918,0.651385,0.338075,0.37605,0.537104,0.645467,0.161852,0.179468,0.185064,0.206412,0.264678,0.25499,0.314549,0.324607,0.451929,0.427006,0.512138,0.473102
2026-08-19,0.2786,0.0782,0.250895,0.30939,0.410099,0.426581,0.27976,0.355605,0.474918,0.651385,0.338075,0.37605,0.537104,0.645467,0.156971,0.176198,0.180069,0.202858,0.256697,0.250344,0.306059,0.319018,0.4383,0.419226,0.498315,0.464956
2026-08-20,-0.1874,-0.2915,0.250895,0.30939,0.410099,0.426581,0.27976,0.355605,0.474918,0.651385,0.338075,0.37605,0.537104,0.645467,0.166789,0.181795,0.175631,0.199616,0.272752,0.258297,0.298516,0.31392,0.465714,0.432543,0.486033,0.457525
2026-08-21,-0.1448,-0.1671,0.250895,0.30939,0.410099,0.426581,0.27976,0.355605,0.474918,0.651385,0.338075,0.37605,0.537104,0.645467,0.168097,0.182935,0.184645,0.205399,0.274891,0.259916,0.313931,0.323014,0.469366,0.435255,0.510978,0.47078
2026-08-24,0.1234,0.1368,0.250895,0.30939,0.410099,0.426581,0.27976,0.355605,0.474918,0.651385,0.334425,0.374735,0.537104,0.645467,0.166791,0.182292,0.18364,0.204566,0.272755,0.259003,0.312222,0.321704,0.465719,0.433725,0.508197,0.468871
2026-08-25,0.3212,0.2974,0.250895,0.30939,0.410099,0.426581,0.27976,0.355605,0.474918,0.651385,0.334425,0.374735,0.537104,0.645467,0.16451,0.180532,0.181171,0.202674,0.269025,0.256502,0.308024,0.318729,0.45935,0.429538,0.501365,0.464534
2026-08-26,-0.1069,-0.0742,0.250895,0.30939,0.410099,0.426581,0.27976,0.355605,0.474918,0.651385,0.334425,0.374735,0.537104,0.645467,0.177848,0.188566,0.190159,0.208334,0.290837,0.267917,0.323305,0.32763,0.496593,0.448653,0.526238,0.477507
2026-08-27,-0.0749,-0.1151,0.250895,0.30939,0.410099,0.426581,0.27976,0.355605,0.474918,0.651385,0.334425,0.374735,0.537104,0.645467,0.174407,0.186584,0.18526,0.204977,0.28521,0.265101,0.314976,0.322351,0.486985,0.443937,0.51268,0.469813
2026-08-28,-0.252,-0.1598,0.250895,0.30939,0.410099,0.426581,0.27976,0.355605,0.474918,0.651385,0.334425,0.374735,0.537104,0.645467,0.170086,0.18394,0.181815,0.202558,0.278144,0.261344,0.309119,0.318547,0.47492,0.437646,0.503147,0.464269
2026-08-31,-0.0215,,0.25508,0.30939,0.410099,0.426581,0.27976,0.355605,0.474918,0.651385,0.334425,0.374735,0.537104,0.645467,0.176079,0.188265,,,0.287944,0.267489,,,0.491654,0.447937,,
2026-09-01,-0.2419,,0.25508,,0.410099,,0.27976,,0.474918,,0.334425,,0.537104,,0.170796,0.184887,,,0.279305,0.26269,,,0.476902,0.4399,,
2026-09-02,0.043,,0.25508,,0.410099,,0.27976,,0.474918,,0.334425,,0.537104,,0.175875,0.188536,,,0.28761,0.267874,,,0.491084,0.448582,,
2026-09-03,0.0538,,0.25508,,0.410099,,0.27976,,0.474918,,0.334425,,0.537104,,0.170842,0.185204,,,0.27938,0.26314,,,0.477031,0.440654,,
2026-09-04,0.0161,,0.25508,,0.410099,,0.27976,,0.474918,,0.334425,,0.537104,,0.166161,0.182066,,,0.271725,0.258682,,,0.46396,0.433188,,
