date,ret_tr_pct,sig_uncond,sig_garch,sig_garch_t,sig_ewma,sig_dnorm,m1_var_95,m1_var_99,garch_var_95,garch_var_99,garch_t_var_95,garch_t_var_99,ewma_var_95,ewma_var_99,dnorm_var_95,dnorm_var_99,ret_rmb_pct,rmb_sig_uncond,rmb_sig_garch,rmb_sig_ewma,rmb_sig_dnorm,rmb_m1_var_95,rmb_m1_var_99,rmb_garch_var_95,rmb_garch_var_99,rmb_ewma_var_95,rmb_ewma_var_99,rmb_dnorm_var_95,rmb_dnorm_var_99
2022-08-03,0.2285,0.313518,0.406741,0.405635,0.345792,0.31352,0.515706,0.729338,0.669048,0.946202,0.667228,0.943628,0.568793,0.804415,0.51571,0.729342,0.3262,0.379768,0.498226,0.433216,0.379771,0.62468,0.883454,0.819532,1.159023,0.712598,1.007791,0.624685,0.883462
2022-08-04,0.1846,0.313935,0.403501,0.40149,0.339897,0.313937,0.516391,0.730306,0.663719,0.938664,0.660412,0.933987,0.559097,0.790703,0.516394,0.730311,0.0661,0.380221,0.498548,0.427551,0.380224,0.625425,0.884507,0.820062,1.159773,0.703279,0.994613,0.62543,0.884515
2022-08-05,-0.7185,0.314189,0.399415,0.396329,0.332631,0.314191,0.516809,0.730897,0.656998,0.929159,0.651922,0.921981,0.547144,0.773798,0.516812,0.730902,-0.5379,0.38026,0.498097,0.414843,0.380264,0.62549,0.884599,0.819319,1.158722,0.682375,0.965048,0.625495,0.884607
2022-08-08,0.2401,0.317024,0.412681,0.412794,0.367395,0.317026,0.521472,0.737492,0.678818,0.960019,0.679004,0.960282,0.604328,0.854671,0.521476,0.737497,0.0891,0.381423,0.498855,0.423236,0.381427,0.627403,0.887305,0.820566,1.160486,0.696181,0.984574,0.627409,0.887313
2022-08-09,-0.1091,0.316983,0.409676,0.408962,0.361025,0.316986,0.521406,0.737398,0.673876,0.953029,0.672701,0.951368,0.59385,0.839853,0.52141,0.737404,-0.0795,0.381485,0.498462,0.410923,0.381489,0.627505,0.887448,0.81992,1.159572,0.675927,0.955929,0.62751,0.887457
2022-08-10,0.0055,0.317003,0.40419,0.402295,0.351046,0.317005,0.521438,0.737444,0.664852,0.940267,0.661736,0.93586,0.577435,0.816637,0.521442,0.73745,-0.4323,0.381502,0.497953,0.39888,0.381505,0.627532,0.887487,0.819083,1.158388,0.656118,0.927914,0.627538,0.887495
2022-08-11,-0.0655,0.317015,0.398391,0.395157,0.340354,0.317017,0.521457,0.737471,0.655314,0.926778,0.649994,0.919254,0.559848,0.791765,0.521461,0.737477,0.2538,0.382375,0.498193,0.400964,0.382379,0.628969,0.889519,0.819478,1.158947,0.659545,0.932762,0.628975,0.889528
2022-08-12,0.2617,0.316796,0.392379,0.385604,0.330375,0.316798,0.521097,0.736961,0.645425,0.912792,0.634279,0.897029,0.543434,0.768552,0.521101,0.736967,0.232,0.382756,0.49823,0.393688,0.38276,0.629596,0.890406,0.819538,1.159032,0.647578,0.915837,0.629602,0.890415
2022-08-15,0.1958,0.317356,0.389911,0.381449,0.326662,0.317358,0.522018,0.738264,0.641364,0.907049,0.627446,0.887366,0.537326,0.759914,0.522022,0.73827,0.625,0.383093,0.498176,0.385902,0.383097,0.63015,0.89119,0.819449,1.158906,0.63477,0.897724,0.630156,0.891199
2022-08-16,0.0706,0.316884,0.385792,0.374445,0.320322,0.316887,0.521243,0.737168,0.634589,0.897467,0.615925,0.871073,0.526897,0.745164,0.521247,0.737174,0.3066,0.384741,0.500172,0.404256,0.384745,0.632861,0.895024,0.822733,1.16355,0.66496,0.94042,0.632867,0.895033
2022-08-17,-0.4626,0.316781,0.379464,0.363631,0.311044,0.316784,0.521074,0.736928,0.62418,0.882747,0.598137,0.845915,0.511637,0.723583,0.521078,0.736934,-0.5658,0.385237,0.500361,0.399071,0.385241,0.633677,0.896177,0.823044,1.16399,0.656432,0.928359,0.633683,0.896186
2022-08-18,0.0436,0.317898,0.382591,0.370727,0.322155,0.317901,0.522911,0.739527,0.629324,0.890022,0.609808,0.862421,0.529912,0.749428,0.522916,0.739534,0.1173,0.386571,0.501261,0.410987,0.386575,0.635871,0.89928,0.824523,1.166082,0.676032,0.956078,0.635877,0.899289
2022-08-19,-0.3441,0.317751,0.375847,0.359722,0.312523,0.317753,0.522668,0.739183,0.618231,0.874333,0.591707,0.836822,0.514069,0.727022,0.522673,0.73919,0.1102,0.386576,0.500911,0.399501,0.38658,0.635879,0.899293,0.823948,1.165269,0.657139,0.929359,0.635886,0.899301
2022-08-22,-0.4112,0.317909,0.374211,0.358457,0.314507,0.317911,0.522928,0.739551,0.61554,0.870527,0.589626,0.833879,0.517333,0.731638,0.522932,0.739557,0.0455,0.385863,0.500556,0.38827,0.385867,0.634707,0.897634,0.823364,1.164443,0.638665,0.903232,0.634713,0.897642
2022-08-23,-0.011,0.318757,0.37525,0.361676,0.321131,0.318759,0.524323,0.741524,0.617249,0.872944,0.594921,0.841366,0.528228,0.747046,0.524327,0.74153,-0.011,0.385838,0.500109,0.376607,0.385842,0.634665,0.897575,0.82263,1.163404,0.61948,0.8761,0.634671,0.897583
2022-08-24,-0.0605,0.318692,0.366855,0.350298,0.311359,0.318695,0.524216,0.741373,0.60344,0.853415,0.576205,0.814897,0.512155,0.724316,0.524221,0.741379,0.0927,0.385556,0.499629,0.365144,0.385559,0.634201,0.896918,0.821839,1.162286,0.600625,0.849433,0.634206,0.896927
2022-08-25,0.4225,0.318621,0.356575,0.338347,0.302238,0.318624,0.524099,0.741208,0.58653,0.829501,0.556548,0.787098,0.497151,0.703096,0.524104,0.741214,0.2707,0.385226,0.499236,0.354747,0.38523,0.633659,0.896152,0.821193,1.161372,0.583524,0.825249,0.633664,0.89616
2022-08-26,0.1313,0.319885,0.363796,0.348739,0.310769,0.319888,0.52618,0.74415,0.598407,0.846298,0.573641,0.811271,0.511183,0.722941,0.526184,0.744156,0.4783,0.385636,0.499288,0.350274,0.38564,0.634333,0.897106,0.821279,1.161494,0.576165,0.814841,0.634339,0.897114
2022-08-29,-0.5373,0.319901,0.355859,0.339955,0.303013,0.319904,0.526205,0.744185,0.585353,0.827835,0.559191,0.790836,0.498426,0.704899,0.52621,0.744192,-0.0263,0.386661,0.500247,0.359244,0.386665,0.636019,0.899491,0.822856,1.163725,0.590921,0.83571,0.636025,0.899499
2022-08-30,0.1264,0.321134,0.367233,0.355258,0.321915,0.321137,0.528234,0.747054,0.604061,0.854293,0.584365,0.826438,0.529518,0.748871,0.528238,0.747061,0.1742,0.386654,0.499759,0.34836,0.386657,0.636007,0.899472,0.822054,1.16259,0.573017,0.810389,0.636013,0.899481
2022-08-31,-0.2144,0.321025,0.359722,0.347003,0.31364,0.321028,0.528054,0.7468,0.591707,0.836822,0.570786,0.807234,0.515907,0.729621,0.528059,0.746808,-0.5188,0.386787,0.499521,0.340432,0.38679,0.636225,0.899782,0.821662,1.162036,0.559977,0.791947,0.636231,0.89979
2022-09-01,-0.4743,0.321197,0.352857,0.339933,0.308587,0.3212,0.528337,0.7472,0.580415,0.820852,0.559156,0.790786,0.507595,0.717866,0.528342,0.747208,-0.2191,0.387976,0.500162,0.35368,0.38798,0.638182,0.902549,0.822717,1.163527,0.581768,0.822766,0.638188,0.902558
2022-09-02,0.1712,0.322285,0.359351,0.348852,0.320952,0.322288,0.530126,0.749731,0.591096,0.835957,0.573826,0.811534,0.527934,0.74663,0.530132,0.749739,0.0539,0.388173,0.445703,0.34708,0.388177,0.638505,0.903006,0.733136,1.036838,0.570912,0.807412,0.638512,0.903015
2022-09-06,-0.5368,0.322465,0.353225,0.342405,0.313987,0.322468,0.530423,0.75015,0.58102,0.821708,0.563221,0.796536,0.516478,0.730429,0.530428,0.750158,0.253,0.388176,0.428124,0.336765,0.38818,0.63851,0.903013,0.704222,0.995945,0.553945,0.783417,0.638517,0.903022
2022-09-07,0.3158,0.323925,0.363836,0.355499,0.331605,0.323929,0.532825,0.753548,0.598473,0.846391,0.584761,0.826998,0.545457,0.771413,0.53283,0.753556,0.4854,0.38847,0.418754,0.332335,0.388474,0.638995,0.903698,0.688809,0.974148,0.546658,0.773112,0.639001,0.903708
2022-09-08,-0.1218,0.324729,0.363697,0.355708,0.330678,0.324733,0.534147,0.755417,0.598245,0.846068,0.585104,0.827483,0.543933,0.769257,0.534153,0.755425,-0.2482,0.389707,0.426098,0.343448,0.389711,0.641029,0.906575,0.700889,0.991232,0.564938,0.798964,0.641035,0.906584
2022-09-09,0.0277,0.324558,0.355604,0.347056,0.32199,0.324562,0.533866,0.75502,0.584933,0.827241,0.570873,0.807357,0.529641,0.749045,0.533871,0.755028,-0.4363,0.389949,0.416306,0.33849,0.389953,0.641427,0.907139,0.684781,0.968452,0.556782,0.787429,0.641434,0.907148
2022-09-12,0.0,0.324166,0.346916,0.337684,0.312254,0.32417,0.533221,0.754108,0.570643,0.807032,0.555457,0.785555,0.513627,0.726397,0.533227,0.754116,0.0361,0.390746,0.416942,0.345141,0.39075,0.642739,0.908993,0.685828,0.969933,0.567723,0.802902,0.642745,0.909003
2022-09-13,-0.3161,0.32405,0.33768,0.327763,0.302742,0.324054,0.533031,0.753839,0.55545,0.785545,0.539137,0.762475,0.49798,0.704268,0.533036,0.753847,-0.345,0.390169,0.404504,0.334744,0.390173,0.64179,0.907651,0.665369,0.940998,0.55062,0.778714,0.641796,0.90766
2022-09-14,-0.2502,0.324324,0.335328,0.326208,0.30356,0.324327,0.53348,0.754474,0.551581,0.780073,0.536579,0.758857,0.499326,0.706171,0.533485,0.754481,0.2784,0.390399,0.400528,0.335368,0.390403,0.642168,0.908186,0.658829,0.931749,0.551647,0.780166,0.642174,0.908194
2022-09-15,-0.1058,0.324051,0.330006,0.321219,0.300625,0.324054,0.533032,0.75384,0.542827,0.767693,0.528372,0.747251,0.494499,0.699345,0.533037,0.753848,0.3557,0.390845,0.395503,0.332225,0.390849,0.642901,0.909223,0.650564,0.92006,0.546478,0.772856,0.642907,0.909231
2022-09-16,-0.0948,0.323857,0.320603,0.311489,0.292617,0.32386,0.532712,0.753389,0.527359,0.745818,0.512368,0.724617,0.481326,0.680715,0.532718,0.753396,-0.288,0.391065,0.394739,0.33368,0.391069,0.643263,0.909735,0.649306,0.918281,0.548871,0.776241,0.643269,0.909743
2022-09-19,-0.134,0.323817,0.310497,0.301202,0.284651,0.323821,0.532647,0.753297,0.510736,0.722308,0.495447,0.700686,0.468223,0.662185,0.532653,0.753304,0.225,0.391091,0.389169,0.331117,0.391095,0.643306,0.909795,0.640145,0.905325,0.544655,0.770278,0.643312,0.909804
2022-09-20,-0.2237,0.323764,0.300525,0.291418,0.277925,0.323767,0.532559,0.753171,0.494334,0.699112,0.479353,0.677925,0.457159,0.646537,0.532564,0.753179,-0.044,0.391398,0.382753,0.325727,0.391402,0.64381,0.910509,0.62959,0.890398,0.535788,0.757738,0.643816,0.910517
2022-09-21,0.1007,0.323884,0.293633,0.28548,0.274973,0.323887,0.532757,0.753451,0.482997,0.683078,0.469585,0.664111,0.452303,0.63967,0.532762,0.753459,0.5315,0.391382,0.37214,0.315988,0.391385,0.643784,0.910471,0.612133,0.865709,0.519768,0.735082,0.64379,0.91048
2022-09-22,-0.7129,0.324026,0.284308,0.2768,0.267735,0.324029,0.53299,0.753781,0.467658,0.661385,0.455309,0.643921,0.440397,0.622832,0.532995,0.753788,-0.298,0.392915,0.385132,0.332877,0.392919,0.646306,0.914039,0.633503,0.895932,0.547549,0.774371,0.646312,0.914047
2022-09-23,-0.1917,0.326692,0.329999,0.323481,0.312849,0.326694,0.537375,0.759982,0.542815,0.767676,0.532094,0.752514,0.514606,0.727781,0.53738,0.759989,0.5039,0.393306,0.380959,0.330888,0.393309,0.646949,0.914947,0.62664,0.886226,0.544277,0.769744,0.646954,0.914955
2022-09-26,-0.9128,0.326241,0.323673,0.317061,0.306932,0.326244,0.536634,0.758934,0.53241,0.752961,0.521534,0.737579,0.504872,0.714015,0.536639,0.758941,-0.7474,0.393976,0.389837,0.343733,0.393979,0.648051,0.916506,0.641243,0.906878,0.565406,0.799626,0.648056,0.916513
2022-09-27,-0.451,0.330684,0.371104,0.367347,0.372219,0.330687,0.543942,0.769269,0.610429,0.8633,0.604249,0.85456,0.612263,0.865893,0.543946,0.769276,0.0743,0.396688,0.41326,0.380236,0.396692,0.652513,0.922816,0.679772,0.961367,0.625451,0.884544,0.652518,0.922824
2022-09-28,0.5534,0.331619,0.373472,0.370327,0.37741,0.331622,0.54548,0.771445,0.614325,0.868809,0.609151,0.861492,0.620801,0.877969,0.545485,0.771452,0.8734,0.396557,0.40539,0.369102,0.39656,0.652296,0.92251,0.666826,0.943059,0.607135,0.858641,0.652301,0.922517
2022-09-29,-0.3648,0.333549,0.385493,0.383908,0.390214,0.333553,0.548655,0.775936,0.634098,0.896773,0.63149,0.893084,0.641863,0.907755,0.548661,0.775943,-1.4739,0.400288,0.437694,0.416931,0.400291,0.658433,0.931189,0.719963,1.018208,0.68581,0.969907,0.658439,0.931197
2022-09-30,-0.16,0.334118,0.383992,0.382183,0.388736,0.334122,0.549591,0.77726,0.631629,0.893281,0.628653,0.889072,0.639432,0.904317,0.549596,0.777267,-0.2457,0.410773,0.515747,0.541982,0.410776,0.67568,0.95558,0.848353,1.199783,0.891506,1.260813,0.675685,0.955587
2022-10-03,0.485,0.334066,0.377633,0.374649,0.378926,0.334069,0.549505,0.777137,0.621168,0.878487,0.61626,0.871546,0.623295,0.881495,0.54951,0.777145,0.44,0.41054,0.51544,0.528906,0.410543,0.675297,0.955039,0.847848,1.199069,0.869998,1.230395,0.675302,0.955046
2022-10-04,0.0,0.335806,0.385176,0.383153,0.386113,0.335809,0.552367,0.781186,0.633577,0.896036,0.630248,0.891328,0.635117,0.898214,0.552373,0.781193,0.0,0.41156,0.5161,0.523998,0.411563,0.676975,0.957412,0.848933,1.200604,0.861924,1.218976,0.67698,0.957418
2022-10-05,-0.1367,0.335536,0.378143,0.374835,0.37435,0.335539,0.551923,0.780557,0.622008,0.879675,0.616566,0.871979,0.615769,0.870851,0.551927,0.780563,-0.1367,0.411402,0.515621,0.508035,0.411405,0.676715,0.957045,0.848144,1.199488,0.835666,1.181841,0.67672,0.957051
2022-10-06,-0.2389,0.334917,0.371678,0.367357,0.364487,0.334919,0.550904,0.779116,0.611373,0.864635,0.604266,0.854583,0.599545,0.847907,0.550909,0.779123,-0.2389,0.410801,0.515247,0.493695,0.410804,0.675726,0.955646,0.84753,1.19862,0.812078,1.148482,0.675731,0.955652
2022-10-07,-0.2768,0.335113,0.36693,0.362075,0.358196,0.335116,0.551228,0.779574,0.603563,0.85359,0.595576,0.842294,0.589197,0.833272,0.551233,0.779581,-0.2768,0.411022,0.514938,0.482218,0.411024,0.676089,0.956159,0.847022,1.197901,0.793201,1.121785,0.676094,0.956166
2022-10-11,-0.5386,0.335206,0.363139,0.357961,0.353841,0.335209,0.551381,0.779791,0.597327,0.844769,0.58881,0.832724,0.582033,0.82314,0.551386,0.779798,0.2124,0.411112,0.513813,0.472419,0.411115,0.676239,0.956371,0.84517,1.195282,0.777082,1.098988,0.676243,0.956377
2022-10-12,0.0116,0.336503,0.370265,0.366502,0.367555,0.336505,0.553513,0.782806,0.609049,0.861347,0.60286,0.852594,0.604591,0.855043,0.553518,0.782813,0.1246,0.411238,0.510924,0.460973,0.411241,0.676445,0.956663,0.840418,1.188562,0.758254,1.072361,0.67645,0.956669
2022-10-13,-0.4539,0.336417,0.36343,0.3587,0.356369,0.33642,0.553373,0.782608,0.597805,0.845446,0.590025,0.834443,0.586191,0.829021,0.553377,0.782614,-0.4818,0.411281,0.507593,0.44797,0.411284,0.676516,0.956763,0.834939,1.180813,0.736867,1.042114,0.676521,0.956769
2022-10-14,-0.333,0.337333,0.366134,0.362125,0.362961,0.337336,0.554879,0.784738,0.602254,0.851738,0.59566,0.842412,0.597034,0.844355,0.554884,0.784745,-0.0614,0.411809,0.507613,0.450072,0.411812,0.677385,0.957991,0.834973,1.18086,0.740323,1.047002,0.677389,0.957998
2022-10-17,-0.2285,0.337758,0.363929,0.359872,0.361233,0.337761,0.555578,0.785726,0.598627,0.846608,0.591954,0.837171,0.594192,0.840336,0.555583,0.785733,-0.1576,0.411627,0.476903,0.43662,0.411629,0.677085,0.957567,0.784458,1.109419,0.718196,1.015709,0.677089,0.957574
2022-10-18,0.0879,0.337096,0.358898,0.354318,0.354673,0.337099,0.554489,0.784186,0.590352,0.834906,0.582817,0.824249,0.583401,0.825075,0.554494,0.784193,0.1643,0.411377,0.468503,0.425075,0.41138,0.676674,0.956986,0.770641,1.089879,0.699206,0.988853,0.676678,0.956992
2022-10-19,-0.5288,0.337105,0.352878,0.347516,0.344541,0.337108,0.554504,0.784207,0.58045,0.820901,0.571629,0.808427,0.566736,0.801506,0.554509,0.784214,-0.1421,0.411535,0.461771,0.414086,0.411538,0.676934,0.957354,0.759567,1.074218,0.68113,0.963289,0.676938,0.95736
2022-10-20,-0.5553,0.338375,0.359934,0.356016,0.358279,0.338378,0.556593,0.787161,0.592055,0.837314,0.585611,0.828201,0.589333,0.833465,0.556598,0.787168,-0.7644,0.408182,0.454486,0.402978,0.408185,0.671418,0.949554,0.747585,1.057272,0.662858,0.937447,0.671423,0.94956
2022-10-21,-0.1363,0.339778,0.367839,0.365219,0.373046,0.339781,0.558901,0.790426,0.605058,0.855703,0.600748,0.849608,0.613624,0.867818,0.558906,0.790432,0.2373,0.410754,0.468646,0.43325,0.410756,0.675649,0.955537,0.770876,1.090212,0.712654,1.00787,0.675653,0.955542
2022-10-24,-0.196,0.339759,0.361341,0.357975,0.36322,0.339762,0.55887,0.790382,0.59437,0.840587,0.588833,0.832757,0.59746,0.844958,0.558875,0.790389,0.1212,0.41095,0.463641,0.424054,0.410952,0.675972,0.955993,0.762642,1.078567,0.697527,0.986478,0.675976,0.955999
2022-10-25,0.2434,0.339323,0.355661,0.351719,0.355412,0.339326,0.558153,0.789368,0.585027,0.827375,0.578543,0.818204,0.584617,0.826795,0.558158,0.789374,0.3246,0.410977,0.494823,0.412207,0.410979,0.676016,0.956056,0.813935,1.151108,0.678039,0.958916,0.67602,0.956061
2022-10-26,0.3019,0.339778,0.353703,0.349575,0.349704,0.339781,0.5589,0.790425,0.581806,0.82282,0.575017,0.813217,0.575229,0.813518,0.558905,0.790432,-1.0527,0.411477,0.454303,0.407482,0.41148,0.676839,0.957219,0.747283,1.056845,0.670267,0.947925,0.676843,0.957225
2022-10-27,0.4012,0.340439,0.35396,0.349946,0.347022,0.340442,0.559988,0.791963,0.582229,0.823417,0.575626,0.81408,0.570816,0.807277,0.559993,0.79197,1.1362,0.416665,0.507025,0.471773,0.416668,0.685373,0.969289,0.834006,1.179493,0.776019,1.097485,0.685377,0.969294
2022-10-28,-0.2771,0.340932,0.358658,0.355219,0.350509,0.340935,0.560799,0.79311,0.589957,0.834346,0.5843,0.826347,0.576552,0.815389,0.560803,0.793116,0.0822,0.421998,0.524441,0.535418,0.422,0.694144,0.981694,0.862653,1.220008,0.880709,1.245543,0.694148,0.981699
2022-10-31,-0.3608,0.341112,0.354985,0.351333,0.346543,0.341115,0.561095,0.793529,0.583916,0.825803,0.577908,0.817306,0.570029,0.806163,0.5611,0.793536,0.3936,0.421914,0.521223,0.519497,0.421916,0.694007,0.981499,0.857359,1.21252,0.854521,1.208506,0.69401,0.981504
2022-11-01,-0.0119,0.3414,0.354009,0.350529,0.347415,0.341403,0.56157,0.7942,0.58231,0.823531,0.576584,0.815435,0.571463,0.808192,0.561574,0.794207,-0.4482,0.422129,0.520302,0.512816,0.422131,0.69436,0.981999,0.855845,1.210379,0.843531,1.192963,0.694363,0.982003
2022-11-02,-0.0415,0.341363,0.347227,0.342989,0.336844,0.341366,0.561508,0.794113,0.571154,0.807755,0.564183,0.797896,0.554075,0.7836,0.561513,0.79412,0.1783,0.422669,0.519712,0.50917,0.42267,0.695248,0.983254,0.854875,1.209007,0.837534,1.184482,0.695251,0.983258
2022-11-03,-0.3683,0.341306,0.340292,0.335238,0.326741,0.341309,0.561415,0.793981,0.559746,0.791621,0.551433,0.779864,0.537456,0.760097,0.56142,0.793988,-0.2175,0.422813,0.516806,0.495587,0.422814,0.695485,0.983589,0.850095,1.202247,0.815191,1.152884,0.695487,0.983593
2022-11-04,-0.0833,0.341796,0.340023,0.33541,0.329382,0.341799,0.562221,0.795121,0.559304,0.790996,0.551715,0.780263,0.5418,0.766241,0.562225,0.795127,-0.0888,0.423001,0.513984,0.483434,0.423003,0.695794,0.984027,0.845452,1.195681,0.795201,1.124612,0.695797,0.984031
2022-11-07,-0.0238,0.341073,0.333069,0.327605,0.319999,0.341076,0.561031,0.793438,0.547866,0.774819,0.538877,0.762107,0.526366,0.744413,0.561036,0.793446,-1.0289,0.42291,0.51064,0.469211,0.422912,0.695644,0.983815,0.839952,1.187902,0.771805,1.091526,0.695647,0.983819
2022-11-08,0.4161,0.34076,0.32587,0.319393,0.310305,0.340763,0.560517,0.792711,0.536023,0.75807,0.52537,0.743005,0.510421,0.721863,0.560522,0.792718,0.7187,0.427584,0.522886,0.520065,0.427586,0.703333,0.994689,0.860095,1.21639,0.855455,1.209827,0.703336,0.994692
2022-11-09,0.3612,0.341619,0.33389,0.328961,0.317648,0.341621,0.561928,0.794707,0.549216,0.776728,0.541108,0.765262,0.522499,0.738945,0.561933,0.794713,0.2452,0.429225,0.52765,0.534071,0.429227,0.706033,0.998507,0.867931,1.227472,0.878493,1.242408,0.706035,0.99851
2022-11-10,1.0232,0.342603,0.337743,0.333467,0.320428,0.342605,0.563547,0.796996,0.555554,0.785692,0.548521,0.775745,0.527072,0.745412,0.563551,0.797002,0.2453,0.429502,0.52522,0.521272,0.429504,0.706489,0.999152,0.863934,1.221819,0.857441,1.212636,0.70649,0.999154
2022-11-14,0.9144,0.348808,0.391719,0.391216,0.399162,0.348811,0.573755,0.811433,0.644339,0.911256,0.643512,0.910086,0.656581,0.92857,0.573758,0.811438,-0.671,0.428926,0.522793,0.508952,0.428927,0.70554,0.99781,0.859942,1.216173,0.837174,1.183974,0.705542,0.997813
2022-11-15,0.6472,0.353961,0.423918,0.432829,0.447144,0.353963,0.58223,0.823418,0.697303,0.98616,0.711961,1.006891,0.735507,1.040191,0.582234,0.823424,0.2646,0.430933,0.525788,0.5201,0.430934,0.708842,1.00248,0.864869,1.223141,0.855513,1.209909,0.708843,1.002481
2022-11-16,0.4483,0.356723,0.437136,0.452213,0.461599,0.356726,0.586774,0.829846,0.719044,1.016908,0.743846,1.051984,0.759284,1.073818,0.586779,0.829852,1.1894,0.431284,0.523554,0.508404,0.431285,0.709419,1.003295,0.861193,1.217943,0.836274,1.182701,0.70942,1.003297
2022-11-17,-0.3446,0.358138,0.439448,0.454497,0.460812,0.358141,0.589102,0.833137,0.722847,1.022287,0.747602,1.057296,0.75799,1.071987,0.589106,0.833143,0.4792,0.437909,0.536212,0.572579,0.43791,0.720316,1.018707,0.882015,1.247389,0.941835,1.33199,0.720317,1.018709
2022-11-18,-0.265,0.35776,0.435744,0.448365,0.454678,0.357762,0.588479,0.832256,0.716755,1.013671,0.737515,1.043031,0.747899,1.057717,0.588483,0.832263,-0.768,0.438938,0.536904,0.56741,0.438939,0.722009,1.021102,0.883153,1.249,0.933332,1.319965,0.722011,1.021104
2022-11-21,0.0173,0.357718,0.430422,0.43978,0.44558,0.35772,0.58841,0.832158,0.708002,1.001291,0.723394,1.02306,0.732934,1.036552,0.588414,0.832165,0.6446,0.441139,0.538529,0.5814,0.44114,0.725629,1.026221,0.885826,1.252779,0.956345,1.352511,0.725631,1.026224
2022-11-22,0.2765,0.35756,0.423438,0.428862,0.432026,0.357563,0.588151,0.831792,0.696514,0.985045,0.705434,0.997661,0.71064,1.005023,0.588155,0.831798,-0.0759,0.442987,0.540008,0.585384,0.442989,0.72867,1.030522,0.888259,1.256221,0.962899,1.36178,0.728672,1.030525
2022-11-23,0.4076,0.357804,0.420687,0.424334,0.424305,0.357807,0.588552,0.83236,0.691988,0.978644,0.697987,0.987128,0.69794,0.987062,0.588557,0.832367,0.6762,0.44249,0.539614,0.567856,0.442491,0.727852,1.029365,0.887612,1.255305,0.934066,1.321003,0.727854,1.029368
2022-11-25,0.4744,0.358774,0.421842,0.425448,0.423322,0.358777,0.590148,0.834617,0.693887,0.98133,0.69982,0.98972,0.696322,0.984773,0.590153,0.834623,0.561,0.444528,0.541252,0.574932,0.444529,0.731204,1.034105,0.890306,1.259115,0.945706,1.337465,0.731206,1.034109
2022-11-28,0.0684,0.359882,0.425339,0.429902,0.426559,0.359885,0.59197,0.837193,0.69964,0.989466,0.707146,1.000081,0.701647,0.992304,0.591974,0.8372,0.6696,0.445707,0.542239,0.574106,0.445708,0.733143,1.036848,0.891929,1.261411,0.944347,1.335543,0.733145,1.036851
2022-11-29,-0.0114,0.358435,0.419386,0.420993,0.413903,0.358437,0.58959,0.833827,0.689849,0.975618,0.692492,0.979357,0.68083,0.962864,0.589594,0.833833,-0.7159,0.44669,0.543759,0.580279,0.446691,0.734761,1.039135,0.894429,1.264946,0.954501,1.349903,0.734762,1.039137
2022-11-30,0.6079,0.358291,0.413303,0.412304,0.401304,0.358294,0.589353,0.833493,0.679843,0.961468,0.678199,0.959143,0.660105,0.933554,0.589357,0.833499,-0.3595,0.448577,0.545104,0.589297,0.448578,0.737865,1.043526,0.896642,1.268076,0.969335,1.370882,0.737866,1.043527
2022-12-01,0.9078,0.360357,0.422613,0.424658,0.416599,0.36036,0.592752,0.838299,0.695156,0.983125,0.698519,0.987881,0.685264,0.969134,0.592756,0.838305,0.2638,0.449021,0.545116,0.578091,0.449022,0.738595,1.044558,0.896662,1.268104,0.950902,1.344813,0.738596,1.04456
2022-12-02,0.2411,0.36537,0.449574,0.460223,0.461072,0.365372,0.600996,0.849959,0.739505,1.045844,0.75702,1.070616,0.758418,1.072592,0.601,0.849964,-0.0917,0.449335,0.545062,0.564193,0.449335,0.739111,1.045287,0.896573,1.267978,0.92804,1.312481,0.739112,1.045289
2022-12-05,-0.3084,0.365747,0.44466,0.453412,0.45091,0.365749,0.601617,0.850836,0.731421,1.034412,0.745817,1.054772,0.741702,1.048952,0.60162,0.850841,-1.1382,0.449362,0.544687,0.547466,0.449362,0.739155,1.04535,0.895956,1.267106,0.900527,1.27357,0.739156,1.045352
2022-12-06,0.2524,0.365178,0.44068,0.44805,0.443652,0.36518,0.600681,0.849514,0.724875,1.025154,0.736997,1.042298,0.729764,1.032069,0.600685,0.849519,0.7182,0.454408,0.548745,0.599555,0.454409,0.747456,1.05709,0.90263,1.276545,0.986208,1.394744,0.747457,1.057092
2022-12-07,0.3858,0.365372,0.436785,0.442195,0.434557,0.365375,0.601001,0.849965,0.718468,1.016093,0.727367,1.028679,0.714804,1.010911,0.601005,0.849971,0.0521,0.456426,0.550515,0.607327,0.456427,0.750775,1.061784,0.905541,1.280662,0.998993,1.412826,0.750777,1.061786
2022-12-08,-0.0949,0.366359,0.436516,0.441347,0.431787,0.366362,0.602625,0.852262,0.718025,1.015468,0.725972,1.026706,0.710247,1.004467,0.602629,0.852268,-0.171,0.456126,0.550164,0.588964,0.456127,0.750282,1.061086,0.904965,1.279847,0.968787,1.370107,0.750283,1.061088
2022-12-09,-0.3245,0.366365,0.430413,0.432435,0.419278,0.366368,0.602635,0.852276,0.707987,1.00127,0.711313,1.005974,0.689671,0.975367,0.602639,0.852282,-0.4538,0.45545,0.549849,0.572556,0.455451,0.749169,1.059513,0.904446,1.279113,0.941797,1.331937,0.749171,1.059515
2022-12-12,-0.0617,0.366529,0.427695,0.428441,0.414204,0.366531,0.602903,0.852656,0.703516,0.994948,0.704742,0.996681,0.681323,0.963562,0.602907,0.852661,0.2455,0.454076,0.550078,0.566134,0.454077,0.74691,1.056317,0.904823,1.279646,0.931233,1.316997,0.746911,1.056319
2022-12-13,0.4309,0.366459,0.422003,0.420154,0.40187,0.366461,0.602788,0.852493,0.694153,0.981705,0.691111,0.977403,0.661035,0.934869,0.602792,0.852498,-0.0619,0.454352,0.550082,0.552171,0.454352,0.747363,1.056958,0.90483,1.279656,0.908266,1.284516,0.747364,1.05696
2022-12-14,0.2899,0.367086,0.423609,0.422157,0.40367,0.367088,0.60382,0.853953,0.696795,0.985443,0.694406,0.982063,0.663997,0.939058,0.603824,0.853958,0.3878,0.454064,0.549634,0.535564,0.454065,0.746891,1.05629,0.904093,1.278614,0.88095,1.245884,0.746892,1.056292
2022-12-15,0.0835,0.367661,0.421396,0.418838,0.397763,0.367662,0.604765,0.855289,0.693155,0.980295,0.688947,0.974344,0.65428,0.925315,0.604768,0.855293,0.3967,0.45472,0.549945,0.527866,0.45472,0.747968,1.057814,0.904604,1.279337,0.868287,1.227975,0.747969,1.057816
2022-12-16,-0.1113,0.367676,0.415259,0.411438,0.386187,0.367678,0.60479,0.855325,0.683059,0.966016,0.676774,0.957128,0.635239,0.898387,0.604793,0.855329,-0.1228,0.455346,0.550274,0.520929,0.455347,0.748999,1.059272,0.905145,1.280102,0.856875,1.211836,0.749,1.059273
2022-12-19,-0.3794,0.367464,0.409156,0.40404,0.375414,0.367465,0.604441,0.854831,0.673021,0.95182,0.664606,0.939919,0.617518,0.873325,0.604444,0.854835,-0.2876,0.455272,0.548507,0.505954,0.455272,0.748876,1.059099,0.902239,1.275991,0.832244,1.177001,0.748877,1.059099
2022-12-20,-0.2799,0.367947,0.408061,0.402922,0.375654,0.367948,0.605236,0.855954,0.671219,0.949272,0.662766,0.937317,0.617913,0.873884,0.605238,0.855958,-0.5267,0.455376,0.546246,0.495573,0.455377,0.749049,1.059342,0.89852,1.270732,0.815168,1.152852,0.749049,1.059343
2022-12-21,-0.0112,0.368224,0.404448,0.398591,0.370607,0.368226,0.605691,0.856599,0.665276,0.940867,0.655643,0.927243,0.609612,0.862143,0.605694,0.856603,0.2901,0.456517,0.546509,0.497496,0.456517,0.750924,1.061995,0.898952,1.271343,0.818331,1.157324,0.750925,1.061996
2022-12-22,-0.0168,0.36822,0.398122,0.390633,0.359327,0.368222,0.605685,0.85659,0.654871,0.926152,0.642552,0.908729,0.591058,0.835903,0.605688,0.856594,0.0104,0.456825,0.544423,0.487546,0.456826,0.751432,1.062713,0.895521,1.266491,0.801965,1.134179,0.751433,1.062714
2022-12-23,-0.2358,0.36818,0.391742,0.382241,0.348405,0.368182,0.60562,0.856497,0.644377,0.91131,0.628748,0.889206,0.573092,0.810495,0.605623,0.856502,-0.1628,0.456825,0.541266,0.472701,0.456826,0.751432,1.062712,0.890329,1.259148,0.777545,1.099643,0.751433,1.062714
2022-12-27,0.0,0.368257,0.387274,0.37635,0.342694,0.368259,0.605746,0.856677,0.637027,0.900915,0.619058,0.875503,0.563697,0.797209,0.605749,0.856681,-0.4015,0.456782,0.538384,0.460032,0.456783,0.751361,1.062613,0.885589,1.252444,0.756706,1.070172,0.751362,1.062614
2022-12-28,-0.4055,0.368257,0.380635,0.366585,0.332254,0.368259,0.605746,0.856677,0.626106,0.88547,0.602996,0.852788,0.546525,0.772923,0.605749,0.856681,-0.1558,0.457449,0.537254,0.456731,0.45745,0.752458,1.064164,0.883729,1.249814,0.751278,1.062494,0.75246,1.064166
2022-12-29,0.2368,0.368885,0.381063,0.368403,0.337098,0.368887,0.60678,0.858138,0.62681,0.886466,0.605986,0.857016,0.554492,0.784191,0.606783,0.858143,0.023,0.457532,0.534386,0.444459,0.457533,0.752594,1.064357,0.879012,1.243143,0.731091,1.033945,0.752596,1.064358
2022-12-30,-0.2029,0.369188,0.377713,0.364081,0.331936,0.36919,0.607277,0.858842,0.6213,0.878674,0.598877,0.846962,0.546001,0.772182,0.60728,0.858846,-1.1452,0.457357,0.531312,0.430956,0.457358,0.752307,1.06395,0.873955,1.235991,0.708879,1.002533,0.752308,1.063952
2023-01-03,0.2648,0.368859,0.372328,0.355987,0.325639,0.368861,0.606736,0.858076,0.612443,0.866147,0.585563,0.828132,0.535643,0.757533,0.606739,0.858081,0.5008,0.462466,0.544622,0.503258,0.462466,0.76071,1.075834,0.895849,1.266954,0.827809,1.170729,0.760711,1.075836
2023-01-04,0.3857,0.369385,0.36981,0.353127,0.322312,0.369387,0.607601,0.8593,0.608301,0.86029,0.580859,0.82148,0.530172,0.749795,0.607604,0.859304,0.0089,0.463626,0.544853,0.503111,0.463627,0.762618,1.078533,0.896228,1.267491,0.827567,1.170387,0.762619,1.078534
2023-01-05,0.0113,0.369232,0.372075,0.358466,0.326463,0.369234,0.60735,0.858945,0.612027,0.865559,0.58964,0.833899,0.536999,0.759451,0.607354,0.85895,-0.0977,0.461038,0.54174,0.487789,0.461039,0.758361,1.072513,0.891109,1.260251,0.802364,1.134743,0.758363,1.072515
2023-01-06,0.5914,0.36922,0.364892,0.3475,0.31653,0.369222,0.60733,0.858916,0.600212,0.848849,0.571603,0.80839,0.52066,0.736343,0.607333,0.858921,-0.0356,0.460648,0.538698,0.473534,0.460649,0.757721,1.071607,0.886104,1.253173,0.778916,1.101582,0.757722,1.071608
2023-01-09,0.3756,0.37119,0.378825,0.369425,0.339359,0.371192,0.610571,0.8635,0.62313,0.881261,0.607666,0.859392,0.558212,0.789452,0.610574,0.863504,-0.6092,0.460103,0.535679,0.459191,0.460104,0.756823,1.070337,0.881138,1.246149,0.755323,1.068216,0.756824,1.070339
2023-01-10,-0.2745,0.371653,0.37998,0.371513,0.341642,0.371655,0.611332,0.864576,0.625028,0.883947,0.611101,0.86425,0.561967,0.794762,0.611335,0.86458,-0.1712,0.461643,0.537092,0.469545,0.461644,0.759356,1.07392,0.883462,1.249436,0.772355,1.092303,0.759358,1.073922
2023-01-11,0.3025,0.37187,0.376565,0.367507,0.33799,0.371872,0.611689,0.865082,0.619412,0.876004,0.604512,0.854931,0.55596,0.786266,0.611692,0.865085,0.1992,0.461517,0.534389,0.457168,0.461518,0.759149,1.073626,0.879016,1.243148,0.751996,1.06351,0.75915,1.073628
2023-01-12,0.4632,0.372495,0.375213,0.366244,0.335966,0.372497,0.612718,0.866536,0.617188,0.872858,0.602435,0.851993,0.552631,0.781559,0.61272,0.86654,-0.0329,0.461701,0.53197,0.445919,0.461702,0.759451,1.074054,0.875037,1.237521,0.733492,1.03734,0.759453,1.074056
2023-01-13,-0.156,0.373742,0.380195,0.373082,0.344926,0.373743,0.614767,0.869435,0.625383,0.884448,0.613683,0.867902,0.56737,0.802402,0.614771,0.869439,-0.6844,0.461675,0.528977,0.432409,0.461676,0.759409,1.073994,0.870114,1.230559,0.71127,1.005914,0.759411,1.073996
2023-01-17,0.0725,0.373787,0.374652,0.366366,0.336595,0.373789,0.614842,0.86954,0.616265,0.871552,0.602636,0.852277,0.553665,0.78302,0.614845,0.869544,1.1309,0.463115,0.531564,0.451512,0.463116,0.761777,1.077343,0.87437,1.236578,0.742692,1.050353,0.761779,1.077346
2023-01-18,0.6996,0.373819,0.368468,0.358658,0.326823,0.373821,0.614895,0.869616,0.606093,0.857167,0.589957,0.834347,0.537592,0.760289,0.614899,0.86962,0.4201,0.468729,0.544644,0.518042,0.46873,0.771012,1.090403,0.895884,1.267004,0.852127,1.205121,0.771013,1.090406
2023-01-19,0.1217,0.374922,0.387381,0.38221,0.360238,0.374924,0.616709,0.872181,0.637203,0.901164,0.628698,0.889136,0.592555,0.838021,0.616713,0.872186,0.4233,0.467339,0.543894,0.512693,0.467341,0.768727,1.087172,0.894651,1.265261,0.843329,1.192679,0.768728,1.087174
2023-01-20,-0.2989,0.37312,0.382165,0.376062,0.350533,0.373123,0.613745,0.86799,0.628623,0.889031,0.618585,0.874833,0.576592,0.815446,0.613749,0.867995,-0.1705,0.466461,0.543209,0.507774,0.466462,0.767281,1.085127,0.893525,1.263668,0.835237,1.181234,0.767283,1.085131
2023-01-23,0.0,0.372932,0.379581,0.373267,0.347652,0.372934,0.613436,0.867552,0.624373,0.88302,0.613987,0.868331,0.571852,0.808742,0.61344,0.867557,0.109,0.466443,0.540527,0.494073,0.466445,0.767253,1.085087,0.889113,1.257428,0.812701,1.149363,0.767255,1.08509
2023-01-24,0.0,0.372753,0.373413,0.365856,0.337061,0.372755,0.613141,0.867135,0.614227,0.868671,0.601797,0.851091,0.554431,0.784104,0.613145,0.867141,0.0,0.46646,0.537745,0.479765,0.466462,0.76728,1.085127,0.884537,1.250956,0.789166,1.116078,0.767283,1.08513
2023-01-25,0.0,0.372081,0.367071,0.358074,0.326792,0.372084,0.612037,0.865573,0.603795,0.853916,0.588996,0.832987,0.537541,0.760217,0.612041,0.865579,0.0,0.466089,0.534805,0.46515,0.46609,0.766669,1.084262,0.879701,1.244118,0.765125,1.082078,0.766672,1.084266
2023-01-26,-0.0222,0.372006,0.360478,0.349866,0.316837,0.372009,0.611913,0.865398,0.59295,0.83858,0.575494,0.813892,0.521165,0.737058,0.611918,0.865404,-0.0222,0.465756,0.53193,0.450979,0.465758,0.766122,1.083488,0.874972,1.237429,0.741816,1.049113,0.766125,1.083492
2023-01-27,-0.0776,0.371988,0.353547,0.341018,0.307233,0.371991,0.611884,0.865357,0.58155,0.822457,0.560941,0.79331,0.505368,0.714716,0.611888,0.865363,-0.0776,0.465646,0.529072,0.437275,0.465648,0.765942,1.083233,0.87027,1.23078,0.719273,1.017232,0.765944,1.083237
2023-01-30,-0.1666,0.371308,0.346438,0.33178,0.298479,0.37131,0.610764,0.863773,0.569857,0.80592,0.545745,0.77182,0.490969,0.694353,0.610768,0.863779,-0.7545,0.464729,0.526278,0.424379,0.46473,0.764432,1.081098,0.865675,1.224281,0.698062,0.987234,0.764434,1.081102
2023-01-31,0.344,0.371232,0.340114,0.323827,0.29225,0.371235,0.61064,0.863598,0.559454,0.791208,0.532663,0.753318,0.480721,0.67986,0.610644,0.863603,0.4018,0.463684,0.529967,0.451052,0.463685,0.762714,1.078669,0.871742,1.232862,0.741936,1.049283,0.762716,1.078672
2023-02-01,0.4256,0.371951,0.341731,0.32774,0.29561,0.371954,0.611822,0.86527,0.562113,0.794969,0.539099,0.762421,0.486249,0.687678,0.611826,0.865276,0.227,0.464396,0.529157,0.44825,0.464397,0.763885,1.080324,0.870411,1.230978,0.737326,1.042763,0.763887,1.080327
2023-02-02,0.1433,0.373054,0.347494,0.336594,0.304976,0.373056,0.613636,0.867835,0.571593,0.808376,0.553664,0.783019,0.501655,0.709466,0.61364,0.867841,-0.0646,0.464613,0.527014,0.438137,0.464614,0.764242,1.080829,0.866885,1.225993,0.720691,1.019238,0.764244,1.080832
2023-02-03,-0.3641,0.373207,0.341898,0.330002,0.297761,0.37321,0.613889,0.868192,0.562389,0.795358,0.54282,0.767683,0.489788,0.692683,0.613892,0.868197,0.3278,0.464628,0.524278,0.425084,0.464629,0.764267,1.080865,0.862386,1.219629,0.699221,0.988873,0.764269,1.080867
2023-02-06,-0.4987,0.37381,0.342564,0.33193,0.302153,0.373812,0.61488,0.869593,0.563483,0.796906,0.545992,0.77217,0.497011,0.702898,0.614883,0.869599,-0.2259,0.465105,0.522877,0.419883,0.465106,0.765051,1.081974,0.860081,1.216369,0.690666,0.976774,0.765053,1.081976
2023-02-07,-0.1445,0.374984,0.350015,0.342007,0.317397,0.374986,0.616811,0.872324,0.57574,0.81424,0.562567,0.79561,0.522086,0.73836,0.616814,0.87233,-0.1563,0.465317,0.520694,0.410835,0.465318,0.7654,1.082467,0.856489,1.21129,0.675783,0.955726,0.765402,1.08247
2023-02-08,0.2278,0.372602,0.344141,0.335289,0.309756,0.372604,0.612893,0.866784,0.566078,0.800575,0.551516,0.779982,0.509518,0.720586,0.612897,0.86679,0.1983,0.463288,0.51825,0.400155,0.463289,0.762062,1.077746,0.85247,1.205606,0.658215,0.930881,0.762064,1.077749
2023-02-09,-0.2835,0.372949,0.341034,0.332049,0.30546,0.372951,0.613464,0.867592,0.560967,0.793347,0.546188,0.772446,0.502451,0.710591,0.613468,0.867597,-0.4427,0.463447,0.516084,0.390994,0.463448,0.762324,1.078116,0.848907,1.200566,0.643146,0.909569,0.762325,1.078119
2023-02-10,-0.3066,0.372968,0.338452,0.329605,0.304187,0.37297,0.613495,0.867635,0.55672,0.787341,0.542168,0.766761,0.500357,0.70763,0.613498,0.86764,0.1703,0.464121,0.515562,0.394287,0.464122,0.763433,1.079685,0.848047,1.199351,0.648563,0.917231,0.763435,1.079688
2023-02-13,0.0112,0.37323,0.336727,0.328214,0.304332,0.373232,0.613926,0.868244,0.553882,0.783327,0.53988,0.763525,0.500596,0.707968,0.613929,0.868249,0.1462,0.464223,0.513345,0.384545,0.464224,0.763601,1.079922,0.844402,1.194195,0.632538,0.894567,0.763602,1.079925
2023-02-14,-0.1564,0.371344,0.329549,0.320053,0.295074,0.371346,0.610823,0.863856,0.542075,0.766629,0.526456,0.74454,0.485367,0.68643,0.610826,0.863861,-0.0729,0.461766,0.511022,0.374546,0.461767,0.759559,1.074207,0.84058,1.18879,0.616091,0.871307,0.759561,1.074209
2023-02-15,-0.1679,0.369357,0.323319,0.31314,0.288638,0.369358,0.607555,0.859234,0.531828,0.752138,0.515085,0.728459,0.474781,0.671459,0.607558,0.859239,0.205,0.460157,0.482031,0.363575,0.460157,0.756911,1.070462,0.792893,1.12135,0.598044,0.845784,0.756913,1.070464
2023-02-16,-0.1794,0.367713,0.31711,0.306399,0.282851,0.367715,0.604851,0.85541,0.521614,0.737692,0.503996,0.712777,0.465262,0.657997,0.604854,0.855415,-0.0627,0.459001,0.473478,0.356058,0.459002,0.755012,1.067775,0.778824,1.101452,0.585679,0.828297,0.755013,1.067777
2023-02-17,-0.0056,0.367661,0.310979,0.299941,0.277733,0.367663,0.604766,0.85529,0.511529,0.723429,0.493373,0.697752,0.456843,0.64609,0.604769,0.855295,0.0979,0.457937,0.461637,0.345552,0.457938,0.753261,1.065299,0.759346,1.073905,0.568399,0.803858,0.753263,1.065302
2023-02-21,-0.6756,0.367433,0.302347,0.290509,0.269275,0.367435,0.60439,0.854759,0.497331,0.703351,0.477858,0.67581,0.442931,0.626416,0.604394,0.854764,-0.6188,0.457886,0.44856,0.335882,0.457887,0.753176,1.065179,0.737837,1.043485,0.552493,0.781363,0.753178,1.065182
2023-02-22,0.0169,0.369353,0.331358,0.324153,0.309103,0.369355,0.607548,0.859225,0.545051,0.770838,0.5332,0.754078,0.508444,0.719067,0.607552,0.85923,0.3192,0.45931,0.459512,0.359197,0.459311,0.755518,1.068492,0.755851,1.068962,0.590844,0.835601,0.75552,1.068495
2023-02-23,0.3045,0.369211,0.324776,0.316825,0.299715,0.369213,0.607315,0.858895,0.534223,0.755526,0.521146,0.73703,0.493002,0.697228,0.607319,0.8589,0.5466,0.459732,0.454335,0.356924,0.459733,0.756212,1.069473,0.747336,1.05692,0.587104,0.830312,0.756214,1.069476
2023-02-24,-0.3102,0.369686,0.325474,0.318227,0.300005,0.369688,0.608097,0.860001,0.535372,0.75715,0.523451,0.740291,0.493478,0.697901,0.6081,0.860006,0.3679,0.460878,0.461424,0.371049,0.460879,0.758099,1.072141,0.758996,1.073411,0.610338,0.863171,0.758101,1.072144
2023-02-27,0.1411,0.369559,0.324255,0.317365,0.300626,0.369561,0.607887,0.859704,0.533368,0.754315,0.522034,0.738286,0.4945,0.699346,0.607891,0.85971,0.0044,0.460105,0.458605,0.370861,0.460106,0.756827,1.070343,0.754359,1.066852,0.610029,0.862733,0.756829,1.070346
2023-02-28,0.186,0.369457,0.319455,0.312254,0.29351,0.369459,0.607719,0.859467,0.525471,0.743148,0.513626,0.726396,0.482794,0.682792,0.607723,0.859472,0.0059,0.460103,0.447289,0.359564,0.460105,0.756824,1.070339,0.735746,1.040529,0.591448,0.836455,0.756826,1.070341
2023-03-01,-0.3666,0.369691,0.315843,0.308583,0.288192,0.369694,0.608105,0.860013,0.51953,0.734746,0.507588,0.717857,0.474048,0.670422,0.608109,0.860018,-1.3363,0.459987,0.434432,0.348614,0.459988,0.756633,1.070068,0.714598,1.01062,0.573435,0.81098,0.756634,1.07007
2023-03-02,-0.2433,0.369436,0.317527,0.311124,0.293488,0.369439,0.607686,0.85942,0.5223,0.738663,0.511767,0.723767,0.482759,0.682742,0.60769,0.859426,0.4332,0.467555,0.51351,0.470512,0.467556,0.769081,1.087673,0.844673,1.194579,0.773945,1.094552,0.769083,1.087676
2023-03-03,0.4014,0.36859,0.314171,0.307779,0.290721,0.368592,0.606293,0.85745,0.51678,0.730856,0.506266,0.715986,0.478208,0.676305,0.606297,0.857456,0.2943,0.467432,0.513157,0.468357,0.467434,0.768879,1.087387,0.844092,1.193757,0.7704,1.089539,0.768882,1.087391
2023-03-06,-0.0226,0.36421,0.320601,0.315405,0.298522,0.364213,0.599089,0.847262,0.527356,0.745813,0.51881,0.733727,0.491038,0.694451,0.599094,0.847269,0.3345,0.464455,0.511687,0.459776,0.464457,0.763982,1.080462,0.841674,1.190338,0.756285,1.069576,0.763986,1.080467
2023-03-07,-0.0847,0.363872,0.314121,0.308407,0.28948,0.363875,0.598533,0.846476,0.516698,0.73074,0.507299,0.717447,0.476166,0.673418,0.598538,0.846483,0.3617,0.464765,0.51051,0.453237,0.464767,0.764492,1.081183,0.839739,1.1876,0.745529,1.054364,0.764496,1.081188
2023-03-08,-0.1639,0.36327,0.307728,0.301551,0.281427,0.363273,0.597543,0.845075,0.506182,0.715868,0.496021,0.701498,0.46292,0.654684,0.597548,0.845082,-0.3206,0.464954,0.509523,0.448272,0.464956,0.764802,1.081622,0.838114,1.185303,0.737362,1.042815,0.764805,1.081626
2023-03-09,0.3501,0.361965,0.30241,0.295973,0.275792,0.361968,0.595396,0.842039,0.497434,0.703497,0.486845,0.688521,0.45365,0.641574,0.595401,0.842046,0.5427,0.464196,0.50817,0.441653,0.464198,0.763555,1.079858,0.835889,1.182157,0.726476,1.027418,0.763559,1.079863
2023-03-10,0.8644,0.360848,0.306855,0.301448,0.280805,0.360851,0.593559,0.839441,0.504745,0.713836,0.495851,0.701257,0.461897,0.653237,0.593564,0.839448,-0.0083,0.463591,0.508897,0.448359,0.463593,0.762561,1.078452,0.837084,1.183847,0.737506,1.043017,0.762564,1.078456
2023-03-13,0.7128,0.363842,0.349574,0.34756,0.344894,0.363845,0.598484,0.846407,0.575015,0.813215,0.571702,0.808529,0.567316,0.802326,0.598489,0.846413,-0.1164,0.462328,0.49203,0.434705,0.46233,0.760484,1.075514,0.80934,1.144609,0.715046,1.011254,0.760487,1.075519
2023-03-14,-0.562,0.366773,0.368724,0.370214,0.377226,0.366776,0.603305,0.853225,0.606514,0.857762,0.608966,0.86123,0.6205,0.877542,0.603309,0.85323,-0.2339,0.462403,0.484701,0.422425,0.462405,0.760607,1.075688,0.797284,1.127559,0.694847,0.982688,0.76061,1.075692
2023-03-15,0.7671,0.367943,0.376236,0.379791,0.390784,0.367945,0.605229,0.855946,0.618871,0.875238,0.624719,0.883508,0.642801,0.909081,0.605233,0.855951,1.2392,0.462664,0.502577,0.413545,0.462666,0.761036,1.076296,0.826688,1.169144,0.680239,0.962029,0.761039,1.0763
2023-03-16,-0.4996,0.365583,0.398982,0.411235,0.422914,0.365585,0.601347,0.850455,0.656286,0.928152,0.676441,0.956657,0.695651,0.983825,0.601351,0.85046,-0.5576,0.467282,0.515947,0.502887,0.467284,0.768632,1.087038,0.848682,1.200249,0.827198,1.169865,0.768635,1.087042
2023-03-17,0.7154,0.365729,0.403222,0.417235,0.427903,0.365731,0.601587,0.850795,0.663261,0.938016,0.68631,0.970615,0.703857,0.99543,0.601591,0.8508,0.5776,0.467989,0.516658,0.506336,0.467991,0.769795,1.088683,0.849851,1.201902,0.832872,1.17789,0.769799,1.088688
2023-03-20,-0.4264,0.368247,0.425373,0.450104,0.450358,0.368249,0.60573,0.856654,0.699697,0.989546,0.740376,1.047077,0.740794,1.047668,0.605733,0.856658,-0.5717,0.469291,0.517698,0.510892,0.469293,0.771936,1.091711,0.851561,1.204321,0.840367,1.188489,0.77194,1.091716
2023-03-21,-0.3168,0.366588,0.424945,0.447784,0.448957,0.36659,0.603001,0.852794,0.698992,0.98855,0.736559,1.041679,0.738489,1.044408,0.603004,0.852798,-0.2296,0.469368,0.518536,0.514743,0.46937,0.772064,1.091892,0.85294,1.20627,0.846702,1.197448,0.772067,1.091896
2023-03-22,0.699,0.366793,0.41976,0.438553,0.442143,0.366794,0.603337,0.853269,0.690463,0.976487,0.721376,1.020206,0.727281,1.028557,0.603339,0.853273,0.6583,0.468812,0.516647,0.502221,0.468814,0.771149,1.090598,0.849833,1.201876,0.826104,1.168317,0.771152,1.090602
2023-03-23,0.3532,0.367549,0.441389,0.466746,0.461603,0.367551,0.604581,0.855029,0.72604,1.026803,0.76775,1.085791,0.75929,1.073826,0.604584,0.855033,-0.5432,0.468292,0.518753,0.512927,0.468293,0.770293,1.089387,0.853297,1.206775,0.843714,1.193222,0.770296,1.089391
2023-03-24,-0.0716,0.367607,0.437972,0.460324,0.455826,0.367608,0.604676,0.855163,0.72042,1.018854,0.757187,1.070852,0.749788,1.060388,0.604679,0.855167,0.6401,0.469471,0.519197,0.514794,0.469473,0.772232,1.09213,0.854026,1.207807,0.846784,1.197564,0.772236,1.092134
2023-03-27,-0.6471,0.36483,0.426781,0.443699,0.442287,0.364832,0.600109,0.848705,0.702013,0.992822,0.72984,1.032176,0.727519,1.028893,0.600112,0.848708,-0.4158,0.468515,0.520989,0.523159,0.468516,0.77066,1.089906,0.856975,1.211977,0.860544,1.217025,0.770663,1.08991
2023-03-28,-0.111,0.366259,0.440007,0.459743,0.457171,0.36626,0.602459,0.852028,0.723768,1.023589,0.756231,1.069499,0.752001,1.063517,0.602462,0.852031,-0.2695,0.468301,0.520272,0.517346,0.468303,0.770308,1.089408,0.855795,1.210308,0.850983,1.203502,0.770311,1.089412
2023-03-29,-0.0333,0.364351,0.429414,0.444654,0.444077,0.364352,0.599321,0.847589,0.706344,0.998947,0.731411,1.034398,0.730462,1.033056,0.599323,0.847593,0.1658,0.466862,0.518593,0.505911,0.466864,0.767941,1.086061,0.853034,1.206404,0.832173,1.176901,0.767944,1.086065
2023-03-30,0.222,0.363975,0.419774,0.430979,0.430626,0.363976,0.598702,0.846714,0.690487,0.976521,0.708917,1.002587,0.708337,1.001765,0.598704,0.846718,-0.0135,0.466514,0.51655,0.492177,0.466516,0.767369,1.085251,0.849674,1.201651,0.809583,1.144952,0.767371,1.085255
2023-03-31,0.3487,0.362697,0.414128,0.422771,0.421034,0.362698,0.5966,0.843742,0.6812,0.963387,0.695415,0.983491,0.692558,0.979451,0.596602,0.843745,0.3138,0.465898,0.514241,0.477195,0.4659,0.766356,1.083819,0.845874,1.196278,0.784938,1.110099,0.766359,1.083823
2023-04-03,0.2821,0.361721,0.412694,0.420247,0.417048,0.361722,0.594995,0.841471,0.67884,0.96005,0.691264,0.977621,0.686002,0.970178,0.594997,0.841475,0.4276,0.465976,0.51295,0.469,0.465977,0.766483,1.083999,0.843751,1.193275,0.771457,1.091034,0.766486,1.084003
2023-04-04,0.4155,0.362179,0.409176,0.415082,0.410205,0.36218,0.595748,0.842536,0.673053,0.951866,0.682769,0.965606,0.674746,0.954259,0.59575,0.84254,0.4213,0.466657,0.512486,0.466619,0.466659,0.767604,1.085584,0.842988,1.192196,0.767542,1.085496,0.767607,1.085589
2023-04-05,0.0,0.362769,0.410468,0.416267,0.410524,0.362771,0.596719,0.84391,0.675179,0.954872,0.684717,0.968361,0.675271,0.955003,0.596722,0.843914,0.0015,0.467329,0.511973,0.464025,0.46733,0.768709,1.087146,0.842145,1.191003,0.763274,1.079461,0.768712,1.087151
2023-04-06,0.1768,0.362766,0.402981,0.406057,0.398018,0.362768,0.596714,0.843903,0.662864,0.937456,0.667923,0.944611,0.6547,0.925909,0.596717,0.843908,0.1317,0.467329,0.509739,0.449889,0.467331,0.76871,1.087148,0.838469,1.185805,0.740022,1.046577,0.768713,1.087153
2023-04-07,0.0,0.362956,0.397656,0.398732,0.388315,0.362958,0.597027,0.844345,0.654104,0.925067,0.655874,0.92757,0.63874,0.903338,0.59703,0.844349,0.0,0.467378,0.507719,0.437375,0.46738,0.768791,1.087262,0.835147,1.181107,0.719438,1.017465,0.768794,1.087267
2023-04-10,0.0,0.361312,0.390958,0.389534,0.376486,0.361314,0.594323,0.840521,0.643087,0.909486,0.640745,0.906173,0.619281,0.875818,0.594325,0.840525,0.0829,0.46572,0.505527,0.424051,0.465722,0.766062,1.083404,0.831542,1.176008,0.697521,0.986469,0.766065,1.083408
2023-04-11,-0.4259,0.361268,0.384539,0.380448,0.365016,0.36127,0.59425,0.840419,0.632528,0.894553,0.625799,0.885036,0.600415,0.849138,0.594253,0.840423,-0.3402,0.465687,0.491476,0.411634,0.465688,0.766008,1.083327,0.80843,1.143322,0.677096,0.957583,0.766011,1.083331
2023-04-12,0.1717,0.361491,0.385786,0.382348,0.368953,0.361493,0.594617,0.840937,0.63458,0.897454,0.628924,0.889456,0.60689,0.858295,0.59462,0.840941,-0.026,0.465785,0.487658,0.407701,0.465787,0.76617,1.083556,0.802149,1.134439,0.670627,0.948434,0.766173,1.083561
2023-04-13,-0.0664,0.360828,0.381071,0.375614,0.360177,0.36083,0.593527,0.839395,0.626823,0.886485,0.617848,0.873792,0.592455,0.83788,0.59353,0.839399,-0.1435,0.465293,0.481689,0.395332,0.465295,0.765361,1.082412,0.79233,1.120552,0.650281,0.91966,0.765364,1.082416
2023-04-14,-0.194,0.360825,0.374929,0.366199,0.349583,0.360826,0.593521,0.839387,0.616721,0.872198,0.602361,0.85189,0.575029,0.813235,0.593523,0.839391,-0.1751,0.465415,0.47632,0.384897,0.465417,0.765561,1.082694,0.783499,1.108064,0.633117,0.895385,0.765564,1.082698
2023-04-17,-0.2277,0.360979,0.370143,0.358212,0.342248,0.360981,0.593775,0.839746,0.608847,0.861063,0.589223,0.833309,0.562964,0.796173,0.593778,0.839751,-0.088,0.465544,0.471149,0.375628,0.465546,0.765773,1.082995,0.774993,1.096034,0.61787,0.873823,0.765776,1.082999
2023-04-18,-0.0445,0.35986,0.365953,0.350628,0.336477,0.359862,0.591933,0.837142,0.601956,0.851317,0.576747,0.815665,0.553471,0.782747,0.591936,0.837146,-0.0896,0.464981,0.465201,0.364822,0.464982,0.764846,1.081684,0.76521,1.082198,0.600096,0.848686,0.764849,1.081688
2023-04-19,-0.1726,0.359869,0.359456,0.335396,0.326409,0.359871,0.591948,0.837163,0.591269,0.836202,0.551692,0.780231,0.53691,0.759324,0.591951,0.837167,-0.0331,0.46476,0.458994,0.354388,0.464762,0.764484,1.081171,0.754999,1.067757,0.582934,0.824414,0.764487,1.081175
2023-04-20,0.2838,0.358866,0.353912,0.317137,0.319277,0.358868,0.590299,0.834831,0.582149,0.823305,0.521659,0.737757,0.525178,0.742733,0.590303,0.834835,0.1006,0.464774,0.452253,0.343688,0.464776,0.764507,1.081204,0.743911,1.052076,0.565332,0.799521,0.76451,1.081209
2023-04-21,-0.1335,0.358884,0.352277,0.319558,0.31726,0.358886,0.590329,0.834872,0.57946,0.819501,0.525641,0.743387,0.521861,0.738042,0.590332,0.834877,0.1498,0.462938,0.445549,0.334128,0.462939,0.761486,1.076932,0.732883,1.03648,0.549607,0.777281,0.761489,1.076936
2023-04-24,0.2501,0.358469,0.345668,0.294899,0.309328,0.35847,0.589645,0.833906,0.568589,0.804127,0.48508,0.686024,0.508814,0.71959,0.589648,0.83391,0.3052,0.462901,0.438994,0.32602,0.462903,0.761426,1.076847,0.722101,1.021231,0.536271,0.758421,0.761429,1.076851
2023-04-25,0.5866,0.358682,0.342744,0.29564,0.306098,0.358683,0.589995,0.834401,0.56378,0.797326,0.486298,0.687746,0.5035,0.712075,0.589998,0.834405,1.1102,0.461665,0.43541,0.324809,0.461666,0.759393,1.073971,0.716206,1.012895,0.534278,0.755603,0.759395,1.073975
2023-04-26,-0.2265,0.360599,0.358595,0.345666,0.329727,0.360601,0.593149,0.838861,0.589854,0.834201,0.568587,0.804124,0.542368,0.767045,0.593152,0.838865,-0.3116,0.463721,0.473442,0.416081,0.463723,0.762775,1.078754,0.778765,1.101368,0.684412,0.967929,0.762777,1.078758
2023-04-27,-0.349,0.359987,0.354481,0.339102,0.324461,0.359989,0.592143,0.837438,0.583086,0.82463,0.557788,0.788852,0.533706,0.754794,0.592146,0.837443,-0.4082,0.463735,0.470488,0.410563,0.463737,0.762798,1.078787,0.773905,1.094495,0.675334,0.955092,0.762801,1.078791
2023-04-28,0.4319,0.359905,0.353988,0.339387,0.325986,0.359907,0.592007,0.837247,0.582275,0.823482,0.558258,0.789516,0.536214,0.75834,0.592011,0.837251,0.2729,0.464075,0.469166,0.410421,0.464077,0.763357,1.079578,0.771731,1.091421,0.675102,0.954763,0.76336,1.079582
2023-05-01,0.0,0.360936,0.358431,0.348365,0.333291,0.360938,0.593703,0.839645,0.589584,0.833819,0.573026,0.810402,0.54823,0.775335,0.593706,0.839649,0.0781,0.46063,0.466045,0.403494,0.460631,0.75769,1.071563,0.766598,1.084161,0.663707,0.938648,0.757692,1.071566
2023-05-02,0.0663,0.360426,0.352028,0.338497,0.323138,0.360427,0.592864,0.838458,0.579051,0.818922,0.556793,0.787445,0.531529,0.751715,0.592867,0.838462,0.0663,0.459243,0.461025,0.391669,0.459244,0.755408,1.068336,0.75834,1.072482,0.644257,0.91114,0.755411,1.068339
2023-05-03,0.3583,0.360448,0.34569,0.328397,0.313714,0.36045,0.592901,0.838511,0.568625,0.804178,0.54018,0.763949,0.516028,0.729793,0.592905,0.838515,0.3583,0.45925,0.45576,0.380085,0.459251,0.75542,1.068352,0.749679,1.060234,0.625201,0.884191,0.755422,1.068356
2023-05-04,0.0385,0.359779,0.347278,0.333074,0.316566,0.359781,0.5918,0.836954,0.571238,0.807873,0.547874,0.77483,0.52072,0.736428,0.591804,0.836958,-0.0628,0.458589,0.454011,0.378813,0.45859,0.754333,1.066815,0.746802,1.056165,0.623109,0.881232,0.754335,1.066818
2023-05-05,-0.2533,0.358661,0.340526,0.322601,0.307067,0.358663,0.589962,0.834353,0.56013,0.792165,0.530647,0.750467,0.505095,0.714331,0.589965,0.834357,-0.2432,0.457809,0.448434,0.367595,0.457811,0.753051,1.065002,0.737629,1.043192,0.604656,0.855135,0.753053,1.065005
2023-05-08,-0.2872,0.357772,0.336955,0.317955,0.304109,0.357774,0.588499,0.832285,0.554257,0.783858,0.523004,0.739658,0.50023,0.70745,0.588502,0.832289,-0.2525,0.457946,0.444201,0.361341,0.457947,0.753275,1.06532,0.730666,1.033345,0.594369,0.840587,0.753278,1.065323
2023-05-09,-0.1494,0.357222,0.334529,0.315547,0.303122,0.357223,0.587594,0.831005,0.550267,0.778216,0.519042,0.734056,0.498605,0.705152,0.587597,0.831009,-0.0395,0.457955,0.440017,0.35575,0.457956,0.75329,1.06534,0.723784,1.023612,0.585174,0.827582,0.753292,1.065343
2023-05-10,0.4035,0.357356,0.327846,0.306057,0.296157,0.357358,0.587815,0.831318,0.539274,0.762668,0.503433,0.71198,0.487149,0.68895,0.587818,0.831322,0.5768,0.45405,0.433758,0.345049,0.454052,0.746867,1.056257,0.713488,1.009051,0.56757,0.802687,0.74687,1.05626
2023-05-11,0.2314,0.358157,0.333661,0.317938,0.303669,0.358159,0.589133,0.833182,0.548839,0.776196,0.522976,0.739619,0.499506,0.706426,0.589136,0.833185,0.4605,0.455284,0.439526,0.363149,0.455285,0.748896,1.059127,0.722976,1.022469,0.597343,0.844793,0.748898,1.059129
2023-05-12,-0.2866,0.357791,0.330513,0.314706,0.299825,0.357793,0.58853,0.832329,0.543661,0.768872,0.51766,0.7321,0.493182,0.697483,0.588533,0.832333,-0.15,0.456105,0.440703,0.369713,0.456107,0.750247,1.061038,0.724912,1.025206,0.608141,0.860064,0.75025,1.061041
2023-05-15,-0.0939,0.358189,0.328268,0.312705,0.299048,0.358191,0.589186,0.833256,0.539968,0.76365,0.514368,0.727445,0.491904,0.695675,0.589189,0.83326,-0.173,0.452904,0.435529,0.360329,0.452906,0.744982,1.053591,0.716402,1.013171,0.592704,0.838232,0.744985,1.053595
2023-05-16,-0.1437,0.357968,0.320657,0.302975,0.290849,0.35797,0.588821,0.83274,0.527449,0.745945,0.498364,0.704812,0.478417,0.676601,0.588824,0.832745,0.188,0.452879,0.430372,0.351912,0.452881,0.744941,1.053533,0.707919,1.001174,0.57886,0.818653,0.744944,1.053536
2023-05-17,-0.2493,0.357826,0.313139,0.294222,0.284177,0.357828,0.588588,0.83241,0.515082,0.728455,0.483966,0.684449,0.467442,0.66108,0.588591,0.832414,0.0799,0.45289,0.425543,0.344285,0.452891,0.744958,1.053557,0.699976,0.989942,0.566315,0.800911,0.744961,1.053561
2023-05-18,-0.3333,0.357237,0.30899,0.290817,0.282206,0.357239,0.587619,0.83104,0.508257,0.718803,0.478365,0.676527,0.4642,0.656495,0.587622,0.831044,0.1997,0.446997,0.419398,0.33437,0.446998,0.735265,1.039849,0.689867,0.975645,0.550005,0.777845,0.735268,1.039853
2023-05-19,-0.1726,0.356693,0.309832,0.293822,0.285529,0.356694,0.586725,0.829775,0.509643,0.720762,0.483308,0.683518,0.469667,0.664226,0.586727,0.829778,-0.5928,0.444889,0.414425,0.327854,0.444891,0.731798,1.034946,0.681687,0.964076,0.539286,0.762686,0.731801,1.034949
2023-05-22,-0.0669,0.356863,0.302503,0.286541,0.280041,0.356864,0.587004,0.83017,0.497587,0.703713,0.471331,0.66658,0.460639,0.651458,0.587006,0.830173,0.3476,0.444585,0.42157,0.349462,0.444587,0.731299,1.034239,0.693441,0.980699,0.574829,0.812953,0.731301,1.034243
2023-05-23,0.039,0.356214,0.291857,0.276281,0.272003,0.356216,0.585937,0.828662,0.480076,0.678947,0.454455,0.642713,0.447419,0.632762,0.585939,0.828664,0.2364,0.445064,0.420078,0.34935,0.445066,0.732086,1.035353,0.690987,0.977228,0.574646,0.812693,0.732089,1.035356
2023-05-24,-0.1786,0.35592,0.280388,0.266262,0.26389,0.355921,0.585453,0.827976,0.46121,0.652266,0.437974,0.619405,0.434073,0.613888,0.585455,0.827979,-0.0439,0.441608,0.416131,0.343622,0.441609,0.7264,1.027312,0.684493,0.968045,0.565223,0.799367,0.726403,1.027315
2023-05-25,-0.3301,0.354608,0.271883,0.259835,0.259564,0.354609,0.583294,0.824924,0.447221,0.632482,0.427403,0.604454,0.426957,0.603824,0.583296,0.824926,-0.0613,0.44025,0.409845,0.333327,0.440251,0.724167,1.024153,0.674154,0.953423,0.54829,0.775419,0.724169,1.024156
2023-05-26,0.0,0.355003,0.276223,0.266097,0.264328,0.355004,0.583945,0.825844,0.454359,0.642577,0.437702,0.61902,0.434793,0.614906,0.583947,0.825847,-0.2051,0.437726,0.403384,0.323521,0.437728,0.720016,1.018283,0.663526,0.938391,0.53216,0.752608,0.720018,1.018286
2023-05-30,0.6368,0.354827,0.264998,0.256284,0.256275,0.354828,0.583655,0.825434,0.435895,0.616465,0.421561,0.596193,0.421547,0.596173,0.583657,0.825436,0.8659,0.434648,0.398303,0.317663,0.434649,0.714953,1.011122,0.655168,0.926572,0.522525,0.73898,0.714954,1.011124
2023-05-31,0.2114,0.356992,0.313178,0.305737,0.293372,0.356994,0.587217,0.830472,0.515147,0.728546,0.502907,0.711237,0.482568,0.682472,0.587219,0.830474,0.6455,0.437038,0.423336,0.373955,0.437039,0.718884,1.016682,0.696346,0.984807,0.615119,0.869932,0.718886,1.016685
2023-06-01,0.0667,0.357035,0.310255,0.302658,0.28911,0.357036,0.587286,0.83057,0.510338,0.721746,0.497843,0.704074,0.475557,0.672557,0.587288,0.830573,-0.167,0.437086,0.43109,0.39554,0.437088,0.718963,1.016794,0.7091,1.002845,0.650624,0.920145,0.718966,1.016798
2023-06-02,-0.3003,0.356399,0.303701,0.295144,0.280778,0.3564,0.586241,0.829091,0.499558,0.7065,0.485483,0.686594,0.461852,0.653175,0.586243,0.829094,-0.4513,0.437145,0.426894,0.385666,0.437147,0.71906,1.016931,0.702198,0.993084,0.634382,0.897175,0.719063,1.016935
2023-06-05,0.0612,0.356884,0.303187,0.295206,0.281988,0.356885,0.587038,0.830219,0.498712,0.705304,0.485584,0.686737,0.463842,0.655988,0.58704,0.830222,0.3756,0.437595,0.427709,0.389916,0.437597,0.719801,1.017978,0.703539,0.99498,0.641372,0.907061,0.719803,1.017982
2023-06-06,0.0111,0.356906,0.296438,0.287707,0.273808,0.356907,0.587074,0.83027,0.487611,0.689603,0.47325,0.669293,0.450387,0.636959,0.587077,0.830273,0.208,0.43816,0.426958,0.389072,0.438162,0.720729,1.019291,0.702303,0.993232,0.639984,0.905097,0.720732,1.019295
2023-06-07,-0.3233,0.356108,0.288935,0.279579,0.265481,0.356109,0.585762,0.828413,0.47527,0.67215,0.45988,0.650385,0.436689,0.617587,0.585764,0.828416,-0.1871,0.437189,0.423342,0.380644,0.437191,0.719132,1.017033,0.696355,0.984819,0.626122,0.885493,0.719135,1.017037
2023-06-08,0.3011,0.356314,0.290504,0.282283,0.2693,0.356315,0.5861,0.828893,0.47785,0.675799,0.464327,0.656675,0.442972,0.626473,0.586103,0.828896,0.0511,0.43649,0.41929,0.371883,0.436492,0.717983,1.015407,0.689691,0.975395,0.61171,0.865111,0.717985,1.015411
2023-06-09,-0.1393,0.356765,0.292929,0.286015,0.271313,0.356766,0.586842,0.829942,0.481839,0.68144,0.470467,0.665358,0.446283,0.631156,0.586845,0.829945,0.0911,0.436454,0.414251,0.360771,0.436456,0.717923,1.015323,0.681401,0.963672,0.593432,0.839262,0.717926,1.015327
2023-06-12,0.1003,0.356846,0.287002,0.279631,0.265252,0.356847,0.586976,0.830131,0.472089,0.667652,0.459965,0.650506,0.436312,0.617055,0.586978,0.830134,0.3301,0.436467,0.409237,0.350492,0.436469,0.717945,1.015353,0.673154,0.952009,0.576524,0.815349,0.717947,1.015357
2023-06-13,-0.2733,0.354142,0.280995,0.273379,0.258342,0.354144,0.582528,0.82384,0.462209,0.653679,0.449681,0.635962,0.424947,0.600981,0.582531,0.823844,-0.0663,0.435848,0.407688,0.349302,0.435849,0.716926,1.013913,0.670605,0.948404,0.574566,0.812581,0.716929,1.013917
2023-06-14,0.1395,0.344111,0.280265,0.273309,0.259264,0.344113,0.566029,0.800506,0.461007,0.65198,0.449567,0.6358,0.426463,0.603125,0.566031,0.800509,-0.0073,0.433583,0.402382,0.33905,0.433584,0.7132,1.008644,0.661878,0.936061,0.557703,0.788732,0.713203,1.008648
2023-06-15,0.3952,0.342034,0.275521,0.268624,0.253677,0.342035,0.562612,0.795673,0.453205,0.640945,0.441859,0.624899,0.417274,0.59013,0.562614,0.795677,0.1431,0.43036,0.396771,0.328726,0.430362,0.707899,1.001146,0.652648,0.923008,0.540721,0.764715,0.707902,1.00115
2023-06-16,-0.1278,0.338414,0.286116,0.281421,0.264314,0.338415,0.556657,0.787252,0.470632,0.665592,0.46291,0.654671,0.434771,0.614875,0.556659,0.787255,-0.198,0.42946,0.391833,0.320633,0.429462,0.706419,0.999054,0.644526,0.911521,0.52741,0.745889,0.706423,0.999058
2023-06-20,0.1445,0.338025,0.280346,0.27514,0.258167,0.338027,0.556018,0.786348,0.461142,0.65217,0.452577,0.640058,0.424659,0.600574,0.55602,0.786352,0.9288,0.42964,0.38751,0.314626,0.429642,0.706715,0.999472,0.637416,0.901465,0.517529,0.731915,0.706718,0.999476
2023-06-21,0.1055,0.337849,0.275969,0.270669,0.252793,0.337851,0.555728,0.785938,0.453941,0.641986,0.445224,0.629658,0.415819,0.588072,0.55573,0.785942,0.0609,0.433367,0.415024,0.38054,0.433368,0.712845,1.008141,0.682673,0.965471,0.62595,0.885249,0.712848,1.008145
2023-06-22,0.0,0.337728,0.270488,0.264969,0.24645,0.33773,0.555529,0.785657,0.444926,0.629237,0.435848,0.616398,0.405386,0.573317,0.555532,0.785661,-0.0028,0.431596,0.410433,0.369248,0.431598,0.709932,1.004021,0.675122,0.954791,0.607376,0.858982,0.709935,1.004026
2023-06-23,-0.1332,0.335988,0.263337,0.257423,0.238942,0.33599,0.552667,0.781609,0.433163,0.612601,0.423436,0.598844,0.393036,0.555852,0.55267,0.781613,-0.1332,0.429533,0.40561,0.358,0.429535,0.706538,0.999222,0.667187,0.943569,0.588874,0.832816,0.706541,0.999226
2023-06-26,0.1277,0.335944,0.257655,0.25168,0.233949,0.335946,0.552595,0.781507,0.423817,0.599384,0.413988,0.585483,0.384824,0.544237,0.552597,0.781511,0.9422,0.429582,0.401238,0.348624,0.429584,0.706619,0.999336,0.659996,0.933399,0.573452,0.811004,0.706623,0.999341
2023-06-27,-0.1833,0.335861,0.252986,0.247221,0.228969,0.335863,0.552458,0.781314,0.416137,0.588521,0.406655,0.575111,0.376631,0.532651,0.552461,0.781318,-0.4199,0.432836,0.423835,0.409281,0.432838,0.711971,1.006905,0.697166,0.985967,0.673226,0.95211,0.711974,1.00691
2023-06-28,0.2165,0.335891,0.249343,0.243878,0.226489,0.335893,0.552508,0.781384,0.410144,0.580047,0.401155,0.567334,0.372551,0.526881,0.55251,0.781388,0.5525,0.433662,0.424102,0.409926,0.433664,0.713331,1.008828,0.697606,0.986589,0.674287,0.953611,0.713334,1.008832
2023-06-29,-0.506,0.336154,0.249526,0.244952,0.225902,0.336156,0.55294,0.781996,0.410446,0.580473,0.402922,0.569832,0.371586,0.525516,0.552943,0.782,-0.397,0.434658,0.427403,0.419848,0.43466,0.71497,1.011146,0.703035,0.994267,0.690608,0.976692,0.714973,1.01115
2023-06-30,0.1671,0.33751,0.271472,0.269504,0.251658,0.337512,0.555171,0.78515,0.446544,0.631525,0.443307,0.626947,0.413953,0.585433,0.555173,0.785154,0.1643,0.435518,0.427134,0.418512,0.43552,0.716384,1.013146,0.702593,0.993643,0.688411,0.973585,0.716387,1.01315
2023-07-03,-0.1727,0.337527,0.26849,0.266322,0.247401,0.337529,0.555198,0.785189,0.44164,0.624589,0.438073,0.619545,0.40695,0.575529,0.555201,0.785193,-0.3287,0.435549,0.423733,0.407754,0.435551,0.716435,1.013218,0.696998,0.98573,0.670714,0.948557,0.716438,1.013223
2023-07-05,-0.1953,0.337713,0.264538,0.262061,0.243566,0.337714,0.555503,0.785621,0.435138,0.615394,0.431063,0.609631,0.400642,0.566608,0.555506,0.785625,-0.1056,0.43616,0.42231,0.403447,0.436162,0.71744,1.014639,0.694657,0.982419,0.663631,0.93854,0.717443,1.014643
2023-07-06,-0.4107,0.336594,0.261438,0.258825,0.240943,0.336596,0.553663,0.783019,0.430039,0.608182,0.425741,0.602104,0.396327,0.560506,0.553666,0.783022,-0.3624,0.433776,0.418474,0.392011,0.433777,0.713517,1.009092,0.688348,0.973496,0.644819,0.911935,0.71352,1.009096
2023-07-07,-0.1697,0.335907,0.271115,0.270058,0.254344,0.335909,0.552534,0.781421,0.445957,0.630695,0.444218,0.628235,0.41837,0.59168,0.552536,0.781425,-0.5774,0.431916,0.417651,0.390298,0.431917,0.710458,1.004765,0.686995,0.971582,0.642001,0.90795,0.71046,1.004769
2023-07-10,0.198,0.335309,0.266983,0.265427,0.250074,0.33531,0.551549,0.780028,0.439161,0.621083,0.436601,0.617463,0.411347,0.581748,0.551551,0.780031,0.3502,0.432539,0.421925,0.403975,0.432541,0.711484,1.006217,0.694025,0.981524,0.664499,0.939767,0.711486,1.006219
2023-07-11,0.1412,0.33525,0.26559,0.264065,0.247259,0.335251,0.551453,0.779893,0.436869,0.617842,0.434361,0.614295,0.406717,0.5752,0.551455,0.779895,-0.1704,0.432473,0.420945,0.400952,0.432474,0.711376,1.006063,0.692413,0.979245,0.659526,0.932735,0.711377,1.006065
2023-07-12,0.5347,0.334784,0.262013,0.260216,0.242209,0.334785,0.550685,0.778807,0.430985,0.609521,0.428029,0.60534,0.39841,0.563451,0.550688,0.77881,-0.0691,0.430851,0.417586,0.390972,0.430852,0.708707,1.00229,0.686888,0.971431,0.643109,0.909518,0.708709,1.002292
2023-07-13,0.5598,0.33642,0.285413,0.287154,0.268886,0.336422,0.553378,0.782615,0.469477,0.663957,0.472339,0.668006,0.44229,0.625509,0.55338,0.782618,0.3419,0.430895,0.413555,0.379439,0.430896,0.708779,1.002391,0.680257,0.962053,0.624139,0.882689,0.708781,1.002394
2023-07-14,-0.2627,0.338157,0.306843,0.313518,0.294558,0.338158,0.556234,0.786654,0.504726,0.713809,0.515705,0.729336,0.484518,0.685229,0.556235,0.786656,-0.3985,0.431343,0.412506,0.377292,0.431344,0.709516,1.003433,0.678531,0.959612,0.620607,0.877694,0.709517,1.003435
2023-07-17,0.0,0.337974,0.304679,0.310256,0.292744,0.337975,0.555934,0.78623,0.501166,0.708774,0.51034,0.721748,0.481534,0.68101,0.555936,0.786232,0.4304,0.432017,0.412494,0.378598,0.432018,0.710625,1.005001,0.678511,0.959584,0.622756,0.880732,0.710626,1.005002
2023-07-18,0.1845,0.337973,0.297614,0.30094,0.283826,0.337974,0.555933,0.786228,0.489546,0.69234,0.495015,0.700076,0.466865,0.660264,0.555934,0.78623,0.289,0.432756,0.413292,0.381904,0.432757,0.711841,1.006721,0.679824,0.961441,0.628194,0.888424,0.711841,1.006722
2023-07-19,0.2344,0.338,0.294265,0.296582,0.278866,0.338001,0.555977,0.78629,0.484036,0.684548,0.487848,0.689939,0.458706,0.648725,0.555978,0.786292,0.8925,0.43231,0.411366,0.376976,0.43231,0.711107,1.005683,0.676656,0.95696,0.620088,0.87696,0.711107,1.005683
2023-07-20,-0.3909,0.337668,0.292893,0.29474,0.276399,0.337669,0.55543,0.785517,0.48178,0.681357,0.484819,0.685655,0.454649,0.642988,0.555431,0.785519,-1.0839,0.435176,0.427311,0.425885,0.435176,0.71582,1.012349,0.702885,0.994055,0.700538,0.990736,0.71582,1.012349
2023-07-21,-0.0224,0.338623,0.29808,0.300868,0.284572,0.338623,0.557,0.787738,0.490312,0.693424,0.494897,0.699909,0.468092,0.661999,0.557001,0.787739,0.1169,0.440826,0.447872,0.490903,0.440826,0.725115,1.025493,0.736705,1.041885,0.807486,1.141987,0.725114,1.025493
2023-07-24,-0.1568,0.336154,0.291532,0.292727,0.275957,0.336155,0.55294,0.781996,0.479541,0.678191,0.481507,0.680972,0.453922,0.641959,0.552941,0.781997,-0.1651,0.438002,0.44466,0.476808,0.438002,0.72047,1.018924,0.731422,1.034413,0.784302,1.109199,0.720469,1.018923
2023-07-25,-0.0112,0.333339,0.286898,0.287093,0.270293,0.33334,0.54831,0.775447,0.471919,0.667412,0.472239,0.667864,0.444605,0.628783,0.548311,0.775449,-0.7305,0.437247,0.441706,0.464048,0.437247,0.719228,1.017168,0.726562,1.02754,0.763313,1.079516,0.719228,1.017168
2023-07-26,0.1736,0.333324,0.28075,0.279787,0.262073,0.333325,0.548285,0.775412,0.461805,0.653108,0.460222,0.650869,0.431084,0.609661,0.548286,0.775414,0.4018,0.439846,0.448161,0.484188,0.439846,0.723503,1.023215,0.737179,1.042556,0.796441,1.126367,0.723503,1.023215
2023-07-27,-0.4037,0.33347,0.277816,0.276443,0.257623,0.333471,0.548526,0.775752,0.456979,0.646282,0.454721,0.643089,0.423764,0.599308,0.548527,0.775754,-0.0867,0.440273,0.447709,0.479644,0.440273,0.724206,1.024208,0.736436,1.041504,0.788967,1.115796,0.724206,1.024208
2023-07-28,0.2413,0.334403,0.284797,0.284722,0.268637,0.334404,0.550059,0.777921,0.468463,0.662523,0.468339,0.662349,0.441881,0.62493,0.550061,0.777923,-0.0966,0.440331,0.44439,0.465517,0.440331,0.7243,1.024342,0.730978,1.033786,0.765729,1.082932,0.7243,1.024342
2023-07-31,0.1512,0.333176,0.28428,0.284159,0.267076,0.333177,0.548041,0.775067,0.467613,0.661321,0.467413,0.661039,0.439313,0.621298,0.548042,0.775069,0.0644,0.439894,0.441124,0.451955,0.439894,0.723582,1.023325,0.725606,1.026188,0.743421,1.051384,0.723581,1.023325
2023-08-01,-0.3139,0.333043,0.280566,0.279825,0.261575,0.333044,0.547823,0.774758,0.461503,0.652681,0.460285,0.650958,0.430264,0.608501,0.547824,0.77476,0.1735,0.439811,0.437749,0.438471,0.439811,0.723445,1.023132,0.720053,1.018335,0.721241,1.020015,0.723445,1.023132
2023-08-02,-0.2192,0.332835,0.282157,0.281731,0.265006,0.332836,0.54748,0.774274,0.46412,0.656382,0.463419,0.65539,0.435908,0.616483,0.547482,0.774276,-0.0174,0.437689,0.434871,0.427232,0.437689,0.719954,1.018195,0.715319,1.01164,0.702754,0.99387,0.719954,1.018195
2023-08-03,-0.4794,0.330391,0.279622,0.278775,0.262483,0.330391,0.54346,0.768588,0.45995,0.650484,0.458557,0.648515,0.431758,0.610614,0.543461,0.76859,-0.8541,0.433492,0.431358,0.414239,0.433491,0.71305,1.008432,0.70954,1.003468,0.681382,0.963644,0.71305,1.008431
2023-08-04,0.5413,0.331453,0.291494,0.292702,0.280273,0.331453,0.545206,0.771058,0.479478,0.678102,0.481465,0.680913,0.461021,0.651999,0.545208,0.77106,0.6222,0.436614,0.442181,0.452844,0.436614,0.718186,1.015695,0.727343,1.028645,0.744883,1.053451,0.718186,1.015694
2023-08-07,-0.0731,0.333029,0.310003,0.314621,0.302358,0.333029,0.547799,0.774724,0.509925,0.721161,0.51752,0.731902,0.497348,0.703374,0.5478,0.774726,0.1859,0.438262,0.445979,0.464749,0.438262,0.720897,1.019529,0.73359,1.03748,0.764465,1.081145,0.720896,1.019528
2023-08-08,0.2641,0.329938,0.303157,0.306066,0.293693,0.329938,0.542715,0.767534,0.498663,0.705234,0.503448,0.712001,0.483095,0.683218,0.542715,0.767535,0.632,0.436934,0.443256,0.452886,0.436933,0.718713,1.016439,0.729112,1.031147,0.744952,1.053548,0.718712,1.016438
2023-08-09,0.0224,0.330011,0.302662,0.30527,0.292002,0.330012,0.542835,0.767705,0.497849,0.704083,0.502139,0.71015,0.480314,0.679284,0.542836,0.767706,-0.0816,0.438598,0.447184,0.46558,0.438598,0.72145,1.02031,0.735573,1.040285,0.765832,1.083078,0.721449,1.02031
2023-08-10,-0.3767,0.32994,0.296244,0.297482,0.28316,0.329941,0.542718,0.767539,0.487292,0.689152,0.489328,0.692032,0.465769,0.658714,0.542719,0.767541,-0.2658,0.4386,0.443939,0.451839,0.4386,0.721453,1.020315,0.730235,1.032735,0.743229,1.051112,0.721453,1.020315
2023-08-11,-0.186,0.330805,0.300084,0.301881,0.289625,0.330806,0.544141,0.769552,0.493608,0.698086,0.496563,0.702265,0.476404,0.673755,0.544143,0.769554,0.0935,0.438025,0.441838,0.442886,0.438025,0.720507,1.018977,0.726779,1.027847,0.728503,1.030285,0.720507,1.018977
2023-08-14,-0.2147,0.330989,0.295914,0.296804,0.284474,0.330989,0.544443,0.769979,0.48675,0.688386,0.488213,0.690456,0.467931,0.661772,0.544444,0.769981,0.0861,0.437811,0.438637,0.430004,0.43781,0.720155,1.018479,0.721515,1.020402,0.707313,1.000318,0.720154,1.018478
2023-08-15,-0.2661,0.330844,0.292729,0.292964,0.280777,0.330844,0.544205,0.769641,0.481511,0.680976,0.481897,0.681523,0.46185,0.653172,0.544206,0.769643,0.053,0.437634,0.435387,0.417437,0.437634,0.719865,1.018069,0.716168,1.012841,0.686643,0.971085,0.719864,1.018068
2023-08-16,-0.2327,0.331021,0.291436,0.291376,0.279918,0.331022,0.544497,0.770055,0.479384,0.677968,0.479284,0.677827,0.460437,0.651174,0.544498,0.770056,-0.0023,0.435987,0.432012,0.404929,0.435987,0.717155,1.014237,0.710616,1.004989,0.666067,0.941986,0.717155,1.014236
2023-08-17,-0.1934,0.331301,0.288947,0.28841,0.277312,0.331301,0.544957,0.770706,0.475289,0.672178,0.474405,0.670928,0.45615,0.645111,0.544958,0.770707,-0.2962,0.435623,0.428508,0.392593,0.435622,0.716556,1.013389,0.704852,0.996837,0.645777,0.91329,0.716555,1.013388
2023-08-18,0.0455,0.330245,0.28532,0.284119,0.273005,0.330246,0.543221,0.76825,0.469322,0.663739,0.467347,0.660946,0.449067,0.635093,0.543221,0.768251,-0.1055,0.43449,0.426749,0.387487,0.43449,0.714693,1.010755,0.70196,0.992747,0.637377,0.90141,0.714692,1.010753
2023-08-21,-0.4678,0.330247,0.279673,0.277539,0.264923,0.330247,0.543223,0.768253,0.460034,0.650603,0.456523,0.645638,0.435772,0.616291,0.543223,0.768253,-0.3786,0.434528,0.423375,0.37657,0.434527,0.714755,1.010842,0.696409,0.984897,0.61942,0.876015,0.714754,1.010841
2023-08-22,0.0857,0.33085,0.290238,0.290075,0.281253,0.33085,0.544214,0.769655,0.477412,0.67518,0.477144,0.674801,0.462634,0.65428,0.544215,0.769656,0.1749,0.435236,0.422808,0.376692,0.435235,0.715919,1.012489,0.695477,0.983579,0.619621,0.876299,0.715919,1.012488
2023-08-23,0.6549,0.329891,0.28512,0.284095,0.273492,0.329891,0.542637,0.767425,0.468994,0.663275,0.467307,0.660889,0.449867,0.636224,0.542638,0.767425,0.4366,0.435341,0.419837,0.367721,0.435341,0.716093,1.012734,0.69059,0.976668,0.604864,0.855429,0.716092,1.012733
2023-08-24,-0.0909,0.332504,0.313646,0.317615,0.309909,0.332504,0.546936,0.773504,0.515916,0.729634,0.522445,0.738868,0.509769,0.720942,0.546936,0.773504,-0.0703,0.436124,0.420523,0.372213,0.436123,0.71738,1.014555,0.691719,0.978263,0.612253,0.865879,0.717379,1.014553
2023-08-25,-0.0625,0.332532,0.307292,0.309789,0.301292,0.332532,0.546981,0.773568,0.505464,0.714852,0.509572,0.720662,0.495595,0.700895,0.546981,0.773568,0.0803,0.436142,0.416907,0.361285,0.436142,0.717411,1.014598,0.685771,0.969852,0.594277,0.840456,0.71741,1.014597
2023-08-28,0.0796,0.331467,0.301125,0.302356,0.292514,0.331467,0.54523,0.771092,0.49532,0.700506,0.497346,0.703371,0.481157,0.680476,0.54523,0.771091,0.0933,0.435875,0.413251,0.35083,0.435874,0.716971,1.013976,0.679757,0.961346,0.577081,0.816136,0.71697,1.013975
2023-08-29,0.4082,0.331399,0.295818,0.296062,0.284273,0.331399,0.545119,0.770934,0.486591,0.688162,0.486992,0.688729,0.4676,0.661303,0.545119,0.770934,0.2654,0.434937,0.409548,0.340909,0.434937,0.715429,1.011795,0.673665,0.952731,0.560762,0.793057,0.715427,1.011793
2023-08-30,0.1018,0.330667,0.303063,0.304517,0.293189,0.330667,0.543915,0.769231,0.498508,0.705015,0.5009,0.708398,0.482267,0.682046,0.543914,0.769231,0.1609,0.435201,0.407411,0.336856,0.4352,0.715862,1.012408,0.670151,0.947761,0.554095,0.783629,0.715861,1.012407
2023-08-31,0.1694,0.330634,0.298033,0.298556,0.285349,0.330633,0.543859,0.769153,0.490235,0.693315,0.491095,0.694531,0.469371,0.663807,0.543859,0.769152,-0.1841,0.435183,0.404026,0.328964,0.435183,0.715833,1.012367,0.664582,0.939886,0.541113,0.765269,0.715832,1.012365
2023-09-01,0.0,0.33052,0.294679,0.294621,0.279751,0.33052,0.543672,0.768889,0.484718,0.685513,0.484623,0.685377,0.460162,0.650784,0.543672,0.768888,0.0331,0.434026,0.400747,0.322115,0.434025,0.713929,1.009674,0.659189,0.932258,0.529846,0.749335,0.713928,1.009672
2023-09-05,-0.5318,0.32913,0.288947,0.287947,0.271228,0.329129,0.541386,0.765655,0.475289,0.672177,0.473645,0.669852,0.446143,0.630958,0.541385,0.765654,0.034,0.433753,0.396463,0.312407,0.433752,0.71348,1.009039,0.652142,0.922292,0.513878,0.726752,0.713478,1.009037
2023-09-06,-0.0965,0.330699,0.302546,0.303694,0.293461,0.330699,0.543967,0.769306,0.497658,0.703813,0.499547,0.706484,0.482715,0.682679,0.543967,0.769305,0.0978,0.433749,0.391974,0.303004,0.433748,0.713474,1.009031,0.644758,0.911849,0.498412,0.704879,0.713472,1.009028
2023-09-07,0.1475,0.328988,0.297074,0.297248,0.285502,0.328988,0.541152,0.765325,0.488657,0.691084,0.488943,0.691487,0.469621,0.664162,0.541152,0.765324,0.3209,0.433532,0.387597,0.294749,0.433531,0.713116,1.008525,0.637558,0.901666,0.484832,0.685674,0.713115,1.008522
2023-09-08,0.0,0.328518,0.2933,0.292868,0.279152,0.328518,0.54038,0.764232,0.482449,0.682304,0.481739,0.681299,0.459177,0.649391,0.540379,0.764231,0.1949,0.432953,0.38644,0.296383,0.432952,0.712164,1.007178,0.635654,0.898974,0.48752,0.689475,0.712162,1.007175
2023-09-11,-0.1589,0.328423,0.287684,0.286355,0.270648,0.328423,0.540223,0.76401,0.473212,0.669239,0.471026,0.666149,0.445189,0.629608,0.540222,0.764009,-0.908,0.432744,0.382929,0.291293,0.432743,0.711821,1.006693,0.62988,0.890807,0.479147,0.677634,0.711819,1.006691
2023-09-12,0.1248,0.328579,0.283625,0.281663,0.265274,0.328579,0.54048,0.764374,0.466535,0.659797,0.463308,0.655233,0.436349,0.617107,0.540479,0.764373,0.1646,0.435781,0.405056,0.359483,0.43578,0.716816,1.013757,0.666276,0.942281,0.591314,0.836266,0.716815,1.013755
2023-09-13,0.051,0.32867,0.279661,0.277151,0.259003,0.32867,0.54063,0.764586,0.460015,0.650576,0.455886,0.644737,0.426034,0.602518,0.540629,0.764584,-0.2388,0.435872,0.401915,0.350856,0.435871,0.716966,1.01397,0.661111,0.934976,0.577123,0.816197,0.716965,1.013967
2023-09-14,-0.0397,0.328058,0.274473,0.271196,0.251423,0.328058,0.539623,0.763162,0.451481,0.638506,0.446091,0.630884,0.413566,0.584886,0.539623,0.763161,0.0565,0.435563,0.399448,0.34516,0.435563,0.716458,1.013251,0.657052,0.929235,0.567754,0.802946,0.716457,1.013249
2023-09-15,-0.1305,0.327672,0.26888,0.264684,0.243958,0.327672,0.538987,0.762263,0.442281,0.625495,0.435378,0.615733,0.401286,0.567519,0.538987,0.762262,-0.1662,0.435269,0.39551,0.334931,0.435268,0.715973,1.012566,0.650575,0.920075,0.550928,0.779151,0.715972,1.012564
2023-09-18,0.0511,0.327709,0.264288,0.259377,0.238676,0.327709,0.539049,0.76235,0.434727,0.614813,0.426649,0.603388,0.392598,0.555232,0.539049,0.76235,0.2859,0.434918,0.392128,0.32727,0.434918,0.715397,1.011751,0.645012,0.912208,0.538326,0.761328,0.715396,1.011749
2023-09-19,-0.159,0.32766,0.258853,0.253081,0.231743,0.32766,0.538968,0.762236,0.425787,0.602169,0.416294,0.588743,0.381195,0.539104,0.538968,0.762236,-0.0918,0.434795,0.390444,0.324936,0.434795,0.715195,1.011465,0.642241,0.908289,0.534488,0.755899,0.715194,1.011463
2023-09-20,-0.0341,0.327707,0.254845,0.248587,0.228034,0.327707,0.539045,0.762345,0.419195,0.592847,0.408901,0.578288,0.375093,0.530476,0.539045,0.762344,-0.163,0.434667,0.386383,0.315839,0.434666,0.714983,1.011165,0.635561,0.898842,0.519523,0.734736,0.714982,1.011164
2023-09-21,-0.4331,0.327393,0.24856,0.241231,0.221245,0.327393,0.538529,0.761615,0.408856,0.578225,0.396801,0.561176,0.363926,0.514682,0.538529,0.761614,-0.1645,0.434805,0.382775,0.308809,0.434804,0.71521,1.011486,0.629626,0.890449,0.50796,0.718383,0.715209,1.011484
2023-09-22,0.1712,0.328515,0.261432,0.257602,0.239305,0.328514,0.540374,0.764224,0.430029,0.608169,0.423729,0.599258,0.393633,0.556695,0.540373,0.764223,0.0534,0.433753,0.379099,0.302101,0.433752,0.713481,1.00904,0.62358,0.881898,0.496926,0.702777,0.713479,1.009038
2023-09-25,-0.3198,0.325508,0.259272,0.255497,0.235774,0.325507,0.535428,0.757229,0.426477,0.603145,0.420267,0.594363,0.387825,0.548481,0.535427,0.757228,-0.1418,0.433292,0.374508,0.29319,0.433291,0.712721,1.007966,0.616029,0.871219,0.482267,0.682047,0.712721,1.007965
2023-09-26,-0.0744,0.325924,0.262267,0.259354,0.241641,0.325923,0.536112,0.758196,0.431404,0.610113,0.426611,0.603335,0.397475,0.56213,0.536111,0.758195,-0.0881,0.43232,0.370331,0.286372,0.43232,0.711123,1.005706,0.609158,0.861502,0.471053,0.666187,0.711122,1.005705
2023-09-27,-0.2063,0.320689,0.256928,0.253339,0.234987,0.320688,0.527502,0.746019,0.422621,0.597691,0.416717,0.589342,0.386531,0.546651,0.5275,0.746017,-0.1995,0.429637,0.365519,0.278485,0.429637,0.70671,0.999465,0.601242,0.850307,0.458081,0.64784,0.70671,0.999464
2023-09-28,0.1146,0.319646,0.254679,0.251027,0.233366,0.319645,0.525786,0.743592,0.418921,0.592459,0.412915,0.583965,0.383863,0.542879,0.525784,0.743591,-0.0154,0.429848,0.361914,0.274388,0.429847,0.707057,0.999955,0.595312,0.84192,0.451341,0.638309,0.707056,0.999954
2023-09-29,0.0744,0.317859,0.25088,0.247026,0.227991,0.317858,0.522847,0.739436,0.412672,0.583621,0.406333,0.574656,0.375023,0.530376,0.522845,0.739434,0.0059,0.426416,0.35648,0.266056,0.426415,0.701411,0.991971,0.586375,0.829281,0.437635,0.618926,0.70141,0.991969
2023-10-02,0.0,0.316992,0.246058,0.241862,0.221796,0.316992,0.521421,0.737419,0.40474,0.572404,0.397838,0.562643,0.364832,0.515963,0.521419,0.737417,0.0,0.415796,0.350789,0.257955,0.415795,0.683942,0.967265,0.577013,0.81604,0.42431,0.60008,0.683941,0.967264
2023-10-03,-0.8393,0.316806,0.240169,0.23545,0.215039,0.316805,0.521114,0.736985,0.395055,0.558706,0.387292,0.547728,0.353717,0.500245,0.521112,0.736983,-0.8393,0.415452,0.34478,0.250096,0.415451,0.683376,0.966465,0.567128,0.802061,0.411384,0.581799,0.683376,0.966464
2023-10-04,0.15,0.319927,0.293436,0.297911,0.292801,0.319926,0.526248,0.744246,0.482673,0.68262,0.490035,0.693032,0.481629,0.681144,0.526247,0.744245,0.15,0.418158,0.372801,0.317901,0.418158,0.687828,0.972761,0.613221,0.867248,0.522915,0.739532,0.687828,0.97276
2023-10-05,0.0948,0.320054,0.290309,0.293449,0.286249,0.320054,0.526457,0.744542,0.477529,0.675345,0.482695,0.682651,0.470852,0.665902,0.526456,0.744541,0.0948,0.418241,0.369296,0.310398,0.41824,0.687964,0.972953,0.607455,0.859094,0.510574,0.72208,0.687964,0.972953
2023-10-06,-0.2209,0.31997,0.286293,0.288022,0.278499,0.319969,0.526318,0.744346,0.470923,0.666003,0.473767,0.670025,0.458103,0.647872,0.526318,0.744345,-0.2209,0.418153,0.365152,0.301837,0.418153,0.68782,0.97275,0.600638,0.849453,0.496492,0.702163,0.68782,0.972749
2023-10-10,0.6322,0.319916,0.284095,0.2851,0.275383,0.319915,0.52623,0.74422,0.467309,0.660891,0.468961,0.663229,0.452977,0.640623,0.526229,0.744219,0.6158,0.41811,0.362243,0.297602,0.41811,0.687749,0.97265,0.595853,0.842685,0.489526,0.692312,0.687749,0.972649
2023-10-11,0.3751,0.321819,0.306235,0.313671,0.308652,0.321819,0.52936,0.748647,0.503726,0.712395,0.515957,0.729692,0.507702,0.718018,0.529359,0.748646,0.4354,0.419384,0.372606,0.325585,0.419384,0.689844,0.975612,0.6129,0.866794,0.535555,0.757408,0.689844,0.975612
2023-10-12,-0.4677,0.320724,0.310435,0.318966,0.313037,0.320724,0.527559,0.7461,0.510634,0.722165,0.524668,0.742011,0.514915,0.728218,0.527559,0.7461,-0.4307,0.420026,0.375004,0.333196,0.420026,0.690901,0.977106,0.616844,0.872372,0.548074,0.775114,0.6909,0.977106
2023-10-13,0.2428,0.322179,0.317517,0.328346,0.324403,0.322179,0.529953,0.749486,0.522284,0.73864,0.540096,0.763831,0.53361,0.754659,0.529952,0.749485,0.2839,0.420956,0.376754,0.339836,0.420956,0.69243,0.97927,0.619723,0.876444,0.558997,0.790561,0.69243,0.979269
2023-10-16,-0.3064,0.321127,0.315755,0.325152,0.320094,0.321127,0.528222,0.747038,0.519385,0.73454,0.534842,0.756401,0.526523,0.744635,0.528221,0.747037,-0.2298,0.420066,0.375421,0.336742,0.420066,0.690967,0.9772,0.617531,0.873343,0.553907,0.783363,0.690966,0.977199
2023-10-17,-0.4469,0.321015,0.315033,0.32358,0.319289,0.321014,0.528038,0.746778,0.518197,0.73286,0.532257,0.752744,0.525198,0.742762,0.528037,0.746776,-0.4469,0.420339,0.372975,0.331301,0.420338,0.691416,0.977834,0.613507,0.867652,0.544956,0.770704,0.691415,0.977833
2023-10-18,-0.2504,0.321981,0.320642,0.330712,0.328347,0.321981,0.529627,0.749025,0.527424,0.74591,0.543988,0.769335,0.540098,0.763834,0.529626,0.749024,-0.1738,0.421237,0.375225,0.339349,0.421237,0.692893,0.979924,0.617208,0.872886,0.558195,0.789427,0.692892,0.979923
2023-10-19,-0.3622,0.322389,0.317787,0.326147,0.324199,0.322388,0.530297,0.749973,0.522728,0.739269,0.53648,0.758717,0.533275,0.754185,0.530296,0.749972,-0.4101,0.421322,0.372072,0.331754,0.421322,0.693033,0.980122,0.61202,0.86555,0.545702,0.771759,0.693033,0.980122
2023-10-20,0.1813,0.321432,0.319073,0.327328,0.326604,0.321431,0.528723,0.747746,0.524842,0.742258,0.538421,0.761463,0.537231,0.759779,0.528722,0.747745,0.2209,0.422079,0.373294,0.336969,0.422079,0.694278,0.981883,0.614031,0.868393,0.55428,0.78389,0.694278,0.981883
2023-10-23,0.0,0.31955,0.315613,0.322138,0.319753,0.31955,0.525628,0.74337,0.519152,0.734211,0.529885,0.74939,0.525962,0.743842,0.525628,0.743369,0.0041,0.419317,0.371004,0.331154,0.419317,0.689734,0.975457,0.610264,0.863066,0.544715,0.770363,0.689734,0.975457
2023-10-24,0.4663,0.319402,0.309888,0.314113,0.310012,0.319401,0.525384,0.743024,0.509735,0.720892,0.516685,0.730722,0.509939,0.721182,0.525383,0.743024,0.3733,0.4191,0.366919,0.321067,0.4191,0.689377,0.974951,0.603546,0.853565,0.528123,0.746898,0.689377,0.974952
2023-10-25,-0.3378,0.320358,0.318773,0.325478,0.321539,0.320358,0.526957,0.745249,0.52435,0.741563,0.535379,0.75716,0.528899,0.747996,0.526956,0.745248,-0.2352,0.41964,0.367861,0.324438,0.41964,0.690265,0.976208,0.605094,0.855754,0.533668,0.754741,0.690266,0.976209
2023-10-26,0.2971,0.32085,0.319054,0.325387,0.322538,0.320849,0.527765,0.746392,0.524812,0.742215,0.535229,0.756947,0.530542,0.75032,0.527765,0.746392,0.2766,0.419523,0.365508,0.319787,0.419523,0.690073,0.975936,0.601224,0.850281,0.526017,0.74392,0.690074,0.975937
2023-10-27,0.0814,0.320833,0.31929,0.325268,0.321068,0.320832,0.527738,0.746353,0.5252,0.742764,0.535033,0.756671,0.528125,0.746901,0.527737,0.746352,0.1101,0.414241,0.364247,0.317361,0.414241,0.681385,0.963648,0.599151,0.847349,0.522028,0.738278,0.681385,0.963649
2023-10-30,-0.064,0.31994,0.314075,0.318038,0.311925,0.319939,0.526269,0.744275,0.516621,0.730632,0.523141,0.739852,0.513086,0.725632,0.526268,0.744274,-0.1159,0.408247,0.360574,0.308873,0.408248,0.671526,0.949706,0.593108,0.838803,0.508065,0.718531,0.671526,0.949706
2023-10-31,-0.1164,0.319434,0.308664,0.310693,0.302829,0.319433,0.525437,0.743099,0.507722,0.718046,0.51106,0.722766,0.498123,0.70447,0.525436,0.743098,-0.0713,0.408324,0.35677,0.300806,0.408324,0.671652,0.949884,0.586852,0.829955,0.494796,0.699765,0.671653,0.949885
2023-11-01,0.5516,0.318641,0.303931,0.304313,0.294985,0.31864,0.524132,0.741254,0.499936,0.707034,0.500565,0.707924,0.48522,0.686222,0.524131,0.741253,0.5639,0.407684,0.352571,0.292165,0.407684,0.670599,0.948395,0.579945,0.820187,0.480582,0.679663,0.6706,0.948396
2023-11-02,0.4795,0.320405,0.31801,0.322594,0.316308,0.320404,0.527034,0.745358,0.523095,0.739787,0.530635,0.75045,0.520295,0.735827,0.527032,0.745355,0.459,0.408038,0.361035,0.315147,0.408038,0.671181,0.949218,0.593866,0.839875,0.518385,0.733127,0.671182,0.949219
2023-11-03,0.5231,0.321682,0.326892,0.333726,0.328394,0.321681,0.529135,0.74833,0.537705,0.76045,0.548946,0.776347,0.540176,0.763944,0.529133,0.748327,0.311,0.408848,0.364606,0.325576,0.408849,0.672515,0.951104,0.599741,0.848183,0.535539,0.757387,0.672515,0.951105
2023-11-06,-0.0803,0.322256,0.338198,0.347821,0.343206,0.322255,0.530079,0.749664,0.556303,0.786751,0.572131,0.809137,0.564539,0.7984,0.530077,0.749662,-0.5058,0.408953,0.364021,0.32472,0.408953,0.672687,0.951348,0.598779,0.846823,0.534131,0.755395,0.672687,0.951348
2023-11-07,0.2235,0.322252,0.331685,0.338784,0.333331,0.322251,0.530072,0.749655,0.545588,0.771598,0.557266,0.788114,0.548297,0.775429,0.53007,0.749652,0.3514,0.410278,0.368519,0.338329,0.410278,0.674867,0.95443,0.606177,0.857285,0.556517,0.787054,0.674867,0.95443
2023-11-08,0.263,0.322473,0.328767,0.334581,0.327781,0.322472,0.530436,0.750169,0.540789,0.764811,0.550353,0.778336,0.539167,0.762517,0.530434,0.750166,0.2795,0.405283,0.368758,0.339127,0.405283,0.66665,0.94281,0.60657,0.857842,0.55783,0.788911,0.666651,0.942811
2023-11-09,-0.5037,0.321879,0.327202,0.332195,0.324259,0.321878,0.529459,0.748787,0.538214,0.76117,0.546427,0.772784,0.533374,0.754324,0.529457,0.748785,-0.4556,0.403239,0.367485,0.335848,0.403239,0.663287,0.938054,0.604477,0.854881,0.552437,0.781283,0.663288,0.938056
2023-11-10,0.0287,0.322929,0.335169,0.341929,0.337725,0.322929,0.531186,0.75123,0.55132,0.779705,0.562439,0.795429,0.555524,0.78565,0.531185,0.751229,0.0287,0.40417,0.370203,0.34421,0.40417,0.664819,0.94022,0.608948,0.861204,0.566191,0.800736,0.66482,0.940221
2023-11-13,0.0746,0.316642,0.328895,0.333529,0.327512,0.316641,0.520844,0.736604,0.540999,0.765107,0.548621,0.775887,0.538725,0.761891,0.520843,0.736603,0.1501,0.403932,0.366411,0.333798,0.403932,0.664427,0.939666,0.60271,0.852383,0.549065,0.776515,0.664428,0.939668
2023-11-14,0.6628,0.311534,0.323379,0.326215,0.31806,0.311534,0.512443,0.724722,0.531927,0.752277,0.536591,0.758874,0.523177,0.739903,0.512442,0.724721,0.1677,0.401572,0.363323,0.325711,0.401573,0.660547,0.934178,0.59763,0.845198,0.535762,0.757702,0.660548,0.93418
2023-11-15,-0.0513,0.311663,0.343853,0.351822,0.348498,0.311662,0.512654,0.725021,0.565603,0.799905,0.578713,0.818444,0.573244,0.81071,0.512652,0.725019,-0.1396,0.401391,0.360406,0.318449,0.401392,0.660248,0.933756,0.592833,0.838414,0.523817,0.740808,0.66025,0.933758
2023-11-16,0.4037,0.310487,0.337184,0.342945,0.338115,0.310486,0.51072,0.722286,0.554634,0.784391,0.564111,0.797794,0.556165,0.786556,0.510719,0.722284,0.3347,0.394705,0.357085,0.310636,0.394706,0.649251,0.918203,0.587369,0.830687,0.510965,0.722632,0.649252,0.918205
2023-11-17,0.0737,0.310611,0.340842,0.347136,0.342404,0.31061,0.510924,0.722574,0.560651,0.7929,0.571003,0.807542,0.563221,0.796535,0.510923,0.722572,-0.3359,0.394141,0.357217,0.312132,0.394141,0.648322,0.91689,0.587587,0.830995,0.513426,0.726112,0.648323,0.916891
2023-11-20,0.1473,0.310109,0.33479,0.339193,0.332464,0.310108,0.510098,0.721406,0.550696,0.778822,0.557939,0.789065,0.54687,0.77341,0.510097,0.721404,-0.4647,0.391597,0.357185,0.313609,0.391598,0.644138,0.910973,0.587533,0.830919,0.515855,0.729548,0.644139,0.910974
2023-11-21,0.1641,0.310214,0.33014,0.33308,0.324349,0.310213,0.510271,0.721651,0.543047,0.768004,0.547883,0.774844,0.533521,0.754532,0.51027,0.721649,-0.2945,0.39083,0.360682,0.324663,0.39083,0.642876,0.909187,0.593286,0.839055,0.534039,0.755264,0.642876,0.909188
2023-11-22,0.0452,0.309922,0.326032,0.327723,0.317026,0.309921,0.509791,0.720972,0.536291,0.758449,0.539072,0.762383,0.521477,0.737498,0.50979,0.72097,0.3223,0.39129,0.359631,0.322933,0.391291,0.643633,0.910258,0.591556,0.836608,0.531192,0.751239,0.643634,0.910259
2023-11-24,-0.1357,0.308946,0.320562,0.320647,0.307568,0.308946,0.508186,0.718702,0.527293,0.745724,0.527432,0.745921,0.505918,0.715495,0.508185,0.7187,-0.2224,0.389541,0.359472,0.322895,0.389541,0.640756,0.906189,0.591296,0.83624,0.53113,0.751151,0.640756,0.90619
2023-11-27,0.3445,0.307736,0.315966,0.314631,0.300045,0.307735,0.506195,0.715886,0.519733,0.735032,0.517536,0.731925,0.493544,0.697994,0.506193,0.715884,0.4004,0.388305,0.357191,0.317763,0.388305,0.638723,0.903313,0.587544,0.830934,0.522688,0.739212,0.638723,0.903314
2023-11-28,0.3209,0.30842,0.317802,0.317137,0.302896,0.308419,0.50732,0.717478,0.522752,0.739303,0.521659,0.737756,0.498234,0.704627,0.507319,0.717476,0.1138,0.386853,0.359081,0.323317,0.386853,0.636334,0.899935,0.590652,0.83533,0.531824,0.752133,0.636334,0.899936
2023-11-29,0.4374,0.309013,0.318621,0.318235,0.304006,0.309012,0.508296,0.718857,0.524099,0.741207,0.523465,0.74031,0.50006,0.70721,0.508294,0.718855,0.3253,0.384116,0.35569,0.314705,0.384117,0.631833,0.89357,0.585074,0.827441,0.517658,0.732097,0.631834,0.893571
2023-11-30,-0.1288,0.307893,0.324377,0.325545,0.313614,0.307892,0.506453,0.716251,0.533567,0.754597,0.535489,0.757316,0.515864,0.729561,0.506452,0.716249,-0.0447,0.383861,0.355651,0.31535,0.383862,0.631413,0.892976,0.585011,0.827352,0.51872,0.7336,0.631415,0.892978
2023-12-01,0.4919,0.302793,0.319613,0.319447,0.305693,0.302793,0.498064,0.704387,0.525731,0.743515,0.525458,0.743129,0.502834,0.711133,0.498064,0.704387,0.5283,0.38357,0.351783,0.30594,0.383571,0.630934,0.892298,0.578648,0.818353,0.50324,0.711707,0.630935,0.8923
2023-12-04,-0.0614,0.303964,0.328077,0.330061,0.319936,0.303963,0.49999,0.70711,0.539653,0.763205,0.542918,0.767822,0.526263,0.744267,0.499989,0.70711,-0.0082,0.384855,0.358084,0.323619,0.384856,0.633049,0.895289,0.589012,0.833011,0.53232,0.752834,0.63305,0.895292
2023-12-05,0.4176,0.303311,0.322576,0.323081,0.310554,0.303311,0.498916,0.705592,0.530606,0.750409,0.531435,0.751583,0.51083,0.722441,0.498916,0.705592,0.4456,0.377755,0.354226,0.313766,0.377756,0.621369,0.878771,0.582666,0.824036,0.516114,0.729915,0.621371,0.878774
2023-12-06,0.3162,0.304009,0.327076,0.328634,0.317994,0.304008,0.500064,0.707215,0.538008,0.760877,0.54057,0.764501,0.523069,0.739751,0.500063,0.707214,0.5064,0.376138,0.357436,0.323197,0.376138,0.618709,0.875009,0.587946,0.831503,0.531626,0.751852,0.61871,0.875011
2023-12-07,0.0,0.3037,0.327211,0.328695,0.317887,0.3037,0.499557,0.706498,0.538229,0.761191,0.540671,0.764644,0.522892,0.739501,0.499556,0.706497,-0.0908,0.377367,0.362338,0.337009,0.377367,0.620731,0.877868,0.59601,0.842907,0.554346,0.783984,0.620731,0.877869
2023-12-08,-0.2829,0.303621,0.321622,0.321674,0.308203,0.30362,0.499426,0.706313,0.529036,0.748189,0.529121,0.748309,0.506963,0.716973,0.499425,0.706312,-0.1013,0.377232,0.358836,0.327498,0.377233,0.62051,0.877556,0.590249,0.834759,0.538702,0.76186,0.62051,0.877557
2023-12-11,-0.0167,0.303445,0.320377,0.320065,0.306744,0.303444,0.499136,0.705903,0.526989,0.745294,0.526475,0.744568,0.504563,0.713578,0.499135,0.705902,0.1507,0.376086,0.355376,0.31849,0.376087,0.618624,0.874889,0.584558,0.826712,0.523884,0.740902,0.618625,0.874891
2023-12-12,0.1055,0.303412,0.315018,0.313315,0.297427,0.303411,0.499082,0.705826,0.518173,0.732826,0.515372,0.728864,0.489238,0.691905,0.499081,0.705825,0.0916,0.375914,0.352327,0.310986,0.375914,0.618341,0.874488,0.579543,0.819618,0.51154,0.723446,0.618342,0.87449
2023-12-13,0.8344,0.302323,0.310507,0.307624,0.289522,0.302322,0.49729,0.703293,0.510753,0.722332,0.506011,0.715627,0.476235,0.673515,0.49729,0.703293,0.7926,0.375892,0.348738,0.302346,0.375893,0.618305,0.874438,0.57364,0.81127,0.497328,0.703346,0.618306,0.874439
2023-12-14,0.7893,0.306246,0.343098,0.348311,0.347228,0.306246,0.503743,0.712419,0.564362,0.798148,0.572937,0.810277,0.571155,0.807755,0.503743,0.712419,-0.1028,0.378311,0.366783,0.351598,0.378312,0.622284,0.880065,0.603322,0.853248,0.578343,0.817922,0.622285,0.880066
2023-12-15,-0.0382,0.310087,0.370871,0.382148,0.388217,0.310087,0.510062,0.721355,0.610045,0.862756,0.628595,0.888991,0.638579,0.90311,0.510062,0.721356,0.0897,0.377685,0.363458,0.341815,0.377686,0.621254,0.878608,0.597852,0.845512,0.562252,0.795165,0.621255,0.87861
2023-12-18,-0.0546,0.309997,0.363205,0.37193,0.376507,0.309997,0.509914,0.721146,0.597436,0.844924,0.611788,0.865221,0.619316,0.875868,0.509914,0.721146,0.111,0.377583,0.360016,0.33213,0.377584,0.621087,0.878372,0.59219,0.837504,0.54632,0.772634,0.621088,0.878374
2023-12-19,0.1038,0.308993,0.356252,0.362886,0.365282,0.308993,0.508263,0.718811,0.585999,0.828749,0.596912,0.844183,0.600852,0.849755,0.508263,0.718811,0.0898,0.377083,0.356683,0.323158,0.377084,0.620264,0.877208,0.586708,0.829752,0.531562,0.751762,0.620265,0.87721
2023-12-20,0.2998,0.308441,0.350318,0.355306,0.355065,0.308441,0.507355,0.717527,0.576239,0.814945,0.584443,0.826549,0.584047,0.825989,0.507355,0.717527,0.3951,0.375437,0.353188,0.314084,0.375438,0.617557,0.87338,0.58096,0.821622,0.516637,0.730654,0.617557,0.87338
2023-12-21,-0.0926,0.308928,0.348918,0.353342,0.351994,0.308928,0.508156,0.71866,0.573934,0.811687,0.581212,0.821979,0.578995,0.818844,0.508156,0.718659,-0.0562,0.375785,0.354746,0.319525,0.375785,0.618128,0.874188,0.583522,0.825246,0.525587,0.743311,0.618128,0.874188
2023-12-22,-0.0708,0.309006,0.343215,0.346205,0.342024,0.309006,0.508285,0.718842,0.564554,0.79842,0.569472,0.805376,0.562595,0.795651,0.508284,0.718841,-0.1633,0.375825,0.351117,0.310097,0.375825,0.618194,0.874281,0.577552,0.816802,0.510078,0.721378,0.618194,0.874281
2023-12-26,0.0,0.308625,0.337652,0.339291,0.332058,0.308624,0.507657,0.717954,0.555404,0.78548,0.558099,0.789292,0.546202,0.772466,0.507656,0.717953,0.1639,0.375826,0.348327,0.303299,0.375826,0.618196,0.874283,0.572963,0.810314,0.498897,0.705565,0.618196,0.874283
2023-12-27,0.4569,0.308625,0.332131,0.332449,0.321942,0.308624,0.507657,0.717954,0.546323,0.772637,0.546845,0.773376,0.529562,0.748934,0.507656,0.717953,0.4191,0.3749,0.345444,0.296787,0.3749,0.616674,0.872131,0.568221,0.803607,0.488186,0.690416,0.616673,0.87213
2023-12-28,-0.1412,0.308614,0.337462,0.338958,0.331592,0.308614,0.50764,0.717929,0.555092,0.785039,0.557553,0.788519,0.545436,0.771383,0.507639,0.717928,-0.6185,0.375486,0.348013,0.30551,0.375486,0.617637,0.873493,0.572446,0.809582,0.502534,0.710708,0.617637,0.873493
2023-12-29,-0.038,0.308515,0.332897,0.333294,0.323346,0.308514,0.507476,0.717698,0.547583,0.774419,0.548235,0.775342,0.531871,0.752199,0.507475,0.717697,-0.1309,0.377771,0.357958,0.332699,0.377771,0.621396,0.878809,0.588805,0.832717,0.547257,0.773958,0.621395,0.878809
2024-01-02,-0.1905,0.308198,0.327615,0.326763,0.313633,0.308197,0.506955,0.716961,0.538894,0.762131,0.537492,0.760148,0.515895,0.729605,0.506954,0.71696,0.4091,0.37042,0.354874,0.324154,0.37042,0.609304,0.861708,0.583732,0.825543,0.5332,0.754079,0.609304,0.861708
2024-01-03,-0.0551,0.308135,0.32418,0.322458,0.307638,0.308135,0.506852,0.716815,0.533244,0.75414,0.530412,0.750135,0.506034,0.715659,0.506851,0.716814,0.0443,0.370006,0.356732,0.329868,0.370006,0.608623,0.860746,0.586789,0.829867,0.5426,0.767372,0.608623,0.860745
2024-01-04,-0.4459,0.307327,0.319188,0.316166,0.298572,0.307327,0.505522,0.714935,0.525033,0.742528,0.520061,0.735496,0.49112,0.694567,0.505522,0.714934,-0.3173,0.370002,0.353102,0.320003,0.370001,0.608616,0.860735,0.580817,0.821421,0.526373,0.744422,0.608615,0.860734
2024-01-05,-0.3592,0.308759,0.324146,0.322521,0.309396,0.308759,0.507878,0.718267,0.533188,0.754061,0.530514,0.750279,0.508926,0.719748,0.507878,0.718266,-0.5536,0.370587,0.352939,0.319841,0.370587,0.609579,0.862097,0.580549,0.821042,0.526107,0.744047,0.609579,0.862097
2024-01-08,0.1494,0.307571,0.32533,0.323988,0.312608,0.307571,0.505924,0.715503,0.535135,0.756814,0.532927,0.753692,0.514209,0.72722,0.505923,0.715502,0.2753,0.372444,0.359657,0.338451,0.372444,0.612633,0.866416,0.5916,0.83667,0.556718,0.787338,0.612632,0.866415
2024-01-09,-0.0276,0.306848,0.32148,0.319254,0.305286,0.306848,0.504734,0.71382,0.528802,0.747858,0.525142,0.742682,0.502165,0.710187,0.504734,0.713819,0.1609,0.370487,0.358439,0.334998,0.370486,0.609414,0.861864,0.589597,0.833838,0.551038,0.779305,0.609413,0.861863
2024-01-10,-0.0055,0.306301,0.316459,0.312932,0.296063,0.306301,0.503835,0.712549,0.520543,0.736178,0.514741,0.727973,0.486994,0.688732,0.503835,0.712549,0.0447,0.370324,0.355614,0.327175,0.370324,0.609146,0.861485,0.58495,0.827265,0.53817,0.761107,0.609145,0.861484
2024-01-11,0.4084,0.305773,0.311459,0.306497,0.287047,0.305773,0.502966,0.711319,0.512319,0.724547,0.504156,0.713003,0.472164,0.667757,0.502965,0.711319,0.3512,0.370187,0.352004,0.317397,0.370187,0.608921,0.861167,0.579011,0.818867,0.522086,0.73836,0.60892,0.861166
2024-01-12,0.2146,0.305471,0.315837,0.31268,0.295736,0.305471,0.50247,0.710618,0.51952,0.734731,0.514327,0.727387,0.486456,0.68797,0.502469,0.710616,0.2076,0.37068,0.352494,0.319526,0.370679,0.609731,0.862312,0.579818,0.820007,0.525588,0.743313,0.60973,0.862311
2024-01-16,-0.3303,0.305528,0.313469,0.30987,0.291505,0.305527,0.502563,0.71075,0.515625,0.729222,0.509706,0.720852,0.479497,0.678128,0.502562,0.710748,-0.0391,0.367945,0.350243,0.313937,0.367945,0.605234,0.855952,0.576115,0.814771,0.516396,0.730313,0.605233,0.85595
2024-01-17,-0.2871,0.306303,0.31411,0.310823,0.293977,0.306302,0.503837,0.712552,0.51668,0.730714,0.511272,0.723067,0.483563,0.683879,0.503836,0.71255,-0.1675,0.361465,0.346605,0.304524,0.361465,0.594574,0.840877,0.57013,0.806306,0.500912,0.708415,0.594573,0.840875
2024-01-18,-0.0774,0.303816,0.31333,0.309931,0.293569,0.303815,0.499747,0.706767,0.515397,0.728901,0.509805,0.720991,0.482892,0.68293,0.499745,0.706765,-0.076,0.360898,0.343935,0.298084,0.360897,0.59364,0.839556,0.565739,0.800096,0.490319,0.693434,0.593639,0.839554
2024-01-19,-0.0332,0.30379,0.308639,0.304024,0.285257,0.30379,0.499705,0.706708,0.50768,0.717987,0.500089,0.707251,0.469219,0.663592,0.499703,0.706706,-0.0749,0.360139,0.340402,0.289602,0.360138,0.592392,0.837791,0.559927,0.791877,0.476367,0.673702,0.592391,0.837789
2024-01-22,0.1272,0.303162,0.303706,0.297699,0.276686,0.303161,0.498672,0.705246,0.499565,0.70651,0.489685,0.692537,0.455121,0.643655,0.49867,0.705244,0.1119,0.359969,0.336829,0.281379,0.359968,0.592113,0.837396,0.55405,0.783565,0.46284,0.654572,0.592112,0.837394
2024-01-23,-0.0664,0.303247,0.299787,0.292765,0.27006,0.303246,0.498811,0.705443,0.49312,0.697395,0.48157,0.68106,0.444222,0.628242,0.498809,0.705441,-0.3449,0.359972,0.333444,0.27418,0.359971,0.592117,0.837402,0.548481,0.77569,0.450999,0.637826,0.592116,0.8374
2024-01-24,-0.1218,0.303288,0.294904,0.286273,0.262338,0.303287,0.498878,0.705539,0.485088,0.686035,0.470891,0.665958,0.43152,0.610277,0.498877,0.705537,-0.3172,0.360772,0.334541,0.27893,0.360772,0.593435,0.839265,0.550287,0.778243,0.458811,0.648874,0.593433,0.839263
2024-01-25,0.2103,0.303407,0.290499,0.280412,0.25609,0.303406,0.499075,0.705816,0.477842,0.675788,0.46125,0.652323,0.421242,0.595742,0.499073,0.705814,0.3639,0.361454,0.334821,0.281373,0.361453,0.594556,0.840851,0.550747,0.778894,0.46283,0.654557,0.594554,0.840849
2024-01-26,-0.0276,0.303656,0.288545,0.278482,0.253576,0.303655,0.499483,0.706394,0.474628,0.671243,0.458076,0.647834,0.417107,0.589894,0.499482,0.706392,0.0742,0.362037,0.33629,0.286994,0.362037,0.595515,0.842208,0.553163,0.782311,0.472077,0.667635,0.595514,0.842206
2024-01-29,0.3367,0.303612,0.283145,0.27119,0.245944,0.303611,0.499411,0.706292,0.465745,0.65868,0.446081,0.63087,0.404553,0.572139,0.499409,0.70629,0.3855,0.361974,0.332682,0.278844,0.361973,0.595411,0.842061,0.547229,0.773918,0.458671,0.648676,0.59541,0.842059
2024-01-30,0.1322,0.304078,0.286558,0.277476,0.252311,0.304077,0.500177,0.707376,0.47136,0.666621,0.45642,0.645492,0.415027,0.586952,0.500176,0.707374,0.0723,0.359144,0.334845,0.286366,0.359143,0.590756,0.835476,0.550787,0.77895,0.471044,0.666173,0.590755,0.835475
2024-01-31,0.4338,0.303455,0.282643,0.272754,0.246759,0.303454,0.499152,0.705926,0.464919,0.657512,0.448653,0.634507,0.405894,0.574036,0.499151,0.705925,0.3195,0.358417,0.331213,0.278206,0.358417,0.58956,0.833786,0.544813,0.770502,0.457622,0.647192,0.589559,0.833784
2024-02-01,0.3173,0.3035,0.291182,0.285178,0.261778,0.303499,0.499226,0.706031,0.478966,0.677377,0.46909,0.663411,0.430598,0.608974,0.499225,0.706029,0.4929,0.358659,0.331514,0.280855,0.358659,0.589959,0.834349,0.545307,0.7712,0.461979,0.653354,0.589958,0.834347
2024-02-02,-0.5422,0.303994,0.292902,0.287891,0.265437,0.303993,0.500039,0.70718,0.481794,0.681377,0.473552,0.669721,0.436617,0.617486,0.500038,0.707179,-0.3738,0.359739,0.337362,0.297866,0.359739,0.591735,0.836862,0.554927,0.784806,0.489959,0.692925,0.591734,0.83686
2024-02-05,-0.5562,0.305094,0.305253,0.303342,0.2896,0.305094,0.50185,0.709741,0.50211,0.710109,0.498967,0.705664,0.476363,0.673696,0.501849,0.70974,-0.47,0.360237,0.339185,0.302959,0.360236,0.592554,0.838019,0.557925,0.789045,0.498337,0.704773,0.592553,0.838018
2024-02-06,0.3033,0.305505,0.316689,0.317237,0.312086,0.305504,0.502525,0.710696,0.520921,0.736713,0.521824,0.737989,0.51335,0.726005,0.502524,0.710695,0.2004,0.361288,0.343907,0.315485,0.361287,0.594282,0.840463,0.565692,0.80003,0.518942,0.733914,0.594281,0.840462
2024-02-07,-0.0275,0.305879,0.316784,0.317315,0.311566,0.305878,0.50314,0.711565,0.521078,0.736935,0.521951,0.738169,0.512494,0.724795,0.503139,0.711565,0.0212,0.361221,0.341646,0.309788,0.36122,0.594172,0.840308,0.561973,0.79477,0.509571,0.720661,0.594171,0.840307
2024-02-08,-0.1212,0.305597,0.311882,0.311283,0.302149,0.305597,0.502677,0.710911,0.513014,0.725531,0.512029,0.724137,0.497005,0.70289,0.502676,0.71091,-0.0906,0.361082,0.337953,0.300396,0.361082,0.593944,0.839985,0.555899,0.786181,0.494121,0.698811,0.593943,0.839984
2024-02-09,-0.0552,0.305131,0.307742,0.306234,0.294445,0.305131,0.50191,0.709826,0.506204,0.715899,0.503724,0.712392,0.484333,0.684967,0.50191,0.709826,-0.1052,0.359881,0.334575,0.292089,0.35988,0.591967,0.83719,0.550342,0.778321,0.480457,0.679486,0.591967,0.83719
2024-02-12,0.0,0.304476,0.303095,0.300592,0.285795,0.304476,0.500832,0.708302,0.49856,0.705089,0.494444,0.699268,0.470104,0.664845,0.500832,0.708302,-0.0014,0.359903,0.331286,0.284361,0.359903,0.592004,0.837242,0.544932,0.77067,0.467745,0.661508,0.592004,0.837241
2024-02-13,0.0,0.304478,0.298357,0.29485,0.277089,0.304478,0.500835,0.708306,0.490767,0.694068,0.484999,0.68591,0.455783,0.644591,0.500835,0.708306,0.0,0.359848,0.327496,0.275698,0.359847,0.591913,0.837113,0.538698,0.761853,0.453496,0.641356,0.591913,0.837113
2024-02-14,-0.3592,0.30428,0.293612,0.289081,0.268647,0.30428,0.50051,0.707846,0.482962,0.683029,0.47551,0.67249,0.441898,0.624954,0.50051,0.707846,-0.3592,0.359786,0.323657,0.267299,0.359786,0.591813,0.836971,0.532383,0.752923,0.43968,0.621818,0.591812,0.836971
2024-02-15,0.2102,0.304989,0.296212,0.292539,0.274923,0.304989,0.501676,0.709496,0.487239,0.689077,0.481197,0.680533,0.452221,0.639553,0.501676,0.709495,0.2102,0.360509,0.325546,0.273685,0.360509,0.593002,0.838653,0.535491,0.757318,0.450184,0.636673,0.593001,0.838652
2024-02-16,-0.177,0.304976,0.294328,0.290463,0.271475,0.304975,0.501655,0.709465,0.484141,0.684696,0.477783,0.675705,0.446549,0.631532,0.501654,0.709464,-0.177,0.36062,0.3236,0.270297,0.36062,0.593184,0.838911,0.53229,0.752791,0.444611,0.628791,0.593184,0.83891
2024-02-20,0.1714,0.305223,0.29128,0.286841,0.266752,0.305223,0.502062,0.710041,0.479126,0.677604,0.471825,0.667279,0.43878,0.620545,0.502061,0.71004,0.1394,0.360855,0.321164,0.265624,0.360855,0.593571,0.839457,0.528283,0.747124,0.436926,0.617922,0.59357,0.839456
2024-02-21,-0.1714,0.302178,0.288548,0.283732,0.262011,0.302178,0.497053,0.702957,0.474632,0.671249,0.46671,0.660045,0.430982,0.609516,0.497052,0.702957,-0.1909,0.358503,0.318136,0.259786,0.358502,0.589701,0.833985,0.523302,0.74008,0.427322,0.604341,0.5897,0.833984
2024-02-22,0.0387,0.302424,0.28543,0.280055,0.257475,0.302424,0.497458,0.70353,0.469503,0.663995,0.460663,0.651493,0.423521,0.598965,0.497457,0.703528,0.1124,0.358357,0.315949,0.256176,0.358357,0.589462,0.833646,0.519705,0.734992,0.421384,0.595942,0.589461,0.833645
2024-02-23,0.2211,0.301889,0.280731,0.274402,0.249811,0.301889,0.496578,0.702285,0.461774,0.653064,0.451364,0.638341,0.410915,0.581136,0.496577,0.702284,0.2572,0.35693,0.312577,0.249893,0.356929,0.587114,0.830326,0.514158,0.727148,0.411049,0.581327,0.587113,0.830325
2024-02-26,-0.0276,0.301428,0.279532,0.273416,0.248182,0.301427,0.495819,0.701211,0.459803,0.650276,0.449742,0.636047,0.408235,0.577347,0.495818,0.70121,-0.0248,0.356585,0.311817,0.250338,0.356585,0.586546,0.829523,0.512908,0.725381,0.41178,0.58236,0.586546,0.829523
2024-02-27,-0.116,0.301348,0.274603,0.267479,0.240717,0.301348,0.495688,0.701027,0.451694,0.638809,0.439977,0.622237,0.395955,0.559979,0.495687,0.701025,-0.1091,0.3566,0.307837,0.242787,0.3566,0.586571,0.829558,0.506361,0.716121,0.399361,0.564796,0.586571,0.829558
2024-02-28,0.1768,0.30129,0.270394,0.262497,0.235107,0.301289,0.495592,0.700891,0.444771,0.629017,0.431781,0.610646,0.386727,0.546929,0.495591,0.70089,0.1754,0.356712,0.304396,0.236903,0.356712,0.586756,0.82982,0.500701,0.708117,0.389682,0.551108,0.586755,0.829819
2024-02-29,0.1379,0.300449,0.268037,0.260157,0.232022,0.300449,0.494209,0.698936,0.440894,0.623534,0.427932,0.605203,0.381653,0.539753,0.494208,0.698934,0.1393,0.346028,0.301901,0.23367,0.346027,0.569181,0.804965,0.496597,0.702312,0.384364,0.543586,0.56918,0.804963
2024-03-01,0.3191,0.300064,0.264634,0.256459,0.227476,0.300064,0.493576,0.69804,0.435296,0.615617,0.42185,0.596601,0.374175,0.529176,0.493575,0.698039,0.2955,0.345188,0.298762,0.229107,0.345187,0.5678,0.803011,0.491433,0.695009,0.376857,0.532971,0.567798,0.803009
2024-03-04,-0.1209,0.299693,0.268419,0.262088,0.233987,0.299692,0.492965,0.697176,0.441523,0.624424,0.431108,0.609695,0.384885,0.544324,0.492964,0.697174,-0.0834,0.345192,0.299479,0.233623,0.345191,0.567806,0.803019,0.492612,0.696677,0.384286,0.543477,0.567804,0.803017
2024-03-05,0.2307,0.299818,0.264404,0.257534,0.228784,0.299817,0.493171,0.697467,0.434918,0.615083,0.423617,0.599101,0.376326,0.532219,0.49317,0.697465,0.2001,0.34477,0.29572,0.227425,0.344769,0.567113,0.802039,0.486429,0.687933,0.374092,0.529059,0.567111,0.802037
2024-03-06,0.0932,0.300027,0.264072,0.257792,0.228899,0.300026,0.493515,0.697953,0.434372,0.614311,0.424042,0.599701,0.376516,0.532488,0.493513,0.697951,0.1099,0.344312,0.293782,0.225879,0.344311,0.566359,0.800974,0.483243,0.683426,0.371548,0.525462,0.566358,0.800971
2024-03-07,0.1205,0.299821,0.259846,0.25311,0.223097,0.29982,0.493175,0.697473,0.427421,0.60448,0.416341,0.588811,0.366972,0.51899,0.493174,0.697471,0.0482,0.34359,0.290171,0.220646,0.343589,0.565171,0.799294,0.477302,0.675025,0.362941,0.513289,0.56517,0.799291
2024-03-08,0.0766,0.299172,0.256147,0.249136,0.218305,0.299171,0.492108,0.695964,0.421337,0.595875,0.409803,0.579564,0.35909,0.507843,0.492107,0.695962,-0.0208,0.3421,0.285924,0.21425,0.342099,0.56272,0.795827,0.470316,0.665144,0.35242,0.498409,0.562718,0.795824
2024-03-11,-0.0328,0.294398,0.251578,0.244094,0.212485,0.294397,0.484255,0.684858,0.41382,0.585245,0.40151,0.567835,0.349516,0.494303,0.484254,0.684857,-0.0815,0.342107,0.281492,0.207785,0.342106,0.562733,0.795845,0.463025,0.654834,0.341786,0.483371,0.562731,0.795842
2024-03-12,-0.1863,0.291121,0.246284,0.238203,0.206168,0.29112,0.478864,0.677234,0.405112,0.57293,0.39182,0.554132,0.339126,0.479609,0.478864,0.677233,-0.2086,0.342052,0.277453,0.202442,0.34205,0.562641,0.795715,0.456383,0.645439,0.332997,0.470941,0.562639,0.795712
2024-03-13,-0.1152,0.289077,0.244272,0.236539,0.20503,0.289077,0.475502,0.672479,0.401803,0.56825,0.389083,0.550261,0.337254,0.476962,0.475502,0.672479,-0.0164,0.341975,0.276231,0.202817,0.341974,0.562514,0.795536,0.454373,0.642597,0.333613,0.471813,0.562513,0.795534
2024-03-14,-0.352,0.285275,0.240107,0.232169,0.200777,0.285275,0.469249,0.663635,0.394951,0.55856,0.381895,0.540096,0.330258,0.467068,0.469248,0.663634,-0.2727,0.333365,0.271592,0.196679,0.333364,0.548353,0.775508,0.446742,0.631805,0.323518,0.457535,0.54835,0.775504
2024-03-15,-0.0937,0.284355,0.247596,0.241916,0.212901,0.284354,0.467735,0.661494,0.407271,0.575984,0.397928,0.56277,0.350202,0.495273,0.467734,0.661493,-0.0645,0.331824,0.272917,0.202049,0.331822,0.545817,0.771922,0.448921,0.634887,0.33235,0.470026,0.545814,0.771918
2024-03-18,-0.0386,0.280954,0.243224,0.237195,0.207688,0.280954,0.462141,0.653583,0.40008,0.565813,0.390163,0.551788,0.341626,0.483144,0.462141,0.653583,0.0003,0.330076,0.268623,0.19653,0.330074,0.542942,0.767856,0.441858,0.624898,0.323272,0.457187,0.542939,0.767852
2024-03-19,0.1488,0.279583,0.238141,0.231689,0.201583,0.279583,0.459886,0.650394,0.391718,0.553987,0.381104,0.538977,0.331583,0.468942,0.459886,0.650394,0.1627,0.327857,0.263851,0.190543,0.327856,0.539292,0.762693,0.434009,0.613797,0.313423,0.443259,0.53929,0.76269
2024-03-20,0.1706,0.278914,0.235746,0.229589,0.198811,0.278914,0.458786,0.648838,0.387779,0.548417,0.37765,0.534092,0.327025,0.462494,0.458786,0.648839,0.172,0.327533,0.261272,0.188988,0.327531,0.538758,0.761939,0.429766,0.607797,0.310866,0.439642,0.538756,0.761936
2024-03-21,0.1209,0.275708,0.234254,0.228573,0.197232,0.275708,0.453511,0.641379,0.385325,0.544945,0.37598,0.53173,0.324427,0.458822,0.453511,0.641379,0.1223,0.325251,0.258983,0.188012,0.325249,0.535005,0.756631,0.426001,0.602472,0.30926,0.437372,0.535003,0.756628
2024-03-22,0.2249,0.274953,0.231051,0.225446,0.193503,0.274953,0.45227,0.639622,0.380056,0.537495,0.370836,0.524455,0.318294,0.450147,0.45227,0.639623,0.6352,0.323234,0.255383,0.184729,0.323233,0.531688,0.75194,0.42008,0.594098,0.303861,0.429736,0.531686,0.751936
2024-03-25,-0.0603,0.275222,0.232324,0.227661,0.195529,0.275222,0.452713,0.640249,0.382149,0.540454,0.37448,0.529609,0.321626,0.45486,0.452713,0.64025,-0.3193,0.323198,0.283428,0.237247,0.323196,0.531628,0.751855,0.466211,0.659339,0.390248,0.551908,0.531626,0.751852
2024-03-26,0.0713,0.272037,0.22762,0.222669,0.190147,0.272037,0.447474,0.632839,0.374412,0.529513,0.366268,0.517995,0.312773,0.44234,0.447474,0.63284,0.1739,0.322714,0.286045,0.242953,0.322713,0.530832,0.750729,0.470515,0.665425,0.399633,0.565182,0.53083,0.750726
2024-03-27,0.1533,0.271936,0.223302,0.218188,0.18518,0.271936,0.447307,0.632604,0.367309,0.519467,0.358897,0.50757,0.304603,0.430785,0.447308,0.632605,0.2835,0.322247,0.283811,0.239372,0.322246,0.530064,0.749643,0.466841,0.66023,0.393743,0.556852,0.530062,0.74964
2024-03-28,-0.0438,0.27205,0.221522,0.216776,0.183424,0.272051,0.447496,0.632871,0.364381,0.515326,0.356575,0.504287,0.301714,0.426698,0.447496,0.632872,-0.0549,0.322521,0.284612,0.242247,0.32252,0.530514,0.75028,0.468158,0.662092,0.398472,0.563538,0.530512,0.750277
2024-04-01,0.0,0.271772,0.216625,0.211605,0.178159,0.271773,0.447038,0.632224,0.356327,0.503936,0.34807,0.492258,0.293054,0.414452,0.447039,0.632224,0.0636,0.322558,0.280857,0.235252,0.322557,0.530576,0.750367,0.461982,0.653359,0.386965,0.547266,0.530574,0.750364
2024-04-02,-0.4443,0.270961,0.21149,0.206162,0.172732,0.270961,0.445703,0.630335,0.34788,0.491989,0.339116,0.479595,0.284126,0.401826,0.445703,0.630336,-0.4277,0.322086,0.277044,0.228616,0.322085,0.5298,0.74927,0.45571,0.644488,0.376051,0.53183,0.529798,0.749267
2024-04-03,0.0467,0.271992,0.232026,0.229922,0.199725,0.271992,0.4474,0.632735,0.381659,0.539762,0.378198,0.534866,0.328528,0.464621,0.447399,0.632735,0.0605,0.322463,0.285241,0.245163,0.322461,0.530419,0.750145,0.469192,0.663555,0.403269,0.570324,0.530416,0.750141
2024-04-04,0.0,0.2708,0.227698,0.225141,0.193978,0.2708,0.445439,0.629962,0.374541,0.529694,0.370335,0.523746,0.319075,0.451252,0.445438,0.629961,0.0124,0.321526,0.281485,0.238156,0.321524,0.528878,0.747966,0.463014,0.654818,0.391743,0.554023,0.528876,0.747962
2024-04-05,-0.1829,0.2708,0.223041,0.220011,0.188069,0.2708,0.445439,0.629962,0.36688,0.51886,0.361896,0.511811,0.309355,0.437505,0.445438,0.629961,-0.1829,0.321523,0.277511,0.230921,0.321521,0.528873,0.747958,0.456477,0.645573,0.379842,0.537192,0.52887,0.747954
2024-04-08,-0.0999,0.270876,0.222057,0.219263,0.187763,0.270876,0.445564,0.630139,0.365262,0.516571,0.360666,0.510072,0.308851,0.436793,0.445564,0.630139,-0.1469,0.321747,0.275842,0.228325,0.321745,0.529242,0.74848,0.453733,0.641692,0.375571,0.531152,0.529239,0.748476
2024-04-09,0.2274,0.270965,0.218407,0.215359,0.18368,0.270965,0.445711,0.630347,0.359257,0.508079,0.354243,0.500989,0.302136,0.427295,0.44571,0.630346,0.2426,0.321938,0.273358,0.224274,0.321936,0.529555,0.748924,0.449646,0.635912,0.368909,0.52173,0.529553,0.74892
2024-04-10,-0.656,0.271313,0.220745,0.218525,0.186593,0.271313,0.446282,0.631155,0.363103,0.513518,0.359452,0.508354,0.306926,0.43407,0.446282,0.631154,-0.6214,0.322201,0.273242,0.225416,0.322199,0.529988,0.749536,0.449455,0.635642,0.370787,0.524385,0.529986,0.749532
2024-04-11,-0.134,0.273185,0.259234,0.263323,0.241967,0.273184,0.449362,0.63551,0.426415,0.603057,0.43314,0.612568,0.398011,0.562887,0.449361,0.635509,-0.0898,0.323988,0.294028,0.26633,0.323986,0.532927,0.753692,0.483647,0.683998,0.438087,0.619565,0.532924,0.753688
2024-04-12,0.2064,0.273143,0.255691,0.258542,0.236881,0.273142,0.449293,0.635412,0.420586,0.594814,0.425275,0.601445,0.389645,0.551055,0.449292,0.635411,0.2078,0.324057,0.290623,0.259152,0.324055,0.533041,0.753853,0.478045,0.676076,0.426279,0.602866,0.533038,0.753849
2024-04-15,-0.2511,0.273386,0.254986,0.25749,0.235163,0.273385,0.449692,0.635977,0.419427,0.593174,0.423545,0.598999,0.38682,0.54706,0.449691,0.635976,-0.24,0.324065,0.289187,0.256361,0.324063,0.533055,0.753873,0.475683,0.672735,0.421689,0.596373,0.533052,0.753869
2024-04-16,-0.3302,0.273581,0.255283,0.257749,0.23615,0.27358,0.450013,0.63643,0.419915,0.593865,0.423972,0.599602,0.388443,0.549355,0.450011,0.636429,-0.3288,0.324257,0.288708,0.255409,0.324255,0.53337,0.754319,0.474895,0.67162,0.420123,0.594158,0.533367,0.754314
2024-04-17,0.3023,0.274014,0.259275,0.262623,0.242822,0.274013,0.450726,0.637439,0.426482,0.603152,0.431989,0.61094,0.399418,0.564877,0.450724,0.637437,0.3106,0.324968,0.291096,0.260397,0.324966,0.534539,0.755972,0.478823,0.677176,0.428326,0.605761,0.534536,0.755967
2024-04-18,-0.1062,0.274618,0.262672,0.2667,0.246795,0.274617,0.451719,0.638843,0.432069,0.611053,0.438694,0.620423,0.405954,0.57412,0.451717,0.638841,-0.1159,0.325363,0.292661,0.263678,0.325361,0.535189,0.756892,0.481399,0.680818,0.433725,0.613395,0.535186,0.756887
2024-04-19,0.0224,0.274472,0.258484,0.26121,0.240687,0.274471,0.451479,0.638504,0.42518,0.601311,0.429665,0.607654,0.395906,0.55991,0.451477,0.638502,0.0514,0.325471,0.289557,0.257217,0.325469,0.535367,0.757143,0.476293,0.673597,0.423097,0.598365,0.535364,0.757138
2024-04-22,-0.0168,0.273926,0.253797,0.255258,0.233419,0.273925,0.450581,0.637234,0.417471,0.590408,0.419875,0.593808,0.383951,0.543003,0.450579,0.637232,-0.0168,0.325444,0.285836,0.249699,0.325442,0.535322,0.757079,0.470172,0.664941,0.41073,0.580875,0.535319,0.757075
2024-04-23,0.1565,0.27378,0.249183,0.249545,0.226346,0.273779,0.45034,0.636894,0.40988,0.579673,0.410477,0.580517,0.372316,0.526548,0.450339,0.636892,0.2145,0.325369,0.28198,0.242127,0.325368,0.5352,0.756907,0.463828,0.655969,0.398275,0.56326,0.535197,0.756903
2024-04-24,-0.1453,0.273515,0.24713,0.247069,0.222773,0.273514,0.449904,0.636277,0.406505,0.574899,0.406403,0.574756,0.36644,0.518238,0.449902,0.636275,-0.1246,0.325112,0.2809,0.240559,0.32511,0.534777,0.756308,0.462053,0.653458,0.395696,0.559612,0.534773,0.756303
2024-04-25,-0.2577,0.271226,0.244289,0.243681,0.2189,0.271225,0.446139,0.630953,0.401831,0.56829,0.400831,0.566875,0.360068,0.509226,0.446138,0.63095,-0.2577,0.317932,0.278018,0.235219,0.31793,0.522967,0.739606,0.457311,0.646753,0.386912,0.54719,0.522963,0.739601
2024-04-26,0.0393,0.271341,0.245355,0.245083,0.221419,0.27134,0.446329,0.63122,0.403584,0.570769,0.403136,0.570136,0.364213,0.515088,0.446327,0.631218,0.0448,0.317721,0.278366,0.236628,0.317719,0.52262,0.739115,0.457885,0.647564,0.38923,0.550468,0.522616,0.73911
2024-04-29,0.2799,0.270405,0.24115,0.240049,0.21489,0.270403,0.444789,0.629043,0.396667,0.560987,0.394856,0.558425,0.353472,0.499898,0.444787,0.62904,0.0782,0.31653,0.274618,0.229682,0.316528,0.52066,0.736344,0.45172,0.638844,0.377804,0.534309,0.520656,0.736338
2024-04-30,-0.1679,0.269619,0.244524,0.244276,0.219334,0.269618,0.443496,0.627214,0.402217,0.568836,0.40181,0.56826,0.360783,0.510238,0.443494,0.627211,-0.0532,0.316162,0.271118,0.223507,0.316159,0.520054,0.735487,0.445962,0.630701,0.367647,0.519945,0.52005,0.735481
2024-05-01,0.0,0.269848,0.242343,0.241728,0.216593,0.269846,0.443872,0.627746,0.398631,0.563763,0.397618,0.562331,0.356274,0.503861,0.44387,0.627744,0.0055,0.316184,0.267392,0.21709,0.316182,0.520091,0.735539,0.439834,0.622035,0.357091,0.505016,0.520087,0.735533
2024-05-02,0.4637,0.269822,0.237954,0.236529,0.209995,0.269821,0.44383,0.627687,0.39141,0.553552,0.389067,0.550238,0.34542,0.488511,0.443828,0.627684,0.4637,0.316176,0.263441,0.210481,0.316174,0.520078,0.73552,0.433334,0.612843,0.346219,0.489641,0.520074,0.735514
2024-05-03,0.3283,0.270455,0.253825,0.255631,0.233137,0.270454,0.444871,0.629159,0.417517,0.590474,0.420487,0.594674,0.383488,0.542347,0.444869,0.629157,0.3283,0.316691,0.274501,0.233549,0.31669,0.520926,0.736719,0.451526,0.638571,0.384164,0.543304,0.520923,0.736715
2024-05-06,0.2497,0.271208,0.258682,0.261441,0.239914,0.271207,0.446111,0.630912,0.425505,0.601771,0.430045,0.608191,0.394634,0.558112,0.446109,0.63091,-0.2127,0.317218,0.277436,0.24029,0.317216,0.521792,0.737944,0.456354,0.645398,0.395253,0.558986,0.521788,0.737939
2024-05-07,0.1495,0.271124,0.259372,0.262125,0.240512,0.271123,0.445971,0.630715,0.426641,0.603376,0.431169,0.609781,0.395619,0.559504,0.44597,0.630713,0.3076,0.317119,0.276533,0.238724,0.317117,0.52163,0.737715,0.454869,0.643299,0.392678,0.555344,0.521626,0.73771
2024-05-08,-0.1107,0.270604,0.256627,0.25864,0.236043,0.270603,0.445116,0.629505,0.422125,0.59699,0.425437,0.601675,0.388268,0.549107,0.445115,0.629503,-0.1107,0.317112,0.278516,0.243407,0.31711,0.521618,0.737698,0.45813,0.647911,0.40038,0.566238,0.521615,0.737694
2024-05-09,0.1107,0.270522,0.252899,0.254062,0.230453,0.270521,0.444981,0.629315,0.415994,0.58832,0.417907,0.591025,0.379073,0.536103,0.44498,0.629313,0.1287,0.317207,0.275475,0.237545,0.317205,0.521773,0.737918,0.453129,0.640838,0.390737,0.5526,0.52177,0.737913
2024-05-10,-0.1052,0.269454,0.249536,0.24997,0.225072,0.269453,0.443225,0.626831,0.410462,0.580495,0.411176,0.581506,0.370221,0.523585,0.443224,0.626829,-0.0194,0.315362,0.272638,0.232456,0.31536,0.518738,0.733626,0.448462,0.634238,0.382366,0.540762,0.518736,0.733622
2024-05-13,0.0222,0.269191,0.245943,0.245679,0.219732,0.26919,0.442792,0.626218,0.404552,0.572138,0.404117,0.571522,0.361437,0.511162,0.44279,0.626216,0.1121,0.314174,0.268815,0.225424,0.314172,0.516785,0.730863,0.442174,0.625344,0.3708,0.524404,0.516782,0.730859
2024-05-14,0.1715,0.268532,0.241658,0.240583,0.213107,0.268531,0.441708,0.624686,0.397503,0.562168,0.395734,0.559668,0.35054,0.495751,0.441707,0.624684,0.1853,0.314023,0.26575,0.220275,0.314021,0.516536,0.730512,0.437132,0.618213,0.36233,0.512426,0.516533,0.730507
2024-05-15,0.0,0.268639,0.240213,0.238971,0.210842,0.268638,0.441885,0.624936,0.395127,0.558808,0.393083,0.555918,0.346815,0.490483,0.441883,0.624933,-0.2007,0.313925,0.264149,0.218335,0.313923,0.516376,0.730285,0.434499,0.61449,0.359139,0.507912,0.516372,0.73028
2024-05-16,0.4688,0.268458,0.235932,0.233935,0.204419,0.268457,0.441587,0.624514,0.388084,0.548848,0.3848,0.544203,0.336249,0.475541,0.441585,0.624512,0.4563,0.314093,0.263264,0.217317,0.314091,0.516652,0.730675,0.433043,0.612431,0.357465,0.505544,0.516648,0.730669
2024-05-17,-0.1487,0.269482,0.251748,0.252943,0.229056,0.269481,0.44327,0.626895,0.4141,0.585641,0.416066,0.588421,0.376773,0.532852,0.443269,0.626894,-0.0767,0.31525,0.273418,0.238507,0.315248,0.518554,0.733365,0.449745,0.636052,0.39232,0.554839,0.518551,0.733361
2024-05-20,-0.0717,0.268773,0.249047,0.249693,0.225045,0.268773,0.442105,0.625248,0.409658,0.579359,0.410719,0.58086,0.370176,0.523522,0.442105,0.625246,0.0819,0.31513,0.270026,0.232003,0.315128,0.518357,0.733087,0.444166,0.628162,0.381622,0.539709,0.518354,0.733082
2024-05-21,0.1818,0.268564,0.245063,0.244922,0.218895,0.268564,0.441761,0.624761,0.403105,0.570091,0.402873,0.569763,0.36006,0.509215,0.44176,0.624759,0.226,0.31268,0.26657,0.225828,0.312678,0.514328,0.727388,0.438481,0.620122,0.371465,0.525344,0.514324,0.727383
2024-05-22,0.0,0.268713,0.243785,0.243453,0.216848,0.268713,0.442006,0.625107,0.401001,0.567116,0.400457,0.566346,0.356693,0.504454,0.442005,0.625106,0.0401,0.312278,0.266029,0.225838,0.312276,0.513666,0.726453,0.437591,0.618863,0.371482,0.525368,0.513663,0.726447
2024-05-23,-0.2646,0.268712,0.239525,0.238412,0.210242,0.268712,0.442005,0.625105,0.393995,0.557208,0.392164,0.554619,0.345827,0.489086,0.442004,0.625104,-0.2425,0.312002,0.262251,0.219179,0.311999,0.513212,0.72581,0.431377,0.610075,0.360527,0.509876,0.513208,0.725804
2024-05-24,0.0607,0.269019,0.241344,0.240732,0.213893,0.269019,0.44251,0.62582,0.396986,0.561438,0.39598,0.560014,0.351833,0.49758,0.442509,0.625818,0.0662,0.312439,0.262814,0.220648,0.312437,0.513931,0.726827,0.432303,0.611384,0.362943,0.513292,0.513927,0.726821
2024-05-28,-0.2651,0.268126,0.23751,0.23623,0.20791,0.268125,0.441041,0.623742,0.39068,0.552519,0.388574,0.549541,0.341991,0.48366,0.44104,0.62374,-0.2292,0.312397,0.259215,0.214539,0.312395,0.513863,0.72673,0.426383,0.603012,0.352896,0.499083,0.513859,0.726724
2024-05-29,-0.2381,0.268725,0.239421,0.238679,0.211777,0.268724,0.442026,0.625135,0.393824,0.556965,0.392603,0.555239,0.348352,0.492657,0.442025,0.625133,-0.1788,0.312473,0.259393,0.215447,0.312471,0.513988,0.726907,0.426675,0.603426,0.354389,0.501195,0.513984,0.726902
2024-05-30,0.2713,0.266318,0.240015,0.239507,0.213448,0.266317,0.438067,0.619536,0.3948,0.558347,0.393965,0.557165,0.351101,0.496544,0.438065,0.619534,0.2699,0.308179,0.25801,0.213426,0.308177,0.506924,0.716918,0.424401,0.600209,0.351064,0.496493,0.50692,0.716912
2024-05-31,0.265,0.266523,0.242641,0.242732,0.217354,0.266522,0.438404,0.620012,0.39912,0.564455,0.399271,0.564669,0.357525,0.50563,0.438402,0.620011,0.1504,0.306045,0.259305,0.217229,0.306042,0.503413,0.711952,0.42653,0.603221,0.35732,0.505339,0.503409,0.711946
2024-06-03,0.4072,0.266973,0.244752,0.245292,0.220503,0.266973,0.439144,0.62106,0.402592,0.569366,0.403481,0.570622,0.362705,0.512956,0.439143,0.621059,0.421,0.305915,0.25698,0.213809,0.305912,0.503199,0.711649,0.422707,0.597813,0.351694,0.497384,0.503194,0.711643
2024-06-04,0.3399,0.267363,0.254726,0.25705,0.235909,0.267362,0.439786,0.621967,0.418998,0.592568,0.422822,0.597976,0.388047,0.548795,0.439784,0.621965,0.3026,0.30545,0.265524,0.231529,0.305447,0.502435,0.710569,0.436761,0.617689,0.380843,0.538607,0.50243,0.710562
2024-06-05,0.1969,0.268123,0.259748,0.262889,0.243405,0.268122,0.441036,0.623735,0.427259,0.604252,0.432426,0.611558,0.400376,0.566232,0.441035,0.623733,0.3101,0.30515,0.267594,0.236397,0.305148,0.501942,0.709871,0.440165,0.622504,0.388849,0.54993,0.501937,0.709865
2024-06-06,0.0382,0.268357,0.258224,0.260925,0.240868,0.268357,0.441421,0.62428,0.424752,0.600705,0.429195,0.606989,0.396203,0.56033,0.44142,0.624279,0.0051,0.305462,0.269798,0.241454,0.305459,0.502455,0.710596,0.44379,0.627631,0.397168,0.561695,0.50245,0.71059
2024-06-07,-0.564,0.267472,0.2537,0.255446,0.233717,0.267472,0.439965,0.622221,0.417311,0.590182,0.420182,0.594243,0.384441,0.543696,0.439964,0.622219,-0.5433,0.305162,0.265933,0.234102,0.305159,0.501961,0.709899,0.437432,0.618639,0.385074,0.544592,0.501956,0.709892
2024-06-10,0.0,0.26943,0.274222,0.279438,0.26539,0.269429,0.443185,0.626774,0.451068,0.637923,0.459648,0.650057,0.436541,0.617378,0.443183,0.626772,0.0124,0.30729,0.282006,0.263108,0.307287,0.505461,0.714848,0.463871,0.65603,0.432787,0.612069,0.505456,0.714841
2024-06-11,0.1317,0.269247,0.268929,0.272848,0.257306,0.269246,0.442884,0.626349,0.442361,0.625609,0.448808,0.634727,0.423242,0.59857,0.442883,0.626347,0.2269,0.307263,0.278054,0.255111,0.307259,0.505416,0.714785,0.457371,0.646836,0.419632,0.593465,0.505411,0.714778
2024-06-12,0.2355,0.269293,0.265372,0.268436,0.251544,0.269292,0.442959,0.626455,0.43651,0.617334,0.44155,0.624462,0.413765,0.585167,0.442958,0.626453,0.2355,0.306921,0.277145,0.253507,0.306918,0.504854,0.713989,0.455876,0.644722,0.416994,0.589733,0.504849,0.713983
2024-06-13,0.4858,0.268999,0.264983,0.267825,0.25061,0.268998,0.442476,0.625772,0.43587,0.616429,0.440545,0.623041,0.412229,0.582995,0.442475,0.62577,0.4513,0.307154,0.276474,0.252463,0.307151,0.505237,0.714532,0.454771,0.64316,0.415276,0.587304,0.505233,0.714525
2024-06-14,0.0762,0.2705,0.278438,0.283454,0.27055,0.270499,0.444946,0.629265,0.458003,0.64773,0.466253,0.659399,0.445028,0.629381,0.444944,0.629262,0.1286,0.308321,0.28461,0.268577,0.308318,0.507157,0.717247,0.468155,0.662088,0.441782,0.62479,0.507152,0.717239
2024-06-17,-0.256,0.269484,0.273511,0.277368,0.262971,0.269483,0.443274,0.626901,0.449898,0.636268,0.456242,0.64524,0.432561,0.61175,0.443273,0.626898,-0.2505,0.3083,0.281456,0.262293,0.308297,0.507123,0.717199,0.462967,0.654751,0.431446,0.610173,0.507118,0.717192
2024-06-18,0.2125,0.26989,0.2733,0.27692,0.262558,0.269889,0.443942,0.627844,0.449552,0.635779,0.455506,0.644199,0.431882,0.610789,0.44394,0.627842,0.1877,0.308473,0.281643,0.261601,0.30847,0.507407,0.7176,0.463274,0.655186,0.430307,0.608562,0.507402,0.717593
2024-06-20,-0.1035,0.27005,0.271716,0.274864,0.259827,0.270049,0.444204,0.628216,0.446945,0.632093,0.452124,0.639416,0.427389,0.604435,0.444203,0.628214,-0.0194,0.303296,0.279624,0.257765,0.303293,0.498891,0.705557,0.459953,0.650488,0.423997,0.599638,0.498886,0.70555
2024-06-21,-0.0491,0.270109,0.267527,0.269795,0.253184,0.270109,0.444303,0.628355,0.440055,0.622347,0.443787,0.627625,0.416462,0.588982,0.444302,0.628353,-0.0422,0.3033,0.275752,0.249957,0.303297,0.498898,0.705566,0.453585,0.641482,0.411155,0.581476,0.498893,0.705559
2024-06-24,0.0763,0.270142,0.262919,0.264293,0.245765,0.270141,0.444356,0.62843,0.432475,0.611628,0.434736,0.614826,0.40426,0.571724,0.444355,0.628429,0.0446,0.303324,0.272054,0.242563,0.303321,0.498938,0.705623,0.447502,0.632879,0.398992,0.564275,0.498933,0.705616
2024-06-25,0.0054,0.269991,0.258797,0.259403,0.23901,0.26999,0.444107,0.628079,0.425695,0.602039,0.426691,0.603448,0.393148,0.55601,0.444106,0.628077,0.0646,0.303162,0.268289,0.235427,0.303159,0.498671,0.705246,0.441308,0.624121,0.387254,0.547674,0.498666,0.705239
2024-06-26,-0.3383,0.269906,0.254334,0.254138,0.231733,0.269905,0.443969,0.627883,0.418353,0.591656,0.418032,0.591201,0.381177,0.53908,0.443968,0.627881,-0.2874,0.297527,0.264665,0.228803,0.297524,0.489401,0.692136,0.435347,0.61569,0.376358,0.532265,0.489397,0.69213
2024-06-27,0.1311,0.270552,0.258757,0.259387,0.239468,0.270552,0.445031,0.629386,0.42563,0.601948,0.426665,0.603411,0.393901,0.557074,0.44503,0.629384,0.1614,0.296855,0.266827,0.232735,0.296852,0.488296,0.690573,0.438904,0.62072,0.382826,0.541412,0.488292,0.690567
2024-06-28,-0.3116,0.270356,0.255699,0.255788,0.234383,0.270355,0.444709,0.62893,0.420599,0.594832,0.420745,0.595039,0.385537,0.545245,0.444708,0.628928,-0.3336,0.295073,0.264567,0.229082,0.29507,0.485365,0.686427,0.435186,0.615462,0.376818,0.532914,0.485361,0.686421
2024-07-01,0.0,0.269117,0.258679,0.259312,0.239719,0.269116,0.44267,0.626046,0.425501,0.601765,0.426542,0.603236,0.394313,0.557657,0.442669,0.626045,0.0151,0.294739,0.268644,0.236659,0.294737,0.484817,0.685652,0.441893,0.624947,0.38928,0.550539,0.484813,0.685646
2024-07-02,-0.1973,0.268957,0.254227,0.254074,0.232416,0.268956,0.442407,0.625675,0.418178,0.591408,0.417926,0.591053,0.382301,0.540669,0.442406,0.625673,-0.1574,0.294598,0.264824,0.229479,0.294596,0.484585,0.685324,0.435609,0.616059,0.37747,0.533837,0.48458,0.685318
2024-07-03,0.332,0.269032,0.25281,0.252446,0.23046,0.269031,0.442531,0.625849,0.415847,0.588111,0.415249,0.587265,0.379083,0.536119,0.442529,0.625847,0.3141,0.293983,0.262887,0.225804,0.29398,0.483572,0.683892,0.432423,0.611554,0.371425,0.525288,0.483568,0.683886
2024-07-05,0.4511,0.269412,0.25736,0.257868,0.237778,0.269411,0.443155,0.626732,0.423332,0.598697,0.424167,0.599878,0.391121,0.553143,0.443154,0.626731,0.425,0.294456,0.265459,0.232051,0.294454,0.484351,0.684994,0.436653,0.617536,0.381701,0.539821,0.484347,0.684988
2024-07-08,0.0604,0.269378,0.268522,0.270863,0.255647,0.269377,0.443099,0.626653,0.441692,0.624663,0.445543,0.630109,0.420514,0.594713,0.443099,0.626652,0.0645,0.294535,0.273012,0.2479,0.294532,0.48448,0.685176,0.449078,0.635108,0.407771,0.57669,0.484476,0.685171
2024-07-09,-0.0219,0.269104,0.264072,0.265574,0.248301,0.269104,0.442649,0.626017,0.434372,0.614311,0.436842,0.617804,0.40843,0.577622,0.442649,0.626016,0.0359,0.292045,0.269341,0.240867,0.292043,0.480384,0.679384,0.443038,0.626567,0.396202,0.560328,0.480381,0.679379
2024-07-10,0.0768,0.268897,0.259531,0.260223,0.240796,0.268897,0.442309,0.625536,0.426902,0.603746,0.428041,0.605357,0.396085,0.560164,0.442309,0.625535,0.1222,0.291328,0.265555,0.233694,0.291326,0.479206,0.677717,0.436812,0.617761,0.384404,0.543643,0.479203,0.677713
2024-07-11,0.3885,0.268816,0.255577,0.255596,0.234217,0.268816,0.442176,0.625347,0.420399,0.594549,0.42043,0.594593,0.385264,0.544859,0.442175,0.625346,0.1339,0.29112,0.262586,0.228544,0.291118,0.478864,0.677233,0.431927,0.610853,0.375932,0.531661,0.478861,0.677229
2024-07-12,0.2455,0.267859,0.262788,0.264026,0.246216,0.267858,0.440601,0.62312,0.43226,0.611323,0.434297,0.614204,0.405,0.572772,0.4406,0.623119,0.138,0.291131,0.259826,0.223996,0.29113,0.478882,0.677259,0.427388,0.604434,0.36845,0.521081,0.478879,0.677255
2024-07-15,-0.1581,0.266064,0.262784,0.263974,0.246173,0.266064,0.437649,0.618945,0.432253,0.611314,0.43421,0.614082,0.40493,0.572672,0.437649,0.618945,-0.0244,0.290536,0.25716,0.219787,0.290534,0.477902,0.675874,0.423002,0.59823,0.361527,0.51129,0.4779,0.67587
2024-07-16,0.2453,0.265696,0.260133,0.26086,0.241795,0.265696,0.437043,0.618089,0.427892,0.605147,0.429088,0.606838,0.397728,0.562487,0.437044,0.618089,0.3733,0.289291,0.253469,0.213175,0.28929,0.475855,0.672977,0.416931,0.589645,0.350652,0.495909,0.475852,0.672974
2024-07-17,0.0,0.266064,0.260239,0.260967,0.242007,0.266064,0.437648,0.618944,0.428068,0.605395,0.429265,0.607087,0.398077,0.56298,0.437648,0.618944,-0.1074,0.288996,0.259144,0.226005,0.288994,0.475369,0.67229,0.426265,0.602846,0.371755,0.525755,0.475367,0.672288
2024-07-18,-0.1853,0.265872,0.255815,0.255812,0.234634,0.265872,0.437333,0.618499,0.42079,0.595102,0.420784,0.595094,0.38595,0.545829,0.437334,0.618499,-0.1949,0.288652,0.256378,0.220693,0.288651,0.474804,0.671492,0.421716,0.596412,0.363018,0.513399,0.474803,0.67149
2024-07-19,-0.1637,0.265858,0.254121,0.253876,0.23197,0.265858,0.43731,0.618466,0.418004,0.591162,0.4176,0.590591,0.381568,0.539632,0.43731,0.618466,-0.0329,0.283719,0.2557,0.219231,0.283719,0.46669,0.660017,0.4206,0.594834,0.360614,0.509998,0.466689,0.660015
2024-07-22,-0.0765,0.264829,0.251893,0.251325,0.22845,0.26483,0.435617,0.616072,0.414338,0.585978,0.413404,0.584657,0.375777,0.531443,0.435618,0.616073,-0.0201,0.274896,0.25207,0.212705,0.274896,0.452176,0.639491,0.414631,0.586391,0.349879,0.494817,0.452177,0.639491
2024-07-23,0.0656,0.264888,0.248094,0.24694,0.222282,0.264888,0.435714,0.616209,0.408089,0.57714,0.406192,0.574457,0.365631,0.517094,0.435715,0.61621,0.0821,0.274854,0.248371,0.206284,0.274854,0.452107,0.639392,0.408546,0.577787,0.339317,0.479879,0.452107,0.639392
2024-07-24,-0.1367,0.264658,0.244276,0.242531,0.216108,0.264658,0.435336,0.615673,0.40181,0.568259,0.398939,0.5642,0.355477,0.502733,0.435336,0.615674,-0.3101,0.274604,0.244969,0.201009,0.274604,0.451697,0.638812,0.402949,0.569871,0.330639,0.467606,0.451697,0.638812
2024-07-25,0.082,0.264842,0.241642,0.239559,0.212183,0.264842,0.435639,0.616102,0.397476,0.562131,0.39405,0.557286,0.349021,0.493602,0.435639,0.616103,-0.3485,0.271207,0.249296,0.209165,0.271207,0.446108,0.630909,0.410068,0.579938,0.344055,0.48658,0.446108,0.630908
2024-07-26,0.2729,0.264696,0.238122,0.235514,0.206698,0.264696,0.435398,0.615761,0.391687,0.553944,0.387398,0.547877,0.339997,0.480841,0.435398,0.615762,0.5381,0.271224,0.25512,0.220027,0.271224,0.446137,0.630949,0.419647,0.593485,0.361923,0.51185,0.446136,0.630948
2024-07-29,0.1307,0.263781,0.240562,0.238703,0.211256,0.263781,0.433893,0.613633,0.395701,0.55962,0.392642,0.555294,0.347495,0.491444,0.433893,0.613634,0.2616,0.273048,0.270612,0.25076,0.273047,0.449136,0.635191,0.445129,0.629524,0.412475,0.583342,0.449136,0.63519
2024-07-30,0.1415,0.263509,0.237935,0.235762,0.207307,0.263509,0.433446,0.613001,0.391379,0.553508,0.387805,0.548453,0.340999,0.482258,0.433446,0.613001,0.023,0.273324,0.270777,0.251423,0.273325,0.449591,0.635835,0.445401,0.629908,0.413566,0.584886,0.449592,0.635835
2024-07-31,0.4286,0.263491,0.235609,0.233193,0.203958,0.263491,0.433416,0.612959,0.387553,0.548097,0.38358,0.542478,0.335491,0.474468,0.433416,0.612959,-0.0109,0.273316,0.266909,0.243829,0.273317,0.449578,0.635816,0.439038,0.620909,0.401074,0.567219,0.449578,0.635816
2024-08-01,0.3351,0.263846,0.247239,0.247037,0.223886,0.263847,0.434001,0.613786,0.406684,0.575153,0.406352,0.574683,0.36827,0.520826,0.434002,0.613787,0.678,0.273178,0.263123,0.236416,0.273178,0.44935,0.635493,0.43281,0.612102,0.388881,0.549975,0.44935,0.635493
2024-08-02,0.8221,0.264095,0.251904,0.252489,0.232067,0.264095,0.434409,0.614364,0.414357,0.586005,0.415319,0.587365,0.381726,0.539857,0.43441,0.614365,-0.3456,0.276219,0.287473,0.283055,0.27622,0.454353,0.642569,0.472864,0.668748,0.465597,0.65847,0.454354,0.64257
2024-08-05,-0.2196,0.266834,0.295673,0.303492,0.301951,0.266835,0.438915,0.620736,0.486353,0.687825,0.499214,0.706013,0.49668,0.702429,0.438916,0.620737,-0.6395,0.271496,0.290883,0.287192,0.271497,0.446584,0.631582,0.478474,0.676682,0.472402,0.668095,0.446585,0.631583
2024-08-06,-0.4138,0.265369,0.293265,0.300184,0.297653,0.26537,0.436506,0.617329,0.482392,0.682223,0.493772,0.698317,0.48961,0.692431,0.436507,0.61733,-0.0456,0.272254,0.310778,0.319481,0.272255,0.447831,0.633345,0.511198,0.722962,0.525514,0.743208,0.447831,0.633346
2024-08-07,-0.1078,0.266781,0.299758,0.307589,0.305868,0.266782,0.438829,0.620613,0.493071,0.697326,0.505953,0.715543,0.503123,0.711542,0.438829,0.620614,0.1671,0.272114,0.306178,0.30995,0.272114,0.4476,0.633018,0.503632,0.712262,0.509836,0.721036,0.4476,0.633019
2024-08-08,-0.1079,0.26651,0.294537,0.300872,0.297724,0.26651,0.438382,0.619982,0.484484,0.685181,0.494905,0.69992,0.489726,0.692595,0.438382,0.619982,-0.126,0.26955,0.302972,0.303282,0.26955,0.443383,0.627054,0.498359,0.704804,0.498869,0.705525,0.443383,0.627054
2024-08-09,0.151,0.26665,0.289707,0.294797,0.289861,0.26665,0.438612,0.620308,0.476539,0.673945,0.484912,0.685787,0.476793,0.674304,0.438613,0.620308,0.0297,0.269636,0.299536,0.295658,0.269636,0.443524,0.627255,0.492706,0.69681,0.486328,0.687789,0.443525,0.627255
2024-08-12,0.2153,0.265516,0.285898,0.290045,0.283455,0.265516,0.436748,0.617671,0.470273,0.665084,0.477095,0.674732,0.466254,0.6594,0.436748,0.617671,0.3325,0.268996,0.295208,0.286743,0.268996,0.442472,0.625766,0.485587,0.686742,0.471664,0.667051,0.442472,0.625766
2024-08-13,0.2524,0.265415,0.283866,0.287441,0.279834,0.265415,0.436581,0.617435,0.466931,0.660357,0.472811,0.668673,0.460299,0.650977,0.436581,0.617435,-0.0072,0.269655,0.296835,0.289693,0.269655,0.443556,0.627299,0.488265,0.690528,0.476516,0.673912,0.443556,0.627299
2024-08-14,0.1447,0.265315,0.28307,0.286322,0.278264,0.265315,0.436416,0.617202,0.465622,0.658506,0.470972,0.666072,0.457716,0.647326,0.436417,0.617202,-0.1016,0.26964,0.292599,0.280873,0.26964,0.443531,0.627263,0.481297,0.680674,0.462008,0.653395,0.443531,0.627263
2024-08-15,-0.2252,0.26472,0.279499,0.281969,0.272105,0.26472,0.435438,0.615818,0.459748,0.650199,0.463812,0.655946,0.447586,0.632999,0.435439,0.615819,0.2667,0.26976,0.289167,0.273451,0.26976,0.443729,0.627543,0.47565,0.672689,0.4498,0.63613,0.443728,0.627543
2024-08-16,0.1019,0.26469,0.278193,0.280308,0.269521,0.26469,0.435389,0.615748,0.4576,0.647161,0.461079,0.652082,0.443336,0.626987,0.435389,0.615749,-0.0236,0.270176,0.28886,0.273051,0.270176,0.444413,0.628511,0.475145,0.671974,0.449142,0.635199,0.444413,0.628511
2024-08-19,0.1714,0.264322,0.274173,0.275496,0.2625,0.264323,0.434784,0.614893,0.450987,0.637809,0.453163,0.640886,0.431786,0.610654,0.434784,0.614894,-0.1796,0.269409,0.284874,0.264796,0.269409,0.44315,0.626725,0.468589,0.662702,0.435563,0.615995,0.44315,0.626725
2024-08-20,0.262,0.264459,0.271554,0.272366,0.257943,0.264459,0.435008,0.615211,0.446679,0.631716,0.448016,0.633606,0.42429,0.600053,0.435009,0.615211,0.1597,0.269599,0.283009,0.260471,0.269599,0.443463,0.627168,0.465522,0.658365,0.428449,0.605934,0.443463,0.627168
2024-08-21,0.1494,0.262884,0.271614,0.272403,0.258188,0.262884,0.432417,0.611546,0.446778,0.631856,0.448076,0.633692,0.424694,0.600623,0.432417,0.611546,0.183,0.268473,0.28038,0.255548,0.268473,0.441612,0.624549,0.461196,0.652247,0.420351,0.594481,0.441612,0.624549
2024-08-22,-0.2562,0.262959,0.268606,0.268844,0.252984,0.262959,0.432541,0.611721,0.44183,0.624858,0.442221,0.625412,0.416133,0.588516,0.432541,0.611721,-0.1217,0.268491,0.278243,0.251785,0.268491,0.441641,0.624591,0.457682,0.647277,0.414162,0.585728,0.441641,0.624591
2024-08-23,0.2829,0.260714,0.268809,0.269068,0.253178,0.260714,0.428848,0.606498,0.442164,0.62533,0.442589,0.625932,0.416452,0.588967,0.428849,0.6065,0.0082,0.26743,0.275445,0.245928,0.26743,0.439895,0.622122,0.453079,0.640768,0.404527,0.572103,0.439896,0.622123
2024-08-26,0.0533,0.26105,0.269735,0.270158,0.255059,0.26105,0.4294,0.60728,0.443687,0.627484,0.444383,0.628469,0.419546,0.593343,0.429402,0.607281,0.0084,0.267358,0.271612,0.238445,0.267359,0.439778,0.621955,0.446774,0.631851,0.392218,0.554694,0.439778,0.621956
2024-08-27,0.0373,0.260973,0.265525,0.265195,0.247633,0.260973,0.429274,0.6071,0.436762,0.61769,0.436219,0.616923,0.407331,0.576069,0.429275,0.607102,0.0822,0.267342,0.267821,0.23119,0.267343,0.439751,0.621918,0.44054,0.623033,0.380284,0.537817,0.439752,0.621919
2024-08-28,-0.0586,0.26096,0.261332,0.260265,0.240263,0.26096,0.429253,0.607071,0.429865,0.607937,0.42811,0.605454,0.395208,0.558924,0.429254,0.607072,-0.0572,0.267333,0.264391,0.225049,0.267333,0.439735,0.621896,0.434897,0.615053,0.370184,0.523533,0.439736,0.621897
2024-08-29,-0.1066,0.259973,0.257417,0.255657,0.233385,0.259974,0.42763,0.604776,0.423425,0.598829,0.420531,0.594736,0.383896,0.542924,0.427631,0.604777,-0.4905,0.266968,0.260955,0.218643,0.266968,0.439135,0.621047,0.429244,0.607059,0.359646,0.508629,0.439136,0.621048
2024-08-30,-0.1922,0.260098,0.254162,0.251842,0.227777,0.260099,0.427835,0.605066,0.418071,0.591257,0.414254,0.585859,0.374671,0.529878,0.427837,0.605068,-0.2937,0.268839,0.27353,0.243663,0.26884,0.442214,0.625401,0.449929,0.636313,0.400802,0.566834,0.442215,0.625403
2024-09-03,0.3041,0.260358,0.252879,0.250435,0.225801,0.260359,0.428264,0.605672,0.415961,0.588273,0.411941,0.582588,0.371419,0.52528,0.428265,0.605673,0.739,0.269272,0.275308,0.246952,0.269272,0.442925,0.626407,0.452854,0.640449,0.406211,0.574484,0.442926,0.626408
2024-09-04,0.3563,0.260906,0.255509,0.25382,0.231247,0.260907,0.429165,0.606946,0.420287,0.594391,0.417509,0.590462,0.380379,0.537951,0.429166,0.606948,0.2298,0.27303,0.30202,0.300155,0.273031,0.449108,0.63515,0.496792,0.702589,0.493726,0.698252,0.449109,0.635152
2024-09-05,0.1273,0.259188,0.260336,0.259692,0.240591,0.259189,0.426339,0.602949,0.428226,0.605619,0.427168,0.604122,0.395747,0.559686,0.426339,0.60295,-0.1515,0.273328,0.300306,0.296405,0.273329,0.449598,0.635844,0.493973,0.698601,0.487557,0.689528,0.449599,0.635845
2024-09-06,0.0,0.259104,0.257244,0.256104,0.235336,0.259104,0.4262,0.602753,0.423141,0.598427,0.421265,0.595774,0.387104,0.547463,0.4262,0.602754,-0.0635,0.27353,0.297503,0.289762,0.273531,0.44993,0.636313,0.489363,0.692082,0.476629,0.674073,0.449931,0.636315
2024-09-09,0.2119,0.259026,0.253134,0.251298,0.228167,0.259027,0.426072,0.602573,0.416381,0.588866,0.41336,0.584594,0.375312,0.530785,0.426073,0.602574,0.5738,0.272955,0.293635,0.281365,0.272956,0.448984,0.634976,0.483001,0.683084,0.462817,0.654539,0.448986,0.634978
2024-09-10,0.2695,0.259243,0.252253,0.250395,0.227224,0.259243,0.426429,0.603077,0.414931,0.586817,0.411875,0.582495,0.37376,0.528591,0.426429,0.603078,0.3707,0.274941,0.306636,0.306873,0.274942,0.45225,0.639594,0.504386,0.713328,0.504775,0.713878,0.452251,0.639596
2024-09-11,-0.0264,0.259336,0.253372,0.251879,0.22998,0.259336,0.426581,0.603293,0.416771,0.589419,0.414316,0.585947,0.378293,0.535001,0.426582,0.603294,-0.0447,0.269299,0.309026,0.311072,0.2693,0.44297,0.62647,0.508316,0.718886,0.511682,0.723647,0.442972,0.626473
2024-09-12,-0.0898,0.259319,0.249388,0.247246,0.223067,0.259319,0.426553,0.603253,0.410218,0.58015,0.406696,0.575169,0.366923,0.518921,0.426554,0.603254,-0.1165,0.269213,0.304753,0.301794,0.269214,0.442829,0.626271,0.501288,0.708946,0.496421,0.702064,0.44283,0.626273
2024-09-13,0.2164,0.259451,0.24606,0.243405,0.217387,0.259451,0.426771,0.60356,0.404745,0.57241,0.400377,0.566234,0.357581,0.505708,0.426772,0.603562,-0.1256,0.26883,0.301316,0.293989,0.268831,0.442198,0.625379,0.495635,0.700952,0.483582,0.683906,0.4422,0.625381
2024-09-16,0.2685,0.259636,0.245549,0.243009,0.217328,0.259637,0.427076,0.603992,0.403903,0.57122,0.399725,0.565312,0.357483,0.505571,0.427077,0.603993,0.308,0.269011,0.298115,0.286688,0.269012,0.442497,0.625801,0.490369,0.693505,0.471573,0.666923,0.442498,0.625803
2024-09-17,-0.0526,0.259798,0.246938,0.24488,0.220733,0.259798,0.427342,0.604368,0.406188,0.574451,0.402804,0.569665,0.363084,0.513492,0.427342,0.604369,-0.0526,0.269281,0.298662,0.288011,0.269282,0.442941,0.626429,0.491269,0.694778,0.47375,0.670001,0.442942,0.626431
2024-09-18,0.0,0.259869,0.243212,0.24058,0.214396,0.259869,0.427458,0.604533,0.400059,0.565784,0.395731,0.559662,0.352661,0.49875,0.427459,0.604533,-0.206,0.268859,0.294747,0.279534,0.268859,0.442246,0.625446,0.484829,0.685669,0.459806,0.650281,0.442247,0.625448
2024-09-19,-0.1368,0.259566,0.239232,0.235966,0.207865,0.259567,0.426961,0.603829,0.393513,0.556526,0.38814,0.548927,0.341917,0.483556,0.426961,0.60383,-0.3305,0.269167,0.293285,0.275676,0.269168,0.442753,0.626164,0.482424,0.682268,0.45346,0.641305,0.442755,0.626166
2024-09-20,0.0,0.259771,0.236973,0.233469,0.204299,0.259772,0.427298,0.604306,0.389796,0.55127,0.384033,0.543118,0.336052,0.475262,0.427299,0.604307,-0.2408,0.269862,0.295596,0.279269,0.269863,0.443896,0.62778,0.486226,0.687645,0.45937,0.649664,0.443897,0.627782
2024-09-23,-0.0316,0.258019,0.23299,0.228839,0.198076,0.25802,0.424415,0.600229,0.383246,0.542006,0.376418,0.532349,0.325815,0.460783,0.424417,0.600231,-0.0273,0.270127,0.294936,0.277112,0.270128,0.444332,0.628397,0.48514,0.68611,0.455821,0.644645,0.444334,0.628399
2024-09-24,0.1053,0.25794,0.229111,0.224315,0.192197,0.257941,0.424285,0.600045,0.376865,0.532982,0.368976,0.521824,0.316146,0.447109,0.424287,0.600048,-0.1645,0.270148,0.290976,0.268753,0.270149,0.444367,0.628446,0.478627,0.676898,0.442072,0.6252,0.444369,0.628448
2024-09-25,-0.1897,0.256929,0.226016,0.220834,0.188119,0.25693,0.422622,0.597694,0.371774,0.525781,0.363251,0.513727,0.309437,0.437621,0.422624,0.597696,-0.194,0.27021,0.288675,0.263663,0.270211,0.444469,0.62859,0.474841,0.671544,0.433699,0.613359,0.444471,0.628593
2024-09-26,-0.058,0.257249,0.225709,0.220908,0.188214,0.25725,0.423149,0.598439,0.371269,0.525067,0.363372,0.513899,0.309594,0.437843,0.423151,0.598441,-0.3557,0.27048,0.287037,0.26001,0.270481,0.444912,0.629217,0.472148,0.667735,0.42769,0.604861,0.444914,0.629219
2024-09-27,0.2582,0.256837,0.222054,0.216708,0.183033,0.256838,0.422471,0.597479,0.365256,0.516564,0.356462,0.504127,0.30107,0.425789,0.422472,0.597482,0.2653,0.271192,0.290473,0.266721,0.271193,0.446083,0.630873,0.477799,0.675727,0.43873,0.620473,0.446085,0.630876
2024-09-30,-0.1422,0.257151,0.22452,0.220317,0.18839,0.257152,0.422987,0.59821,0.369313,0.522301,0.362399,0.512523,0.309883,0.438252,0.422989,0.598212,-0.0495,0.271586,0.290134,0.266636,0.271587,0.446732,0.631791,0.477241,0.674939,0.43859,0.620276,0.446734,0.631794
2024-10-01,0.0,0.257422,0.222685,0.218453,0.185943,0.257423,0.423433,0.598841,0.366295,0.518032,0.359333,0.508187,0.305857,0.432559,0.423435,0.598843,-0.0014,0.271629,0.286369,0.258797,0.27163,0.446802,0.63189,0.471048,0.666179,0.425696,0.602041,0.446804,0.631893
2024-10-02,0.1527,0.257422,0.218664,0.213853,0.180278,0.257423,0.423433,0.598841,0.359681,0.508678,0.351767,0.497487,0.29654,0.419381,0.423435,0.598843,0.1527,0.27163,0.282487,0.250914,0.271631,0.446803,0.631892,0.464663,0.65715,0.412728,0.583701,0.446805,0.631895
2024-10-03,-0.3028,0.251295,0.216946,0.21222,0.178744,0.251296,0.413356,0.584588,0.356855,0.504683,0.349081,0.493687,0.294015,0.415811,0.413357,0.58459,-0.3028,0.266064,0.279833,0.246129,0.266065,0.437648,0.618944,0.460298,0.650976,0.404857,0.572569,0.43765,0.618946
2024-10-04,-0.4747,0.252201,0.222928,0.219878,0.188504,0.252201,0.414845,0.586694,0.366694,0.518597,0.361677,0.511502,0.310069,0.438516,0.414846,0.586696,-0.4747,0.266813,0.281613,0.249892,0.266814,0.438881,0.620687,0.463224,0.655115,0.411047,0.581323,0.438882,0.620689
2024-10-07,-0.2677,0.25434,0.240048,0.24011,0.216615,0.25434,0.418363,0.59167,0.394855,0.558423,0.394956,0.558567,0.35631,0.503911,0.418364,0.591672,-0.2677,0.268703,0.290815,0.268737,0.268704,0.44199,0.625084,0.478361,0.676522,0.442045,0.625162,0.441991,0.625086
2024-10-08,0.0482,0.254554,0.242076,0.242554,0.220015,0.254554,0.418715,0.592168,0.398191,0.563141,0.398978,0.564254,0.361902,0.51182,0.418716,0.592169,0.6449,0.268895,0.290945,0.268675,0.268896,0.442305,0.62553,0.478576,0.676826,0.441943,0.625018,0.442307,0.625532
2024-10-09,-0.1931,0.251814,0.23827,0.238069,0.213639,0.251814,0.414208,0.585794,0.39193,0.554288,0.3916,0.553821,0.351414,0.496987,0.414208,0.585794,0.1223,0.269156,0.308526,0.304645,0.269156,0.442734,0.626137,0.507494,0.717724,0.501111,0.708696,0.442735,0.626138
2024-10-10,0.0322,0.25137,0.237521,0.237249,0.212462,0.25137,0.413479,0.584762,0.390698,0.552545,0.39025,0.551912,0.349479,0.494251,0.413479,0.584762,-0.0017,0.267988,0.304861,0.29688,0.267989,0.440814,0.623421,0.501467,0.709199,0.488337,0.690631,0.440815,0.623423
2024-10-11,0.0,0.249287,0.233693,0.232799,0.206141,0.249287,0.410053,0.579917,0.384402,0.543641,0.382932,0.541561,0.339081,0.479545,0.410053,0.579917,-0.1796,0.266402,0.300638,0.287836,0.266403,0.438205,0.619732,0.49452,0.699375,0.473461,0.669593,0.438207,0.619734
2024-10-15,0.2252,0.248978,0.229822,0.228335,0.199861,0.248979,0.409544,0.579198,0.378034,0.534634,0.375588,0.531176,0.328751,0.464936,0.409545,0.579199,0.9654,0.266245,0.298359,0.282514,0.266246,0.437947,0.619366,0.490771,0.694073,0.464707,0.657211,0.437949,0.619369
2024-10-16,0.1391,0.24826,0.230455,0.229274,0.201471,0.24826,0.408363,0.577527,0.379075,0.536107,0.377133,0.53336,0.3314,0.468682,0.408363,0.577527,0.1391,0.272247,0.339672,0.361863,0.272248,0.44782,0.633329,0.558727,0.790179,0.595229,0.841802,0.447821,0.63333
2024-10-17,-0.2731,0.246364,0.228295,0.226884,0.198283,0.246364,0.405245,0.573118,0.375522,0.531082,0.373201,0.527799,0.326156,0.461266,0.405245,0.573117,-0.2394,0.270612,0.335255,0.35249,0.270613,0.44513,0.629525,0.551461,0.779904,0.579811,0.819997,0.445131,0.629526
2024-10-18,-0.0161,0.246478,0.231269,0.230545,0.203549,0.246478,0.405432,0.573383,0.380415,0.538001,0.379223,0.536316,0.334818,0.473516,0.405432,0.573383,-0.2987,0.270848,0.333236,0.346746,0.270848,0.445518,0.630074,0.54814,0.775208,0.570363,0.806636,0.445518,0.630075
2024-10-21,-0.3654,0.245143,0.227461,0.226169,0.197387,0.245142,0.403235,0.570276,0.37415,0.529142,0.372025,0.526136,0.324683,0.459182,0.403235,0.570275,-0.1207,0.270203,0.332876,0.344053,0.270203,0.444457,0.628573,0.547548,0.77437,0.565932,0.80037,0.444457,0.628573
2024-10-22,-0.1616,0.246382,0.235569,0.235775,0.21127,0.246381,0.405274,0.573158,0.387487,0.548003,0.387826,0.548482,0.347518,0.491478,0.405273,0.573157,-0.104,0.270128,0.328794,0.334879,0.270128,0.444333,0.628399,0.540833,0.764873,0.550843,0.779029,0.444334,0.628399
2024-10-23,-0.1457,0.246714,0.233909,0.233881,0.208624,0.246713,0.40582,0.57393,0.384757,0.544143,0.384711,0.544078,0.343165,0.485321,0.405819,0.573929,-0.1148,0.270264,0.324675,0.325675,0.270264,0.444556,0.628714,0.534058,0.755291,0.535703,0.757618,0.444557,0.628715
2024-10-24,0.1618,0.245549,0.231865,0.231561,0.205393,0.245549,0.403904,0.571222,0.381396,0.539389,0.380894,0.53868,0.33785,0.477805,0.403903,0.57122,0.0747,0.269566,0.320818,0.317004,0.269567,0.44341,0.627092,0.527714,0.74632,0.521439,0.737445,0.44341,0.627093
2024-10-25,-0.1187,0.244473,0.230327,0.229865,0.203041,0.244472,0.402133,0.568717,0.378865,0.53581,0.378105,0.534735,0.333982,0.472335,0.402132,0.568715,-0.1061,0.269043,0.316565,0.30789,0.269043,0.44255,0.625876,0.520718,0.736426,0.506449,0.716246,0.44255,0.625876
2024-10-28,-0.1242,0.244161,0.227744,0.22695,0.198991,0.24416,0.401621,0.567993,0.374616,0.5298,0.373309,0.527953,0.327321,0.462914,0.401619,0.56799,-0.047,0.268743,0.31286,0.29964,0.268743,0.442056,0.625178,0.514623,0.727805,0.492878,0.697053,0.442056,0.625178
2024-10-29,0.0864,0.244377,0.225322,0.224247,0.195313,0.244376,0.401976,0.568494,0.370633,0.524168,0.368864,0.521666,0.321271,0.454357,0.401974,0.568492,0.1523,0.268744,0.308774,0.29074,0.268744,0.442057,0.625179,0.507903,0.718302,0.478238,0.676348,0.442057,0.625179
2024-10-30,-0.0486,0.2443,0.222235,0.220785,0.190542,0.244299,0.401849,0.568316,0.365554,0.516985,0.363169,0.513611,0.313423,0.443258,0.401848,0.568314,-0.1496,0.268689,0.305648,0.284341,0.268689,0.441966,0.625051,0.502761,0.71103,0.467712,0.661462,0.441967,0.625051
2024-10-31,0.081,0.244161,0.218668,0.216762,0.185121,0.24416,0.40162,0.567991,0.359688,0.508688,0.356551,0.504253,0.304505,0.430646,0.401619,0.567989,0.0094,0.268856,0.302819,0.278103,0.268856,0.442241,0.625439,0.498107,0.704448,0.457452,0.646952,0.442241,0.62544
2024-11-01,-0.4436,0.242027,0.215562,0.213313,0.180574,0.242027,0.398111,0.563028,0.354578,0.501462,0.350879,0.49623,0.297027,0.42007,0.39811,0.563027,-0.393,0.26673,0.298797,0.269641,0.266731,0.438744,0.620494,0.491491,0.695091,0.443532,0.627266,0.438745,0.620495
2024-11-04,0.3247,0.242352,0.230732,0.231054,0.206052,0.242351,0.398644,0.563783,0.37953,0.536751,0.38006,0.5375,0.338935,0.47934,0.398644,0.563782,0.0167,0.266669,0.30297,0.278587,0.266669,0.438643,0.620351,0.498355,0.704799,0.458248,0.648077,0.438644,0.620353
2024-11-05,0.0486,0.241076,0.236087,0.237323,0.215025,0.241076,0.396546,0.560815,0.388339,0.549209,0.390373,0.552084,0.353695,0.500214,0.396546,0.560815,0.1218,0.266057,0.298945,0.270131,0.266057,0.437636,0.618927,0.491735,0.695436,0.444339,0.628406,0.437638,0.618929
2024-11-06,-0.5307,0.240963,0.232373,0.232982,0.208814,0.240963,0.39636,0.560552,0.382231,0.54057,0.383232,0.541985,0.343479,0.485765,0.39636,0.560552,0.4985,0.263978,0.295658,0.263596,0.263979,0.434217,0.614091,0.486328,0.687789,0.433589,0.613203,0.434218,0.614093
2024-11-07,0.4875,0.243328,0.251716,0.255421,0.240595,0.243328,0.400251,0.566055,0.414048,0.585568,0.420142,0.594187,0.395754,0.559696,0.40025,0.566054,-0.0293,0.264864,0.30396,0.283238,0.264865,0.435675,0.616154,0.499984,0.707102,0.465899,0.658897,0.435676,0.616155
2024-11-08,0.2213,0.244588,0.266016,0.272195,0.262054,0.244588,0.402323,0.568985,0.43757,0.618833,0.447734,0.633208,0.431052,0.609615,0.402322,0.568984,0.7423,0.264408,0.3,0.274704,0.264409,0.434925,0.615093,0.493471,0.697891,0.45186,0.639043,0.434927,0.615095
2024-11-12,-0.4431,0.242465,0.264768,0.270366,0.259789,0.242465,0.398831,0.564047,0.435517,0.61593,0.444724,0.628952,0.427326,0.604346,0.39883,0.564046,0.2994,0.26647,0.322087,0.322482,0.266471,0.438317,0.61989,0.529801,0.749271,0.530451,0.750191,0.438317,0.619891
2024-11-13,-0.0596,0.244365,0.275255,0.28265,0.274264,0.244364,0.401956,0.568466,0.452767,0.640326,0.464931,0.657528,0.451138,0.638021,0.401955,0.568465,-0.1634,0.267006,0.32156,0.321144,0.267007,0.439199,0.621137,0.528935,0.748046,0.52825,0.747078,0.439199,0.621138
2024-11-14,-0.0596,0.244427,0.269994,0.275887,0.26631,0.244426,0.402058,0.56861,0.444113,0.628087,0.453807,0.641796,0.438053,0.619516,0.402057,0.568609,-0.0222,0.267191,0.318601,0.313923,0.267191,0.439502,0.621565,0.524067,0.741161,0.516372,0.730279,0.439502,0.621566
2024-11-15,0.0488,0.241229,0.265134,0.269761,0.258609,0.241228,0.396797,0.561171,0.436119,0.616782,0.443729,0.627544,0.425386,0.601603,0.396796,0.561169,0.0709,0.267073,0.314343,0.304408,0.267073,0.439308,0.621291,0.517063,0.731257,0.500721,0.708144,0.439308,0.621291
2024-11-18,0.0379,0.241172,0.26048,0.26403,0.251016,0.241171,0.396704,0.561039,0.428463,0.605954,0.434302,0.614212,0.412896,0.583938,0.396703,0.561037,0.143,0.266864,0.310313,0.295645,0.266865,0.438965,0.620806,0.510434,0.721881,0.486307,0.687759,0.438965,0.620807
2024-11-19,0.0704,0.24002,0.256007,0.258604,0.243546,0.24002,0.39481,0.558359,0.421106,0.595549,0.425378,0.601591,0.400608,0.566561,0.394808,0.558358,0.1091,0.266265,0.30704,0.288771,0.266266,0.43798,0.619413,0.50505,0.714267,0.474999,0.671768,0.43798,0.619414
2024-11-20,-0.0867,0.240018,0.252016,0.253818,0.236755,0.240017,0.394806,0.558354,0.414541,0.586264,0.417504,0.590456,0.389439,0.550764,0.394805,0.558353,0.0058,0.265287,0.303455,0.281246,0.265288,0.436371,0.617138,0.499152,0.705926,0.462622,0.654263,0.436372,0.617139
2024-11-21,-0.0596,0.240021,0.248369,0.249494,0.230523,0.24002,0.39481,0.55836,0.408542,0.577781,0.410393,0.580398,0.379187,0.536266,0.394809,0.558358,-0.1853,0.263405,0.299476,0.272682,0.263406,0.433276,0.61276,0.492608,0.696671,0.448535,0.63434,0.433277,0.612762
2024-11-22,0.0054,0.239937,0.244534,0.244986,0.223977,0.239937,0.394673,0.558166,0.402233,0.568858,0.402978,0.569912,0.368419,0.521037,0.394672,0.558165,0.1255,0.262947,0.297515,0.268243,0.262948,0.432522,0.611694,0.489382,0.692108,0.441233,0.624014,0.432523,0.611696
2024-11-25,0.6161,0.23994,0.24053,0.240312,0.217157,0.23994,0.394678,0.558173,0.395648,0.559545,0.395289,0.559038,0.357202,0.505173,0.394677,0.558171,0.5333,0.262378,0.29429,0.261882,0.262379,0.431586,0.610371,0.484078,0.684607,0.430769,0.609216,0.431587,0.610373
2024-11-26,-0.0431,0.242559,0.265255,0.269113,0.259042,0.242558,0.398986,0.564266,0.436319,0.617064,0.442664,0.626037,0.426098,0.602609,0.398984,0.564264,0.1294,0.263757,0.304113,0.285538,0.263758,0.433854,0.613578,0.500236,0.707458,0.469681,0.664246,0.433855,0.613579
2024-11-27,0.1885,0.241794,0.260814,0.263699,0.251372,0.241793,0.397727,0.562486,0.429014,0.606732,0.433758,0.613442,0.413482,0.584767,0.397725,0.562483,0.103,0.262815,0.300792,0.278648,0.262815,0.432304,0.611386,0.494773,0.699733,0.458347,0.648218,0.432305,0.611387
2024-11-29,0.3223,0.241301,0.258955,0.261391,0.24805,0.2413,0.396916,0.561338,0.425955,0.602406,0.429961,0.608073,0.408017,0.577038,0.396914,0.561336,0.274,0.262803,0.297261,0.271334,0.262803,0.432284,0.611358,0.488965,0.691519,0.446318,0.631205,0.432285,0.611359
2024-12-02,0.0054,0.24063,0.262014,0.264856,0.25312,0.240629,0.395812,0.559777,0.430987,0.609523,0.435662,0.616135,0.416357,0.588832,0.395811,0.559775,0.4064,0.262596,0.296799,0.271495,0.262597,0.431944,0.610877,0.488204,0.690443,0.446582,0.631579,0.431945,0.610879
2024-12-03,-0.1717,0.240424,0.257623,0.259591,0.245412,0.240423,0.395474,0.559299,0.423765,0.59931,0.427001,0.603887,0.403678,0.570902,0.395472,0.559296,0.0261,0.263586,0.300639,0.281419,0.263587,0.433573,0.613181,0.494521,0.699377,0.462906,0.654665,0.433574,0.613182
2024-12-04,0.2629,0.238968,0.255592,0.257142,0.241624,0.238966,0.393078,0.55591,0.420423,0.594583,0.422973,0.598189,0.397448,0.562091,0.393076,0.555907,-0.0478,0.261742,0.296707,0.272921,0.261742,0.430539,0.608889,0.488054,0.69023,0.448927,0.634895,0.430539,0.60889
2024-12-05,0.0214,0.239361,0.256332,0.257948,0.242953,0.23936,0.393726,0.556827,0.42164,0.596304,0.424299,0.600064,0.399634,0.565183,0.393724,0.556824,-0.0805,0.26178,0.293032,0.264865,0.261781,0.430602,0.60898,0.482009,0.681681,0.435677,0.616156,0.430603,0.60898
2024-12-06,0.091,0.238087,0.252192,0.253062,0.23561,0.238086,0.391629,0.553861,0.414831,0.586675,0.416262,0.588699,0.387556,0.548101,0.391627,0.553859,0.2865,0.260584,0.289675,0.257552,0.260585,0.428635,0.606198,0.476486,0.67387,0.423648,0.599144,0.428636,0.606198
2024-12-09,-0.1071,0.237415,0.248727,0.248995,0.229518,0.237414,0.390524,0.552299,0.40913,0.578613,0.409571,0.579237,0.377534,0.533927,0.390523,0.552297,-0.2392,0.259351,0.289757,0.25938,0.259351,0.426606,0.603327,0.476621,0.674061,0.426655,0.603397,0.426606,0.603328
2024-12-10,-0.0911,0.23756,0.245683,0.245451,0.224067,0.237559,0.390762,0.552635,0.404125,0.571533,0.403742,0.570992,0.368567,0.521247,0.39076,0.552633,-0.2344,0.259804,0.28938,0.258214,0.259804,0.427351,0.604382,0.476,0.673184,0.424736,0.600683,0.427352,0.604382
2024-12-11,-0.1932,0.236866,0.242468,0.241712,0.218384,0.236865,0.389622,0.551022,0.398836,0.564053,0.397593,0.562296,0.35922,0.508026,0.38962,0.55102,-0.0485,0.260215,0.288867,0.256847,0.260215,0.428027,0.605337,0.475158,0.671992,0.422488,0.597504,0.428028,0.605338
2024-12-12,-0.2259,0.23726,0.241582,0.240747,0.216955,0.237258,0.390268,0.551937,0.397378,0.561992,0.396005,0.56005,0.35687,0.504703,0.390266,0.551934,-0.1158,0.260154,0.285292,0.249306,0.260154,0.427927,0.605195,0.469277,0.663675,0.410084,0.579961,0.427927,0.605196
2024-12-13,-0.2318,0.23774,0.241758,0.241043,0.217502,0.237739,0.391059,0.553055,0.397668,0.562403,0.396492,0.560739,0.35777,0.505976,0.391057,0.553052,-0.1342,0.26029,0.282457,0.24337,0.26029,0.428151,0.605512,0.464613,0.657079,0.400319,0.566151,0.428151,0.605513
2024-12-16,0.0054,0.232669,0.242117,0.241538,0.218387,0.232668,0.382717,0.541258,0.398258,0.563236,0.397307,0.561891,0.359224,0.508033,0.382715,0.541255,0.1153,0.255949,0.279934,0.238235,0.255949,0.421011,0.595414,0.460463,0.65121,0.391872,0.554205,0.421011,0.595415
2024-12-17,0.0,0.227493,0.238289,0.237089,0.211738,0.227491,0.374203,0.529216,0.391962,0.554333,0.389987,0.551539,0.348288,0.492566,0.374201,0.529213,0.0137,0.255879,0.276804,0.232697,0.255879,0.420895,0.595251,0.455314,0.643928,0.382764,0.541324,0.420895,0.595251
2024-12-18,-0.4002,0.227468,0.23451,0.232702,0.205287,0.227467,0.374162,0.529159,0.385746,0.545541,0.382772,0.541335,0.337677,0.47756,0.37416,0.529156,-0.3755,0.255849,0.273091,0.225633,0.25585,0.420847,0.595182,0.449208,0.635292,0.371144,0.524891,0.420847,0.595183
2024-12-19,-0.217,0.228954,0.243502,0.243441,0.221865,0.228953,0.376607,0.532616,0.400537,0.566459,0.400436,0.566317,0.364945,0.516124,0.376604,0.532613,-0.0785,0.257054,0.278242,0.23731,0.257055,0.422829,0.597986,0.45768,0.647274,0.39035,0.552053,0.422829,0.597987
2024-12-20,0.0271,0.22936,0.243216,0.243142,0.221576,0.229359,0.377274,0.53356,0.400065,0.565792,0.399945,0.565622,0.36447,0.515452,0.377272,0.533558,0.0107,0.257104,0.275013,0.230882,0.257105,0.422911,0.598102,0.452369,0.639763,0.379778,0.537101,0.422911,0.598103
2024-12-23,-0.1521,0.228647,0.239429,0.23875,0.214928,0.228646,0.376102,0.531902,0.393837,0.556984,0.392719,0.555403,0.353536,0.499988,0.3761,0.5319,-0.1192,0.256025,0.271324,0.223864,0.256025,0.421135,0.595591,0.446301,0.631181,0.368234,0.520775,0.421136,0.595592
2024-12-24,0.0326,0.22879,0.237427,0.236473,0.211685,0.228789,0.376336,0.532233,0.390544,0.552328,0.388975,0.550108,0.348201,0.492443,0.376334,0.532231,-0.0099,0.256134,0.268686,0.218999,0.256134,0.421315,0.595844,0.441961,0.625044,0.360232,0.509458,0.421316,0.595846
2024-12-26,0.0,0.22873,0.233761,0.23224,0.205392,0.228729,0.376238,0.532094,0.384513,0.543797,0.382011,0.540259,0.337849,0.477803,0.376236,0.532092,0.048,0.255871,0.265028,0.212342,0.255871,0.420882,0.595232,0.435945,0.616535,0.349281,0.49397,0.420883,0.595233
2024-12-27,-0.0816,0.22873,0.230039,0.227929,0.199135,0.228729,0.376238,0.532094,0.378392,0.535141,0.374921,0.530232,0.327556,0.463247,0.376236,0.532092,-0.083,0.255719,0.261429,0.206208,0.25572,0.420633,0.59488,0.430025,0.608163,0.339192,0.479702,0.420634,0.594882
2024-12-30,0.3096,0.227072,0.226873,0.224289,0.1941,0.227071,0.373511,0.528238,0.373183,0.527774,0.368933,0.521764,0.319275,0.451535,0.373509,0.528236,0.3274,0.254562,0.25833,0.200957,0.254563,0.418729,0.592188,0.424926,0.600952,0.330555,0.467487,0.41873,0.59219
2024-12-31,-0.0542,0.227641,0.231561,0.230154,0.202893,0.22764,0.374446,0.529561,0.380894,0.53868,0.378581,0.535408,0.333738,0.471989,0.374444,0.529558,-0.0542,0.252042,0.261312,0.210695,0.252042,0.414583,0.586325,0.429832,0.60789,0.346572,0.490139,0.414585,0.586326
2025-01-02,0.0109,0.227658,0.2281,0.226178,0.197159,0.227657,0.374474,0.5296,0.375202,0.53063,0.37204,0.526158,0.324307,0.458652,0.374473,0.529598,0.0123,0.251898,0.257932,0.204707,0.251899,0.414348,0.585991,0.424273,0.600028,0.336723,0.47621,0.414349,0.585993
2025-01-03,-0.118,0.227289,0.224439,0.221963,0.191172,0.227287,0.373867,0.528742,0.36918,0.522113,0.365107,0.516353,0.314458,0.444723,0.373865,0.528739,0.1625,0.250714,0.254233,0.198494,0.250715,0.4124,0.583236,0.418188,0.591423,0.326502,0.461756,0.412401,0.583239
2025-01-06,-0.1315,0.227401,0.222004,0.219231,0.187588,0.227399,0.374051,0.529002,0.365174,0.516448,0.360613,0.509998,0.308563,0.436386,0.374049,0.528999,-0.0987,0.250866,0.252117,0.19652,0.250867,0.412649,0.583589,0.414708,0.586501,0.323256,0.457165,0.412651,0.583591
2025-01-07,-0.1866,0.225709,0.219895,0.21692,0.184704,0.225708,0.371269,0.525067,0.361706,0.511542,0.356811,0.50462,0.303819,0.429676,0.371266,0.525064,-0.1306,0.250052,0.249296,0.192061,0.250053,0.411311,0.581697,0.410066,0.579936,0.315921,0.446792,0.411313,0.581699
2025-01-08,0.0824,0.224821,0.21943,0.216652,0.184818,0.224819,0.369808,0.523001,0.36094,0.51046,0.356371,0.503997,0.304007,0.429942,0.369805,0.522997,0.1534,0.247544,0.247093,0.188938,0.247545,0.407184,0.57586,0.406443,0.574813,0.310784,0.439527,0.407186,0.575863
2025-01-09,0.0,0.224701,0.216457,0.213306,0.180321,0.2247,0.369611,0.522722,0.35605,0.503543,0.350867,0.496214,0.29661,0.41948,0.369609,0.522719,0.0068,0.247171,0.244862,0.186996,0.247172,0.406571,0.574993,0.402774,0.569623,0.30759,0.43501,0.406573,0.574996
2025-01-10,-0.2694,0.224687,0.212773,0.209069,0.174828,0.224685,0.369587,0.522688,0.349991,0.494975,0.343898,0.486358,0.287574,0.406701,0.369585,0.522685,-0.2626,0.247024,0.241082,0.181307,0.247025,0.40633,0.574652,0.396556,0.56083,0.298232,0.421775,0.406332,0.574655
2025-01-13,-0.1267,0.225407,0.216292,0.213719,0.181894,0.225405,0.370771,0.524363,0.355779,0.50316,0.351547,0.497175,0.299197,0.42314,0.370769,0.52436,-0.1362,0.24769,0.243403,0.187183,0.247691,0.407425,0.5762,0.400373,0.566227,0.307898,0.435444,0.407427,0.576203
2025-01-14,0.0276,0.224193,0.21413,0.211368,0.179063,0.224191,0.368774,0.521539,0.352223,0.498131,0.34768,0.491706,0.29454,0.416553,0.368772,0.521536,0.0167,0.24702,0.241369,0.184522,0.247021,0.406323,0.574642,0.397028,0.561497,0.30352,0.429253,0.406325,0.574646
2025-01-15,0.5057,0.223828,0.210555,0.207312,0.173739,0.223827,0.368175,0.520692,0.346342,0.489814,0.341007,0.48227,0.285784,0.40417,0.368173,0.520689,0.4962,0.246738,0.237605,0.178947,0.24674,0.40586,0.573987,0.390836,0.55274,0.29435,0.416285,0.405862,0.573991
2025-01-16,0.2738,0.224935,0.231495,0.232036,0.209089,0.224934,0.369996,0.523267,0.380785,0.538526,0.381676,0.539786,0.34393,0.486403,0.369994,0.523264,0.2902,0.24853,0.252374,0.211834,0.248531,0.408807,0.578155,0.415131,0.587098,0.348446,0.49279,0.408809,0.578158
2025-01-17,-0.0109,0.224703,0.234007,0.235064,0.213525,0.224702,0.369615,0.522727,0.384918,0.544371,0.386657,0.546829,0.351228,0.496724,0.369612,0.522724,-0.1023,0.248805,0.254117,0.217334,0.248806,0.409259,0.578794,0.417997,0.591152,0.357493,0.505585,0.409261,0.578797
2025-01-21,0.2349,0.22463,0.230295,0.230672,0.207038,0.224628,0.369493,0.522556,0.378813,0.535736,0.379432,0.536611,0.340556,0.481632,0.369491,0.522553,-0.5009,0.248853,0.251446,0.212198,0.248854,0.409338,0.578907,0.413603,0.584938,0.349045,0.493637,0.409341,0.57891
2025-01-22,-0.1037,0.225024,0.231215,0.231826,0.208814,0.225023,0.370143,0.523474,0.380325,0.537875,0.38133,0.539296,0.343479,0.485765,0.37014,0.523471,-0.0817,0.250989,0.265577,0.239542,0.250991,0.412852,0.583876,0.436848,0.617812,0.394023,0.557247,0.412855,0.58388
2025-01-23,-0.071,0.225052,0.228465,0.228603,0.20404,0.225051,0.370189,0.523539,0.375803,0.531479,0.376029,0.531799,0.335626,0.474659,0.370186,0.523536,0.1378,0.251013,0.26249,0.233105,0.251015,0.412892,0.583932,0.43177,0.610631,0.383435,0.542273,0.412894,0.583936
2025-01-24,0.1202,0.225059,0.225287,0.224897,0.198587,0.225058,0.3702,0.523556,0.370574,0.524085,0.369933,0.523178,0.326656,0.461974,0.370198,0.523552,-0.4854,0.25003,0.25991,0.228511,0.250032,0.411275,0.581646,0.427525,0.604628,0.375877,0.531585,0.411277,0.581649
2025-01-27,0.3651,0.224976,0.222969,0.222267,0.194776,0.224975,0.370063,0.523362,0.366761,0.518692,0.365607,0.51706,0.320387,0.453107,0.370061,0.523358,0.4575,0.251177,0.271774,0.251438,0.251179,0.413161,0.584313,0.447041,0.632228,0.41359,0.58492,0.413164,0.584317
2025-01-28,-0.0218,0.225717,0.23078,0.231556,0.208948,0.225715,0.371281,0.525084,0.37961,0.536863,0.380886,0.538668,0.343698,0.486075,0.371279,0.525081,-0.1391,0.251755,0.279804,0.268302,0.251757,0.414112,0.585658,0.460249,0.650908,0.44133,0.624151,0.414115,0.585662
2025-01-29,0.0,0.225712,0.227182,0.227348,0.202653,0.22571,0.371274,0.525074,0.373692,0.528494,0.373965,0.528879,0.333344,0.471431,0.371271,0.52507,0.0,0.251946,0.277275,0.262351,0.251948,0.414426,0.586102,0.456089,0.645024,0.43154,0.610306,0.414429,0.586107
2025-01-30,0.0,0.224815,0.223609,0.223197,0.196479,0.224813,0.369798,0.522988,0.367814,0.520181,0.367136,0.519222,0.323189,0.45707,0.369796,0.522984,0.0,0.250898,0.273514,0.254358,0.2509,0.412702,0.583664,0.449904,0.636277,0.418394,0.591714,0.412705,0.583668
2025-01-31,0.0,0.224702,0.22007,0.219129,0.190494,0.2247,0.369612,0.522723,0.361993,0.511949,0.360446,0.50976,0.313343,0.443145,0.369609,0.522719,0.0,0.250881,0.269813,0.24661,0.250883,0.412674,0.583625,0.443815,0.627666,0.405648,0.573688,0.412677,0.583628
2025-02-03,0.0,0.223145,0.216583,0.215108,0.18469,0.223144,0.367052,0.519103,0.356257,0.503837,0.353832,0.500407,0.303797,0.429645,0.36705,0.5191,0.0,0.25017,0.266162,0.239097,0.250171,0.411504,0.581969,0.43781,0.619173,0.39329,0.556211,0.411507,0.581973
2025-02-04,0.1522,0.222326,0.213102,0.211123,0.179064,0.222324,0.365704,0.517197,0.350532,0.49574,0.347275,0.491134,0.294542,0.416557,0.365701,0.517193,0.1522,0.248365,0.262554,0.231813,0.248366,0.408535,0.577771,0.431874,0.610778,0.381309,0.539266,0.408538,0.577775
2025-02-05,0.3524,0.219661,0.211828,0.20984,0.177567,0.21966,0.361321,0.510998,0.348436,0.492775,0.345165,0.48815,0.29208,0.413074,0.361318,0.510994,0.763,0.247256,0.260243,0.227822,0.247258,0.406712,0.575192,0.428074,0.605404,0.374745,0.529982,0.406714,0.575195
2025-02-06,0.0162,0.217638,0.219918,0.219578,0.192586,0.217636,0.357993,0.506291,0.361742,0.511594,0.361184,0.510804,0.316785,0.448013,0.35799,0.506287,0.2401,0.249722,0.289995,0.289342,0.249724,0.410767,0.580927,0.477013,0.674616,0.475939,0.673097,0.41077,0.580932
2025-02-07,-0.1842,0.216899,0.216442,0.215591,0.186761,0.216898,0.356778,0.504573,0.356025,0.503508,0.354626,0.50153,0.307203,0.434462,0.356775,0.504569,-0.1019,0.249846,0.288815,0.286626,0.249848,0.410972,0.581217,0.475071,0.67187,0.471472,0.666779,0.410975,0.581221
2025-02-10,-0.0325,0.217263,0.216214,0.215453,0.186608,0.217262,0.357377,0.50542,0.355651,0.502979,0.354398,0.501208,0.306952,0.434107,0.357374,0.505416,0.1072,0.249976,0.285617,0.279013,0.249977,0.411185,0.581518,0.469812,0.664432,0.458949,0.649068,0.411188,0.581522
2025-02-11,-0.076,0.217105,0.212864,0.211632,0.181099,0.217104,0.357117,0.505052,0.350141,0.495186,0.348114,0.492321,0.297889,0.42129,0.357114,0.505048,-0.039,0.249922,0.282258,0.271785,0.249923,0.411096,0.581393,0.464287,0.656618,0.447059,0.632253,0.411099,0.581397
2025-02-12,-0.3044,0.217138,0.21002,0.208414,0.176566,0.217136,0.35717,0.505128,0.345462,0.488569,0.34282,0.484833,0.290433,0.410745,0.357168,0.505125,-0.2825,0.249817,0.278643,0.263678,0.249819,0.410925,0.58115,0.45834,0.648208,0.433724,0.613395,0.410928,0.581154
2025-02-13,0.3261,0.2181,0.215598,0.215128,0.18672,0.218098,0.358753,0.507366,0.354637,0.501545,0.353864,0.500452,0.307136,0.434368,0.35875,0.507362,0.0521,0.250573,0.279841,0.264845,0.250574,0.412167,0.582907,0.460311,0.650995,0.435644,0.616109,0.412169,0.582911
2025-02-14,0.2547,0.218963,0.221702,0.222377,0.197871,0.218961,0.360172,0.509373,0.364678,0.515745,0.365788,0.517316,0.325479,0.460308,0.360169,0.509369,-0.2377,0.250573,0.276206,0.257094,0.250575,0.412168,0.582909,0.454331,0.642538,0.422894,0.598078,0.412171,0.582913
2025-02-18,-0.1246,0.218137,0.223739,0.224805,0.201733,0.218135,0.358813,0.507452,0.368028,0.520483,0.369782,0.522965,0.331831,0.469292,0.35881,0.507448,0.2277,0.249942,0.276102,0.255972,0.249944,0.41113,0.581441,0.45416,0.642296,0.421048,0.595467,0.411133,0.581444
2025-02-19,0.1137,0.218006,0.221585,0.222317,0.197955,0.218004,0.358598,0.507147,0.364485,0.515473,0.365689,0.517176,0.325615,0.460502,0.358595,0.507143,0.1783,0.249997,0.275075,0.254364,0.249998,0.411219,0.581567,0.452471,0.639907,0.418403,0.591727,0.411222,0.581571
2025-02-20,0.1028,0.217721,0.21916,0.219545,0.193934,0.217719,0.35813,0.506485,0.360497,0.509833,0.36113,0.510728,0.319002,0.451149,0.358127,0.506481,-0.2796,0.24985,0.272994,0.250453,0.249852,0.410978,0.581226,0.449048,0.635066,0.411969,0.582628,0.410981,0.58123
2025-02-21,0.3239,0.217575,0.21657,0.216609,0.189705,0.217574,0.35789,0.506145,0.356236,0.503807,0.356301,0.503899,0.312046,0.44131,0.357887,0.506142,0.2494,0.250498,0.274303,0.252296,0.2505,0.412044,0.582733,0.4512,0.63811,0.415002,0.586917,0.412047,0.582737
2025-02-24,0.1669,0.218064,0.22231,0.223341,0.200308,0.218062,0.358693,0.507282,0.365678,0.517159,0.367374,0.519558,0.329487,0.465977,0.358691,0.507278,0.1324,0.250519,0.273873,0.252123,0.250521,0.412079,0.582782,0.450494,0.637111,0.414718,0.586515,0.412082,0.582787
2025-02-25,0.3867,0.21825,0.221081,0.221957,0.198462,0.218248,0.358999,0.507715,0.363656,0.514301,0.365098,0.516339,0.326451,0.461683,0.358996,0.507711,0.4364,0.25055,0.271066,0.246585,0.250551,0.412129,0.582853,0.445877,0.630582,0.405607,0.57363,0.412132,0.582858
2025-02-26,0.166,0.219099,0.230074,0.232326,0.214467,0.219098,0.360397,0.509691,0.378449,0.535221,0.382153,0.54046,0.352777,0.498915,0.360394,0.509687,0.2804,0.251465,0.277705,0.261883,0.251467,0.413635,0.584983,0.456798,0.646026,0.430771,0.609218,0.413638,0.584987
2025-02-27,-0.0161,0.219255,0.228499,0.230468,0.211872,0.219253,0.360653,0.510053,0.375859,0.531558,0.379096,0.536137,0.348509,0.492878,0.36065,0.510049,0.3387,0.251948,0.27797,0.26303,0.25195,0.41443,0.586107,0.457232,0.646641,0.432659,0.611888,0.414433,0.586112
2025-02-28,0.3099,0.219087,0.224882,0.226248,0.205456,0.219085,0.360376,0.509662,0.369908,0.523143,0.372155,0.52632,0.337954,0.477951,0.360373,0.509658,0.2756,0.252553,0.280106,0.268173,0.252554,0.415424,0.587513,0.460747,0.651611,0.441118,0.623852,0.415427,0.587517
2025-03-03,0.2025,0.219616,0.229085,0.23109,0.21317,0.219614,0.361246,0.510892,0.376822,0.53292,0.38012,0.537585,0.350644,0.495898,0.361243,0.510888,0.2231,0.252862,0.280108,0.268625,0.252864,0.415933,0.588234,0.46075,0.651616,0.441861,0.624902,0.415936,0.588237
2025-03-04,-0.1919,0.219785,0.228595,0.230498,0.212545,0.219783,0.361525,0.511286,0.376015,0.531779,0.379147,0.536208,0.349616,0.494444,0.361522,0.511282,-0.4558,0.253061,0.278729,0.266113,0.253063,0.416261,0.588697,0.458481,0.648407,0.437729,0.619059,0.416264,0.588701
2025-03-05,-0.2885,0.219432,0.228235,0.230056,0.211363,0.219431,0.360944,0.510466,0.375424,0.530943,0.378419,0.53518,0.347672,0.491694,0.360942,0.510462,-0.4883,0.254373,0.287314,0.281127,0.254375,0.418419,0.591748,0.472602,0.668378,0.462426,0.653986,0.418421,0.591752
2025-03-06,-0.0161,0.220134,0.23179,0.234076,0.216767,0.220132,0.362099,0.512098,0.381271,0.539213,0.385032,0.544532,0.35656,0.504265,0.362096,0.512094,-0.0685,0.256371,0.296926,0.297652,0.256372,0.421704,0.596395,0.488414,0.690739,0.489608,0.692428,0.421706,0.596398
2025-03-07,-0.1017,0.219757,0.228094,0.229781,0.2102,0.219756,0.361479,0.511222,0.375192,0.530615,0.377967,0.53454,0.345759,0.488989,0.361476,0.511218,-0.2785,0.256205,0.293181,0.289072,0.256207,0.421432,0.59601,0.482254,0.682028,0.475494,0.672467,0.421434,0.596014
2025-03-10,0.3316,0.219854,0.225424,0.226699,0.205314,0.219852,0.361637,0.511446,0.3708,0.524403,0.372898,0.52737,0.337721,0.477621,0.361634,0.511442,0.678,0.256871,0.293684,0.288448,0.256872,0.422527,0.597559,0.48308,0.683196,0.474469,0.671017,0.422529,0.597562
2025-03-11,-0.2191,0.220636,0.23071,0.232758,0.214993,0.220634,0.362924,0.513265,0.379494,0.5367,0.382864,0.541465,0.353642,0.500138,0.362921,0.513262,-0.6512,0.260172,0.312416,0.325256,0.260174,0.427957,0.605239,0.513894,0.726774,0.535013,0.756642,0.42796,0.605243
2025-03-12,-0.1767,0.221141,0.231157,0.23322,0.215242,0.221139,0.363754,0.51444,0.380231,0.537742,0.383624,0.54254,0.354051,0.500717,0.363752,0.514436,-0.0467,0.263668,0.330177,0.353394,0.263669,0.433708,0.613371,0.543108,0.76809,0.581298,0.822101,0.43371,0.613374
2025-03-13,0.1874,0.221471,0.230164,0.23203,0.213126,0.221469,0.364298,0.515208,0.378596,0.53543,0.381667,0.539772,0.350571,0.495795,0.364295,0.515204,0.2799,0.263621,0.325193,0.342819,0.263622,0.433631,0.613262,0.534911,0.756497,0.563904,0.797501,0.433633,0.613265
2025-03-14,-0.2518,0.221324,0.229231,0.230947,0.21167,0.221322,0.364056,0.514867,0.377062,0.53326,0.379885,0.537253,0.348177,0.492409,0.364053,0.514862,-0.3374,0.263697,0.32381,0.339373,0.263698,0.433755,0.613437,0.532636,0.75328,0.558235,0.789484,0.433757,0.613441
2025-03-17,0.0536,0.221835,0.230983,0.232905,0.21429,0.221833,0.364896,0.516054,0.379945,0.537337,0.383106,0.541807,0.352486,0.498503,0.364893,0.51605,-0.0155,0.264686,0.325054,0.339255,0.264687,0.435382,0.615739,0.534681,0.756173,0.558041,0.789209,0.435384,0.615742
2025-03-18,0.0268,0.220565,0.227497,0.228905,0.208177,0.220563,0.362807,0.5131,0.37421,0.529226,0.376525,0.532501,0.34243,0.484281,0.362805,0.513096,-0.0479,0.264022,0.320199,0.328942,0.264024,0.43429,0.614195,0.526695,0.744878,0.541077,0.765218,0.434293,0.614199
2025-03-19,0.1821,0.220438,0.223946,0.224858,0.201941,0.220436,0.362599,0.512805,0.368369,0.520966,0.369868,0.523086,0.332173,0.469776,0.362596,0.512801,0.2195,0.264002,0.315686,0.319137,0.264003,0.434256,0.614147,0.519271,0.73438,0.524948,0.742408,0.434259,0.61415
2025-03-20,0.139,0.220626,0.223082,0.223927,0.200806,0.220624,0.362908,0.513243,0.366947,0.518955,0.368337,0.520921,0.330306,0.467135,0.362905,0.513239,0.3835,0.264279,0.313269,0.314051,0.26428,0.434712,0.614792,0.515296,0.728757,0.516583,0.730578,0.434714,0.614795
2025-03-21,-0.0481,0.220605,0.221097,0.221726,0.197644,0.220603,0.362873,0.513194,0.363682,0.514337,0.364718,0.515802,0.325104,0.459778,0.36287,0.513189,-0.0357,0.265101,0.3156,0.318645,0.265102,0.436065,0.616705,0.51913,0.73418,0.52414,0.741265,0.436067,0.616707
2025-03-24,-0.3426,0.22046,0.217874,0.218085,0.191984,0.220458,0.362635,0.512857,0.358381,0.506841,0.358728,0.507331,0.315795,0.446613,0.362632,0.512853,-0.2805,0.264974,0.311205,0.309062,0.264975,0.435855,0.616408,0.511901,0.723956,0.508376,0.718971,0.435857,0.616411
2025-03-25,0.0322,0.221593,0.224872,0.226052,0.204179,0.221591,0.364498,0.515491,0.369891,0.523119,0.371833,0.525864,0.335854,0.474981,0.364495,0.515487,0.0846,0.265617,0.311105,0.307423,0.265618,0.436914,0.617905,0.511737,0.723724,0.50568,0.715158,0.436916,0.617908
2025-03-26,-0.1556,0.221221,0.221402,0.222129,0.198116,0.221219,0.363886,0.514626,0.364184,0.515048,0.36538,0.516738,0.325881,0.460877,0.363883,0.514622,-0.0096,0.26281,0.306997,0.298777,0.262811,0.432297,0.611376,0.504979,0.714166,0.491459,0.695046,0.432298,0.611378
2025-03-27,-0.0645,0.221445,0.220119,0.220699,0.195825,0.221443,0.364255,0.515148,0.362073,0.512062,0.363028,0.513412,0.322113,0.455549,0.364252,0.515144,-0.1058,0.261917,0.302779,0.289685,0.261918,0.430827,0.609297,0.498041,0.704354,0.476503,0.673894,0.430828,0.609299
2025-03-28,0.3915,0.221489,0.21708,0.217272,0.190516,0.221487,0.364327,0.51525,0.357075,0.504993,0.357391,0.50544,0.31338,0.443197,0.364324,0.515246,0.3681,0.261874,0.29936,0.282053,0.261875,0.430757,0.609198,0.492417,0.6964,0.463949,0.65614,0.430758,0.609199
2025-03-31,0.1177,0.22257,0.226554,0.228096,0.208122,0.222569,0.366106,0.517765,0.372658,0.527031,0.375195,0.530619,0.34234,0.484155,0.366103,0.517761,0.0337,0.262266,0.301675,0.287942,0.262267,0.431401,0.610109,0.496225,0.701786,0.473636,0.669839,0.431402,0.610111
2025-04-01,0.188,0.222613,0.22405,0.225261,0.203831,0.222611,0.366177,0.517865,0.36854,0.521208,0.370531,0.524024,0.335282,0.474173,0.366174,0.517861,0.367,0.262219,0.297592,0.279292,0.26222,0.431323,0.609999,0.489508,0.692287,0.459407,0.649717,0.431325,0.610001
2025-04-02,-0.0969,0.222854,0.22333,0.224491,0.202916,0.222852,0.366573,0.518426,0.367355,0.519532,0.369265,0.522233,0.333777,0.472044,0.36657,0.518422,-0.1272,0.263102,0.299909,0.285316,0.263103,0.432777,0.612055,0.493321,0.697679,0.469316,0.66373,0.432778,0.612057
2025-04-03,0.3977,0.221002,0.220722,0.22155,0.198161,0.221,0.363527,0.514117,0.363066,0.513467,0.364428,0.515392,0.325955,0.460983,0.363524,0.514113,0.5874,0.261706,0.296868,0.278373,0.261707,0.430481,0.608807,0.488319,0.690605,0.457896,0.647579,0.430483,0.60881
2025-04-04,0.0,0.222254,0.230073,0.232125,0.215411,0.222252,0.365586,0.517029,0.378447,0.535219,0.381822,0.539992,0.354329,0.50111,0.365582,0.517025,-0.0137,0.264091,0.309314,0.30585,0.264092,0.434403,0.614355,0.50879,0.719556,0.503093,0.7115,0.434404,0.614356
2025-04-07,-1.1491,0.222254,0.226435,0.227987,0.208848,0.222252,0.365586,0.517029,0.372464,0.526757,0.375016,0.530366,0.343535,0.485844,0.365582,0.517025,-0.768,0.264102,0.305078,0.296552,0.264103,0.434422,0.614382,0.501823,0.709703,0.487798,0.689869,0.434423,0.614383
2025-04-08,-0.2064,0.233993,0.316381,0.328218,0.346737,0.233991,0.384896,0.544339,0.520415,0.735997,0.539886,0.763534,0.570347,0.806614,0.384891,0.544333,0.2128,0.26854,0.330396,0.343593,0.26854,0.441721,0.624704,0.543468,0.768599,0.565175,0.799299,0.441722,0.624705
2025-04-09,-0.5725,0.234313,0.311959,0.322553,0.339954,0.234311,0.385422,0.545083,0.513141,0.72571,0.530567,0.750355,0.559191,0.790836,0.385418,0.545077,-0.4214,0.268572,0.327414,0.337179,0.268572,0.441774,0.624779,0.538563,0.761663,0.554625,0.784379,0.441774,0.624779
2025-04-10,0.0,0.236941,0.32982,0.342602,0.35819,0.236938,0.389745,0.551197,0.542521,0.767261,0.563547,0.796996,0.589187,0.833258,0.38974,0.55119,-0.4896,0.269719,0.33157,0.342816,0.269719,0.443661,0.627448,0.545399,0.771331,0.563898,0.797493,0.443661,0.627448
2025-04-11,-0.3616,0.233041,0.321286,0.332033,0.347278,0.233038,0.383329,0.542123,0.528484,0.747408,0.546161,0.772408,0.571238,0.807873,0.383324,0.542116,-0.6697,0.268577,0.338507,0.353347,0.268577,0.441782,0.624791,0.556811,0.787469,0.58122,0.821991,0.441782,0.62479
2025-04-14,0.449,0.234092,0.323245,0.334053,0.348154,0.234089,0.385058,0.544568,0.531705,0.751964,0.549483,0.777107,0.572679,0.809911,0.385053,0.544561,0.7284,0.272059,0.355021,0.379832,0.272059,0.447511,0.632892,0.583974,0.825885,0.624786,0.883604,0.44751,0.632891
2025-04-15,0.2674,0.235366,0.330091,0.341421,0.355014,0.235363,0.387153,0.547531,0.542966,0.76789,0.561604,0.794249,0.583962,0.825868,0.387148,0.547524,0.3098,0.275449,0.373414,0.409207,0.275448,0.453085,0.640776,0.614228,0.868672,0.673104,0.951938,0.453085,0.640776
2025-04-16,0.321,0.23524,0.327105,0.337539,0.350375,0.235237,0.386947,0.547239,0.538055,0.760945,0.555218,0.785217,0.576332,0.815078,0.386942,0.547233,0.1883,0.275516,0.371076,0.403933,0.275516,0.453196,0.640933,0.610382,0.863233,0.664429,0.939669,0.453196,0.640933
2025-04-17,-0.0978,0.234915,0.326536,0.336458,0.348682,0.234912,0.386411,0.546482,0.537119,0.759621,0.55344,0.782703,0.573548,0.81114,0.386407,0.546477,-0.1841,0.27477,0.366169,0.394334,0.27477,0.451969,0.639197,0.602311,0.851818,0.64864,0.91734,0.451969,0.639198
2025-04-21,0.0,0.234387,0.319725,0.328229,0.338908,0.234384,0.385543,0.545254,0.525915,0.743776,0.539904,0.763559,0.55747,0.788401,0.385539,0.545248,-0.1042,0.27452,0.361851,0.384972,0.27452,0.451557,0.638615,0.595209,0.841774,0.63324,0.895559,0.451557,0.638615
2025-04-22,-0.1306,0.234245,0.312812,0.319892,0.328583,0.234243,0.38531,0.544925,0.514545,0.727695,0.526191,0.744166,0.540487,0.764384,0.385306,0.544919,0.1488,0.274496,0.356582,0.374115,0.274496,0.451519,0.63856,0.586543,0.829518,0.615383,0.870305,0.451519,0.63856
2025-04-23,0.2501,0.234451,0.307549,0.31357,0.320176,0.234449,0.385649,0.545404,0.505887,0.715451,0.515792,0.729459,0.526657,0.744824,0.385645,0.545398,-0.1034,0.274599,0.351777,0.364545,0.274599,0.451688,0.638799,0.578637,0.818338,0.59964,0.848041,0.451688,0.6388
2025-04-24,0.3578,0.234871,0.305438,0.310867,0.316409,0.234869,0.38634,0.546381,0.502415,0.71054,0.511344,0.723169,0.520461,0.736062,0.386336,0.546375,0.3839,0.27471,0.34693,0.354346,0.27471,0.451871,0.639059,0.570666,0.807064,0.582864,0.824315,0.451871,0.639059
2025-04-25,0.308,0.235667,0.307522,0.31298,0.319044,0.235664,0.387649,0.548232,0.505843,0.715388,0.514821,0.728086,0.524795,0.742192,0.387644,0.548226,0.2874,0.275381,0.347926,0.356188,0.275381,0.452974,0.640619,0.572303,0.80938,0.585894,0.828601,0.452974,0.640619
2025-04-28,0.3178,0.236087,0.307416,0.312589,0.318392,0.236084,0.388339,0.549209,0.505668,0.715141,0.514177,0.727175,0.523723,0.740676,0.388334,0.549202,0.4248,0.275694,0.346048,0.35244,0.275694,0.453489,0.641347,0.569215,0.805012,0.579728,0.819881,0.453489,0.641347
2025-04-29,0.1666,0.236097,0.307672,0.312624,0.318357,0.236094,0.388356,0.549232,0.50609,0.715737,0.514235,0.727256,0.523665,0.740593,0.388352,0.549226,-0.1795,0.276211,0.348482,0.357195,0.276212,0.45434,0.642551,0.573219,0.810675,0.58755,0.830943,0.454341,0.642551
2025-04-30,0.0054,0.236254,0.30344,0.307482,0.311344,0.236251,0.388614,0.549597,0.499128,0.705893,0.505778,0.715296,0.51213,0.72428,0.38861,0.549591,0.0274,0.276536,0.344878,0.349093,0.276537,0.454875,0.643307,0.567289,0.802289,0.574224,0.812096,0.454875,0.643307
2025-05-01,0.0,0.235728,0.297825,0.30079,0.301862,0.235726,0.387749,0.548375,0.489892,0.692829,0.49477,0.699728,0.496533,0.702222,0.387745,0.548369,0.0,0.276521,0.339715,0.338525,0.276521,0.454849,0.643271,0.558797,0.790278,0.55684,0.787511,0.45485,0.643272
2025-05-02,-0.6138,0.235402,0.292506,0.294455,0.292666,0.2354,0.387213,0.547616,0.481142,0.680456,0.484349,0.684991,0.481407,0.68083,0.387209,0.547611,-0.6138,0.276476,0.334727,0.328212,0.276476,0.454775,0.643166,0.550592,0.778675,0.539876,0.76352,0.454776,0.643167
2025-05-05,0.0,0.238894,0.310397,0.315161,0.321122,0.238891,0.392957,0.555739,0.510572,0.722077,0.518409,0.73316,0.528214,0.747026,0.392952,0.555733,0.0,0.279472,0.347656,0.351945,0.279472,0.459703,0.650135,0.57186,0.808753,0.578914,0.818729,0.459703,0.650135
2025-05-06,-0.0162,0.237291,0.304518,0.308164,0.311339,0.237288,0.39032,0.552009,0.500902,0.7084,0.506899,0.716882,0.512122,0.724269,0.390314,0.552002,-0.7645,0.278114,0.342436,0.341223,0.278113,0.457469,0.646976,0.563274,0.79661,0.561278,0.793787,0.457469,0.646975
2025-05-07,0.1889,0.236527,0.298992,0.301604,0.301881,0.236524,0.389063,0.550232,0.491812,0.695545,0.496108,0.701621,0.496564,0.702265,0.389058,0.550226,0.308,0.28193,0.364146,0.380151,0.28193,0.463747,0.655854,0.598983,0.847112,0.62531,0.884345,0.463747,0.655854
2025-05-08,-0.3457,0.236326,0.295787,0.297724,0.296319,0.236323,0.388732,0.549764,0.486541,0.68809,0.489727,0.692596,0.487416,0.689328,0.388727,0.549757,-0.2212,0.282104,0.362278,0.376212,0.282103,0.464032,0.656258,0.595911,0.842767,0.618832,0.875183,0.464032,0.656257
2025-05-09,0.1081,0.237345,0.297903,0.300148,0.299512,0.237342,0.390409,0.552136,0.49002,0.693011,0.493714,0.698235,0.492667,0.696754,0.390404,0.552129,0.1413,0.281961,0.358997,0.368754,0.281961,0.463798,0.655926,0.590515,0.835136,0.606563,0.857832,0.463797,0.655925
2025-05-12,-0.2435,0.237256,0.293356,0.294716,0.291592,0.237253,0.390263,0.551929,0.482541,0.682434,0.484778,0.685597,0.47964,0.678331,0.390257,0.551922,-0.7228,0.281931,0.354198,0.359191,0.28193,0.463748,0.655856,0.582621,0.823971,0.590834,0.835587,0.463747,0.655855
2025-05-13,0.0054,0.237789,0.291945,0.293023,0.288933,0.237786,0.391138,0.553168,0.48022,0.679151,0.481993,0.681659,0.475265,0.672144,0.391134,0.553161,0.0595,0.285781,0.372369,0.390671,0.285781,0.47008,0.664811,0.61251,0.866243,0.642615,0.908818,0.47008,0.664811
2025-05-14,-0.0976,0.237654,0.286976,0.287094,0.280134,0.237651,0.390917,0.552855,0.472046,0.667592,0.472241,0.667867,0.460792,0.651675,0.390913,0.552848,-0.0657,0.28578,0.366486,0.37905,0.28578,0.470079,0.664809,0.602832,0.852555,0.623499,0.881784,0.470079,0.664809
2025-05-15,0.287,0.237775,0.282781,0.282082,0.27265,0.237772,0.391116,0.553136,0.465146,0.657833,0.463996,0.656207,0.448482,0.634265,0.391111,0.553129,0.269,0.285773,0.360979,0.367855,0.285773,0.470069,0.664795,0.593774,0.839745,0.605084,0.85574,0.470069,0.664795
2025-05-16,0.0378,0.238179,0.283082,0.28244,0.273532,0.238176,0.391781,0.554076,0.465641,0.658533,0.464586,0.65704,0.449933,0.636317,0.391776,0.554069,0.0697,0.286016,0.358342,0.362684,0.286016,0.470468,0.66536,0.589436,0.83361,0.596579,0.843712,0.470468,0.66536
2025-05-19,-0.0433,0.238177,0.278483,0.276915,0.265361,0.238174,0.391777,0.554071,0.458076,0.647834,0.455498,0.644188,0.436492,0.617309,0.391772,0.554064,0.0316,0.285687,0.353036,0.352049,0.285687,0.469926,0.664593,0.580709,0.821268,0.579086,0.818972,0.469926,0.664593
2025-05-20,0.0324,0.236518,0.274054,0.271569,0.257495,0.236515,0.389049,0.550213,0.450791,0.637532,0.446703,0.63175,0.423554,0.599011,0.389044,0.550205,0.1017,0.284352,0.347766,0.341412,0.284352,0.467731,0.661489,0.572041,0.809009,0.561589,0.794227,0.467731,0.661488
2025-05-21,-0.3737,0.236276,0.26964,0.26618,0.249777,0.236273,0.38865,0.549648,0.44353,0.627263,0.43784,0.619215,0.410858,0.581056,0.388645,0.549641,-0.6164,0.284332,0.343002,0.331948,0.284332,0.467698,0.661442,0.564204,0.797926,0.546021,0.77221,0.467698,0.661442
2025-05-22,0.1356,0.237521,0.274344,0.272281,0.258891,0.237518,0.390698,0.552544,0.451269,0.638208,0.447875,0.633407,0.425849,0.602257,0.390693,0.552537,0.1606,0.287146,0.355245,0.355492,0.287146,0.472326,0.667988,0.584343,0.826407,0.584749,0.826982,0.472327,0.667988
2025-05-23,0.1083,0.237412,0.271031,0.268296,0.253192,0.237409,0.390519,0.552292,0.445819,0.6305,0.44132,0.624136,0.416475,0.589,0.390514,0.552285,-0.224,0.286985,0.350904,0.3469,0.286986,0.472062,0.667614,0.577201,0.816307,0.570616,0.806994,0.472063,0.667615
2025-05-27,0.389,0.237475,0.267366,0.263863,0.246908,0.237472,0.390622,0.552438,0.43979,0.621973,0.434028,0.613823,0.406139,0.574382,0.390617,0.552431,0.6005,0.287389,0.348106,0.340779,0.287389,0.472726,0.668552,0.572599,0.809798,0.560547,0.792753,0.472726,0.668553
2025-05-28,-0.0863,0.237925,0.272777,0.270685,0.257653,0.237923,0.391364,0.553486,0.44869,0.63456,0.445249,0.629694,0.423813,0.599378,0.391359,0.55348,-0.0988,0.289274,0.358107,0.36166,0.289275,0.475827,0.672939,0.58905,0.833064,0.594895,0.84133,0.475828,0.67294
2025-05-29,0.2264,0.238013,0.268871,0.266019,0.250696,0.23801,0.391507,0.553689,0.442266,0.625475,0.437575,0.618841,0.412371,0.583195,0.391503,0.553683,0.1068,0.289357,0.353234,0.351477,0.289357,0.475963,0.673131,0.581034,0.821728,0.578144,0.817641,0.475964,0.673132
2025-05-30,0.2366,0.23766,0.267799,0.264816,0.249305,0.237658,0.390928,0.55287,0.440503,0.622981,0.435596,0.616042,0.410083,0.579959,0.390923,0.552863,0.4257,0.288978,0.348389,0.341772,0.288978,0.475339,0.672249,0.573064,0.810456,0.562181,0.795065,0.47534,0.672249
2025-06-02,-0.2635,0.237454,0.26706,0.264025,0.248561,0.237451,0.390587,0.552388,0.439286,0.621261,0.434295,0.614201,0.408859,0.578228,0.390582,0.552381,-0.2857,0.289829,0.350755,0.34738,0.289829,0.476739,0.674229,0.576957,0.815961,0.571406,0.80811,0.47674,0.674229
2025-06-03,-0.0539,0.237644,0.267412,0.264667,0.249483,0.23764,0.3909,0.55283,0.439866,0.622081,0.43535,0.615694,0.410375,0.580372,0.390894,0.552823,-0.1971,0.290059,0.349431,0.343991,0.290059,0.477119,0.674765,0.574779,0.812882,0.565831,0.800227,0.477119,0.674765
2025-06-04,0.4462,0.237199,0.263307,0.259769,0.242243,0.237196,0.390169,0.551797,0.433114,0.612532,0.427295,0.604301,0.398465,0.563529,0.390164,0.551789,0.4072,0.290269,0.346194,0.336988,0.290269,0.477464,0.675253,0.569454,0.80535,0.554312,0.783936,0.477464,0.675254
2025-06-05,-0.0322,0.237466,0.271971,0.2704,0.259049,0.237463,0.390608,0.552417,0.447365,0.632687,0.444781,0.629032,0.42611,0.602625,0.390603,0.55241,-0.1631,0.290194,0.347999,0.341608,0.290194,0.47734,0.675078,0.572423,0.80955,0.561911,0.794683,0.47734,0.675078
2025-06-06,-0.3494,0.236635,0.267693,0.265331,0.251281,0.236631,0.38924,0.550483,0.440328,0.622733,0.436442,0.617239,0.413332,0.584555,0.389235,0.550475,-0.16,0.289864,0.344242,0.333602,0.289864,0.476797,0.674311,0.566243,0.800809,0.548742,0.776059,0.476797,0.674311
2025-06-09,0.0861,0.237527,0.2714,0.269948,0.258222,0.237523,0.390708,0.552558,0.446426,0.631358,0.444038,0.627981,0.424749,0.600701,0.390702,0.55255,-0.0308,0.289484,0.340543,0.325805,0.289484,0.476172,0.673427,0.560159,0.792205,0.535917,0.757921,0.476172,0.673426
2025-06-10,0.1452,0.237562,0.267501,0.265328,0.251242,0.237558,0.390765,0.552639,0.440012,0.622287,0.436438,0.617232,0.413268,0.584464,0.390759,0.552631,0.2399,0.289498,0.335709,0.31597,0.289498,0.476196,0.67346,0.552208,0.78096,0.519739,0.735041,0.476195,0.67346
2025-06-11,0.2415,0.234787,0.264561,0.261853,0.246171,0.234784,0.386201,0.546185,0.435176,0.615447,0.430722,0.609149,0.404927,0.572668,0.386196,0.546178,0.3222,0.287657,0.333261,0.311929,0.287657,0.473167,0.669177,0.548181,0.775265,0.513093,0.725641,0.473168,0.669178
2025-06-12,0.3104,0.235192,0.264098,0.26138,0.245893,0.235189,0.386868,0.547128,0.434415,0.614371,0.429944,0.608048,0.40447,0.572022,0.386863,0.547121,0.0292,0.288296,0.332876,0.312555,0.288297,0.474218,0.670663,0.547548,0.77437,0.514122,0.727097,0.474219,0.670664
2025-06-13,-0.2247,0.235795,0.266077,0.263832,0.250233,0.235792,0.387859,0.548529,0.437669,0.618974,0.433977,0.613752,0.411608,0.582117,0.387854,0.548522,-0.1077,0.287997,0.328138,0.303118,0.287998,0.473727,0.669968,0.539755,0.763348,0.498599,0.705143,0.473727,0.669969
2025-06-16,-0.1554,0.235931,0.265263,0.263,0.248775,0.235928,0.388083,0.548847,0.436331,0.617081,0.432609,0.611817,0.40921,0.578725,0.388078,0.54884,-0.1833,0.28778,0.324133,0.295065,0.28778,0.47337,0.669463,0.533167,0.754031,0.485353,0.686411,0.47337,0.669464
2025-06-17,0.2625,0.234348,0.262709,0.260073,0.244181,0.234345,0.385479,0.545164,0.43213,0.61114,0.427795,0.605009,0.401654,0.568039,0.385475,0.545158,0.3391,0.286738,0.321334,0.289578,0.286739,0.471656,0.66704,0.528562,0.747519,0.476328,0.673646,0.471657,0.667041
2025-06-18,0.0267,0.234825,0.262999,0.260497,0.245319,0.234823,0.386264,0.546274,0.432607,0.611815,0.428491,0.605994,0.403526,0.570686,0.38626,0.546268,0.0865,0.287381,0.32186,0.292786,0.287382,0.472713,0.668534,0.529427,0.748742,0.481604,0.681108,0.472714,0.668536
2025-06-20,0.0481,0.23417,0.258863,0.255634,0.237936,0.234168,0.385187,0.54475,0.425804,0.602193,0.420493,0.594683,0.39138,0.55351,0.385182,0.544744,-0.0953,0.286915,0.31755,0.284656,0.286916,0.471946,0.66745,0.522339,0.738718,0.468231,0.662196,0.471948,0.667452
2025-06-23,0.1389,0.233862,0.254877,0.250952,0.230988,0.233859,0.384679,0.544032,0.419248,0.592921,0.41279,0.583789,0.379952,0.537347,0.384674,0.544026,0.1459,0.286799,0.313594,0.27697,0.2868,0.471756,0.667181,0.51583,0.729513,0.455588,0.644315,0.471757,0.667182
2025-06-24,0.2932,0.233848,0.252088,0.247731,0.226521,0.233845,0.384656,0.544,0.414659,0.586432,0.407493,0.576297,0.372604,0.526955,0.384651,0.543993,0.1859,0.286907,0.31001,0.2709,0.286907,0.471933,0.667431,0.509936,0.721177,0.445603,0.630195,0.471934,0.667433
2025-06-25,0.1064,0.234434,0.254049,0.250279,0.231065,0.234431,0.38562,0.545363,0.417885,0.590994,0.411684,0.582224,0.380078,0.537526,0.385616,0.545357,0.1775,0.28708,0.307092,0.266565,0.287081,0.472218,0.667835,0.505136,0.714389,0.438474,0.620111,0.472219,0.667836
2025-06-26,0.1594,0.234469,0.250728,0.246425,0.225537,0.234466,0.385678,0.545445,0.412422,0.583268,0.405345,0.573259,0.370985,0.524666,0.385673,0.545439,0.0353,0.287253,0.304073,0.262077,0.287253,0.472502,0.668236,0.50017,0.707366,0.43109,0.609669,0.472503,0.668237
2025-06-27,-0.1062,0.234625,0.248453,0.243844,0.222124,0.234622,0.385934,0.545807,0.40868,0.577975,0.401099,0.567254,0.365372,0.516728,0.38593,0.545801,-0.042,0.28724,0.299685,0.25424,0.28724,0.472481,0.668206,0.492952,0.697158,0.418199,0.591438,0.472482,0.668207
2025-06-30,0.2229,0.233644,0.245358,0.240344,0.216923,0.233641,0.384321,0.543526,0.403589,0.570776,0.395342,0.559112,0.356817,0.504628,0.384316,0.543519,0.1043,0.286609,0.295453,0.246709,0.28661,0.471444,0.66674,0.48599,0.687312,0.405812,0.573919,0.471445,0.666741
2025-07-01,0.0,0.233884,0.245018,0.240161,0.217286,0.233881,0.384716,0.544084,0.40303,0.569985,0.395041,0.558687,0.357414,0.505473,0.384711,0.544078,0.0154,0.286519,0.291529,0.240554,0.286519,0.471294,0.666528,0.479537,0.678185,0.395687,0.559601,0.471295,0.666529
2025-07-02,-0.1174,0.232912,0.241017,0.235529,0.210667,0.232909,0.383116,0.541822,0.396448,0.560677,0.387421,0.547911,0.346526,0.490074,0.383112,0.541816,-0.1146,0.285642,0.287113,0.233256,0.285643,0.469853,0.664489,0.472272,0.667911,0.383683,0.542624,0.469854,0.664491
2025-07-03,-0.1607,0.233083,0.238245,0.232474,0.206264,0.23308,0.383398,0.542221,0.39189,0.55423,0.382396,0.540803,0.339283,0.479831,0.383394,0.542215,-0.1119,0.28577,0.28372,0.227886,0.28577,0.470062,0.664786,0.466691,0.660018,0.374849,0.530131,0.470064,0.664788
2025-07-07,-0.1448,0.232954,0.236536,0.230789,0.203817,0.232951,0.383186,0.54192,0.389078,0.550254,0.379625,0.536884,0.335259,0.47414,0.383182,0.541915,-0.0611,0.285671,0.280303,0.222637,0.285672,0.4699,0.664556,0.461071,0.652069,0.366216,0.517921,0.469901,0.664558
2025-07-08,-0.0644,0.232388,0.234444,0.228627,0.200766,0.232386,0.382256,0.540605,0.385636,0.545386,0.376068,0.531854,0.33024,0.467042,0.382252,0.540599,-0.0728,0.285105,0.276213,0.216373,0.285106,0.46897,0.66324,0.454342,0.642554,0.355912,0.503348,0.468971,0.663242
2025-07-09,0.2521,0.230865,0.230847,0.224596,0.195288,0.230863,0.37975,0.537062,0.379721,0.53702,0.369438,0.522477,0.321229,0.454298,0.379746,0.537056,0.3385,0.283992,0.272238,0.210538,0.283993,0.467139,0.660651,0.447804,0.633306,0.346314,0.489774,0.46714,0.660653
2025-07-10,0.0536,0.231311,0.232427,0.226858,0.199154,0.231309,0.380484,0.5381,0.382318,0.540694,0.373159,0.52774,0.327589,0.463293,0.38048,0.538095,-0.0188,0.284705,0.275171,0.220322,0.284706,0.468312,0.66231,0.452629,0.640131,0.362407,0.512534,0.468313,0.662312
2025-07-11,-0.2466,0.231302,0.228686,0.222635,0.193533,0.2313,0.380469,0.538079,0.376166,0.531992,0.366213,0.517916,0.318343,0.450216,0.380465,0.538073,-0.34,0.284712,0.270826,0.213659,0.284713,0.468323,0.662326,0.445482,0.630024,0.351448,0.497036,0.468325,0.662329
2025-07-14,-0.0215,0.231904,0.230523,0.225308,0.19712,0.231901,0.381458,0.539477,0.379188,0.536266,0.370609,0.524134,0.324243,0.458561,0.381454,0.539472,-0.0368,0.28553,0.27511,0.223265,0.285531,0.469668,0.664228,0.452528,0.639988,0.367249,0.519381,0.469669,0.66423
2025-07-15,-0.1827,0.230746,0.226666,0.220988,0.191188,0.230743,0.379554,0.536784,0.372842,0.527292,0.363503,0.514084,0.314485,0.44476,0.37955,0.536778,-0.1004,0.28545,0.270959,0.216651,0.285451,0.469537,0.664042,0.4457,0.630331,0.356369,0.503995,0.469538,0.664044
2025-07-16,0.1827,0.230655,0.226029,0.220649,0.190689,0.230652,0.379404,0.536572,0.371795,0.52581,0.362945,0.513296,0.313665,0.4436,0.3794,0.536567,0.2691,0.285436,0.267502,0.211486,0.285437,0.469513,0.664009,0.440014,0.622291,0.347873,0.491979,0.469515,0.664011
2025-07-17,-0.0215,0.230615,0.225195,0.219949,0.190219,0.230613,0.379339,0.53648,0.370423,0.523871,0.361795,0.511668,0.312892,0.442507,0.379335,0.536474,0.0356,0.28588,0.267891,0.215378,0.285881,0.470244,0.665043,0.440654,0.623194,0.354275,0.501033,0.470246,0.665045
2025-07-18,0.1932,0.230184,0.22139,0.215725,0.1845,0.230181,0.378629,0.535476,0.364164,0.51502,0.354846,0.501841,0.303484,0.429202,0.378625,0.535471,0.1152,0.284978,0.263614,0.208998,0.284979,0.46876,0.662944,0.433619,0.613246,0.343781,0.486193,0.468762,0.662946
2025-07-21,0.2409,0.230445,0.221117,0.215706,0.185033,0.230443,0.379059,0.536084,0.363716,0.514385,0.354816,0.501798,0.304361,0.430443,0.379055,0.536079,0.2186,0.284945,0.26006,0.204587,0.284946,0.468706,0.662868,0.427773,0.604978,0.336525,0.47593,0.468708,0.66287
2025-07-22,0.155,0.230501,0.222803,0.217958,0.188852,0.230499,0.379151,0.536215,0.366489,0.518306,0.358519,0.507036,0.310642,0.439326,0.379148,0.53621,0.1383,0.284923,0.258977,0.205455,0.284924,0.46867,0.662817,0.425992,0.602459,0.337952,0.477949,0.468672,0.662819
2025-07-23,-0.1282,0.230356,0.221202,0.216306,0.186994,0.230354,0.378913,0.535878,0.363855,0.514582,0.355803,0.503194,0.307586,0.435003,0.37891,0.535873,-0.3361,0.28501,0.255865,0.202056,0.285011,0.468813,0.663018,0.420872,0.595218,0.332361,0.470042,0.468814,0.663021
2025-07-24,-0.0214,0.230469,0.219182,0.214279,0.183997,0.230466,0.379098,0.536139,0.360533,0.509884,0.352467,0.498477,0.302656,0.428031,0.379094,0.536134,-0.1024,0.285875,0.261174,0.212496,0.285876,0.470236,0.665031,0.429605,0.60757,0.349535,0.49433,0.470237,0.665033
2025-07-25,0.1122,0.230468,0.215504,0.210223,0.178468,0.230466,0.379098,0.536139,0.354482,0.501327,0.345795,0.489041,0.293563,0.415171,0.379094,0.536134,0.3049,0.285941,0.257963,0.207544,0.285943,0.470345,0.665186,0.424323,0.600099,0.341389,0.48281,0.470347,0.665188
2025-07-28,-0.0214,0.230319,0.212984,0.207521,0.1752,0.230316,0.378851,0.53579,0.350338,0.495465,0.341352,0.482757,0.288187,0.407569,0.378847,0.535785,0.1166,0.285778,0.260247,0.214634,0.285778,0.470076,0.664805,0.428081,0.605413,0.353052,0.499304,0.470077,0.664806
2025-07-29,0.3626,0.230305,0.209322,0.203523,0.169944,0.230302,0.378828,0.535758,0.344314,0.486946,0.334775,0.473456,0.279541,0.395341,0.378824,0.535752,0.3501,0.284897,0.256884,0.210047,0.284898,0.468628,0.662757,0.422548,0.597589,0.345506,0.488632,0.468629,0.662759
2025-07-30,-0.1545,0.230766,0.219329,0.21527,0.187181,0.230764,0.379587,0.536831,0.360775,0.510226,0.354098,0.500783,0.307895,0.43544,0.379583,0.536825,0.0751,0.283769,0.261258,0.220967,0.283769,0.466771,0.660131,0.429744,0.607765,0.363469,0.514037,0.466772,0.660133
2025-07-31,-0.016,0.230935,0.218207,0.21423,0.185383,0.230933,0.379865,0.537224,0.358928,0.507614,0.352387,0.498363,0.304936,0.431256,0.379861,0.537219,0.0785,0.283373,0.257424,0.215024,0.283373,0.466119,0.65921,0.423437,0.598846,0.353693,0.500211,0.46612,0.659211
2025-08-01,0.553,0.230821,0.214618,0.210243,0.179778,0.230819,0.379678,0.53696,0.353025,0.499266,0.345828,0.489088,0.295717,0.418218,0.379674,0.536954,0.7112,0.283398,0.253633,0.209359,0.283399,0.466162,0.659269,0.4172,0.590026,0.344374,0.487031,0.466163,0.659271
2025-08-04,0.1272,0.231836,0.23858,0.237706,0.220748,0.231833,0.381346,0.539319,0.39244,0.555008,0.391003,0.552976,0.363108,0.513525,0.381343,0.539314,-0.3398,0.286761,0.283279,0.267487,0.286762,0.471693,0.667091,0.465966,0.658992,0.43999,0.622256,0.471694,0.667094
2025-08-05,0.0582,0.231078,0.235875,0.234468,0.216279,0.231075,0.3801,0.537556,0.387992,0.548717,0.385677,0.545444,0.355757,0.503129,0.380096,0.53755,0.1348,0.284613,0.286613,0.272368,0.284614,0.468161,0.662096,0.47145,0.666749,0.448018,0.63361,0.468162,0.662098
2025-08-06,-0.0688,0.225419,0.232294,0.230247,0.210174,0.225416,0.370791,0.524391,0.382101,0.540386,0.378734,0.535625,0.345716,0.488928,0.370787,0.524386,-0.0869,0.283776,0.283311,0.266127,0.283777,0.466783,0.660148,0.466018,0.659066,0.437752,0.619091,0.466784,0.66015
2025-08-07,-0.0371,0.224983,0.229082,0.22654,0.204467,0.22498,0.370074,0.523377,0.376818,0.532914,0.372636,0.527,0.336328,0.475652,0.37007,0.523372,-0.0594,0.280763,0.279843,0.258896,0.280764,0.461827,0.653139,0.460313,0.650998,0.425858,0.60227,0.461829,0.653142
2025-08-08,-0.106,0.223333,0.225614,0.222558,0.198446,0.223331,0.367361,0.51954,0.371112,0.524846,0.366086,0.517737,0.326424,0.461646,0.367357,0.519535,-0.0601,0.280778,0.276147,0.251431,0.280779,0.461851,0.653173,0.454235,0.642401,0.413578,0.584903,0.461853,0.653176
2025-08-11,0.0689,0.223329,0.223176,0.219833,0.194145,0.223327,0.367354,0.519531,0.367102,0.519175,0.361603,0.511397,0.319349,0.451639,0.36735,0.519525,0.1315,0.280671,0.272512,0.244215,0.280672,0.461675,0.652924,0.448254,0.633944,0.401709,0.568118,0.461677,0.652927
2025-08-12,0.0159,0.223203,0.219992,0.216188,0.188986,0.223201,0.367147,0.519238,0.361865,0.511768,0.355608,0.502919,0.310862,0.439637,0.367143,0.519233,-0.1219,0.280605,0.269422,0.238956,0.280606,0.461567,0.652771,0.443172,0.626755,0.393059,0.555884,0.461568,0.652773
2025-08-13,0.3016,0.223049,0.21651,0.212216,0.18327,0.223047,0.366894,0.51888,0.356137,0.503667,0.349075,0.493679,0.30146,0.42634,0.36689,0.518875,0.2445,0.28075,0.266722,0.233593,0.280751,0.461806,0.653109,0.438731,0.620476,0.384237,0.543407,0.461807,0.653111
2025-08-14,-0.0634,0.22342,0.221207,0.217845,0.192433,0.223417,0.367503,0.519741,0.363863,0.514593,0.358332,0.506772,0.316532,0.447656,0.367499,0.519736,0.0077,0.280412,0.26629,0.234262,0.280413,0.46125,0.652323,0.438021,0.619471,0.385337,0.544963,0.461252,0.652325
2025-08-15,-0.1217,0.222994,0.218173,0.214424,0.187216,0.222992,0.366803,0.518751,0.358873,0.507536,0.352706,0.498814,0.307951,0.435519,0.366799,0.518745,-0.0911,0.280408,0.262396,0.227133,0.280409,0.461243,0.652313,0.431615,0.610411,0.373611,0.528379,0.461245,0.652315
2025-08-18,0.0159,0.223027,0.216283,0.212395,0.183944,0.223025,0.366857,0.518828,0.355764,0.503139,0.349368,0.494093,0.302569,0.427908,0.366853,0.518822,0.0577,0.280391,0.259307,0.221341,0.280392,0.461214,0.652272,0.426534,0.603226,0.364084,0.514906,0.461216,0.652275
2025-08-19,0.1586,0.222492,0.212852,0.208496,0.178383,0.22249,0.365978,0.517584,0.350121,0.495158,0.342954,0.485023,0.293422,0.414972,0.365974,0.517579,0.1196,0.279964,0.255578,0.215063,0.279965,0.460513,0.651281,0.4204,0.59455,0.353758,0.500302,0.460515,0.651283
2025-08-20,0.0581,0.222606,0.211723,0.207316,0.177258,0.222604,0.366165,0.517849,0.348263,0.492531,0.341014,0.482279,0.291572,0.412355,0.366161,0.517844,-0.0283,0.280022,0.252523,0.21056,0.280023,0.460609,0.651416,0.415376,0.587445,0.346349,0.489825,0.46061,0.651418
2025-08-21,-0.1691,0.22241,0.20859,0.203766,0.172446,0.222408,0.365842,0.517393,0.343109,0.485242,0.335174,0.47402,0.283657,0.401162,0.365839,0.517388,-0.1189,0.279752,0.248834,0.204263,0.279753,0.460165,0.650788,0.409306,0.578861,0.335992,0.475176,0.460166,0.65079
2025-08-22,0.2958,0.222187,0.208445,0.203896,0.172247,0.222184,0.365475,0.516873,0.342871,0.484905,0.335388,0.474323,0.28333,0.400699,0.365471,0.516868,0.0978,0.279751,0.246422,0.20017,0.279752,0.460163,0.650785,0.40534,0.573252,0.32926,0.465656,0.460164,0.650787
2025-08-25,0.0369,0.22273,0.21352,0.209959,0.182041,0.222727,0.366368,0.518136,0.35122,0.496713,0.345362,0.488428,0.299439,0.423481,0.366364,0.51813,-0.1601,0.279603,0.243145,0.195545,0.279604,0.459919,0.650441,0.39995,0.565629,0.321652,0.454897,0.45992,0.650442
2025-08-26,0.0527,0.222054,0.210203,0.206182,0.176726,0.222051,0.365256,0.516563,0.345763,0.488996,0.339149,0.479641,0.290697,0.411119,0.365252,0.516557,0.0667,0.279691,0.241858,0.193602,0.279692,0.460064,0.650646,0.397833,0.562635,0.318455,0.450375,0.460066,0.650648
2025-08-27,0.079,0.22143,0.207037,0.202599,0.171828,0.221427,0.36423,0.515112,0.340555,0.48163,0.333255,0.471306,0.28264,0.399724,0.364226,0.515106,0.1014,0.279707,0.238267,0.188413,0.279707,0.46009,0.650682,0.391926,0.554281,0.309921,0.438306,0.460091,0.650684
2025-08-28,0.0842,0.221452,0.204226,0.199432,0.167714,0.22145,0.364267,0.515165,0.335931,0.47509,0.328045,0.463938,0.275872,0.390152,0.364263,0.515158,-0.2378,0.279754,0.235085,0.184354,0.279755,0.460167,0.650792,0.386692,0.546879,0.303244,0.428864,0.460169,0.650794
2025-08-29,-0.0579,0.221489,0.201528,0.196404,0.163907,0.221486,0.364327,0.515249,0.331494,0.468816,0.323065,0.456895,0.269611,0.381297,0.364323,0.515243,-0.0607,0.280198,0.236932,0.18799,0.280199,0.460898,0.651826,0.38973,0.551175,0.309225,0.437321,0.4609,0.651827
2025-09-02,-0.1791,0.221488,0.198719,0.193296,0.159546,0.221485,0.364325,0.515247,0.326873,0.462281,0.317953,0.449665,0.262437,0.371151,0.364321,0.515241,-0.0586,0.280202,0.233638,0.182869,0.280203,0.460905,0.651835,0.384311,0.543512,0.300801,0.425407,0.460906,0.651836
2025-09-03,0.1581,0.221699,0.199451,0.194523,0.160786,0.221696,0.364673,0.515738,0.328078,0.463984,0.319971,0.452519,0.264477,0.374036,0.364668,0.515732,0.1931,0.278378,0.230333,0.177878,0.278378,0.457904,0.64759,0.378875,0.535823,0.292591,0.413797,0.457904,0.647591
2025-09-04,0.2577,0.221474,0.198743,0.19387,0.160626,0.221471,0.364302,0.515214,0.326912,0.462336,0.318897,0.451,0.264214,0.373664,0.364298,0.515208,0.2563,0.277876,0.229508,0.178828,0.277877,0.457078,0.646423,0.377518,0.533905,0.294154,0.416007,0.457079,0.646424
2025-09-05,0.3146,0.221253,0.202478,0.198396,0.168039,0.22125,0.363939,0.514701,0.333056,0.471024,0.326341,0.461528,0.276408,0.39091,0.363935,0.514695,0.1871,0.274531,0.231113,0.184396,0.274531,0.451576,0.638642,0.380157,0.537637,0.303313,0.428961,0.451577,0.638643
2025-09-08,0.2562,0.221014,0.209141,0.206171,0.180226,0.221011,0.363545,0.514144,0.344017,0.486525,0.339131,0.479615,0.296454,0.41926,0.363541,0.514138,0.2141,0.274414,0.230039,0.18456,0.274414,0.451383,0.638368,0.378392,0.535141,0.303582,0.429341,0.451383,0.638369
2025-09-09,-0.1777,0.221418,0.211916,0.209415,0.185663,0.221415,0.36421,0.515084,0.34858,0.49298,0.344466,0.487161,0.305397,0.431908,0.364206,0.515078,-0.2956,0.27447,0.229886,0.186464,0.274471,0.451476,0.6385,0.37814,0.534785,0.306715,0.433771,0.451477,0.638501
2025-09-10,0.1307,0.221765,0.211996,0.209676,0.185195,0.221762,0.364781,0.515892,0.348713,0.493167,0.344897,0.48777,0.304627,0.430819,0.364777,0.515886,0.1279,0.27515,0.234932,0.194745,0.275151,0.452595,0.640082,0.38644,0.546523,0.320335,0.453034,0.452596,0.640083
2025-09-11,0.1096,0.22154,0.210007,0.207417,0.182385,0.221537,0.364411,0.515368,0.345441,0.48854,0.34118,0.482513,0.300005,0.424282,0.364407,0.515362,0.0773,0.272986,0.232323,0.191393,0.272986,0.449035,0.635047,0.382149,0.540454,0.314823,0.445238,0.449035,0.635047
2025-09-12,-0.0209,0.221042,0.2076,0.204684,0.178855,0.221039,0.363592,0.51421,0.341481,0.482939,0.336685,0.476156,0.294199,0.416071,0.363587,0.514204,0.0605,0.272096,0.228959,0.186526,0.272096,0.44757,0.632976,0.376614,0.532627,0.306817,0.433916,0.44757,0.632976
2025-09-15,0.1043,0.221038,0.204327,0.200993,0.173482,0.221035,0.363585,0.5142,0.336098,0.475327,0.330614,0.46757,0.285361,0.403571,0.363581,0.514194,0.0257,0.27208,0.22544,0.18145,0.27208,0.447545,0.632941,0.370827,0.524442,0.298467,0.422107,0.447545,0.632941
2025-09-16,0.1042,0.221,0.20195,0.198321,0.170126,0.220997,0.363523,0.514112,0.332187,0.469795,0.326218,0.461353,0.279841,0.395765,0.363518,0.514105,0.0424,0.271947,0.221745,0.176035,0.271947,0.447325,0.63263,0.364748,0.515844,0.28956,0.40951,0.447325,0.63263
2025-09-17,-0.1303,0.22071,0.199615,0.195705,0.166907,0.220707,0.363046,0.513437,0.328347,0.464364,0.321915,0.455268,0.274545,0.388275,0.363041,0.513431,-0.2836,0.271797,0.218096,0.170988,0.271797,0.447079,0.632281,0.358747,0.507358,0.281258,0.397769,0.447078,0.632281
2025-09-18,-0.1148,0.220333,0.198559,0.194729,0.16494,0.22033,0.362425,0.51256,0.32661,0.461908,0.32031,0.452998,0.271309,0.383699,0.362421,0.512554,0.0146,0.271848,0.223496,0.179745,0.271848,0.447162,0.632399,0.367629,0.51992,0.295663,0.418142,0.447162,0.632399
2025-09-19,-0.0627,0.220446,0.197069,0.193216,0.162368,0.220443,0.362612,0.512824,0.324158,0.458441,0.317821,0.449478,0.26708,0.377718,0.362607,0.512817,-0.0388,0.271812,0.219826,0.174306,0.271812,0.447103,0.632316,0.361591,0.511381,0.286717,0.405489,0.447104,0.632316
2025-09-22,-0.0784,0.2205,0.194435,0.190319,0.158169,0.220497,0.362701,0.51295,0.319827,0.452315,0.313055,0.442739,0.260173,0.36795,0.362696,0.512943,-0.0812,0.271466,0.216449,0.169263,0.271466,0.446535,0.631512,0.356038,0.503526,0.278421,0.393757,0.446535,0.631512
2025-09-23,0.1567,0.220369,0.192122,0.187829,0.154549,0.220366,0.362485,0.512644,0.316022,0.446934,0.30896,0.436947,0.254217,0.359527,0.36248,0.512637,0.123,0.270638,0.213746,0.165308,0.270638,0.445173,0.629586,0.351591,0.497238,0.271915,0.384556,0.445173,0.629586
2025-09-24,-0.1045,0.220545,0.191531,0.187291,0.154679,0.220543,0.362775,0.513055,0.315049,0.445558,0.308075,0.435695,0.254431,0.359829,0.362771,0.513048,0.1749,0.270215,0.21131,0.163079,0.270215,0.444477,0.628601,0.347584,0.49157,0.268249,0.379371,0.444477,0.628601
2025-09-25,-0.0993,0.220658,0.189912,0.185646,0.152135,0.220655,0.36296,0.513316,0.312386,0.441791,0.305368,0.431867,0.250248,0.353913,0.362955,0.51331,-0.0671,0.270375,0.210418,0.163812,0.270375,0.44474,0.628973,0.346116,0.489494,0.269455,0.381077,0.444739,0.628973
2025-09-26,-0.0262,0.220706,0.188168,0.183855,0.149493,0.220704,0.36304,0.513429,0.309518,0.437736,0.302423,0.427702,0.245901,0.347765,0.363035,0.513423,-0.0402,0.270177,0.207492,0.15967,0.270176,0.444413,0.628512,0.341304,0.482689,0.262642,0.371441,0.444413,0.628511
2025-09-29,0.1882,0.220337,0.185125,0.180454,0.145081,0.220335,0.362433,0.512571,0.304512,0.430656,0.296829,0.41979,0.238643,0.337501,0.362428,0.512564,0.0002,0.269859,0.204134,0.155119,0.269859,0.443891,0.627773,0.33578,0.474876,0.255155,0.360853,0.443891,0.627773
2025-09-30,0.0,0.220554,0.186127,0.181822,0.148022,0.220551,0.362789,0.513075,0.306161,0.432988,0.299079,0.422973,0.243482,0.344345,0.362785,0.513068,-0.0056,0.268795,0.200401,0.150393,0.268795,0.442141,0.625298,0.329639,0.466192,0.247382,0.34986,0.442141,0.625298
2025-10-01,0.0,0.220025,0.182918,0.178232,0.143513,0.220022,0.36192,0.511845,0.300881,0.425521,0.293173,0.41462,0.236065,0.333855,0.361915,0.511838,0.014,0.268362,0.196671,0.145818,0.268362,0.441428,0.62429,0.323504,0.457515,0.239856,0.339217,0.441428,0.62429
2025-10-02,0.2662,0.219798,0.179725,0.174626,0.139141,0.219795,0.361545,0.511316,0.295629,0.418094,0.287242,0.406232,0.228873,0.323684,0.36154,0.511309,0.2662,0.268324,0.192817,0.141418,0.268323,0.441365,0.624201,0.317165,0.44855,0.232618,0.32898,0.441365,0.624201
2025-10-03,-0.1051,0.22036,0.185558,0.181585,0.149835,0.220357,0.36247,0.512624,0.305225,0.431664,0.29869,0.422422,0.246463,0.34856,0.362466,0.512617,-0.1051,0.268761,0.197531,0.151825,0.268761,0.442085,0.625218,0.324919,0.459517,0.249737,0.35319,0.442085,0.625218
2025-10-06,-0.1105,0.22033,0.184091,0.180117,0.147533,0.220327,0.36242,0.512553,0.302811,0.428251,0.296275,0.419007,0.242678,0.343207,0.362416,0.512546,-0.1105,0.268758,0.195687,0.149434,0.268758,0.442081,0.625213,0.321886,0.455227,0.245804,0.347628,0.44208,0.625212
2025-10-07,0.0,0.219544,0.182816,0.178872,0.145577,0.219541,0.361127,0.510724,0.300714,0.425285,0.294227,0.416111,0.23946,0.338657,0.361123,0.510718,0.0,0.268098,0.194032,0.147388,0.268097,0.440994,0.623675,0.319163,0.451376,0.242439,0.342869,0.440993,0.623675
2025-10-08,0.1263,0.21731,0.179613,0.175278,0.141142,0.217307,0.357453,0.505528,0.295446,0.417834,0.288315,0.407749,0.232165,0.32834,0.357448,0.505522,0.1263,0.26623,0.190248,0.142898,0.26623,0.437922,0.619331,0.312939,0.442574,0.235053,0.332424,0.437922,0.619331
2025-10-09,0.0,0.216646,0.178321,0.173937,0.140296,0.216644,0.356362,0.503984,0.29332,0.414827,0.286109,0.40463,0.230773,0.326371,0.356357,0.503978,0.1053,0.265654,0.188143,0.141957,0.265654,0.436974,0.617991,0.309476,0.437677,0.233505,0.330234,0.436974,0.617991
2025-10-10,0.3151,0.216644,0.175109,0.170329,0.136022,0.216641,0.356357,0.503978,0.288036,0.407355,0.280174,0.396237,0.223743,0.316429,0.356353,0.503972,0.4063,0.262789,0.185412,0.140028,0.262789,0.432262,0.611327,0.304985,0.431325,0.230333,0.325748,0.432262,0.611326
2025-10-14,0.0996,0.217012,0.185103,0.181852,0.152804,0.217009,0.356962,0.504834,0.304477,0.430606,0.299128,0.423041,0.251348,0.355469,0.356958,0.504828,0.1613,0.263825,0.202694,0.168334,0.263824,0.433965,0.613735,0.333411,0.471526,0.276892,0.391595,0.433964,0.613734
2025-10-15,-0.0471,0.217065,0.182881,0.179376,0.150145,0.217062,0.35705,0.504958,0.300822,0.425437,0.295055,0.417282,0.246973,0.349282,0.357046,0.504952,-0.2182,0.263957,0.201477,0.16792,0.263957,0.434184,0.614044,0.33141,0.468696,0.276212,0.390632,0.434183,0.614044
2025-10-16,0.34,0.217106,0.1801,0.176309,0.146027,0.217103,0.357117,0.505053,0.296246,0.418966,0.290011,0.410149,0.2402,0.339703,0.357113,0.505047,0.2951,0.26409,0.204456,0.171353,0.264089,0.434401,0.614352,0.33631,0.475626,0.281859,0.398619,0.434401,0.614351
2025-10-17,-0.1306,0.217656,0.191185,0.188857,0.164257,0.217653,0.358022,0.506332,0.314481,0.444755,0.310651,0.439338,0.270187,0.382112,0.358017,0.506326,-0.0829,0.257847,0.209585,0.181178,0.257847,0.424132,0.599829,0.344747,0.487559,0.298019,0.421473,0.424132,0.599829
2025-10-20,0.0941,0.217749,0.190338,0.188051,0.162435,0.217746,0.358175,0.506549,0.313087,0.442783,0.309325,0.437463,0.267189,0.377872,0.35817,0.506543,-0.0028,0.25783,0.207028,0.176828,0.25783,0.424105,0.59979,0.340541,0.481609,0.290864,0.411355,0.424105,0.59979
2025-10-21,0.1305,0.216984,0.187844,0.185244,0.159164,0.216982,0.356918,0.504771,0.308985,0.436982,0.304708,0.430933,0.261809,0.370264,0.356914,0.504765,0.1628,0.257297,0.203391,0.171442,0.257298,0.423228,0.598551,0.334558,0.473148,0.282006,0.398827,0.423229,0.598551
2025-10-22,0.0782,0.217074,0.186326,0.183575,0.157591,0.217072,0.357065,0.50498,0.306487,0.433449,0.301962,0.42705,0.259222,0.366605,0.357061,0.504974,0.1329,0.256629,0.202183,0.170936,0.256629,0.42213,0.596997,0.332571,0.470338,0.281173,0.397649,0.422129,0.596996
2025-10-23,-0.1931,0.215683,0.183594,0.180511,0.153987,0.215681,0.354777,0.501744,0.301993,0.427094,0.296922,0.419922,0.253293,0.358219,0.354774,0.501739,-0.2436,0.25655,0.200064,0.168896,0.25655,0.421999,0.596812,0.329085,0.465409,0.277817,0.392902,0.421999,0.596812
2025-10-24,0.0418,0.215803,0.18586,0.183342,0.156609,0.2158,0.354974,0.502022,0.305722,0.432367,0.301579,0.426508,0.257606,0.36432,0.35497,0.502016,0.0278,0.256987,0.204592,0.174283,0.256987,0.422718,0.597829,0.336533,0.475942,0.286679,0.405435,0.422717,0.597828
2025-10-27,0.1044,0.215529,0.182688,0.179782,0.152183,0.215526,0.354523,0.501385,0.300503,0.424986,0.295723,0.418226,0.250326,0.354023,0.354519,0.501379,-0.0488,0.256831,0.200926,0.169111,0.256831,0.422462,0.597466,0.330504,0.467415,0.278171,0.393403,0.422462,0.597466
2025-10-28,0.0886,0.215415,0.180572,0.177455,0.149747,0.215413,0.354336,0.50112,0.297023,0.420065,0.291896,0.412814,0.246318,0.348356,0.354332,0.501115,-0.0719,0.256857,0.197773,0.164395,0.256857,0.422504,0.597527,0.325316,0.460078,0.270413,0.382431,0.422504,0.597527
2025-10-29,0.0,0.215252,0.178132,0.174737,0.146798,0.21525,0.354068,0.500741,0.29301,0.414389,0.287425,0.406491,0.241468,0.341496,0.354065,0.500737,-0.0113,0.256796,0.195107,0.160356,0.256795,0.422403,0.597383,0.320931,0.453877,0.26377,0.373037,0.422403,0.597383
2025-10-30,-0.4125,0.215044,0.174927,0.171151,0.142326,0.215042,0.353726,0.500257,0.287738,0.406933,0.281527,0.39815,0.234112,0.331093,0.353722,0.500252,-0.2478,0.256765,0.191525,0.155496,0.256764,0.422352,0.597311,0.315039,0.445544,0.255775,0.36173,0.422352,0.597311
2025-10-31,-0.0209,0.216807,0.195668,0.194104,0.171028,0.216805,0.356626,0.504358,0.321855,0.455183,0.319281,0.451544,0.281324,0.397863,0.356623,0.504354,0.0803,0.257223,0.196932,0.162519,0.257223,0.423106,0.598378,0.323934,0.458123,0.267328,0.378069,0.423106,0.598378
2025-11-03,0.0262,0.216776,0.19232,0.190309,0.165897,0.216774,0.356575,0.504286,0.316347,0.447394,0.313039,0.442715,0.272884,0.385926,0.356571,0.504281,0.1006,0.257008,0.193777,0.158791,0.257008,0.422753,0.597878,0.318743,0.450783,0.261196,0.369396,0.422752,0.597877
2025-11-04,0.0,0.216748,0.188981,0.186508,0.160971,0.216746,0.356529,0.50422,0.310856,0.439627,0.306786,0.433873,0.264781,0.374467,0.356525,0.504216,0.1024,0.25705,0.191012,0.155914,0.257049,0.422821,0.597974,0.314195,0.44435,0.256462,0.362702,0.422821,0.597974
2025-11-05,-0.262,0.214695,0.185695,0.182791,0.156067,0.214693,0.353152,0.499446,0.30545,0.431982,0.300673,0.425227,0.256715,0.363059,0.353149,0.499441,-0.3111,0.255712,0.188299,0.153231,0.255712,0.42062,0.594862,0.309733,0.43804,0.252049,0.35646,0.42062,0.594862
2025-11-06,0.2724,0.214641,0.191625,0.189721,0.16436,0.214639,0.353064,0.499321,0.315203,0.445776,0.312072,0.441348,0.270356,0.382351,0.35306,0.499315,0.1811,0.256609,0.198702,0.166967,0.256609,0.422096,0.59695,0.326845,0.46224,0.274643,0.388414,0.422096,0.596949
2025-11-07,-0.0052,0.215205,0.196444,0.195145,0.172758,0.215203,0.353991,0.500632,0.323131,0.456988,0.320995,0.453967,0.28417,0.401888,0.353988,0.500627,0.0285,0.256725,0.198336,0.167848,0.256725,0.422287,0.597219,0.326243,0.461389,0.276093,0.390465,0.422287,0.597219
2025-11-10,-0.0576,0.212291,0.192996,0.191244,0.1675,0.212289,0.349197,0.493852,0.31746,0.448968,0.314577,0.44489,0.275521,0.389656,0.349194,0.493848,-0.0941,0.254973,0.194667,0.162885,0.254973,0.419405,0.593144,0.320207,0.452853,0.267929,0.378918,0.419405,0.593143
2025-11-12,0.2562,0.210346,0.190158,0.188089,0.163009,0.210344,0.345997,0.489327,0.312792,0.442366,0.309388,0.437552,0.268134,0.379208,0.345994,0.489322,0.1536,0.255061,0.192538,0.159596,0.255061,0.419551,0.59335,0.316706,0.447902,0.262519,0.371267,0.41955,0.593349
2025-11-13,-0.1986,0.210487,0.194058,0.192486,0.170047,0.210485,0.34623,0.489656,0.319206,0.451437,0.31662,0.44778,0.27971,0.395581,0.346227,0.489652,-0.4379,0.251098,0.19132,0.159242,0.251098,0.413031,0.584129,0.314703,0.445069,0.261938,0.370445,0.413031,0.584129
2025-11-14,-0.178,0.20886,0.195761,0.194556,0.171894,0.208858,0.343553,0.48587,0.322007,0.455398,0.320026,0.452596,0.282749,0.399877,0.34355,0.485866,-0.1188,0.25216,0.212524,0.187995,0.252161,0.414779,0.586601,0.34958,0.494394,0.309232,0.437332,0.414779,0.586601
2025-11-17,0.0786,0.209191,0.196396,0.195395,0.172267,0.20919,0.344098,0.486641,0.323052,0.456876,0.321405,0.454546,0.283361,0.400744,0.344096,0.486638,0.1954,0.252046,0.210624,0.184576,0.252047,0.414591,0.586335,0.346455,0.489974,0.303609,0.429379,0.414591,0.586336
2025-11-18,0.0209,0.209145,0.19348,0.1921,0.168125,0.209143,0.344022,0.486533,0.318255,0.450093,0.315986,0.446883,0.276548,0.391108,0.344019,0.486529,0.0195,0.252276,0.210405,0.185243,0.252277,0.414969,0.58687,0.346095,0.489466,0.304707,0.430931,0.41497,0.586871
2025-11-19,-0.0367,0.209141,0.190114,0.188311,0.163083,0.209139,0.344015,0.486524,0.312718,0.442262,0.309753,0.438069,0.268256,0.379381,0.344013,0.48652,0.0083,0.252256,0.206638,0.179663,0.252256,0.414936,0.586823,0.339898,0.480701,0.295528,0.417951,0.414937,0.586824
2025-11-20,0.1466,0.209178,0.187065,0.184924,0.15837,0.209177,0.344078,0.486612,0.307703,0.43517,0.304181,0.430189,0.260503,0.368417,0.344075,0.486608,0.1353,0.252137,0.202931,0.174202,0.252137,0.41474,0.586546,0.333801,0.472079,0.286545,0.405246,0.414741,0.586547
2025-11-21,0.0889,0.209298,0.186111,0.183884,0.157689,0.209296,0.344274,0.486889,0.306133,0.432949,0.302471,0.42777,0.259383,0.366832,0.344271,0.486885,0.0439,0.25218,0.200939,0.172116,0.25218,0.41481,0.586646,0.330524,0.467443,0.283114,0.400394,0.414811,0.586647
2025-11-24,0.1097,0.209209,0.183644,0.181129,0.154428,0.209207,0.344127,0.486682,0.302076,0.427211,0.297939,0.42136,0.254019,0.359246,0.344124,0.486678,0.045,0.252183,0.19738,0.167219,0.252183,0.414815,0.586652,0.32467,0.459165,0.275058,0.389001,0.414816,0.586653
2025-11-25,0.1356,0.209198,0.181691,0.178971,0.152116,0.209197,0.34411,0.486658,0.298863,0.422667,0.294389,0.41634,0.250215,0.353867,0.344107,0.486654,-0.1111,0.25185,0.19385,0.162499,0.25185,0.414268,0.585878,0.318863,0.450952,0.267295,0.378021,0.414268,0.585879
2025-11-26,0.073,0.209302,0.180508,0.177698,0.151176,0.209301,0.344282,0.4869,0.296917,0.419915,0.292295,0.413378,0.248669,0.35168,0.344279,0.486896,-0.0499,0.2519,0.192224,0.159882,0.2519,0.41435,0.585995,0.316189,0.44717,0.262989,0.371933,0.414351,0.585996
2025-11-28,-0.0834,0.205977,0.177841,0.174709,0.147657,0.205976,0.338812,0.479165,0.292531,0.413713,0.287379,0.406426,0.242881,0.343495,0.33881,0.479162,-0.0933,0.24982,0.189147,0.155492,0.249821,0.410929,0.581157,0.311129,0.440014,0.255769,0.361722,0.41093,0.581158
2025-12-01,-0.2662,0.206048,0.175899,0.172662,0.144609,0.206047,0.338928,0.479329,0.289335,0.409193,0.284011,0.401663,0.237867,0.336404,0.338926,0.479327,-0.3143,0.249817,0.187058,0.152478,0.249818,0.410925,0.58115,0.307692,0.435153,0.250811,0.354709,0.410926,0.581152
2025-12-02,0.047,0.20662,0.182916,0.180825,0.154625,0.206619,0.33987,0.480661,0.300879,0.425518,0.297439,0.420653,0.254342,0.359704,0.339868,0.480659,0.023,0.250632,0.197269,0.166678,0.250633,0.412265,0.583046,0.324487,0.458906,0.274169,0.387743,0.412267,0.583048
2025-12-03,0.094,0.205761,0.179886,0.177432,0.150356,0.20576,0.338456,0.478662,0.295894,0.418468,0.291858,0.41276,0.24732,0.349772,0.338454,0.478659,0.0034,0.250094,0.193637,0.161698,0.250094,0.411379,0.581793,0.318513,0.450458,0.265978,0.376159,0.41138,0.581795
2025-12-04,-0.1306,0.205805,0.177628,0.174924,0.147582,0.205804,0.338529,0.478765,0.29218,0.413216,0.287733,0.406926,0.242758,0.343321,0.338527,0.478762,-0.0202,0.248851,0.190027,0.156775,0.248852,0.409335,0.578903,0.312575,0.442059,0.257879,0.364705,0.409337,0.578905
2025-12-05,-0.1098,0.205665,0.177119,0.174547,0.146619,0.205663,0.338298,0.478438,0.291342,0.412031,0.287113,0.40605,0.241174,0.34108,0.338295,0.478434,-0.1353,0.248858,0.186547,0.152079,0.248859,0.409347,0.578919,0.30685,0.433963,0.250155,0.353782,0.409349,0.578921
2025-12-08,-0.0785,0.205279,0.175886,0.173333,0.144674,0.205278,0.337663,0.47754,0.289315,0.409164,0.285116,0.403226,0.237975,0.336556,0.337661,0.477537,-0.0587,0.249005,0.185859,0.151125,0.249006,0.409588,0.57926,0.305719,0.432363,0.248586,0.351562,0.40959,0.579262
2025-12-09,-0.0576,0.205379,0.173796,0.171107,0.141579,0.205378,0.337828,0.477773,0.285877,0.404301,0.281453,0.398045,0.232883,0.329355,0.337826,0.47777,-0.1666,0.248976,0.18292,0.147225,0.248977,0.409541,0.579193,0.300885,0.425526,0.24217,0.342489,0.409543,0.579196
2025-12-10,0.2198,0.205395,0.171288,0.168379,0.137989,0.205394,0.337854,0.47781,0.281752,0.398468,0.276966,0.391699,0.226978,0.321004,0.337852,0.477807,0.2297,0.24862,0.183684,0.148459,0.248621,0.408955,0.578364,0.302141,0.427303,0.2442,0.34536,0.408957,0.578367
2025-12-11,-0.0261,0.205611,0.174392,0.171996,0.144212,0.20561,0.338209,0.478313,0.286858,0.405689,0.282917,0.400115,0.237215,0.335481,0.338208,0.478311,-0.1125,0.248499,0.186526,0.154542,0.2485,0.408755,0.578082,0.306817,0.433915,0.254207,0.359512,0.408758,0.578085
2025-12-12,-0.068,0.205507,0.171426,0.168725,0.139965,0.205506,0.338038,0.478071,0.281979,0.398789,0.277536,0.392505,0.230229,0.325601,0.338037,0.478069,-0.1119,0.248132,0.184971,0.152347,0.248133,0.408152,0.57723,0.304259,0.430298,0.250596,0.354406,0.408155,0.577233
2025-12-15,0.0366,0.205129,0.16916,0.166294,0.13672,0.205128,0.337417,0.477192,0.27825,0.393516,0.273538,0.386851,0.22489,0.318051,0.337416,0.47719,-0.074,0.248227,0.183413,0.150228,0.248229,0.408309,0.577451,0.301697,0.426675,0.24711,0.349475,0.408311,0.577454
2025-12-16,0.1829,0.204516,0.166146,0.162931,0.132857,0.204516,0.336409,0.475766,0.273294,0.386506,0.268005,0.379027,0.218537,0.309066,0.336408,0.475765,0.1077,0.248155,0.180772,0.146775,0.248156,0.408189,0.577282,0.297351,0.420529,0.24143,0.341443,0.408192,0.577286
2025-12-17,-0.0261,0.204107,0.167528,0.164658,0.136379,0.204106,0.335735,0.474813,0.275567,0.389721,0.270846,0.383044,0.22433,0.317258,0.335734,0.474812,-0.0062,0.248051,0.178469,0.144728,0.248053,0.40802,0.577042,0.293564,0.415173,0.238063,0.336681,0.408022,0.577046
2025-12-18,0.1305,0.204129,0.164598,0.161424,0.132379,0.204129,0.335772,0.474866,0.270747,0.382904,0.265526,0.37552,0.21775,0.307952,0.335771,0.474865,0.0922,0.24797,0.174861,0.140327,0.247972,0.407886,0.576853,0.287629,0.406779,0.230825,0.326444,0.407889,0.576857
2025-12-19,-0.1044,0.204228,0.163705,0.160546,0.132267,0.204228,0.335935,0.475096,0.269279,0.380828,0.264082,0.373478,0.217565,0.307692,0.335934,0.475095,-0.0973,0.248021,0.172199,0.137914,0.248022,0.407969,0.576971,0.283251,0.400588,0.226855,0.32083,0.407972,0.576974
2025-12-22,-0.0366,0.202593,0.162626,0.159561,0.130762,0.202593,0.333246,0.471293,0.267503,0.378316,0.262462,0.371187,0.215091,0.304192,0.333244,0.471291,-0.0963,0.24689,0.170356,0.13582,0.246892,0.40611,0.574341,0.280219,0.3963,0.223411,0.315959,0.406112,0.574344
2025-12-23,0.0209,0.202037,0.159839,0.156503,0.127095,0.202036,0.332331,0.469999,0.262919,0.371833,0.257432,0.364073,0.209059,0.295662,0.332329,0.469996,-0.1028,0.24692,0.16848,0.133779,0.246921,0.406159,0.57441,0.277133,0.391935,0.220053,0.311209,0.406161,0.574413
2025-12-24,0.0887,0.202038,0.156702,0.152989,0.12333,0.202036,0.332332,0.47,0.257759,0.364536,0.251651,0.355897,0.202865,0.286902,0.33233,0.469998,-0.1079,0.247031,0.166832,0.132125,0.247032,0.406342,0.574669,0.274422,0.388101,0.217332,0.307362,0.406344,0.574672
2025-12-26,0.0,0.201745,0.154593,0.150695,0.121531,0.201744,0.33185,0.469319,0.25429,0.35963,0.247879,0.350562,0.199906,0.282717,0.331848,0.469317,-0.1127,0.247008,0.165388,0.130798,0.247009,0.406303,0.574614,0.272046,0.384742,0.21515,0.304276,0.406305,0.574617
2025-12-29,0.1512,0.201754,0.151405,0.147111,0.117828,0.201753,0.331865,0.46934,0.249046,0.352214,0.241983,0.342224,0.193816,0.274104,0.331863,0.469337,0.1412,0.247133,0.164132,0.129783,0.247135,0.40651,0.574906,0.269981,0.38182,0.213481,0.301915,0.406512,0.57491
2025-12-30,-0.0261,0.201891,0.151841,0.147878,0.120092,0.20189,0.33209,0.469659,0.249764,0.353228,0.243245,0.344009,0.19754,0.279371,0.332089,0.469656,-0.1618,0.247256,0.163391,0.130497,0.247257,0.406711,0.575191,0.268762,0.380097,0.214654,0.303574,0.406713,0.575194
2025-12-31,-0.1565,0.201798,0.148851,0.144562,0.116609,0.201797,0.331937,0.469442,0.244845,0.346272,0.23779,0.336294,0.191811,0.271268,0.331935,0.469439,-0.1994,0.24743,0.164654,0.132583,0.247431,0.406997,0.575596,0.270839,0.383034,0.218086,0.308429,0.407,0.5756
2026-01-02,-0.0261,0.201362,0.150886,0.147405,0.119379,0.201361,0.33122,0.468429,0.248192,0.351006,0.242466,0.342908,0.196367,0.277712,0.331219,0.468426,-0.1033,0.24699,0.168144,0.137511,0.246992,0.406274,0.574573,0.27658,0.391153,0.226192,0.319892,0.406277,0.574577
2026-01-05,0.1461,0.201323,0.14787,0.144084,0.115919,0.201322,0.331157,0.468339,0.243231,0.343989,0.237004,0.335184,0.190675,0.269662,0.331155,0.468336,0.1504,0.247062,0.166393,0.135702,0.247064,0.406393,0.574741,0.2737,0.38708,0.223216,0.315683,0.406395,0.574744
2026-01-06,-0.0316,0.201457,0.148194,0.144716,0.117948,0.201456,0.331376,0.468649,0.243764,0.344743,0.238044,0.336654,0.194012,0.274382,0.331374,0.468646,-0.0974,0.247219,0.16605,0.136628,0.24722,0.40665,0.575105,0.273135,0.386282,0.22474,0.317838,0.406652,0.575108
2026-01-07,0.0789,0.201277,0.145236,0.141481,0.114616,0.201276,0.33108,0.46823,0.238899,0.337863,0.232722,0.329127,0.188532,0.266632,0.331079,0.468228,0.2663,0.247129,0.164127,0.134597,0.247131,0.406503,0.574897,0.269973,0.381809,0.221399,0.313114,0.406505,0.5749
2026-01-08,-0.121,0.20104,0.142856,0.13889,0.112793,0.201039,0.33069,0.467679,0.234984,0.332326,0.22846,0.3231,0.185533,0.262389,0.330689,0.467677,-0.307,0.247557,0.171439,0.145892,0.247558,0.407207,0.575892,0.282001,0.39882,0.239977,0.339388,0.407209,0.575895
2026-01-09,0.0474,0.200798,0.143104,0.139662,0.113302,0.200797,0.330293,0.467116,0.235392,0.332903,0.229729,0.324895,0.18637,0.263574,0.330291,0.467114,-0.0429,0.248217,0.182503,0.160194,0.248218,0.408292,0.577427,0.3002,0.424557,0.263504,0.37266,0.408293,0.577429
2026-01-12,-0.0526,0.200774,0.140005,0.136219,0.110462,0.200773,0.330253,0.467061,0.230293,0.325693,0.224067,0.316886,0.181699,0.256968,0.330252,0.467059,-0.1114,0.248077,0.179138,0.155669,0.248078,0.408062,0.577101,0.294664,0.416729,0.256061,0.362134,0.408063,0.577103
2026-01-13,0.0684,0.200834,0.137406,0.133484,0.107869,0.200833,0.330352,0.4672,0.226019,0.319648,0.219568,0.310523,0.177434,0.250936,0.33035,0.467198,0.1315,0.248197,0.177442,0.153374,0.248198,0.40826,0.577381,0.291875,0.412784,0.252285,0.356794,0.408261,0.577383
2026-01-14,0.0999,0.199943,0.134676,0.130489,0.105917,0.199942,0.328886,0.465127,0.221529,0.313297,0.214642,0.303557,0.174222,0.246394,0.328884,0.465125,0.0354,0.247708,0.175982,0.15215,0.247708,0.407454,0.576242,0.289472,0.409386,0.250272,0.353947,0.407456,0.576244
2026-01-15,-0.1104,0.199735,0.13305,0.128897,0.105565,0.199734,0.328544,0.464643,0.218855,0.309515,0.212023,0.299854,0.173644,0.245577,0.328542,0.464641,-0.2108,0.247533,0.172413,0.14777,0.247534,0.407167,0.575836,0.283601,0.401083,0.243067,0.343757,0.407168,0.575838
2026-01-16,-0.1316,0.19994,0.133064,0.129524,0.105862,0.199938,0.328881,0.465119,0.218877,0.309547,0.213055,0.301313,0.174132,0.246266,0.328879,0.465117,-0.1015,0.247936,0.175841,0.152289,0.247937,0.40783,0.576773,0.289241,0.409059,0.2505,0.35427,0.407831,0.576775
2026-01-20,-0.2056,0.19793,0.134402,0.13163,0.10758,0.19793,0.325576,0.460446,0.221079,0.31266,0.216518,0.306211,0.176958,0.250263,0.325574,0.460444,-0.3233,0.246121,0.173876,0.149728,0.246122,0.404844,0.57255,0.286009,0.404488,0.246288,0.348313,0.404845,0.572553
2026-01-21,0.1582,0.197877,0.141531,0.13997,0.115824,0.197876,0.325489,0.460322,0.232804,0.329244,0.230237,0.325613,0.190519,0.269442,0.325487,0.46032,0.2128,0.246367,0.185671,0.165363,0.246368,0.40525,0.573125,0.305411,0.431927,0.272005,0.384683,0.405251,0.573126
2026-01-22,0.0421,0.198034,0.142873,0.141641,0.118794,0.198033,0.325746,0.460686,0.235012,0.332366,0.232985,0.329498,0.195404,0.27635,0.325744,0.460684,0.1325,0.246612,0.18754,0.168586,0.246613,0.405653,0.573695,0.308484,0.436274,0.277307,0.392181,0.405654,0.573696
2026-01-23,0.0895,0.197601,0.139709,0.138221,0.115636,0.1976,0.325034,0.45968,0.229808,0.325006,0.22736,0.321545,0.190209,0.269003,0.325033,0.459678,-0.0095,0.244607,0.185839,0.166641,0.244607,0.402354,0.56903,0.305687,0.432318,0.274108,0.387657,0.402355,0.56903
2026-01-26,0.121,0.197464,0.137708,0.136134,0.114236,0.197462,0.324808,0.459359,0.226515,0.32035,0.223926,0.316688,0.187907,0.265748,0.324806,0.459357,-0.0069,0.24454,0.182151,0.161581,0.24454,0.402244,0.568874,0.29962,0.423738,0.265785,0.375887,0.402244,0.568874
2026-01-27,-0.0105,0.197449,0.137049,0.135591,0.114653,0.197448,0.324784,0.459325,0.225433,0.318818,0.223034,0.315425,0.188593,0.266718,0.324782,0.459322,-0.0062,0.24441,0.178491,0.156668,0.24441,0.40203,0.568571,0.2936,0.415224,0.257703,0.364457,0.40203,0.568572
2026-01-28,-0.0368,0.19738,0.133666,0.131964,0.11119,0.197379,0.32467,0.459165,0.219868,0.310948,0.217067,0.306988,0.182897,0.258662,0.324668,0.459162,-0.1562,0.242377,0.174867,0.151903,0.242377,0.398686,0.563841,0.287639,0.406793,0.249865,0.353372,0.398685,0.563841
2026-01-29,0.0526,0.196262,0.130632,0.128817,0.108179,0.196261,0.322831,0.456564,0.214877,0.30389,0.211891,0.299667,0.177944,0.251657,0.322829,0.456561,0.0785,0.240953,0.175044,0.152164,0.240953,0.396344,0.56053,0.28793,0.407205,0.250295,0.353979,0.396344,0.560529
2026-01-30,-0.0631,0.196244,0.127488,0.125435,0.105672,0.196243,0.322802,0.456522,0.209705,0.296575,0.206328,0.2918,0.17382,0.245825,0.3228,0.456519,-0.0199,0.240806,0.172173,0.148776,0.240806,0.396102,0.560188,0.283207,0.400526,0.244722,0.346099,0.396102,0.560187
2026-02-02,-0.1,0.19632,0.125196,0.123257,0.103612,0.196318,0.322926,0.456699,0.205934,0.291242,0.202746,0.286733,0.170432,0.241033,0.322924,0.456696,-0.1676,0.240813,0.168651,0.144326,0.240813,0.396113,0.560203,0.277414,0.392333,0.237403,0.335747,0.396113,0.560203
2026-02-03,0.0789,0.196477,0.124765,0.123301,0.103399,0.196476,0.323185,0.457064,0.205227,0.290242,0.202818,0.286836,0.170081,0.240537,0.323183,0.457061,-0.045,0.241076,0.16963,0.145828,0.241076,0.396546,0.560815,0.279025,0.394611,0.239872,0.339239,0.396545,0.560815
2026-02-04,0.0158,0.196497,0.122385,0.120893,0.102095,0.196496,0.323218,0.457112,0.201312,0.284705,0.198857,0.281233,0.167936,0.237504,0.323216,0.457109,0.0706,0.2411,0.166385,0.141814,0.2411,0.396586,0.560871,0.273687,0.387062,0.23327,0.329902,0.396585,0.560871
2026-02-05,0.3518,0.196491,0.118491,0.116732,0.09906,0.19649,0.323208,0.457097,0.194905,0.275645,0.192013,0.271554,0.162944,0.230444,0.323206,0.457095,0.2985,0.24113,0.163438,0.138577,0.24113,0.396635,0.560941,0.268839,0.380205,0.227946,0.322372,0.396635,0.56094
2026-02-06,-0.0891,0.197405,0.145233,0.143144,0.129035,0.197404,0.324712,0.459223,0.238894,0.337856,0.235458,0.332997,0.212249,0.300174,0.32471,0.459221,-0.0747,0.241653,0.173196,0.152963,0.241653,0.397496,0.562158,0.28489,0.402905,0.251608,0.355837,0.397495,0.562157
2026-02-09,0.0787,0.196462,0.143883,0.141817,0.126993,0.196461,0.323161,0.457031,0.236674,0.334716,0.233275,0.329909,0.208891,0.295425,0.323159,0.457027,-0.1926,0.236941,0.170572,0.149427,0.23694,0.389745,0.551196,0.280574,0.396802,0.245793,0.347613,0.389743,0.551194
2026-02-10,0.2304,0.19649,0.141514,0.139195,0.124625,0.196488,0.323206,0.457094,0.232776,0.329204,0.228962,0.32381,0.204995,0.289914,0.323203,0.45709,0.0945,0.236814,0.172819,0.152363,0.236813,0.389536,0.550901,0.284269,0.402028,0.250622,0.354442,0.389534,0.550899
2026-02-11,-0.1308,0.196455,0.147606,0.146139,0.133358,0.196454,0.323149,0.457014,0.242797,0.343376,0.240384,0.339963,0.219361,0.310232,0.323147,0.457011,-0.1033,0.236782,0.170362,0.149524,0.236781,0.389483,0.550826,0.280229,0.396313,0.245952,0.347838,0.389482,0.550824
2026-02-12,0.3346,0.196675,0.148074,0.146911,0.133206,0.196674,0.323511,0.457525,0.243567,0.344465,0.241654,0.341759,0.219111,0.309878,0.323508,0.457522,0.1681,0.236796,0.168553,0.147161,0.236795,0.389506,0.550859,0.277253,0.392106,0.242064,0.34234,0.389505,0.550857
2026-02-13,0.12,0.197519,0.163036,0.162954,0.15296,0.197517,0.324899,0.459489,0.268178,0.379271,0.268043,0.37908,0.251604,0.35583,0.324896,0.459485,0.2214,0.237002,0.168928,0.1485,0.237001,0.389845,0.551338,0.27787,0.392977,0.244268,0.345456,0.389843,0.551336
2026-02-17,0.0,0.196461,0.161384,0.161115,0.151185,0.19646,0.323159,0.457028,0.26546,0.375427,0.265018,0.374801,0.248684,0.351702,0.323157,0.457024,-0.071,0.236678,0.172157,0.153851,0.236677,0.389312,0.550585,0.283181,0.400489,0.25307,0.357905,0.389311,0.550583
2026-02-18,0.0,0.195574,0.157954,0.157266,0.146579,0.195573,0.3217,0.454964,0.259819,0.367448,0.258686,0.365847,0.241108,0.340987,0.321698,0.454961,0.0,0.236715,0.16948,0.150175,0.236714,0.389372,0.55067,0.278778,0.394262,0.247023,0.349352,0.389371,0.550668
2026-02-19,0.0,0.19506,0.154615,0.153532,0.142114,0.195058,0.320854,0.453767,0.254327,0.359682,0.252545,0.357162,0.233763,0.3306,0.320851,0.453764,0.0,0.236201,0.165938,0.1456,0.236201,0.388528,0.549475,0.272952,0.386022,0.239497,0.338709,0.388527,0.549474
2026-02-20,-0.0365,0.194826,0.15135,0.149888,0.137785,0.194824,0.320469,0.453223,0.248956,0.352086,0.246551,0.348684,0.226642,0.320528,0.320466,0.453219,-0.0365,0.235793,0.162389,0.141164,0.235792,0.387855,0.548525,0.267113,0.377765,0.232201,0.328391,0.387854,0.548523
2026-02-23,0.198,0.194795,0.148538,0.146795,0.133886,0.194794,0.320419,0.453152,0.244329,0.345543,0.241462,0.341488,0.220229,0.311459,0.320416,0.453149,0.198,0.235561,0.159137,0.137156,0.23556,0.387474,0.547985,0.261764,0.3702,0.225607,0.319065,0.387473,0.547983
2026-02-24,-0.0468,0.195034,0.151364,0.150074,0.138572,0.195033,0.320812,0.453708,0.248979,0.352119,0.246856,0.349116,0.227937,0.32236,0.320809,0.453705,-0.3384,0.235163,0.161565,0.141546,0.235162,0.386819,0.547059,0.265758,0.375848,0.232829,0.329278,0.386818,0.547058
2026-02-25,-0.0208,0.194189,0.148761,0.147239,0.134839,0.194188,0.319422,0.451743,0.244696,0.346062,0.242194,0.342523,0.221796,0.313675,0.31942,0.45174,-0.2215,0.235687,0.1762,0.160325,0.235687,0.387682,0.548279,0.289831,0.409893,0.263718,0.372963,0.387681,0.548278
2026-02-26,0.1509,0.194011,0.145774,0.143944,0.13083,0.19401,0.319128,0.451327,0.239784,0.339115,0.236774,0.334857,0.215202,0.30435,0.319126,0.451325,-0.2619,0.235991,0.17968,0.164637,0.235991,0.388182,0.548986,0.295555,0.417989,0.270812,0.382996,0.388181,0.548985
2026-02-27,0.1818,0.192823,0.146047,0.144387,0.13212,0.192822,0.317174,0.448563,0.240233,0.33975,0.237502,0.335888,0.217325,0.307351,0.317172,0.448561,0.43,0.234997,0.18546,0.172031,0.234997,0.386547,0.546674,0.305063,0.431436,0.282974,0.400196,0.386547,0.546674
2026-03-02,-0.4005,0.192871,0.147946,0.146635,0.135615,0.19287,0.317254,0.448677,0.243356,0.344167,0.241199,0.341116,0.223074,0.315482,0.317252,0.448674,-0.0482,0.235897,0.20376,0.197264,0.235897,0.388027,0.548767,0.335165,0.474007,0.324479,0.458895,0.388026,0.548766
2026-03-03,-0.1251,0.19473,0.172695,0.172517,0.164049,0.194728,0.320311,0.453,0.284066,0.401741,0.283774,0.401327,0.269844,0.381627,0.320309,0.452997,0.1289,0.234953,0.200048,0.191618,0.234953,0.386474,0.546571,0.329059,0.465372,0.315193,0.445762,0.386474,0.546571
2026-03-04,-0.2142,0.194109,0.171778,0.171599,0.161976,0.194108,0.319291,0.451557,0.282558,0.399607,0.282262,0.39919,0.266435,0.376805,0.319288,0.451553,-0.2533,0.234448,0.197806,0.188445,0.234448,0.385644,0.545397,0.325371,0.460156,0.309973,0.438379,0.385643,0.545396
2026-03-05,-0.0418,0.194346,0.17548,0.175836,0.165575,0.194345,0.31968,0.452108,0.288647,0.408219,0.289233,0.409047,0.272354,0.385177,0.319678,0.452105,-0.1245,0.234571,0.201768,0.192952,0.234571,0.385845,0.545682,0.331888,0.469373,0.317386,0.448864,0.385845,0.545681
2026-03-06,-0.0366,0.193918,0.172209,0.172181,0.160857,0.193917,0.318976,0.451111,0.283266,0.40061,0.283221,0.400546,0.264594,0.374202,0.318974,0.451108,0.0403,0.232921,0.199752,0.189543,0.232921,0.383132,0.541845,0.328572,0.464683,0.31178,0.440934,0.383132,0.541845
2026-03-09,-0.0314,0.192953,0.168982,0.168598,0.156214,0.192952,0.317389,0.448867,0.277959,0.393104,0.277327,0.39221,0.256957,0.363401,0.317387,0.448864,0.1149,0.230858,0.195965,0.184034,0.230858,0.379739,0.537046,0.322342,0.455873,0.302717,0.428118,0.379739,0.537046
2026-03-10,-0.0733,0.192968,0.165791,0.165074,0.15165,0.192967,0.317413,0.448901,0.272709,0.385679,0.27153,0.384011,0.24945,0.352784,0.317411,0.448898,-0.5086,0.230923,0.193524,0.180634,0.230924,0.379846,0.537197,0.318328,0.450196,0.297124,0.420208,0.379846,0.537198
2026-03-11,-0.215,0.192903,0.163486,0.16256,0.148123,0.192902,0.317306,0.44875,0.268918,0.380317,0.267394,0.378162,0.243647,0.344578,0.317304,0.448747,-0.3765,0.232504,0.219446,0.214921,0.232504,0.382445,0.540873,0.360966,0.510497,0.353524,0.499972,0.382446,0.540874
2026-03-12,-0.2576,0.192482,0.16761,0.167242,0.152962,0.192481,0.316614,0.447772,0.275702,0.389912,0.275097,0.389056,0.251607,0.355836,0.316612,0.447768,-0.2081,0.229743,0.230049,0.22787,0.229743,0.377905,0.534452,0.378407,0.535162,0.374824,0.530095,0.377905,0.534452
2026-03-13,-0.1317,0.19269,0.174323,0.174686,0.161168,0.192689,0.316956,0.448255,0.286744,0.405527,0.287341,0.406373,0.265105,0.374924,0.316954,0.448252,0.2635,0.2264,0.229881,0.226733,0.2264,0.372405,0.526674,0.378131,0.534772,0.372953,0.527448,0.372406,0.526675
2026-03-16,0.2369,0.192526,0.173492,0.173822,0.159553,0.192525,0.316687,0.447874,0.285377,0.403595,0.28592,0.404363,0.262449,0.371169,0.316685,0.447871,0.2282,0.226993,0.231859,0.229105,0.226994,0.373381,0.528054,0.381384,0.539373,0.376855,0.532967,0.373382,0.528056
2026-03-17,0.0631,0.192724,0.177166,0.1778,0.165218,0.192723,0.317012,0.448334,0.291421,0.412142,0.292464,0.413617,0.271768,0.384347,0.31701,0.448331,-0.0704,0.226762,0.232038,0.229051,0.226762,0.373,0.527516,0.381679,0.539789,0.376766,0.532841,0.373001,0.527517
2026-03-18,-0.2157,0.191965,0.173966,0.174227,0.160929,0.191964,0.315763,0.446568,0.286157,0.404698,0.286586,0.405304,0.264712,0.374369,0.315761,0.446565,-0.4148,0.225789,0.227899,0.222742,0.22579,0.3714,0.525253,0.374871,0.530162,0.366388,0.518164,0.371401,0.525254
2026-03-19,-0.0474,0.19254,0.177325,0.177988,0.16473,0.192539,0.316709,0.447906,0.291681,0.41251,0.292773,0.414054,0.270964,0.383211,0.316708,0.447904,0.3476,0.227319,0.240552,0.238664,0.22732,0.373918,0.528813,0.395684,0.559596,0.392579,0.555204,0.373919,0.528815
2026-03-20,-0.4965,0.192588,0.174155,0.174495,0.160133,0.192587,0.316788,0.448017,0.286468,0.405137,0.287028,0.405929,0.263402,0.372517,0.316786,0.448015,-0.7011,0.228357,0.246672,0.246561,0.228357,0.375624,0.531226,0.40575,0.573832,0.405569,0.573576,0.375625,0.531228
2026-03-23,-0.0053,0.195066,0.203493,0.205389,0.197217,0.195065,0.320864,0.453782,0.334726,0.473386,0.337844,0.477796,0.324403,0.458787,0.320863,0.45378,-0.0779,0.232223,0.286545,0.294342,0.232224,0.381983,0.54022,0.471338,0.66659,0.484164,0.684729,0.381985,0.540222
2026-03-24,-0.1431,0.194919,0.199032,0.200404,0.191214,0.194918,0.320623,0.45344,0.327387,0.463007,0.329644,0.466199,0.314527,0.444821,0.320621,0.453439,0.0181,0.230978,0.28046,0.286013,0.23098,0.379936,0.537325,0.461328,0.652433,0.470462,0.665351,0.379938,0.537328
2026-03-25,0.3652,0.195139,0.197536,0.198769,0.188673,0.195139,0.320985,0.453952,0.324926,0.459527,0.326955,0.462396,0.310349,0.438911,0.320983,0.453951,0.5001,0.230973,0.274105,0.277335,0.230975,0.379928,0.537314,0.450876,0.637651,0.456188,0.645164,0.37993,0.537317
2026-03-26,-0.4076,0.195039,0.208716,0.210635,0.203627,0.195039,0.32082,0.45372,0.343317,0.485536,0.346474,0.490001,0.334946,0.473698,0.320819,0.453719,-0.2686,0.232485,0.288996,0.295476,0.232486,0.382414,0.540829,0.475369,0.672291,0.486028,0.687365,0.382416,0.540832
2026-03-27,0.0,0.1969,0.22418,0.227176,0.221234,0.196899,0.32388,0.458048,0.368754,0.52151,0.373682,0.52848,0.363908,0.514656,0.323879,0.458046,0.013,0.233039,0.28873,0.293932,0.23304,0.383326,0.542118,0.474931,0.671672,0.483489,0.683775,0.383328,0.542121
2026-03-30,0.3178,0.196595,0.218928,0.221311,0.214494,0.196594,0.323379,0.457339,0.360115,0.509292,0.364034,0.514836,0.352821,0.498978,0.323378,0.457337,0.3221,0.23304,0.282168,0.284996,0.233042,0.383328,0.542121,0.464138,0.656408,0.46879,0.662986,0.38333,0.542125
2026-03-31,0.1057,0.197432,0.224828,0.227519,0.222052,0.197431,0.324757,0.459287,0.36982,0.523018,0.374246,0.529277,0.365253,0.51656,0.324755,0.459285,-0.0956,0.233842,0.284274,0.287357,0.233843,0.384647,0.543987,0.467603,0.661308,0.472674,0.668479,0.384649,0.54399
2026-04-01,0.1313,0.196095,0.220698,0.222903,0.216839,0.196094,0.322557,0.456177,0.363027,0.51341,0.366653,0.51854,0.356678,0.504432,0.322555,0.456174,-0.2463,0.232748,0.27884,0.279586,0.232749,0.382847,0.541441,0.458664,0.648666,0.45989,0.6504,0.382849,0.541444
2026-04-02,0.0426,0.196125,0.21743,0.219237,0.212679,0.196124,0.322606,0.456245,0.35765,0.505807,0.360623,0.510011,0.349835,0.494755,0.322604,0.456243,0.2403,0.233249,0.278106,0.277701,0.23325,0.383672,0.542608,0.457456,0.646957,0.45679,0.646016,0.383673,0.54261
2026-04-03,0.0,0.195837,0.212793,0.214116,0.206464,0.195836,0.322132,0.455575,0.350023,0.49502,0.352199,0.498098,0.339612,0.480296,0.32213,0.455572,-0.0465,0.232579,0.276676,0.2756,0.23258,0.382569,0.541049,0.455104,0.643632,0.453335,0.641128,0.382571,0.54105
2026-04-06,0.0,0.195704,0.208266,0.209131,0.200174,0.195702,0.321913,0.455265,0.342576,0.484488,0.343999,0.486501,0.329266,0.465665,0.321911,0.455262,-0.0669,0.232463,0.27098,0.267447,0.232463,0.382378,0.540778,0.445734,0.63038,0.439923,0.622162,0.382379,0.540779
2026-04-07,0.0,0.194221,0.20394,0.204391,0.194076,0.19422,0.319474,0.451816,0.33546,0.474425,0.336202,0.475474,0.319235,0.451478,0.319473,0.451814,-0.3073,0.229451,0.265729,0.259817,0.229452,0.377424,0.533773,0.437097,0.618164,0.427372,0.604411,0.377426,0.533775
2026-04-08,0.3028,0.194221,0.199791,0.199858,0.188163,0.19422,0.319474,0.451816,0.328636,0.464773,0.328746,0.46493,0.30951,0.437725,0.319473,0.451814,-0.1064,0.230242,0.268503,0.262908,0.230244,0.378726,0.535613,0.44166,0.624618,0.432457,0.611602,0.378728,0.535616
2026-04-09,-0.0053,0.180427,0.205566,0.205996,0.196933,0.180427,0.296785,0.419728,0.338136,0.478209,0.338842,0.479208,0.323934,0.458124,0.296784,0.419727,0.0342,0.225206,0.263968,0.256227,0.225208,0.370442,0.523897,0.434201,0.614069,0.421468,0.596062,0.370445,0.523901
2026-04-10,-0.0584,0.179848,0.201405,0.201449,0.190938,0.179848,0.295832,0.418381,0.331292,0.468529,0.331363,0.468631,0.314073,0.444178,0.295832,0.41838,-0.1111,0.224798,0.258614,0.248563,0.2248,0.36977,0.522947,0.425393,0.601613,0.408861,0.578232,0.369773,0.522952
2026-04-13,0.1379,0.1759,0.197896,0.19764,0.185673,0.1759,0.289337,0.409196,0.325519,0.460366,0.325099,0.459771,0.305413,0.431931,0.289338,0.409196,0.1745,0.223341,0.25454,0.242522,0.223343,0.367374,0.519559,0.418693,0.592137,0.398925,0.564179,0.367378,0.519564
2026-04-14,0.3228,0.176035,0.195891,0.19542,0.183158,0.176035,0.28956,0.40951,0.322221,0.455702,0.321447,0.454607,0.301277,0.426081,0.28956,0.40951,0.1088,0.221481,0.251932,0.238988,0.221483,0.364313,0.51523,0.414403,0.58607,0.393111,0.555957,0.364317,0.515236
2026-04-15,-0.0581,0.175298,0.203175,0.203206,0.194386,0.175299,0.288348,0.407796,0.334202,0.472645,0.334254,0.472718,0.319746,0.452201,0.288349,0.407797,-0.0244,0.217479,0.247848,0.233235,0.217481,0.35773,0.50592,0.407686,0.57657,0.383648,0.542574,0.357735,0.505927
2026-04-16,-0.1111,0.173342,0.19963,0.19936,0.189001,0.173342,0.285131,0.403246,0.328371,0.464399,0.327927,0.463771,0.310888,0.439673,0.285131,0.403247,-0.07,0.212537,0.243021,0.226208,0.212539,0.349601,0.494424,0.399745,0.56534,0.37209,0.526228,0.349605,0.494429
2026-04-17,0.2642,0.172887,0.197349,0.196916,0.185253,0.172887,0.284381,0.402186,0.324619,0.459093,0.323907,0.458085,0.304723,0.430955,0.284382,0.402187,0.2085,0.211662,0.238766,0.219986,0.211664,0.348163,0.492389,0.392746,0.555441,0.361855,0.511754,0.348167,0.492395
2026-04-20,0.0106,0.172534,0.200792,0.200579,0.190913,0.172534,0.283801,0.401365,0.330282,0.467101,0.329933,0.466608,0.314033,0.444121,0.283801,0.401366,0.0135,0.211739,0.237907,0.219314,0.211741,0.348289,0.492568,0.391333,0.553442,0.36075,0.51019,0.348293,0.492574
2026-04-21,-0.2113,0.172359,0.196823,0.196257,0.185115,0.17236,0.283514,0.400959,0.323754,0.45787,0.322824,0.456554,0.304496,0.430633,0.283514,0.40096,-0.1585,0.211427,0.233275,0.212659,0.211429,0.347776,0.491842,0.383714,0.542668,0.349802,0.494708,0.34778,0.491848
2026-04-22,0.0423,0.173003,0.19854,0.198192,0.18679,0.173003,0.284572,0.402456,0.326579,0.461864,0.326006,0.461054,0.30725,0.434529,0.284572,0.402456,0.1405,0.21156,0.231296,0.209804,0.211563,0.347995,0.492152,0.380459,0.538064,0.345106,0.488066,0.347999,0.492158
2026-04-23,-0.1005,0.172724,0.194774,0.194083,0.181396,0.172724,0.284114,0.401808,0.320383,0.453102,0.319247,0.451495,0.298378,0.42198,0.284114,0.401808,-0.1225,0.211537,0.228559,0.206303,0.21154,0.347957,0.492099,0.375957,0.531698,0.339348,0.479923,0.347961,0.492104
2026-04-24,0.1533,0.172316,0.192405,0.191543,0.177584,0.172317,0.283443,0.40086,0.316488,0.447593,0.315069,0.445586,0.292108,0.413114,0.283443,0.40086,0.2982,0.211577,0.225725,0.202256,0.21158,0.348024,0.492192,0.371295,0.525103,0.332692,0.470509,0.348028,0.492198
2026-04-27,-0.0899,0.171208,0.191096,0.190102,0.176221,0.171208,0.28162,0.398281,0.314334,0.444547,0.312698,0.442234,0.289867,0.409944,0.28162,0.398282,-0.2817,0.211018,0.229696,0.209257,0.211021,0.347104,0.490892,0.377827,0.534343,0.344207,0.486795,0.347108,0.490898
2026-04-28,-0.0476,0.170399,0.188603,0.187425,0.172266,0.170399,0.280289,0.396398,0.310233,0.438748,0.308295,0.436006,0.283361,0.400743,0.280289,0.396399,0.1662,0.210951,0.233127,0.214296,0.210953,0.346993,0.490734,0.383471,0.542324,0.352495,0.498516,0.346997,0.490741
2026-04-29,-0.2649,0.169413,0.185386,0.183952,0.167425,0.169413,0.278668,0.394106,0.304942,0.431264,0.302583,0.427928,0.275397,0.38948,0.278668,0.394107,-0.2634,0.209466,0.231046,0.211718,0.209468,0.34455,0.48728,0.380048,0.537483,0.348255,0.49252,0.344554,0.487285
2026-04-30,0.0583,0.170113,0.190797,0.189974,0.174813,0.170114,0.279819,0.395734,0.313841,0.44385,0.312489,0.441938,0.28755,0.406667,0.27982,0.395735,-0.091,0.209812,0.23343,0.215169,0.209815,0.34512,0.488086,0.38397,0.543029,0.353932,0.500549,0.345124,0.488092
2026-05-01,0.0,0.17013,0.187429,0.186299,0.170088,0.17013,0.279846,0.395772,0.308302,0.436016,0.306443,0.433387,0.279778,0.395675,0.279847,0.395773,0.0044,0.20987,0.229769,0.209802,0.209873,0.345216,0.488221,0.377947,0.534512,0.345103,0.488062,0.34522,0.488227
2026-05-04,-0.0902,0.17013,0.183867,0.182426,0.164906,0.17013,0.279846,0.395772,0.302444,0.427731,0.300073,0.424378,0.271254,0.383622,0.279847,0.395773,-0.0551,0.209871,0.225311,0.203413,0.209873,0.345217,0.488223,0.370614,0.524142,0.334595,0.473201,0.345221,0.488229
2026-05-05,0.0902,0.16547,0.181577,0.179982,0.161402,0.165471,0.272182,0.384933,0.298676,0.422403,0.296053,0.418693,0.26549,0.37547,0.272183,0.384935,0.0551,0.206322,0.221304,0.197678,0.206325,0.339378,0.479966,0.364024,0.51482,0.32516,0.459858,0.339383,0.479973
2026-05-06,0.3757,0.165523,0.178961,0.177132,0.158037,0.165524,0.272269,0.385056,0.294374,0.416318,0.291364,0.412062,0.259955,0.367642,0.27227,0.385058,0.1323,0.206355,0.217275,0.19213,0.206358,0.339434,0.480045,0.357396,0.505447,0.316035,0.446953,0.339439,0.480052
2026-05-07,-0.1163,0.167016,0.19184,0.191107,0.178735,0.167017,0.274725,0.38853,0.315558,0.446277,0.314352,0.444573,0.294001,0.415791,0.274726,0.388531,-0.2573,0.200801,0.21475,0.189075,0.200804,0.330297,0.467123,0.353242,0.499572,0.31101,0.439846,0.330303,0.46713
2026-05-08,0.1163,0.166912,0.190015,0.189162,0.175616,0.166913,0.274554,0.388288,0.312555,0.442031,0.311152,0.440047,0.288871,0.408536,0.274555,0.38829,0.1031,0.200497,0.217757,0.193847,0.200501,0.329798,0.466417,0.358188,0.506568,0.318859,0.450947,0.329803,0.466424
2026-05-11,-0.1533,0.16538,0.187726,0.186656,0.172633,0.165381,0.272034,0.384724,0.308791,0.436707,0.307031,0.434218,0.283964,0.401596,0.272035,0.384726,-0.2372,0.200126,0.214543,0.189631,0.200129,0.329188,0.465554,0.352902,0.499092,0.311924,0.441138,0.329193,0.465561
2026-05-12,-0.18,0.165669,0.187304,0.186268,0.171534,0.165669,0.272509,0.385395,0.308096,0.435725,0.306392,0.433315,0.282157,0.39904,0.272509,0.385396,-0.2212,0.200474,0.216499,0.192816,0.200477,0.32976,0.466364,0.35612,0.503642,0.317163,0.448548,0.329765,0.46637
2026-05-13,-0.0106,0.165308,0.187982,0.187084,0.172054,0.165308,0.271915,0.384556,0.309212,0.437303,0.307735,0.435214,0.283012,0.400249,0.271915,0.384556,-0.0283,0.195693,0.217561,0.194636,0.195695,0.321895,0.45524,0.357866,0.506112,0.320157,0.452782,0.321899,0.455245
2026-05-14,-0.0636,0.165318,0.184459,0.183255,0.166833,0.165318,0.271931,0.384579,0.303417,0.429107,0.301436,0.426306,0.274423,0.388103,0.271931,0.384578,-0.1476,0.195663,0.213442,0.188834,0.195665,0.321846,0.455171,0.351091,0.496531,0.310613,0.439284,0.32185,0.455176
2026-05-15,-0.4358,0.165232,0.181612,0.180183,0.162499,0.165232,0.271791,0.38438,0.298734,0.422484,0.296383,0.419159,0.267294,0.378021,0.271791,0.38438,-0.0812,0.19584,0.211722,0.186617,0.195842,0.322137,0.455582,0.348262,0.492529,0.306966,0.434127,0.322141,0.455588
2026-05-18,-0.0853,0.166904,0.201077,0.201349,0.190307,0.166904,0.274541,0.388269,0.330751,0.467765,0.331199,0.468398,0.313036,0.442711,0.274541,0.38827,-0.2205,0.195149,0.208359,0.182022,0.195151,0.321,0.453974,0.342729,0.484705,0.299408,0.423437,0.321004,0.45398
2026-05-19,-0.1387,0.167032,0.198117,0.198113,0.185689,0.167033,0.274752,0.388568,0.325882,0.460879,0.325876,0.46087,0.30544,0.431968,0.274752,0.388568,0.0743,0.195578,0.209753,0.184557,0.19558,0.321706,0.454972,0.345023,0.487948,0.303578,0.429335,0.321709,0.454978
2026-05-20,0.3145,0.167285,0.196673,0.196559,0.18321,0.167285,0.275167,0.389155,0.323508,0.457521,0.323321,0.457256,0.301362,0.426201,0.275167,0.389155,0.1088,0.195628,0.206217,0.179858,0.19563,0.321788,0.455088,0.339206,0.479722,0.295848,0.418403,0.321792,0.455094
2026-05-21,0.0851,0.168324,0.203263,0.203629,0.193614,0.168324,0.276877,0.391573,0.334347,0.47285,0.334949,0.473702,0.318476,0.450405,0.276877,0.391573,0.1145,0.195644,0.20344,0.176403,0.195646,0.321814,0.455125,0.334638,0.473262,0.290166,0.410367,0.321818,0.455131
2026-05-22,-0.0266,0.166505,0.199939,0.199961,0.18887,0.166505,0.273885,0.387341,0.32888,0.465119,0.328916,0.46517,0.310672,0.439368,0.273884,0.387341,-0.1443,0.191878,0.200862,0.173314,0.19188,0.31562,0.446366,0.330397,0.467264,0.285084,0.40318,0.315623,0.44637
2026-05-26,0.3398,0.166376,0.196219,0.195899,0.183232,0.166376,0.273673,0.387042,0.322761,0.456465,0.322234,0.455719,0.301398,0.426252,0.273672,0.387041,0.2146,0.191816,0.199432,0.171711,0.191818,0.315518,0.446222,0.328046,0.463939,0.282448,0.399452,0.315522,0.446226
2026-05-27,0.0795,0.167503,0.204463,0.204755,0.196182,0.167503,0.275526,0.389663,0.336321,0.475642,0.336802,0.476323,0.3227,0.456378,0.275525,0.389662,-0.0267,0.191785,0.200744,0.174582,0.191786,0.315467,0.446149,0.330204,0.466992,0.28717,0.40613,0.315469,0.446152
2026-05-28,0.1217,0.165917,0.201015,0.200959,0.1912,0.165917,0.272918,0.385974,0.330649,0.467621,0.330557,0.467491,0.314504,0.444788,0.272917,0.385972,0.1335,0.187957,0.19689,0.16939,0.187958,0.30917,0.437244,0.323864,0.458025,0.278629,0.394051,0.309173,0.437247
2026-05-29,0.1374,0.165899,0.198527,0.198213,0.187757,0.165898,0.272887,0.385931,0.326556,0.461832,0.32604,0.461102,0.308841,0.436778,0.272886,0.385929,-0.0604,0.188055,0.195022,0.167453,0.188056,0.309332,0.437472,0.320792,0.453681,0.275444,0.389547,0.309334,0.437476
2026-06-01,-0.0158,0.165553,0.196537,0.196015,0.185122,0.165553,0.272319,0.385127,0.323284,0.457205,0.322424,0.455989,0.304507,0.430649,0.272318,0.385125,-0.0335,0.187964,0.191636,0.163025,0.187965,0.309182,0.43726,0.315222,0.445803,0.26816,0.379245,0.309184,0.437264
2026-06-02,0.0,0.165004,0.192888,0.192045,0.179524,0.165004,0.271416,0.38385,0.317282,0.448716,0.315895,0.446755,0.295299,0.417627,0.271415,0.383848,-0.0414,0.185995,0.187935,0.158271,0.185996,0.305942,0.432679,0.309135,0.437194,0.260341,0.368187,0.305945,0.432683
2026-06-03,-0.1375,0.164022,0.189281,0.18812,0.174055,0.164022,0.2698,0.381565,0.311348,0.440324,0.309439,0.437624,0.286303,0.404904,0.2698,0.381564,-0.034,0.185151,0.184357,0.153784,0.185153,0.304555,0.430717,0.303249,0.428869,0.25296,0.357749,0.304558,0.430721
2026-06-04,0.0423,0.164262,0.188231,0.187043,0.172081,0.164261,0.270194,0.382122,0.30962,0.437881,0.307666,0.435117,0.283056,0.400312,0.270194,0.382121,0.1058,0.184753,0.180726,0.149332,0.184755,0.3039,0.429791,0.297276,0.420422,0.245636,0.347391,0.303903,0.429795
2026-06-05,-0.2913,0.162035,0.184855,0.183363,0.16716,0.162035,0.266532,0.376942,0.304068,0.430028,0.301614,0.426557,0.274961,0.388864,0.266531,0.376941,-0.4095,0.183042,0.178424,0.147084,0.183043,0.301086,0.42581,0.29349,0.415068,0.241938,0.342161,0.301088,0.425814
2026-06-08,-0.2283,0.163192,0.191827,0.191085,0.17708,0.163191,0.268434,0.379633,0.315537,0.446248,0.314316,0.444521,0.291279,0.411941,0.268433,0.379631,0.033,0.184559,0.197371,0.174348,0.18456,0.303581,0.429339,0.324655,0.459144,0.286784,0.405585,0.303583,0.429342
2026-06-09,0.2177,0.162272,0.194503,0.194068,0.180563,0.162272,0.266922,0.377494,0.319938,0.452473,0.319222,0.451459,0.297008,0.420044,0.266921,0.377492,0.0554,0.184312,0.193606,0.169229,0.184313,0.303174,0.428764,0.318463,0.450386,0.278365,0.393678,0.303176,0.428767
2026-06-10,-0.0796,0.162704,0.195695,0.195325,0.183004,0.162703,0.267632,0.378498,0.321898,0.455245,0.32129,0.454384,0.301023,0.425722,0.26763,0.378496,-0.0456,0.184342,0.190133,0.164634,0.184344,0.303225,0.428836,0.31275,0.442307,0.270807,0.382988,0.303227,0.428838
2026-06-11,0.3868,0.162628,0.192865,0.192264,0.178497,0.162627,0.267506,0.378321,0.317244,0.448663,0.316255,0.447264,0.29361,0.415238,0.267504,0.378318,0.403,0.183709,0.18665,0.160009,0.18371,0.302183,0.427362,0.30702,0.434203,0.263199,0.372229,0.302185,0.427365
2026-06-12,-0.0212,0.163684,0.20479,0.205083,0.197298,0.163682,0.269243,0.380777,0.33686,0.476404,0.33734,0.477083,0.324535,0.458974,0.269241,0.380774,-0.2132,0.184357,0.202541,0.183878,0.184358,0.303249,0.42887,0.33316,0.471172,0.302462,0.427756,0.30325,0.428871
2026-06-15,0.111,0.162654,0.200935,0.200874,0.191358,0.162653,0.26755,0.378383,0.330517,0.467434,0.330417,0.467293,0.314764,0.445156,0.267548,0.37838,0.0282,0.184815,0.203914,0.185768,0.184815,0.304002,0.429934,0.335417,0.474364,0.30557,0.432153,0.304003,0.429936
2026-06-16,0.1056,0.162029,0.198222,0.197895,0.18751,0.162027,0.266521,0.376927,0.326056,0.461125,0.325517,0.460362,0.308435,0.436204,0.266519,0.376924,0.0938,0.184713,0.200021,0.180241,0.184714,0.303835,0.429699,0.329015,0.465309,0.296479,0.419296,0.303836,0.429701
2026-06-17,-0.3277,0.16174,0.195487,0.194898,0.183629,0.161738,0.266046,0.376256,0.321557,0.454763,0.320588,0.453392,0.302051,0.427175,0.266044,0.376252,-0.3055,0.184471,0.197086,0.176255,0.184472,0.303437,0.429136,0.324186,0.45848,0.289921,0.410021,0.303438,0.429137
2026-06-18,0.1376,0.162495,0.204043,0.204237,0.195293,0.162493,0.267288,0.378012,0.33563,0.474664,0.335949,0.475116,0.321238,0.454311,0.267285,0.378007,0.2988,0.18416,0.20423,0.186552,0.184161,0.302925,0.428412,0.335939,0.475101,0.306859,0.433975,0.302926,0.428413
2026-06-22,-0.1693,0.16267,0.201883,0.201847,0.192321,0.162668,0.267577,0.37842,0.332078,0.469641,0.332018,0.469556,0.316348,0.447395,0.267573,0.378416,-0.0822,0.185079,0.209892,0.195116,0.185079,0.304436,0.430548,0.345251,0.488271,0.320947,0.453899,0.304436,0.430549
2026-06-23,0.0424,0.163091,0.201427,0.201383,0.191018,0.163089,0.268268,0.379399,0.331328,0.46858,0.331255,0.468477,0.314205,0.444364,0.268265,0.379394,0.2709,0.185055,0.20661,0.190241,0.185055,0.304397,0.430494,0.339852,0.480636,0.312927,0.442557,0.304397,0.430494
2026-06-24,0.3066,0.162916,0.19773,0.197349,0.185489,0.162914,0.267981,0.378993,0.325247,0.45998,0.324619,0.459093,0.305111,0.431504,0.267978,0.378988,0.6095,0.185634,0.210381,0.196018,0.185634,0.30535,0.431841,0.346055,0.489409,0.322431,0.455998,0.30535,0.431841
2026-06-25,0.0686,0.16301,0.203449,0.203478,0.19489,0.163008,0.268135,0.37921,0.334653,0.473283,0.3347,0.47335,0.320575,0.453373,0.268131,0.379205,-0.1225,0.189283,0.243056,0.241676,0.189283,0.311352,0.44033,0.399803,0.565421,0.397533,0.562211,0.311352,0.440329
2026-06-26,0.1002,0.162944,0.199946,0.199649,0.189699,0.162942,0.268027,0.379057,0.328891,0.465135,0.328402,0.464443,0.312035,0.441296,0.268023,0.379052,0.1061,0.189082,0.239572,0.236227,0.189082,0.311021,0.439861,0.394072,0.557317,0.38857,0.549535,0.311021,0.439861
2026-06-29,0.0105,0.162779,0.197062,0.196493,0.18555,0.162777,0.267756,0.378674,0.324147,0.458425,0.323211,0.457101,0.305211,0.431645,0.267752,0.378668,-0.0542,0.189195,0.235635,0.2305,0.189195,0.311207,0.440124,0.387596,0.548158,0.37915,0.536213,0.311207,0.440124
2026-06-30,-0.2427,0.162593,0.193384,0.192503,0.179916,0.16259,0.267449,0.378239,0.318098,0.449869,0.316649,0.447821,0.295944,0.418538,0.267445,0.378234,-0.3679,0.189206,0.23123,0.223872,0.189206,0.311226,0.440151,0.38035,0.53791,0.368248,0.520794,0.311225,0.440151
2026-07-01,0.0,0.162893,0.196743,0.196235,0.184287,0.162891,0.267943,0.378938,0.323623,0.457683,0.322786,0.456501,0.303134,0.428707,0.267939,0.378932,0.134,0.190469,0.239962,0.235017,0.190468,0.313302,0.443087,0.394714,0.558224,0.386579,0.546719,0.313301,0.443086
2026-07-02,-0.1758,0.162893,0.193087,0.19227,0.178673,0.162891,0.267943,0.378938,0.317609,0.449179,0.316265,0.447278,0.293899,0.415647,0.267939,0.378932,-0.2583,0.190671,0.236664,0.230209,0.19067,0.313634,0.443557,0.389288,0.55055,0.378671,0.535535,0.313634,0.443557
2026-07-06,0.16,0.163126,0.193273,0.192536,0.178502,0.163123,0.268326,0.37948,0.317915,0.449612,0.316703,0.447897,0.293618,0.415249,0.268321,0.379473,0.266,0.191215,0.238468,0.23199,0.191215,0.31453,0.444824,0.392256,0.554748,0.381601,0.539679,0.314529,0.444823
2026-07-07,-0.3203,0.162999,0.192209,0.191367,0.177446,0.162996,0.268117,0.379184,0.316164,0.447135,0.31478,0.445178,0.291881,0.412793,0.268112,0.379178,-0.3556,0.191871,0.240081,0.23417,0.191871,0.315609,0.44635,0.394909,0.5585,0.385187,0.54475,0.315608,0.446349
2026-07-08,-0.1337,0.16407,0.200389,0.200315,0.189086,0.164067,0.269879,0.381677,0.329619,0.466164,0.329498,0.465992,0.311027,0.43987,0.269874,0.381669,0.0002,0.193117,0.24728,0.243172,0.193116,0.317659,0.449249,0.406751,0.575248,0.399994,0.565691,0.317657,0.449247
2026-07-09,0.1177,0.164264,0.198769,0.198582,0.186228,0.164261,0.270199,0.382128,0.326955,0.462396,0.326648,0.461962,0.306326,0.433222,0.270194,0.382121,-0.0353,0.193071,0.242193,0.235764,0.19307,0.317583,0.449142,0.398383,0.563414,0.387808,0.548458,0.317582,0.44914
2026-07-10,-0.0374,0.163706,0.196336,0.195919,0.182842,0.163702,0.269279,0.380828,0.322953,0.456736,0.322268,0.455767,0.300757,0.425345,0.269274,0.380821,-0.2659,0.191837,0.237438,0.228745,0.191836,0.315553,0.446271,0.390562,0.552353,0.376263,0.53213,0.315551,0.446268
2026-07-13,-0.2142,0.16372,0.192918,0.192222,0.177508,0.163717,0.269303,0.380862,0.317331,0.448785,0.316186,0.447166,0.291983,0.412938,0.269298,0.380855,-0.1714,0.192532,0.239523,0.231143,0.192531,0.316695,0.447886,0.393992,0.557203,0.380207,0.537708,0.316694,0.447884
2026-07-14,0.0911,0.163525,0.194755,0.194283,0.179921,0.163522,0.268983,0.380409,0.320353,0.453059,0.319577,0.451961,0.295952,0.41855,0.268978,0.380402,-0.0491,0.191659,0.237586,0.228,0.191658,0.315259,0.445855,0.390806,0.552697,0.375038,0.530397,0.315258,0.445853
2026-07-15,0.1338,0.163581,0.191906,0.191182,0.175861,0.163577,0.269074,0.380538,0.315666,0.446431,0.314476,0.444748,0.289274,0.409106,0.269069,0.38053,0.1072,0.191668,0.233112,0.221381,0.191667,0.315274,0.445876,0.383446,0.542289,0.36415,0.515,0.315273,0.445874
2026-07-16,0.0481,0.163268,0.190122,0.189239,0.173625,0.163265,0.26856,0.379811,0.312731,0.44228,0.31128,0.440228,0.285596,0.403904,0.268555,0.379804,0.1131,0.191714,0.229547,0.216238,0.191713,0.315351,0.445985,0.377582,0.533996,0.355689,0.503033,0.315349,0.445983
2026-07-17,-0.0428,0.162939,0.186803,0.185645,0.168748,0.162936,0.268019,0.379045,0.307273,0.434561,0.305368,0.431867,0.277573,0.392558,0.268013,0.379038,0.0074,0.191065,0.22623,0.211473,0.191064,0.314283,0.444475,0.372125,0.526278,0.347851,0.491949,0.314281,0.444472
2026-07-20,-0.1606,0.162964,0.183685,0.182282,0.163943,0.162961,0.26806,0.379104,0.302143,0.427306,0.299836,0.424043,0.269669,0.38138,0.268054,0.379096,-0.2965,0.191048,0.221836,0.205038,0.191047,0.314255,0.444435,0.364899,0.516058,0.337267,0.47698,0.314253,0.444432
2026-07-21,-0.1394,0.162953,0.183637,0.182329,0.163744,0.162949,0.268041,0.379077,0.302065,0.427195,0.299913,0.424152,0.269342,0.380917,0.268036,0.379069,-0.1571,0.191758,0.226423,0.211644,0.191757,0.315422,0.446086,0.372444,0.526728,0.348132,0.492346,0.31542,0.446083
2026-07-22,-0.1879,0.162604,0.182801,0.181503,0.162386,0.1626,0.267467,0.378265,0.300689,0.425249,0.298555,0.422231,0.267109,0.377759,0.267461,0.378257,-0.086,0.191437,0.224529,0.208773,0.191435,0.314894,0.445339,0.369328,0.522322,0.343411,0.485669,0.314892,0.445336
2026-07-23,-0.1721,0.162845,0.183908,0.182809,0.164029,0.162842,0.267864,0.378827,0.30251,0.427824,0.300702,0.425267,0.269811,0.381581,0.267858,0.378819,-0.2075,0.191261,0.220956,0.203506,0.191259,0.314605,0.44493,0.36345,0.514009,0.334748,0.473417,0.314603,0.444927
2026-07-24,0.0108,0.16302,0.184263,0.183276,0.164524,0.163016,0.268151,0.379233,0.303094,0.42865,0.30147,0.426354,0.270626,0.382733,0.268146,0.379225,0.0374,0.190556,0.221092,0.203748,0.190555,0.313446,0.443291,0.363674,0.514326,0.335145,0.473979,0.313444,0.443288
2026-07-27,0.199,0.163007,0.180879,0.179618,0.159534,0.163003,0.26813,0.379203,0.297528,0.420779,0.295453,0.417845,0.262418,0.371125,0.268124,0.379194,0.1074,0.190493,0.216949,0.197753,0.190491,0.313341,0.443143,0.356859,0.504688,0.325285,0.460034,0.313339,0.44314
2026-07-28,0.1449,0.163315,0.181945,0.180803,0.162173,0.163311,0.268636,0.379919,0.299282,0.423259,0.297403,0.420602,0.266759,0.377264,0.26863,0.37991,0.2232,0.189586,0.213915,0.193526,0.189585,0.31185,0.441034,0.351869,0.497631,0.31833,0.450198,0.311848,0.441032
2026-07-29,-0.2793,0.163518,0.180847,0.179635,0.161189,0.163514,0.26897,0.380391,0.297475,0.420704,0.295481,0.417884,0.26514,0.374974,0.268964,0.380383,-0.3517,0.189995,0.214856,0.195433,0.189994,0.312522,0.441985,0.353417,0.49982,0.321468,0.454636,0.31252,0.441982
2026-07-30,-0.0269,0.163035,0.18712,0.186543,0.170598,0.163031,0.268176,0.379269,0.307793,0.435296,0.306845,0.433956,0.280616,0.396861,0.26817,0.37926,-0.1911,0.189823,0.223423,0.208144,0.189822,0.31224,0.441585,0.367508,0.519748,0.342376,0.484206,0.312238,0.441582
2026-07-31,-0.1023,0.162718,0.183809,0.182976,0.165532,0.162714,0.267655,0.378531,0.302347,0.427594,0.300977,0.425657,0.272283,0.385076,0.267649,0.378523,-0.163,0.190069,0.222786,0.207161,0.190067,0.312644,0.442157,0.36646,0.518266,0.340759,0.481919,0.312642,0.442154
2026-08-03,0.1238,0.162866,0.181829,0.18088,0.162433,0.162862,0.267898,0.378874,0.29909,0.422988,0.29753,0.420781,0.267187,0.377869,0.267892,0.378866,0.2038,0.190206,0.221165,0.20478,0.190205,0.31287,0.442476,0.363795,0.514496,0.336843,0.47638,0.312868,0.442473
2026-08-04,0.274,0.159342,0.180122,0.179044,0.160378,0.159338,0.262102,0.370678,0.296282,0.419017,0.29451,0.416511,0.263806,0.373087,0.262095,0.370668,0.2281,0.185055,0.220977,0.204722,0.185053,0.304396,0.430493,0.363485,0.514059,0.336746,0.476244,0.304393,0.430488
2026-08-05,0.1233,0.160051,0.185192,0.184517,0.169359,0.160048,0.263269,0.372328,0.304622,0.430812,0.303512,0.429242,0.278578,0.393979,0.263262,0.372319,0.0507,0.184572,0.221799,0.206199,0.18457,0.303602,0.429369,0.364838,0.515972,0.339177,0.479681,0.303599,0.429364
2026-08-06,-0.2038,0.160185,0.183335,0.182512,0.166954,0.160181,0.263488,0.372638,0.301568,0.426492,0.300213,0.424577,0.274623,0.388385,0.263482,0.37263,-0.1964,0.184373,0.217753,0.200303,0.184371,0.303275,0.428907,0.358182,0.506559,0.329478,0.465964,0.303272,0.428902
2026-08-07,0.1288,0.160675,0.18516,0.184572,0.169391,0.160672,0.264295,0.373779,0.30457,0.430739,0.303603,0.42937,0.278631,0.394054,0.264289,0.373771,0.1081,0.184672,0.217577,0.200071,0.18467,0.303767,0.429603,0.357893,0.50615,0.329096,0.465424,0.303764,0.429598
2026-08-10,-0.1879,0.160829,0.183462,0.182733,0.167234,0.160825,0.264547,0.374136,0.301777,0.426788,0.300577,0.425091,0.275082,0.389035,0.264541,0.374127,-0.2205,0.184819,0.214539,0.195775,0.184817,0.304009,0.429945,0.352896,0.499083,0.32203,0.455431,0.304006,0.42994
2026-08-11,0.0376,0.161147,0.184527,0.183962,0.168545,0.161144,0.265071,0.374877,0.303529,0.429266,0.302598,0.42795,0.27724,0.392086,0.265065,0.374869,0.0346,0.185252,0.215531,0.197346,0.18525,0.304721,0.430951,0.354527,0.50139,0.324614,0.459085,0.304718,0.430947
2026-08-12,0.0644,0.161113,0.18125,0.180434,0.16367,0.161109,0.265014,0.374796,0.298139,0.421643,0.296795,0.419742,0.26922,0.380745,0.265008,0.374788,0.0392,0.185043,0.211505,0.191521,0.18504,0.304377,0.430465,0.347905,0.492025,0.315033,0.445536,0.304373,0.43046
2026-08-13,0.2519,0.16115,0.178324,0.177281,0.159466,0.161147,0.265076,0.374884,0.293325,0.414835,0.291609,0.412408,0.262305,0.370965,0.26507,0.374876,0.2445,0.184955,0.207605,0.185935,0.184953,0.304233,0.430261,0.341489,0.482951,0.305844,0.43254,0.30423,0.430257
2026-08-14,-0.15,0.160818,0.182167,0.181427,0.166466,0.160815,0.26453,0.374112,0.299647,0.423776,0.298429,0.422053,0.273819,0.387249,0.264524,0.374103,-0.1737,0.184955,0.209908,0.189959,0.184953,0.304233,0.430261,0.345278,0.48831,0.312463,0.441901,0.30423,0.430257
2026-08-17,-0.0858,0.161067,0.181765,0.181066,0.165524,0.161064,0.26494,0.374691,0.298985,0.42284,0.297836,0.421214,0.27227,0.385058,0.264934,0.374682,-0.1051,0.185217,0.209187,0.189023,0.185215,0.304664,0.430871,0.344092,0.486632,0.310923,0.439723,0.30466,0.430866
2026-08-18,0.0161,0.160967,0.179468,0.178639,0.161852,0.160963,0.264775,0.374457,0.295206,0.417495,0.293843,0.415567,0.26623,0.376516,0.264768,0.374449,0.0621,0.185242,0.206412,0.185064,0.18524,0.304705,0.430928,0.339528,0.480177,0.304411,0.430513,0.304701,0.430923
2026-08-19,0.2786,0.160967,0.176198,0.175125,0.156971,0.160963,0.264775,0.374458,0.289828,0.40989,0.288063,0.407393,0.258201,0.365161,0.264768,0.374449,0.0782,0.185249,0.202858,0.180069,0.185247,0.304717,0.430945,0.333681,0.471908,0.296196,0.418895,0.304713,0.43094
2026-08-20,-0.1874,0.161594,0.181795,0.181149,0.166789,0.16159,0.265806,0.375916,0.299034,0.422909,0.297972,0.421407,0.274351,0.388001,0.265799,0.375907,-0.2915,0.185145,0.199616,0.175631,0.185143,0.304546,0.430704,0.328349,0.464368,0.288896,0.408571,0.304542,0.430699
2026-08-21,-0.1448,0.16204,0.182935,0.182462,0.168097,0.162036,0.266539,0.376953,0.30091,0.425562,0.300131,0.42446,0.276502,0.391043,0.266532,0.376943,-0.1671,0.185956,0.205399,0.184645,0.185954,0.30588,0.43259,0.337861,0.47782,0.303723,0.429541,0.305876,0.432585
2026-08-24,0.1234,0.16194,0.182292,0.181832,0.166791,0.161936,0.266376,0.376722,0.299851,0.424065,0.299096,0.422996,0.274354,0.388005,0.266369,0.376712,0.1368,0.186086,0.204566,0.18364,0.186084,0.306093,0.432893,0.336491,0.475882,0.302069,0.427202,0.306089,0.432887
2026-08-25,0.3212,0.161075,0.180532,0.179934,0.16451,0.161071,0.264953,0.37471,0.296957,0.419972,0.295974,0.418581,0.270603,0.3827,0.264946,0.3747,0.2974,0.1862,0.202674,0.181171,0.186198,0.306281,0.433158,0.333378,0.471479,0.298009,0.421459,0.306277,0.433152
2026-08-26,-0.1069,0.162283,0.188566,0.188499,0.177848,0.162279,0.26694,0.377519,0.310173,0.438662,0.310062,0.438505,0.292542,0.413728,0.266933,0.37751,-0.0742,0.187045,0.208334,0.190159,0.187043,0.307671,0.435123,0.342688,0.484646,0.312793,0.442367,0.307666,0.435117
2026-08-27,-0.0749,0.162423,0.186584,0.1864,0.174407,0.162419,0.267169,0.377844,0.306913,0.434051,0.306609,0.433622,0.286882,0.405723,0.267163,0.377835,-0.1151,0.187007,0.204977,0.18526,0.187004,0.307607,0.435033,0.337167,0.476838,0.304734,0.43097,0.307603,0.435027
2026-08-28,-0.252,0.162444,0.18394,0.183586,0.170086,0.16244,0.267204,0.377894,0.302563,0.427899,0.30198,0.427076,0.279775,0.395672,0.267198,0.377884,-0.1598,0.186958,0.202558,0.181815,0.186956,0.307528,0.434921,0.333188,0.471211,0.299068,0.422957,0.307523,0.434915
2026-08-31,-0.0215,0.163195,0.188265,0.188303,0.176079,0.163191,0.26844,0.379641,0.309676,0.43796,0.309739,0.438048,0.289632,0.409613,0.268434,0.379632,,,,,0.186652,,,,,,,0.307024,0.434208
2026-09-01,-0.2419,0.163154,0.184887,0.184676,0.170796,0.16315,0.268372,0.379546,0.304121,0.430103,0.303774,0.429612,0.280943,0.397323,0.268366,0.379537,,,,,,,,,,,,,
2026-09-02,0.043,0.163489,0.188536,0.188656,0.175875,0.163485,0.268922,0.380323,0.310122,0.438591,0.31032,0.43887,0.289297,0.409138,0.268916,0.380315,,,,,,,,,,,,,
2026-09-03,0.0538,0.16322,0.185204,0.185067,0.170842,0.163216,0.268481,0.379699,0.304642,0.43084,0.304417,0.430521,0.281018,0.39743,0.268474,0.37969,,,,,,,,,,,,,
2026-09-04,0.0161,0.162462,0.182066,0.181692,0.166161,0.162458,0.267234,0.377936,0.299481,0.42354,0.298865,0.42267,0.273318,0.38654,0.267228,0.377927,,,,,,,,,,,,,
