date,Open,High,Low,Close,Adj Close,Volume,Dividends,Stock Splits,Capital Gains,flag
2021-08-02,2.0799999237060547,2.0799999237060547,2.0799999237060547,2.0799999237060547,1.7694673538208008,0.0,0.0,0.0,0.0,0
2021-08-03,2.0840001106262207,2.0840001106262207,2.0840001106262207,2.0840001106262207,1.7728707790374756,0.0,0.0,0.0,0.0,0
2021-08-04,2.0859999656677246,2.0859999656677246,2.0859999656677246,2.0859999656677246,1.774571657180786,25000.0,0.0,0.0,0.0,0
2021-08-05,2.0880000591278076,2.0880000591278076,2.0880000591278076,2.0880000591278076,1.776273250579834,0.0,0.0,0.0,0.0,0
2021-08-06,2.0880000591278076,2.0880000591278076,2.0880000591278076,2.0880000591278076,1.776273250579834,0.0,0.0,0.0,0.0,0
2021-08-09,2.0840001106262207,2.0840001106262207,2.0840001106262207,2.0840001106262207,1.7728707790374756,0.0,0.0,0.0,0.0,0
2021-08-10,2.0820000171661377,2.0820000171661377,2.0820000171661377,2.0820000171661377,1.771168828010559,50000.0,0.0,0.0,0.0,0
2021-08-11,2.0820000171661377,2.0820000171661377,2.0820000171661377,2.0820000171661377,1.771168828010559,0.0,0.0,0.0,0.0,0
2021-08-12,2.0820000171661377,2.0820000171661377,2.0820000171661377,2.0820000171661377,1.771168828010559,0.0,0.0,0.0,0.0,0
2021-08-13,2.0820000171661377,2.0820000171661377,2.0820000171661377,2.0820000171661377,1.771168828010559,0.0,0.0,0.0,0.0,0
2021-08-16,2.0859999656677246,2.0859999656677246,2.0859999656677246,2.0859999656677246,1.774571657180786,0.0,0.0,0.0,0.0,0
2021-08-17,2.0920000076293945,2.0920000076293945,2.0920000076293945,2.0920000076293945,1.7796759605407717,0.0,0.0,0.0,0.0,0
2021-08-18,2.0920000076293945,2.0920000076293945,2.0920000076293945,2.0920000076293945,1.7796759605407717,0.0,0.0,0.0,0.0,0
2021-08-19,2.0940001010894775,2.0940001010894775,2.0940001010894775,2.0940001010894775,1.7813775539398191,0.0,0.0,0.0,0.0,0
2021-08-20,2.0940001010894775,2.0940001010894775,2.0940001010894775,2.0940001010894775,1.7813775539398191,0.0,0.0,0.0,0.0,0
2021-08-23,2.0940001010894775,2.0940001010894775,2.0940001010894775,2.0940001010894775,1.7813775539398191,0.0,0.0,0.0,0.0,0
2021-08-24,2.0940001010894775,2.0940001010894775,2.0940001010894775,2.0940001010894775,1.7813775539398191,0.0,0.0,0.0,0.0,0
2021-08-25,2.0940001010894775,2.0940001010894775,2.0940001010894775,2.0940001010894775,1.7813775539398191,0.0,0.0,0.0,0.0,0
2021-08-26,2.0940001010894775,2.0940001010894775,2.0940001010894775,2.0940001010894775,1.7813775539398191,0.0,0.0,0.0,0.0,0
2021-08-27,2.0940001010894775,2.0940001010894775,2.0940001010894775,2.0940001010894775,1.7813775539398191,0.0,0.0,0.0,0.0,0
2021-08-30,2.0959999561309814,2.0959999561309814,2.0959999561309814,2.0959999561309814,1.783078908920288,0.0,0.0,0.0,0.0,0
2021-08-31,2.0999999046325684,2.0999999046325684,2.0999999046325684,2.0999999046325684,1.7864817380905151,0.0,0.0,0.0,0.0,0
2021-09-01,2.0999999046325684,2.0999999046325684,2.0999999046325684,2.0999999046325684,1.7864817380905151,0.0,0.0,0.0,0.0,0
2021-09-02,2.0999999046325684,2.0999999046325684,2.0999999046325684,2.0999999046325684,1.7864817380905151,0.0,0.0,0.0,0.0,0
2021-09-03,2.0999999046325684,2.0999999046325684,2.0999999046325684,2.0999999046325684,1.7864817380905151,0.0,0.0,0.0,0.0,0
2021-09-07,2.0999999046325684,2.0999999046325684,2.0999999046325684,2.0999999046325684,1.7864817380905151,0.0,0.0,0.0,0.0,0
2021-09-08,2.0999999046325684,2.0999999046325684,2.0999999046325684,2.0999999046325684,1.7864817380905151,0.0,0.0,0.0,0.0,0
2021-09-09,2.0999999046325684,2.0999999046325684,2.0999999046325684,2.0999999046325684,1.7864817380905151,0.0,0.0,0.0,0.0,0
2021-09-10,2.1019999980926514,2.1019999980926514,2.1019999980926514,2.1019999980926514,1.7881834506988523,0.0,0.0,0.0,0.0,0
2021-09-13,2.1019999980926514,2.1019999980926514,2.1019999980926514,2.1019999980926514,1.7881834506988523,0.0,0.0,0.0,0.0,0
2021-09-14,2.1019999980926514,2.1019999980926514,2.1019999980926514,2.1019999980926514,1.7881834506988523,0.0,0.0,0.0,0.0,0
2021-09-15,2.1040000915527344,2.1040000915527344,2.1040000915527344,2.1040000915527344,1.789884328842163,0.0,0.0,0.0,0.0,0
2021-09-16,2.1040000915527344,2.1040000915527344,2.1040000915527344,2.1040000915527344,1.789884328842163,0.0,0.0,0.0,0.0,0
2021-09-17,2.1019999980926514,2.1019999980926514,2.1019999980926514,2.1019999980926514,1.7881834506988523,0.0,0.0,0.0,0.0,0
2021-09-20,2.0980000495910645,2.0980000495910645,2.0980000495910645,2.0980000495910645,1.7847801446914673,0.0,0.0,0.0,0.0,0
2021-09-21,2.0980000495910645,2.0980000495910645,2.0980000495910645,2.0980000495910645,1.7847801446914673,0.0,0.0,0.0,0.0,0
2021-09-22,,,,2.0980000495910645,1.7847801446914673,,,,,1
2021-09-23,2.0980000495910645,2.0980000495910645,2.0980000495910645,2.0980000495910645,1.7847801446914673,0.0,0.0,0.0,0.0,0
2021-09-24,2.0920000076293945,2.0920000076293945,2.0920000076293945,2.0920000076293945,1.7796759605407717,0.0,0.0,0.0,0.0,0
2021-09-27,2.0880000591278076,2.0880000591278076,2.0880000591278076,2.0880000591278076,1.776273250579834,0.0,0.0,0.0,0.0,0
2021-09-28,2.0820000171661377,2.0820000171661377,2.0820000171661377,2.0820000171661377,1.771168828010559,0.0,0.0,0.0,0.0,0
2021-09-29,2.0799999237060547,2.0799999237060547,2.0799999237060547,2.0799999237060547,1.7694673538208008,0.0,0.0,0.0,0.0,0
2021-09-30,2.078000068664551,2.078000068664551,2.078000068664551,2.078000068664551,1.767765998840332,0.0,0.0,0.0,0.0,0
2021-10-01,,,,2.078000068664551,1.767765998840332,,,,,1
2021-10-04,2.062999963760376,2.062999963760376,2.062999963760376,2.062999963760376,1.76811945438385,0.0,0.015412,0.0,0.0,0
2021-10-05,2.062000036239624,2.062000036239624,2.062000036239624,2.062000036239624,1.7672624588012695,0.0,0.0,0.0,0.0,0
2021-10-06,2.059999942779541,2.059999942779541,2.059999942779541,2.059999942779541,1.7655481100082395,0.0,0.0,0.0,0.0,0
2021-10-07,2.059999942779541,2.059999942779541,2.059999942779541,2.059999942779541,1.7655481100082395,0.0,0.0,0.0,0.0,0
2021-10-08,2.055999994277954,2.055999994277954,2.055999994277954,2.055999994277954,1.7621201276779177,0.0,0.0,0.0,0.0,0
2021-10-12,2.0399999618530273,2.0399999618530273,2.0399999618530273,2.0399999618530273,1.7484068870544434,40000.0,0.0,0.0,0.0,0
2021-10-13,,,,2.0399999618530273,1.7484068870544434,,,,,1
2021-10-14,,,,2.0399999618530273,1.7484068870544434,,,,,1
2021-10-15,2.052000045776367,2.052000045776367,2.052000045776367,2.052000045776367,1.758691668510437,0.0,0.0,0.0,0.0,0
2021-10-18,2.052000045776367,2.052000045776367,2.052000045776367,2.052000045776367,1.758691668510437,0.0,0.0,0.0,0.0,0
2021-10-19,2.053999900817871,2.053999900817871,2.053999900817871,2.053999900817871,1.7604057788848877,0.0,0.0,0.0,0.0,0
2021-10-20,2.053999900817871,2.053999900817871,2.053999900817871,2.053999900817871,1.7604057788848877,0.0,0.0,0.0,0.0,0
2021-10-21,2.053999900817871,2.053999900817871,2.053999900817871,2.053999900817871,1.7604057788848877,0.0,0.0,0.0,0.0,0
2021-10-22,2.052000045776367,2.052000045776367,2.052000045776367,2.052000045776367,1.758691668510437,0.0,0.0,0.0,0.0,0
2021-10-25,2.052000045776367,2.052000045776367,2.052000045776367,2.052000045776367,1.758691668510437,0.0,0.0,0.0,0.0,0
2021-10-26,2.052000045776367,2.052000045776367,2.052000045776367,2.052000045776367,1.758691668510437,0.0,0.0,0.0,0.0,0
2021-10-27,2.053999900817871,2.053999900817871,2.053999900817871,2.053999900817871,1.7604057788848877,0.0,0.0,0.0,0.0,0
2021-10-28,2.062000036239624,2.062000036239624,2.062000036239624,2.062000036239624,1.7672624588012695,0.0,0.0,0.0,0.0,0
2021-10-29,2.058000087738037,2.058000087738037,2.058000087738037,2.058000087738037,1.763833999633789,0.0,0.0,0.0,0.0,0
2021-11-01,2.058000087738037,2.058000087738037,2.058000087738037,2.058000087738037,1.763833999633789,0.0,0.0,0.0,0.0,0
2021-11-02,2.058000087738037,2.058000087738037,2.058000087738037,2.058000087738037,1.763833999633789,0.0,0.0,0.0,0.0,0
2021-11-03,2.058000087738037,2.058000087738037,2.058000087738037,2.058000087738037,1.763833999633789,0.0,0.0,0.0,0.0,0
2021-11-04,2.058000087738037,2.058000087738037,2.058000087738037,2.058000087738037,1.763833999633789,0.0,0.0,0.0,0.0,0
2021-11-05,2.063999891281128,2.063999891281128,2.063999891281128,2.063999891281128,1.768976092338562,0.0,0.0,0.0,0.0,0
2021-11-08,2.063999891281128,2.063999891281128,2.063999891281128,2.063999891281128,1.768976092338562,0.0,0.0,0.0,0.0,0
2021-11-09,2.058000087738037,2.058000087738037,2.058000087738037,2.058000087738037,1.763833999633789,0.0,0.0,0.0,0.0,0
2021-11-10,2.058000087738037,2.058000087738037,2.058000087738037,2.058000087738037,1.763833999633789,0.0,0.0,0.0,0.0,0
2021-11-12,2.058000087738037,2.058000087738037,2.058000087738037,2.058000087738037,1.763833999633789,0.0,0.0,0.0,0.0,0
2021-11-15,2.058000087738037,2.058000087738037,2.058000087738037,2.058000087738037,1.763833999633789,0.0,0.0,0.0,0.0,0
2021-11-16,2.055999994277954,2.055999994277954,2.055999994277954,2.055999994277954,1.7621201276779177,0.0,0.0,0.0,0.0,0
2021-11-17,2.055999994277954,2.055999994277954,2.055999994277954,2.055999994277954,1.7621201276779177,0.0,0.0,0.0,0.0,0
2021-11-18,2.059999942779541,2.059999942779541,2.059999942779541,2.059999942779541,1.7655481100082395,0.0,0.0,0.0,0.0,0
2021-11-19,2.059999942779541,2.059999942779541,2.059999942779541,2.059999942779541,1.7655481100082395,0.0,0.0,0.0,0.0,0
2021-11-22,2.062000036239624,2.062000036239624,2.062000036239624,2.062000036239624,1.7672624588012695,0.0,0.0,0.0,0.0,0
2021-11-23,2.062000036239624,2.062000036239624,2.062000036239624,2.062000036239624,1.7672624588012695,0.0,0.0,0.0,0.0,0
2021-11-24,2.055999994277954,2.055999994277954,2.055999994277954,2.055999994277954,1.7621201276779177,1200.0,0.0,0.0,0.0,0
2021-11-26,2.055999994277954,2.055999994277954,2.055999994277954,2.055999994277954,1.7621201276779177,0.0,0.0,0.0,0.0,0
2021-11-29,2.055999994277954,2.055999994277954,2.055999994277954,2.055999994277954,1.7621201276779177,0.0,0.0,0.0,0.0,0
2021-11-30,2.059999942779541,2.059999942779541,2.059999942779541,2.059999942779541,1.7655481100082395,0.0,0.0,0.0,0.0,0
2021-12-01,2.059999942779541,2.059999942779541,2.059999942779541,2.059999942779541,1.7655481100082395,0.0,0.0,0.0,0.0,0
2021-12-02,2.059999942779541,2.059999942779541,2.059999942779541,2.059999942779541,1.7655481100082395,0.0,0.0,0.0,0.0,0
2021-12-03,2.062000036239624,2.062000036239624,2.062000036239624,2.062000036239624,1.7672624588012695,0.0,0.0,0.0,0.0,0
2021-12-06,2.068000078201294,2.068000078201294,2.068000078201294,2.068000078201294,1.7724045515060425,0.0,0.0,0.0,0.0,0
2021-12-07,2.068000078201294,2.068000078201294,2.068000078201294,2.068000078201294,1.7724045515060425,0.0,0.0,0.0,0.0,0
2021-12-08,2.068000078201294,2.068000078201294,2.068000078201294,2.068000078201294,1.7724045515060425,0.0,0.0,0.0,0.0,0
2021-12-09,2.065999984741211,2.065999984741211,2.065999984741211,2.065999984741211,1.770690679550171,0.0,0.0,0.0,0.0,0
2021-12-10,2.065999984741211,2.065999984741211,2.065999984741211,2.065999984741211,1.770690679550171,0.0,0.0,0.0,0.0,0
2021-12-13,2.065999984741211,2.065999984741211,2.065999984741211,2.065999984741211,1.770690679550171,0.0,0.0,0.0,0.0,0
2021-12-14,2.069999933242798,2.069999933242798,2.069999933242798,2.069999933242798,1.774118423461914,0.0,0.0,0.0,0.0,0
2021-12-15,2.069999933242798,2.069999933242798,2.069999933242798,2.069999933242798,1.774118423461914,0.0,0.0,0.0,0.0,0
2021-12-16,2.069999933242798,2.069999933242798,2.069999933242798,2.069999933242798,1.774118423461914,0.0,0.0,0.0,0.0,0
2021-12-17,2.069999933242798,2.069999933242798,2.069999933242798,2.069999933242798,1.774118423461914,0.0,0.0,0.0,0.0,0
2021-12-20,2.078000068664551,2.078000068664551,2.078000068664551,2.078000068664551,1.780975103378296,400.0,0.0,0.0,0.0,0
2021-12-21,2.0739998817443848,2.0739998817443848,2.0739998817443848,2.0739998817443848,1.777546525001526,0.0,0.0,0.0,0.0,0
2021-12-22,2.072000026702881,2.072000026702881,2.072000026702881,2.072000026702881,1.7758331298828125,0.0,0.0,0.0,0.0,0
2021-12-23,2.072000026702881,2.072000026702881,2.072000026702881,2.072000026702881,1.7758331298828125,0.0,0.0,0.0,0.0,0
2021-12-27,,,,2.072000026702881,1.7758331298828125,,,,,1
2021-12-28,2.072000026702881,2.072000026702881,2.072000026702881,2.072000026702881,1.7758331298828125,0.0,0.0,0.0,0.0,0
2021-12-29,2.072000026702881,2.072000026702881,2.072000026702881,2.072000026702881,1.7758331298828125,0.0,0.0,0.0,0.0,0
2021-12-30,2.068000078201294,2.068000078201294,2.068000078201294,2.068000078201294,1.7724045515060425,0.0,0.0,0.0,0.0,0
2021-12-31,2.068000078201294,2.068000078201294,2.068000078201294,2.068000078201294,1.7724045515060425,0.0,0.0,0.0,0.0,0
2022-01-03,2.068000078201294,2.068000078201294,2.068000078201294,2.068000078201294,1.7724045515060425,0.0,0.0,0.0,0.0,0
2022-01-04,2.0460000038146973,2.0460000038146973,2.0460000038146973,2.0460000038146973,1.7667020559310913,0.0,0.015396,0.0,0.0,0
2022-01-05,2.0460000038146973,2.0460000038146973,2.0460000038146973,2.0460000038146973,1.7667020559310913,0.0,0.0,0.0,0.0,0
2022-01-06,2.0360000133514404,2.0360000133514404,2.0360000133514404,2.0360000133514404,1.758067011833191,0.0,0.0,0.0,0.0,0
2022-01-07,2.0339999198913574,2.0339999198913574,2.0339999198913574,2.0339999198913574,1.756340265274048,0.0,0.0,0.0,0.0,0
2022-01-10,2.0280001163482666,2.0280001163482666,2.0280001163482666,2.0280001163482666,1.7511590719223022,0.0,0.0,0.0,0.0,0
2022-01-11,2.0280001163482666,2.0280001163482666,2.0280001163482666,2.0280001163482666,1.7511590719223022,0.0,0.0,0.0,0.0,0
2022-01-12,2.0280001163482666,2.0280001163482666,2.0280001163482666,2.0280001163482666,1.7511590719223022,0.0,0.0,0.0,0.0,0
2022-01-13,2.0260000228881836,2.0260000228881836,2.0260000228881836,2.0260000228881836,1.7494322061538696,0.0,0.0,0.0,0.0,0
2022-01-14,2.0179998874664307,2.0179998874664307,2.0179998874664307,2.0179998874664307,1.7425243854522705,0.0,0.0,0.0,0.0,0
2022-01-18,2.00600004196167,2.00600004196167,2.00600004196167,2.00600004196167,1.732162594795227,0.0,0.0,0.0,0.0,0
2022-01-19,2.0,2.0,2.0,2.0,1.726981520652771,0.0,0.0,0.0,0.0,0
2022-01-20,2.003999948501587,2.003999948501587,2.003999948501587,2.003999948501587,1.7304352521896362,0.0,0.0,0.0,0.0,0
2022-01-21,2.00600004196167,2.00600004196167,2.00600004196167,2.00600004196167,1.732162594795227,0.0,0.0,0.0,0.0,0
2022-01-24,2.009999990463257,2.009999990463257,2.009999990463257,2.009999990463257,1.7356162071228027,0.0,0.0,0.0,0.0,0
2022-01-25,2.009999990463257,2.009999990463257,2.009999990463257,2.009999990463257,1.7356162071228027,0.0,0.0,0.0,0.0,0
2022-01-26,2.009999990463257,2.009999990463257,2.009999990463257,2.009999990463257,1.7356162071228027,0.0,0.0,0.0,0.0,0
2022-01-27,2.002000093460083,2.002000093460083,2.002000093460083,2.002000093460083,1.7287087440490725,0.0,0.0,0.0,0.0,0
2022-01-28,2.002000093460083,2.002000093460083,2.002000093460083,2.002000093460083,1.7287087440490725,0.0,0.0,0.0,0.0,0
2022-01-31,2.002000093460083,2.002000093460083,2.002000093460083,2.002000093460083,1.7287087440490725,0.0,0.0,0.0,0.0,0
2022-02-01,,,,2.002000093460083,1.7287087440490725,,,,,1
2022-02-02,,,,2.002000093460083,1.7287087440490725,,,,,1
2022-02-03,,,,2.002000093460083,1.7287087440490725,,,,,1
2022-02-04,2.002000093460083,2.002000093460083,2.002000093460083,2.002000093460083,1.7287087440490725,0.0,0.0,0.0,0.0,0
2022-02-07,1.9859999418258667,1.9859999418258667,1.9859999418258667,1.9859999418258667,1.7148929834365845,61200.0,0.0,0.0,0.0,0
2022-02-08,1.9859999418258667,1.9859999418258667,1.9859999418258667,1.9859999418258667,1.7148929834365845,0.0,0.0,0.0,0.0,0
2022-02-09,1.9859999418258667,1.9859999418258667,1.9859999418258667,1.9859999418258667,1.7148929834365845,0.0,0.0,0.0,0.0,0
2022-02-10,1.9859999418258667,1.9859999418258667,1.9859999418258667,1.9859999418258667,1.7148929834365845,0.0,0.0,0.0,0.0,0
2022-02-11,1.9780000448226929,1.9780000448226929,1.9780000448226929,1.9780000448226929,1.7079848051071167,0.0,0.0,0.0,0.0,0
2022-02-14,1.9780000448226929,1.9780000448226929,1.9780000448226929,1.9780000448226929,1.7079848051071167,0.0,0.0,0.0,0.0,0
2022-02-15,1.97599995136261,1.97599995136261,1.97599995136261,1.97599995136261,1.706257462501526,0.0,0.0,0.0,0.0,0
2022-02-16,1.9739999771118164,1.9739999771118164,1.9739999771118164,1.9739999771118164,1.7045305967330933,0.0,0.0,0.0,0.0,0
2022-02-17,1.9739999771118164,1.9739999771118164,1.9739999771118164,1.9739999771118164,1.7045305967330933,0.0,0.0,0.0,0.0,0
2022-02-18,1.9739999771118164,1.9739999771118164,1.9739999771118164,1.9739999771118164,1.7045305967330933,0.0,0.0,0.0,0.0,0
2022-02-22,1.9800000190734863,1.9800000190734863,1.9800000190734863,1.9800000190734863,1.7097117900848389,0.0,0.0,0.0,0.0,0
2022-02-23,1.9780000448226929,1.9780000448226929,1.9739999771118164,1.9739999771118164,1.7045305967330933,105400.0,0.0,0.0,0.0,0
2022-02-24,1.9700000286102295,1.9700000286102295,1.9700000286102295,1.9700000286102295,1.701076626777649,5400.0,0.0,0.0,0.0,0
2022-02-25,1.968000054359436,1.968000054359436,1.968000054359436,1.968000054359436,1.6993499994277954,0.0,0.0,0.0,0.0,0
2022-02-28,1.968000054359436,1.968000054359436,1.968000054359436,1.968000054359436,1.6993499994277954,0.0,0.0,0.0,0.0,0
2022-03-01,1.9700000286102295,1.9700000286102295,1.9700000286102295,1.9700000286102295,1.701076626777649,0.0,0.0,0.0,0.0,0
2022-03-02,1.97599995136261,1.97599995136261,1.97599995136261,1.97599995136261,1.706257462501526,0.0,0.0,0.0,0.0,0
2022-03-03,1.965999960899353,1.965999960899353,1.965999960899353,1.965999960899353,1.6976226568222046,0.0,0.0,0.0,0.0,0
2022-03-04,1.965999960899353,1.965999960899353,1.965999960899353,1.965999960899353,1.6976226568222046,0.0,0.0,0.0,0.0,0
2022-03-07,1.968000054359436,1.968000054359436,1.968000054359436,1.968000054359436,1.6993499994277954,0.0,0.0,0.0,0.0,0
2022-03-08,1.955999970436096,1.955999970436096,1.955999970436096,1.955999970436096,1.6889876127243042,0.0,0.0,0.0,0.0,0
2022-03-09,1.9479999542236328,1.9479999542236328,1.9479999542236328,1.9479999542236328,1.6820799112319946,0.0,0.0,0.0,0.0,0
2022-03-10,1.9459999799728391,1.9459999799728391,1.9459999799728391,1.9459999799728391,1.680353045463562,0.0,0.0,0.0,0.0,0
2022-03-11,1.9359999895095823,1.9359999895095823,1.9359999895095823,1.9359999895095823,1.6717180013656616,0.0,0.0,0.0,0.0,0
2022-03-14,1.9359999895095823,1.9359999895095823,1.9359999895095823,1.9359999895095823,1.6717180013656616,0.0,0.0,0.0,0.0,0
2022-03-15,1.9079999923706057,1.9079999923706057,1.9079999923706057,1.9079999923706057,1.6475403308868408,0.0,0.0,0.0,0.0,0
2022-03-16,1.8960000276565552,1.8960000276565552,1.8960000276565552,1.8960000276565552,1.6371784210205078,0.0,0.0,0.0,0.0,0
2022-03-17,1.9119999408721924,1.9119999408721924,1.9119999408721924,1.9119999408721924,1.6509941816329956,0.0,0.0,0.0,0.0,0
2022-03-18,1.9179999828338623,1.9179999828338623,1.9179999828338623,1.9179999828338623,1.6561752557754517,0.0,0.0,0.0,0.0,0
2022-03-21,1.919999957084656,1.919999957084656,1.919999957084656,1.919999957084656,1.657902479171753,0.0,0.0,0.0,0.0,0
2022-03-22,1.9140000343322752,1.9140000343322752,1.9140000343322752,1.9140000343322752,1.6527211666107178,0.0,0.0,0.0,0.0,0
2022-03-23,1.9119999408721924,1.9119999408721924,1.9119999408721924,1.9119999408721924,1.6509941816329956,0.0,0.0,0.0,0.0,0
2022-03-24,1.9140000343322752,1.9140000343322752,1.9140000343322752,1.9140000343322752,1.6527211666107178,0.0,0.0,0.0,0.0,0
2022-03-25,1.9140000343322752,1.9140000343322752,1.9140000343322752,1.9140000343322752,1.6527211666107178,0.0,0.0,0.0,0.0,0
2022-03-28,1.8980000019073489,1.8980000019073489,1.8980000019073489,1.8980000019073489,1.6389052867889404,600.0,0.0,0.0,0.0,0
2022-03-29,1.906000018119812,1.906000018119812,1.906000018119812,1.906000018119812,1.6458131074905396,0.0,0.0,0.0,0.0,0
2022-03-30,1.919999957084656,1.919999957084656,1.919999957084656,1.919999957084656,1.657902479171753,0.0,0.0,0.0,0.0,0
2022-03-31,1.9259999990463257,1.9259999990463257,1.9259999990463257,1.9259999990463257,1.66308331489563,0.0,0.0,0.0,0.0,0
2022-04-01,1.9119999408721924,1.9119999408721924,1.9119999408721924,1.9119999408721924,1.663119554519653,0.0,0.014042,0.0,0.0,0
2022-04-04,1.9119999408721924,1.9119999408721924,1.9119999408721924,1.9119999408721924,1.663119554519653,0.0,0.0,0.0,0.0,0
2022-04-05,,,,1.9119999408721924,1.663119554519653,,,,,1
2022-04-06,1.899999976158142,1.899999976158142,1.899999976158142,1.899999976158142,1.652681827545166,0.0,0.0,0.0,0.0,0
2022-04-07,1.899999976158142,1.899999976158142,1.899999976158142,1.899999976158142,1.652681827545166,0.0,0.0,0.0,0.0,0
2022-04-08,1.899999976158142,1.899999976158142,1.899999976158142,1.899999976158142,1.652681827545166,0.0,0.0,0.0,0.0,0
2022-04-11,1.888000011444092,1.888000011444092,1.888000011444092,1.888000011444092,1.6422438621520996,0.0,0.0,0.0,0.0,0
2022-04-12,1.8799999952316284,1.8799999952316284,1.8799999952316284,1.8799999952316284,1.6352847814559937,0.0,0.0,0.0,0.0,0
2022-04-13,1.8799999952316284,1.8799999952316284,1.8799999952316284,1.8799999952316284,1.6352847814559937,0.0,0.0,0.0,0.0,0
2022-04-14,1.8860000371932983,1.8860000371932983,1.8860000371932983,1.8860000371932983,1.640504002571106,0.0,0.0,0.0,0.0,0
2022-04-18,,,,1.8860000371932983,1.640504002571106,,,,,1
2022-04-19,1.878000020980835,1.878000020980835,1.878000020980835,1.878000020980835,1.6335455179214478,0.0,0.0,0.0,0.0,0
2022-04-20,1.868000030517578,1.868000030517578,1.868000030517578,1.868000030517578,1.624847173690796,0.0,0.0,0.0,0.0,0
2022-04-21,1.868000030517578,1.868000030517578,1.868000030517578,1.868000030517578,1.624847173690796,0.0,0.0,0.0,0.0,0
2022-04-22,1.866000056266785,1.866000056266785,1.866000056266785,1.866000056266785,1.623107671737671,0.0,0.0,0.0,0.0,0
2022-04-25,1.866000056266785,1.866000056266785,1.866000056266785,1.866000056266785,1.623107671737671,0.0,0.0,0.0,0.0,0
2022-04-26,1.866000056266785,1.866000056266785,1.866000056266785,1.866000056266785,1.623107671737671,0.0,0.0,0.0,0.0,0
2022-04-27,1.866000056266785,1.866000056266785,1.866000056266785,1.866000056266785,1.623107671737671,0.0,0.0,0.0,0.0,0
2022-04-28,1.866000056266785,1.866000056266785,1.866000056266785,1.866000056266785,1.623107671737671,0.0,0.0,0.0,0.0,0
2022-04-29,1.8639999628067017,1.8639999628067017,1.8639999628067017,1.8639999628067017,1.6213678121566772,0.0,0.0,0.0,0.0,0
2022-05-02,,,,1.8639999628067017,1.6213678121566772,,,,,1
2022-05-03,1.850000023841858,1.850000023841858,1.850000023841858,1.850000023841858,1.6091901063919067,0.0,0.0,0.0,0.0,0
2022-05-04,1.850000023841858,1.850000023841858,1.850000023841858,1.850000023841858,1.6091901063919067,0.0,0.0,0.0,0.0,0
2022-05-05,1.850000023841858,1.850000023841858,1.850000023841858,1.850000023841858,1.6091901063919067,0.0,0.0,0.0,0.0,0
2022-05-06,1.850000023841858,1.850000023841858,1.850000023841858,1.850000023841858,1.6091901063919067,0.0,0.0,0.0,0.0,0
2022-05-09,,,,1.850000023841858,1.6091901063919067,,,,,1
2022-05-10,1.8420000076293943,1.8420000076293943,1.8420000076293943,1.8420000076293943,1.60223126411438,0.0,0.0,0.0,0.0,0
2022-05-11,1.8420000076293943,1.8420000076293943,1.8420000076293943,1.8420000076293943,1.60223126411438,0.0,0.0,0.0,0.0,0
2022-05-12,1.8459999561309817,1.8459999561309817,1.8459999561309817,1.8459999561309817,1.6057108640670776,0.0,0.0,0.0,0.0,0
2022-05-13,1.8459999561309817,1.8459999561309817,1.8459999561309817,1.8459999561309817,1.6057108640670776,0.0,0.0,0.0,0.0,0
2022-05-16,1.8459999561309817,1.8459999561309817,1.8459999561309817,1.8459999561309817,1.6057108640670776,0.0,0.0,0.0,0.0,0
2022-05-17,1.8459999561309817,1.8459999561309817,1.8459999561309817,1.8459999561309817,1.6057108640670776,0.0,0.0,0.0,0.0,0
2022-05-18,1.8420000076293943,1.8420000076293943,1.8420000076293943,1.8420000076293943,1.60223126411438,0.0,0.0,0.0,0.0,0
2022-05-19,1.8420000076293943,1.8420000076293943,1.8420000076293943,1.8420000076293943,1.60223126411438,0.0,0.0,0.0,0.0,0
2022-05-20,1.850000023841858,1.850000023841858,1.850000023841858,1.850000023841858,1.6091901063919067,0.0,0.0,0.0,0.0,0
2022-05-23,1.850000023841858,1.850000023841858,1.850000023841858,1.850000023841858,1.6091901063919067,0.0,0.0,0.0,0.0,0
2022-05-24,1.8519999980926511,1.8519999980926511,1.8519999980926511,1.8519999980926511,1.6109297275543213,0.0,0.0,0.0,0.0,0
2022-05-25,1.8580000400543213,1.8580000400543213,1.8580000400543213,1.8580000400543213,1.6161487102508545,0.0,0.0,0.0,0.0,0
2022-05-26,1.866000056266785,1.866000056266785,1.866000056266785,1.866000056266785,1.623107671737671,0.0,0.0,0.0,0.0,0
2022-05-27,1.8760000467300415,1.8760000467300415,1.8760000467300415,1.8760000467300415,1.6318057775497437,5000.0,0.0,0.0,0.0,0
2022-05-31,1.8760000467300415,1.8760000467300415,1.8760000467300415,1.8760000467300415,1.6318057775497437,0.0,0.0,0.0,0.0,0
2022-06-01,1.8739999532699585,1.8739999532699585,1.8739999532699585,1.8739999532699585,1.6300660371780396,0.0,0.0,0.0,0.0,0
2022-06-02,1.8700000047683716,1.8700000047683716,1.8700000047683716,1.8700000047683716,1.6265867948532104,0.0,0.0,0.0,0.0,0
2022-06-03,,,,1.8700000047683716,1.6265867948532104,,,,,1
2022-06-06,1.868000030517578,1.868000030517578,1.868000030517578,1.868000030517578,1.624847173690796,0.0,0.0,0.0,0.0,0
2022-06-07,1.8639999628067017,1.8639999628067017,1.8639999628067017,1.8639999628067017,1.6213678121566772,0.0,0.0,0.0,0.0,0
2022-06-08,1.8639999628067017,1.8639999628067017,1.8639999628067017,1.8639999628067017,1.6213678121566772,0.0,0.0,0.0,0.0,0
2022-06-09,1.8639999628067017,1.8639999628067017,1.8639999628067017,1.8639999628067017,1.6213678121566772,0.0,0.0,0.0,0.0,0
2022-06-10,1.8639999628067017,1.8639999628067017,1.8639999628067017,1.8639999628067017,1.6213678121566772,0.0,0.0,0.0,0.0,0
2022-06-13,1.830000042915344,1.830000042915344,1.830000042915344,1.830000042915344,1.5917935371398926,0.0,0.0,0.0,0.0,0
2022-06-14,1.8220000267028809,1.8220000267028809,1.8220000267028809,1.8220000267028809,1.5848348140716553,0.0,0.0,0.0,0.0,0
2022-06-15,1.8140000104904177,1.815999984741211,1.8140000104904177,1.815999984741211,1.5796159505844116,1000.0,0.0,0.0,0.0,0
2022-06-16,1.815999984741211,1.815999984741211,1.815999984741211,1.815999984741211,1.5796159505844116,0.0,0.0,0.0,0.0,0
2022-06-17,1.8220000267028809,1.8220000267028809,1.8220000267028809,1.8220000267028809,1.5848348140716553,0.0,0.0,0.0,0.0,0
2022-06-21,1.8220000267028809,1.8220000267028809,1.8220000267028809,1.8220000267028809,1.5848348140716553,0.0,0.0,0.0,0.0,0
2022-06-22,1.8220000267028809,1.8220000267028809,1.8220000267028809,1.8220000267028809,1.5848348140716553,0.0,0.0,0.0,0.0,0
2022-06-23,1.830000042915344,1.830000042915344,1.830000042915344,1.830000042915344,1.5917935371398926,0.0,0.0,0.0,0.0,0
2022-06-24,1.830000042915344,1.8320000171661377,1.830000042915344,1.8320000171661377,1.5935331583023071,5000.0,0.0,0.0,0.0,0
2022-06-27,1.8320000171661377,1.8320000171661377,1.8320000171661377,1.8320000171661377,1.5935331583023071,0.0,0.0,0.0,0.0,0
2022-06-28,1.8320000171661377,1.8320000171661377,1.8320000171661377,1.8320000171661377,1.5935331583023071,0.0,0.0,0.0,0.0,0
2022-06-29,1.8320000171661377,1.8320000171661377,1.8320000171661377,1.8320000171661377,1.5935331583023071,0.0,0.0,0.0,0.0,0
2022-06-30,1.8320000171661377,1.8320000171661377,1.8320000171661377,1.8320000171661377,1.5935331583023071,0.0,0.0,0.0,0.0,0
2022-07-01,,,,1.8320000171661377,1.5935331583023071,,,,,1
2022-07-05,1.8380000591278076,1.8380000591278076,1.8380000591278076,1.8380000591278076,1.59875226020813,0.0,0.0,0.0,0.0,0
2022-07-06,1.8240000009536743,1.8240000009536743,1.8240000009536743,1.8240000009536743,1.598767876625061,0.0,0.014018,0.0,0.0,0
2022-07-07,1.8220000267028809,1.8220000267028809,1.8220000267028809,1.8220000267028809,1.5970149040222168,0.0,0.0,0.0,0.0,0
2022-07-08,1.8179999589920044,1.8179999589920044,1.8179999589920044,1.8179999589920044,1.5935086011886597,0.0,0.0,0.0,0.0,0
2022-07-11,1.8140000104904177,1.8140000104904177,1.8140000104904177,1.8140000104904177,1.5900025367736816,0.0,0.0,0.0,0.0,0
2022-07-12,1.8140000104904177,1.8140000104904177,1.8140000104904177,1.8140000104904177,1.5900025367736816,0.0,0.0,0.0,0.0,0
2022-07-13,1.8140000104904177,1.8140000104904177,1.8140000104904177,1.8140000104904177,1.5900025367736816,0.0,0.0,0.0,0.0,0
2022-07-14,1.8140000104904177,1.8140000104904177,1.8140000104904177,1.8140000104904177,1.5900025367736816,0.0,0.0,0.0,0.0,0
2022-07-15,1.8140000104904177,1.8140000104904177,1.8140000104904177,1.8140000104904177,1.5900025367736816,0.0,0.0,0.0,0.0,0
2022-07-18,1.812000036239624,1.812000036239624,1.812000036239624,1.812000036239624,1.5882498025894165,0.0,0.0,0.0,0.0,0
2022-07-19,1.809999942779541,1.809999942779541,1.809999942779541,1.809999942779541,1.5864967107772827,0.0,0.0,0.0,0.0,0
2022-07-20,1.8079999685287476,1.8079999685287476,1.8079999685287476,1.8079999685287476,1.5847434997558594,0.0,0.0,0.0,0.0,0
2022-07-21,1.8040000200271609,1.8040000200271609,1.8040000200271609,1.8040000200271609,1.581237554550171,0.0,0.0,0.0,0.0,0
2022-07-22,1.8140000104904177,1.8140000104904177,1.8140000104904177,1.8140000104904177,1.5900025367736816,0.0,0.0,0.0,0.0,0
2022-07-25,1.8220000267028809,1.8220000267028809,1.8220000267028809,1.8220000267028809,1.5970149040222168,0.0,0.0,0.0,0.0,0
2022-07-26,1.8240000009536743,1.8240000009536743,1.8240000009536743,1.8240000009536743,1.598767876625061,0.0,0.0,0.0,0.0,0
2022-07-27,1.8240000009536743,1.8240000009536743,1.8240000009536743,1.8240000009536743,1.598767876625061,0.0,0.0,0.0,0.0,0
2022-07-28,1.825999975204468,1.825999975204468,1.825999975204468,1.825999975204468,1.6005209684371948,0.0,0.0,0.0,0.0,0
2022-07-29,1.8359999656677248,1.8359999656677248,1.8359999656677248,1.8359999656677248,1.6092860698699951,0.0,0.0,0.0,0.0,0
2022-08-01,1.8380000591278076,1.8380000591278076,1.8380000591278076,1.8380000591278076,1.6110392808914185,0.0,0.0,0.0,0.0,0
2022-08-02,1.8480000495910645,1.8480000495910645,1.8480000495910645,1.8480000495910645,1.6198042631149292,0.0,0.0,0.0,0.0,0
2022-08-03,1.8380000591278076,1.8380000591278076,1.8380000591278076,1.8380000591278076,1.6110392808914185,0.0,0.0,0.0,0.0,0
2022-08-04,1.8380000591278076,1.8380000591278076,1.8380000591278076,1.8380000591278076,1.6110392808914185,0.0,0.0,0.0,0.0,0
2022-08-05,1.8380000591278076,1.8380000591278076,1.8380000591278076,1.8380000591278076,1.6110392808914185,0.0,0.0,0.0,0.0,0
2022-08-08,1.8339999914169312,1.8339999914169312,1.8339999914169312,1.8339999914169312,1.6075332164764404,0.0,0.0,0.0,0.0,0
2022-08-09,1.8339999914169312,1.8339999914169312,1.8339999914169312,1.8339999914169312,1.6075332164764404,0.0,0.0,0.0,0.0,0
2022-08-10,1.8339999914169312,1.8339999914169312,1.8339999914169312,1.8339999914169312,1.6075332164764404,0.0,0.0,0.0,0.0,0
2022-08-11,1.8339999914169312,1.8339999914169312,1.8339999914169312,1.8339999914169312,1.6075332164764404,0.0,0.0,0.0,0.0,0
2022-08-12,1.8339999914169312,1.8339999914169312,1.8339999914169312,1.8339999914169312,1.6075332164764404,0.0,0.0,0.0,0.0,0
2022-08-15,1.8339999914169312,1.8339999914169312,1.8339999914169312,1.8339999914169312,1.6075332164764404,0.0,0.0,0.0,0.0,0
2022-08-16,1.8380000591278076,1.8380000591278076,1.8380000591278076,1.8380000591278076,1.6110392808914185,0.0,0.0,0.0,0.0,0
2022-08-17,1.8519999980926511,1.8519999980926511,1.8519999980926511,1.8459999561309817,1.618051290512085,1000.0,0.0,0.0,0.0,0
2022-08-18,1.840000033378601,1.840000033378601,1.840000033378601,1.840000033378601,1.6127923727035522,0.0,0.0,0.0,0.0,0
2022-08-19,1.840000033378601,1.840000033378601,1.840000033378601,1.840000033378601,1.6127923727035522,0.0,0.0,0.0,0.0,0
2022-08-22,1.8320000171661377,1.8320000171661377,1.8320000171661377,1.8320000171661377,1.6057798862457275,0.0,0.0,0.0,0.0,0
2022-08-23,1.825999975204468,1.825999975204468,1.825999975204468,1.825999975204468,1.6005209684371948,0.0,0.0,0.0,0.0,0
2022-08-24,1.825999975204468,1.825999975204468,1.825999975204468,1.825999975204468,1.6005209684371948,0.0,0.0,0.0,0.0,0
2022-08-25,1.825999975204468,1.825999975204468,1.825999975204468,1.825999975204468,1.6005209684371948,0.0,0.0,0.0,0.0,0
2022-08-26,1.825999975204468,1.825999975204468,1.825999975204468,1.825999975204468,1.6005209684371948,0.0,0.0,0.0,0.0,0
2022-08-29,1.825999975204468,1.825999975204468,1.825999975204468,1.825999975204468,1.6005209684371948,0.0,0.0,0.0,0.0,0
2022-08-30,1.825999975204468,1.825999975204468,1.825999975204468,1.825999975204468,1.6005209684371948,0.0,0.0,0.0,0.0,0
2022-08-31,1.825999975204468,1.825999975204468,1.825999975204468,1.825999975204468,1.6005209684371948,0.0,0.0,0.0,0.0,0
2022-09-01,1.8220000267028809,1.8220000267028809,1.8220000267028809,1.8220000267028809,1.5970149040222168,0.0,0.0,0.0,0.0,0
2022-09-02,1.8179999589920044,1.8179999589920044,1.8179999589920044,1.8179999589920044,1.5935086011886597,0.0,0.0,0.0,0.0,0
2022-09-06,1.8179999589920044,1.8179999589920044,1.8179999589920044,1.8179999589920044,1.5935086011886597,0.0,0.0,0.0,0.0,0
2022-09-07,1.809999942779541,1.809999942779541,1.809999942779541,1.809999942779541,1.5864967107772827,0.0,0.0,0.0,0.0,0
2022-09-08,1.809999942779541,1.809999942779541,1.809999942779541,1.809999942779541,1.5864967107772827,0.0,0.0,0.0,0.0,0
2022-09-09,1.809999942779541,1.809999942779541,1.809999942779541,1.809999942779541,1.5864967107772827,0.0,0.0,0.0,0.0,0
2022-09-12,,,,1.809999942779541,1.5864967107772827,,,,,1
2022-09-13,1.809999942779541,1.809999942779541,1.809999942779541,1.809999942779541,1.5864967107772827,0.0,0.0,0.0,0.0,0
2022-09-14,1.805999994277954,1.805999994277954,1.805999994277954,1.805999994277954,1.5829907655715942,0.0,0.0,0.0,0.0,0
2022-09-15,1.8040000200271609,1.8040000200271609,1.8040000200271609,1.8040000200271609,1.581237554550171,0.0,0.0,0.0,0.0,0
2022-09-16,1.8020000457763672,1.8020000457763672,1.8020000457763672,1.8020000457763672,1.579484224319458,0.0,0.0,0.0,0.0,0
2022-09-19,1.7999999523162842,1.7999999523162842,1.7999999523162842,1.7999999523162842,1.5777314901351929,0.0,0.0,0.0,0.0,0
2022-09-20,1.7979999780654907,1.7979999780654907,1.7979999780654907,1.7979999780654907,1.5759786367416382,0.0,0.0,0.0,0.0,0
2022-09-21,1.7940000295639038,1.7940000295639038,1.7940000295639038,1.7940000295639038,1.5724724531173706,0.0,0.0,0.0,0.0,0
2022-09-22,1.7940000295639038,1.7940000295639038,1.7940000295639038,1.7940000295639038,1.5724724531173706,0.0,0.0,0.0,0.0,0
2022-09-23,1.7799999713897705,1.7799999713897705,1.7799999713897705,1.7799999713897705,1.5602010488510132,0.0,0.0,0.0,0.0,0
2022-09-26,1.7699999809265137,1.7699999809265137,1.7699999809265137,1.7699999809265137,1.551436185836792,0.0,0.0,0.0,0.0,0
2022-09-27,1.7619999647140503,1.7619999647140503,1.7619999647140503,1.7619999647140503,1.5444238185882568,0.0,0.0,0.0,0.0,0
2022-09-28,1.74399995803833,1.74399995803833,1.74399995803833,1.74399995803833,1.5286465883255005,0.0,0.0,0.0,0.0,0
2022-09-29,1.7480000257492063,1.7480000257492063,1.7480000257492063,1.7480000257492063,1.532152533531189,0.0,0.0,0.0,0.0,0
2022-09-30,1.7480000257492063,1.7480000257492063,1.7480000257492063,1.7480000257492063,1.532152533531189,0.0,0.0,0.0,0.0,0
2022-10-03,1.7480000257492063,1.7480000257492063,1.7480000257492063,1.7480000257492063,1.532152533531189,0.0,0.0,0.0,0.0,0
2022-10-04,,,,1.7480000257492063,1.532152533531189,,,,,1
2022-10-05,1.75600004196167,1.75600004196167,1.75600004196167,1.75600004196167,1.539164900779724,0.0,0.0,0.0,0.0,0
2022-10-06,1.7419999837875366,1.7419999837875366,1.7419999837875366,1.7419999837875366,1.5391762256622314,0.0,0.014013,0.0,0.0,0
2022-10-07,1.7419999837875366,1.7419999837875366,1.7419999837875366,1.7419999837875366,1.5391762256622314,0.0,0.0,0.0,0.0,0
2022-10-11,1.7280000448226929,1.7280000448226929,1.7280000448226929,1.7280000448226929,1.5268062353134155,0.0,0.0,0.0,0.0,0
2022-10-12,1.7280000448226929,1.7280000448226929,1.7280000448226929,1.7280000448226929,1.5268062353134155,0.0,0.0,0.0,0.0,0
2022-10-13,1.72599995136261,1.72599995136261,1.72599995136261,1.72599995136261,1.5250389575958252,0.0,0.0,0.0,0.0,0
2022-10-14,1.7039999961853027,1.7039999961853027,1.7039999961853027,1.7039999961853027,1.5056005716323853,800.0,0.0,0.0,0.0,0
2022-10-17,1.7039999961853027,1.7039999961853027,1.7039999961853027,1.7039999961853027,1.5056005716323853,0.0,0.0,0.0,0.0,0
2022-10-18,1.7039999961853027,1.7039999961853027,1.7039999961853027,1.7039999961853027,1.5056005716323853,0.0,0.0,0.0,0.0,0
2022-10-19,1.7039999961853027,1.7039999961853027,1.7039999961853027,1.7039999961853027,1.5056005716323853,0.0,0.0,0.0,0.0,0
2022-10-20,1.7020000219345093,1.7020000219345093,1.7020000219345093,1.7020000219345093,1.503833532333374,0.0,0.0,0.0,0.0,0
2022-10-21,1.6920000314712524,1.6920000314712524,1.6920000314712524,1.6920000314712524,1.4949978590011597,0.0,0.0,0.0,0.0,0
2022-10-24,1.6920000314712524,1.6920000314712524,1.6920000314712524,1.6920000314712524,1.4949978590011597,0.0,0.0,0.0,0.0,0
2022-10-25,1.687999963760376,1.687999963760376,1.687999963760376,1.687999963760376,1.491463541984558,0.0,0.0,0.0,0.0,0
2022-10-26,1.687999963760376,1.687999963760376,1.687999963760376,1.687999963760376,1.491463541984558,0.0,0.0,0.0,0.0,0
2022-10-27,1.687999963760376,1.687999963760376,1.687999963760376,1.687999963760376,1.491463541984558,0.0,0.0,0.0,0.0,0
2022-10-28,1.687999963760376,1.687999963760376,1.687999963760376,1.687999963760376,1.491463541984558,0.0,0.0,0.0,0.0,0
2022-10-31,1.687999963760376,1.687999963760376,1.687999963760376,1.687999963760376,1.491463541984558,0.0,0.0,0.0,0.0,0
2022-11-01,1.687999963760376,1.687999963760376,1.687999963760376,1.687999963760376,1.491463541984558,0.0,0.0,0.0,0.0,0
2022-11-02,1.687999963760376,1.687999963760376,1.687999963760376,1.687999963760376,1.491463541984558,0.0,0.0,0.0,0.0,0
2022-11-03,1.687999963760376,1.687999963760376,1.687999963760376,1.687999963760376,1.491463541984558,0.0,0.0,0.0,0.0,0
2022-11-04,1.6859999895095823,1.6859999895095823,1.6859999895095823,1.6859999895095823,1.4896961450576782,0.0,0.0,0.0,0.0,0
2022-11-07,1.6859999895095823,1.6859999895095823,1.6859999895095823,1.6859999895095823,1.4896961450576782,0.0,0.0,0.0,0.0,0
2022-11-08,1.6859999895095823,1.6859999895095823,1.6859999895095823,1.6859999895095823,1.4896961450576782,0.0,0.0,0.0,0.0,0
2022-11-09,1.6859999895095823,1.6859999895095823,1.6859999895095823,1.6859999895095823,1.4896961450576782,0.0,0.0,0.0,0.0,0
2022-11-10,1.6859999895095823,1.6859999895095823,1.6859999895095823,1.6859999895095823,1.4896961450576782,0.0,0.0,0.0,0.0,0
2022-11-14,1.715999960899353,1.715999960899353,1.715999960899353,1.715999960899353,1.5162032842636108,0.0,0.0,0.0,0.0,0
2022-11-15,1.715999960899353,1.715999960899353,1.715999960899353,1.715999960899353,1.5162032842636108,0.0,0.0,0.0,0.0,0
2022-11-16,1.722000002861023,1.722000002861023,1.722000002861023,1.722000002861023,1.5215049982070925,0.0,0.0,0.0,0.0,0
2022-11-17,1.7339999675750732,1.7339999675750732,1.7339999675750732,1.7339999675750732,1.532107710838318,0.0,0.0,0.0,0.0,0
2022-11-18,1.746000051498413,1.746000051498413,1.746000051498413,1.746000051498413,1.5427104234695437,5600.0,0.0,0.0,0.0,0
2022-11-21,1.74399995803833,1.74399995803833,1.74399995803833,1.74399995803833,1.5409433841705322,0.0,0.0,0.0,0.0,0
2022-11-22,1.7419999837875366,1.7419999837875366,1.7419999837875366,1.7419999837875366,1.5391762256622314,0.0,0.0,0.0,0.0,0
2022-11-23,1.7419999837875366,1.7419999837875366,1.7419999837875366,1.7419999837875366,1.5391762256622314,0.0,0.0,0.0,0.0,0
2022-11-25,1.746000051498413,1.746000051498413,1.746000051498413,1.746000051498413,1.5427104234695437,10000.0,0.0,0.0,0.0,0
2022-11-28,1.7480000257492063,1.7480000257492063,1.7480000257492063,1.7480000257492063,1.544477462768555,0.0,0.0,0.0,0.0,0
2022-11-29,1.7640000581741333,1.7640000581741333,1.7640000581741333,1.7640000581741333,1.558614730834961,3000.0,0.0,0.0,0.0,0
2022-11-30,1.7640000581741333,1.7640000581741333,1.7640000581741333,1.7640000581741333,1.558614730834961,0.0,0.0,0.0,0.0,0
2022-12-01,1.7640000581741333,1.7640000581741333,1.7640000581741333,1.7640000581741333,1.558614730834961,0.0,0.0,0.0,0.0,0
2022-12-02,1.7719999551773071,1.7719999551773071,1.7719999551773071,1.7719999551773071,1.565683126449585,0.0,0.0,0.0,0.0,0
2022-12-05,1.7660000324249268,1.777999997138977,1.7660000324249268,1.777999997138977,1.5709844827651978,7000.0,0.0,0.0,0.0,0
2022-12-06,1.777999997138977,1.777999997138977,1.777999997138977,1.777999997138977,1.5709844827651978,0.0,0.0,0.0,0.0,0
2022-12-07,1.777999997138977,1.777999997138977,1.777999997138977,1.777999997138977,1.5709844827651978,0.0,0.0,0.0,0.0,0
2022-12-08,1.787999987602234,1.787999987602234,1.787999987602234,1.787999987602234,1.5798203945159912,0.0,0.0,0.0,0.0,0
2022-12-09,1.787999987602234,1.787999987602234,1.787999987602234,1.787999987602234,1.5798203945159912,0.0,0.0,0.0,0.0,0
2022-12-12,1.787999987602234,1.787999987602234,1.787999987602234,1.787999987602234,1.5798203945159912,0.0,0.0,0.0,0.0,0
2022-12-13,1.787999987602234,1.787999987602234,1.787999987602234,1.787999987602234,1.5798203945159912,0.0,0.0,0.0,0.0,0
2022-12-14,1.7999999523162842,1.7999999523162842,1.7999999523162842,1.7999999523162842,1.5904231071472168,0.0,0.0,0.0,0.0,0
2022-12-15,1.7999999523162842,1.7999999523162842,1.7999999523162842,1.7999999523162842,1.5904231071472168,0.0,0.0,0.0,0.0,0
2022-12-16,1.7999999523162842,1.7999999523162842,1.7999999523162842,1.7999999523162842,1.5904231071472168,0.0,0.0,0.0,0.0,0
2022-12-19,1.7999999523162842,1.7999999523162842,1.7999999523162842,1.7999999523162842,1.5904231071472168,0.0,0.0,0.0,0.0,0
2022-12-20,1.7920000553131104,1.7920000553131104,1.7920000553131104,1.7920000553131104,1.5833548307418823,0.0,0.0,0.0,0.0,0
2022-12-21,1.787999987602234,1.787999987602234,1.787999987602234,1.787999987602234,1.5798203945159912,0.0,0.0,0.0,0.0,0
2022-12-22,1.787999987602234,1.787999987602234,1.787999987602234,1.787999987602234,1.5798203945159912,0.0,0.0,0.0,0.0,0
2022-12-23,1.787999987602234,1.787999987602234,1.787999987602234,1.787999987602234,1.5798203945159912,0.0,0.0,0.0,0.0,0
2022-12-27,,,,1.787999987602234,1.5798203945159912,,,,,1
2022-12-28,1.781999945640564,1.781999945640564,1.781999945640564,1.781999945640564,1.5745190382003784,0.0,0.0,0.0,0.0,0
2022-12-29,1.7799999713897705,1.7799999713897705,1.7799999713897705,1.7799999713897705,1.5727516412734983,0.0,0.0,0.0,0.0,0
2022-12-30,1.7799999713897705,1.7799999713897705,1.7799999713897705,1.7799999713897705,1.5727516412734983,0.0,0.0,0.0,0.0,0
2023-01-03,1.7799999713897705,1.7799999713897705,1.7799999713897705,1.7799999713897705,1.5727516412734983,0.0,0.0,0.0,0.0,0
2023-01-04,1.7660000324249268,1.7660000324249268,1.7660000324249268,1.7660000324249268,1.5728124380111694,0.0,0.014068,0.0,0.0,0
2023-01-05,1.7660000324249268,1.7660000324249268,1.7660000324249268,1.7660000324249268,1.5728124380111694,0.0,0.0,0.0,0.0,0
2023-01-06,1.7660000324249268,1.7660000324249268,1.7660000324249268,1.7660000324249268,1.5728124380111694,0.0,0.0,0.0,0.0,0
2023-01-09,1.7760000228881836,1.7760000228881836,1.7760000228881836,1.7760000228881836,1.5817182064056396,0.0,0.0,0.0,0.0,0
2023-01-10,1.7799999713897705,1.7799999713897705,1.7799999713897705,1.7799999713897705,1.5852807760238647,0.0,0.0,0.0,0.0,0
2023-01-11,1.7799999713897705,1.7799999713897705,1.7799999713897705,1.7799999713897705,1.5852807760238647,0.0,0.0,0.0,0.0,0
2023-01-12,1.7960000038146973,1.7960000038146973,1.7960000038146973,1.7960000038146973,1.5995306968688965,0.0,0.0,0.0,0.0,0
2023-01-13,1.7960000038146973,1.7960000038146973,1.7960000038146973,1.7960000038146973,1.5995306968688965,0.0,0.0,0.0,0.0,0
2023-01-17,1.787999987602234,1.787999987602234,1.787999987602234,1.787999987602234,1.5924057960510254,18200.0,0.0,0.0,0.0,0
2023-01-18,1.7920000553131104,1.7920000553131104,1.7920000553131104,1.7920000553131104,1.5959683656692505,0.0,0.0,0.0,0.0,0
2023-01-19,1.8040000200271609,1.8040000200271609,1.8040000200271609,1.8040000200271609,1.606655478477478,0.0,0.0,0.0,0.0,0
2023-01-20,1.8040000200271609,1.8040000200271609,1.8040000200271609,1.8040000200271609,1.606655478477478,0.0,0.0,0.0,0.0,0
2023-01-23,,,,1.8040000200271609,1.606655478477478,,,,,1
2023-01-24,,,,1.8040000200271609,1.606655478477478,,,,,1
2023-01-25,,,,1.8040000200271609,1.606655478477478,,,,,1
2023-01-26,1.8040000200271609,1.8040000200271609,1.8040000200271609,1.8040000200271609,1.606655478477478,0.0,0.0,0.0,0.0,0
2023-01-27,1.805999994277954,1.805999994277954,1.805999994277954,1.805999994277954,1.6084367036819458,0.0,0.0,0.0,0.0,0
2023-01-30,1.812000036239624,1.812000036239624,1.812000036239624,1.812000036239624,1.6137803792953491,2800.0,0.0,0.0,0.0,0
2023-01-31,1.8079999685287476,1.8079999685287476,1.8079999685287476,1.8079999685287476,1.610217809677124,0.0,0.0,0.0,0.0,0
2023-02-01,1.8079999685287476,1.8079999685287476,1.8079999685287476,1.8079999685287476,1.610217809677124,0.0,0.0,0.0,0.0,0
2023-02-02,1.8079999685287476,1.8079999685287476,1.8079999685287476,1.8079999685287476,1.610217809677124,0.0,0.0,0.0,0.0,0
2023-02-03,1.812000036239624,1.812000036239624,1.812000036239624,1.812000036239624,1.6137803792953491,0.0,0.0,0.0,0.0,0
2023-02-06,1.812000036239624,1.812000036239624,1.812000036239624,1.812000036239624,1.6137803792953491,0.0,0.0,0.0,0.0,0
2023-02-07,1.805999994277954,1.805999994277954,1.805999994277954,1.805999994277954,1.6084367036819458,0.0,0.0,0.0,0.0,0
2023-02-08,1.805999994277954,1.805999994277954,1.805999994277954,1.805999994277954,1.6084367036819458,0.0,0.0,0.0,0.0,0
2023-02-09,1.805999994277954,1.805999994277954,1.805999994277954,1.805999994277954,1.6084367036819458,0.0,0.0,0.0,0.0,0
2023-02-10,1.8020000457763672,1.8020000457763672,1.8020000457763672,1.8020000457763672,1.6048741340637207,0.0,0.0,0.0,0.0,0
2023-02-13,1.7940000295639038,1.7940000295639038,1.7940000295639038,1.7940000295639038,1.5977494716644287,0.0,0.0,0.0,0.0,0
2023-02-14,1.7940000295639038,1.7940000295639038,1.7940000295639038,1.7940000295639038,1.5977494716644287,0.0,0.0,0.0,0.0,0
2023-02-15,1.7940000295639038,1.7940000295639038,1.7940000295639038,1.7940000295639038,1.5977494716644287,0.0,0.0,0.0,0.0,0
2023-02-16,1.7920000553131104,1.7920000553131104,1.7920000553131104,1.7920000553131104,1.5959683656692505,0.0,0.0,0.0,0.0,0
2023-02-17,1.7860000133514404,1.7860000133514404,1.7860000133514404,1.7860000133514404,1.590624451637268,0.0,0.0,0.0,0.0,0
2023-02-21,1.7860000133514404,1.7860000133514404,1.7860000133514404,1.7860000133514404,1.590624451637268,0.0,0.0,0.0,0.0,0
2023-02-22,1.777999997138977,1.777999997138977,1.777999997138977,1.777999997138977,1.5834994316101074,0.0,0.0,0.0,0.0,0
2023-02-23,1.777999997138977,1.777999997138977,1.777999997138977,1.777999997138977,1.5834994316101074,0.0,0.0,0.0,0.0,0
2023-02-24,1.777999997138977,1.777999997138977,1.777999997138977,1.777999997138977,1.5834994316101074,0.0,0.0,0.0,0.0,0
2023-02-27,1.777999997138977,1.777999997138977,1.777999997138977,1.777999997138977,1.5834994316101074,0.0,0.0,0.0,0.0,0
2023-02-28,1.777999997138977,1.777999997138977,1.777999997138977,1.777999997138977,1.5834994316101074,0.0,0.0,0.0,0.0,0
2023-03-01,1.777999997138977,1.777999997138977,1.777999997138977,1.777999997138977,1.5834994316101074,0.0,0.0,0.0,0.0,0
2023-03-02,1.777999997138977,1.777999997138977,1.777999997138977,1.777999997138977,1.5834994316101074,0.0,0.0,0.0,0.0,0
2023-03-03,1.7719999551773071,1.7719999551773071,1.7719999551773071,1.7719999551773071,1.5781558752059937,0.0,0.0,0.0,0.0,0
2023-03-06,1.7719999551773071,1.7719999551773071,1.7719999551773071,1.7719999551773071,1.5781558752059937,0.0,0.0,0.0,0.0,0
2023-03-07,1.7719999551773071,1.7719999551773071,1.7719999551773071,1.7719999551773071,1.5781558752059937,0.0,0.0,0.0,0.0,0
2023-03-08,1.7719999551773071,1.7719999551773071,1.7719999551773071,1.7719999551773071,1.5781558752059937,0.0,0.0,0.0,0.0,0
2023-03-09,1.7719999551773071,1.7719999551773071,1.7719999551773071,1.7719999551773071,1.5781558752059937,0.0,0.0,0.0,0.0,0
2023-03-10,1.7719999551773071,1.7719999551773071,1.7719999551773071,1.7719999551773071,1.5781558752059937,0.0,0.0,0.0,0.0,0
2023-03-13,1.7799999713897705,1.7799999713897705,1.7799999713897705,1.7799999713897705,1.5852807760238647,0.0,0.0,0.0,0.0,0
2023-03-14,1.7940000295639038,1.7940000295639038,1.7940000295639038,1.7940000295639038,1.5977494716644287,0.0,0.0,0.0,0.0,0
2023-03-15,1.7940000295639038,1.7940000295639038,1.7940000295639038,1.7940000295639038,1.5977494716644287,0.0,0.0,0.0,0.0,0
2023-03-16,1.7979999780654907,1.7979999780654907,1.7979999780654907,1.7979999780654907,1.6013120412826538,0.0,0.0,0.0,0.0,0
2023-03-17,1.7979999780654907,1.7979999780654907,1.7979999780654907,1.7979999780654907,1.6013120412826538,0.0,0.0,0.0,0.0,0
2023-03-20,1.8020000457763672,1.8020000457763672,1.8020000457763672,1.8020000457763672,1.6048741340637207,0.0,0.0,0.0,0.0,0
2023-03-21,1.8020000457763672,1.8020000457763672,1.8020000457763672,1.8020000457763672,1.6048741340637207,0.0,0.0,0.0,0.0,0
2023-03-22,1.8020000457763672,1.8020000457763672,1.8020000457763672,1.8020000457763672,1.6048741340637207,0.0,0.0,0.0,0.0,0
2023-03-23,1.8020000457763672,1.8020000457763672,1.8020000457763672,1.8020000457763672,1.6048741340637207,0.0,0.0,0.0,0.0,0
2023-03-24,1.805999994277954,1.805999994277954,1.805999994277954,1.805999994277954,1.6084367036819458,0.0,0.0,0.0,0.0,0
2023-03-27,1.805999994277954,1.805999994277954,1.805999994277954,1.805999994277954,1.6084367036819458,0.0,0.0,0.0,0.0,0
2023-03-28,1.805999994277954,1.805999994277954,1.805999994277954,1.805999994277954,1.6084367036819458,0.0,0.0,0.0,0.0,0
2023-03-29,1.8040000200271609,1.8040000200271609,1.8040000200271609,1.8040000200271609,1.606655478477478,0.0,0.0,0.0,0.0,0
2023-03-30,1.8040000200271609,1.8040000200271609,1.8040000200271609,1.8040000200271609,1.606655478477478,0.0,0.0,0.0,0.0,0
2023-03-31,1.8040000200271609,1.8040000200271609,1.8040000200271609,1.8040000200271609,1.606655478477478,0.0,0.0,0.0,0.0,0
2023-04-03,1.7899999618530271,1.7899999618530271,1.7899999618530271,1.7899999618530271,1.6066670417785645,0.0,0.014013,0.0,0.0,0
2023-04-04,1.7920000553131104,1.7920000553131104,1.7920000553131104,1.7920000553131104,1.6084624528884888,0.0,0.0,0.0,0.0,0
2023-04-05,,,,1.7920000553131104,1.6084624528884888,,,,,1
2023-04-06,1.8040000200271609,1.8040000200271609,1.8040000200271609,1.8040000200271609,1.6192333698272705,0.0,0.0,0.0,0.0,0
2023-04-07,,,,1.8040000200271609,1.6192333698272705,,,,,1
2023-04-10,,,,1.8040000200271609,1.6192333698272705,,,,,1
2023-04-11,1.8040000200271609,1.8040000200271609,1.8040000200271609,1.8040000200271609,1.6192333698272705,0.0,0.0,0.0,0.0,0
2023-04-12,1.8040000200271609,1.8040000200271609,1.8040000200271609,1.8040000200271609,1.6192333698272705,0.0,0.0,0.0,0.0,0
2023-04-13,1.8040000200271609,1.8040000200271609,1.8040000200271609,1.8040000200271609,1.6192333698272705,0.0,0.0,0.0,0.0,0
2023-04-14,1.8040000200271609,1.8040000200271609,1.8040000200271609,1.8040000200271609,1.6192333698272705,0.0,0.0,0.0,0.0,0
2023-04-17,1.8040000200271609,1.8040000200271609,1.8040000200271609,1.8040000200271609,1.6192333698272705,0.0,0.0,0.0,0.0,0
2023-04-18,1.8040000200271609,1.8040000200271609,1.8040000200271609,1.8040000200271609,1.6192333698272705,0.0,0.0,0.0,0.0,0
2023-04-19,1.8040000200271609,1.8040000200271609,1.8040000200271609,1.8040000200271609,1.6192333698272705,0.0,0.0,0.0,0.0,0
2023-04-20,1.8040000200271609,1.8040000200271609,1.8040000200271609,1.8040000200271609,1.6192333698272705,0.0,0.0,0.0,0.0,0
2023-04-21,1.8040000200271609,1.8040000200271609,1.8040000200271609,1.8040000200271609,1.6192333698272705,0.0,0.0,0.0,0.0,0
2023-04-24,1.8040000200271609,1.8040000200271609,1.8040000200271609,1.8040000200271609,1.6192333698272705,0.0,0.0,0.0,0.0,0
2023-04-25,1.8040000200271609,1.8040000200271609,1.8040000200271609,1.8040000200271609,1.6192333698272705,0.0,0.0,0.0,0.0,0
2023-04-26,1.8040000200271609,1.8040000200271609,1.8040000200271609,1.8040000200271609,1.6192333698272705,0.0,0.0,0.0,0.0,0
2023-04-27,1.8040000200271609,1.8040000200271609,1.8040000200271609,1.8040000200271609,1.6192333698272705,0.0,0.0,0.0,0.0,0
2023-04-28,1.8040000200271609,1.8040000200271609,1.8040000200271609,1.8040000200271609,1.6192333698272705,0.0,0.0,0.0,0.0,0
2023-05-01,,,,1.8040000200271609,1.6192333698272705,,,,,1
2023-05-02,1.8040000200271609,1.8040000200271609,1.8040000200271609,1.8040000200271609,1.6192333698272705,0.0,0.0,0.0,0.0,0
2023-05-03,1.8040000200271609,1.8040000200271609,1.8040000200271609,1.8040000200271609,1.6192333698272705,0.0,0.0,0.0,0.0,0
2023-05-04,1.809999942779541,1.809999942779541,1.809999942779541,1.809999942779541,1.624618649482727,0.0,0.0,0.0,0.0,0
2023-05-05,1.809999942779541,1.809999942779541,1.809999942779541,1.809999942779541,1.624618649482727,0.0,0.0,0.0,0.0,0
2023-05-08,1.809999942779541,1.809999942779541,1.809999942779541,1.809999942779541,1.624618649482727,0.0,0.0,0.0,0.0,0
2023-05-09,1.809999942779541,1.809999942779541,1.809999942779541,1.809999942779541,1.624618649482727,0.0,0.0,0.0,0.0,0
2023-05-10,1.809999942779541,1.809999942779541,1.809999942779541,1.809999942779541,1.624618649482727,0.0,0.0,0.0,0.0,0
2023-05-11,1.809999942779541,1.809999942779541,1.809999942779541,1.809999942779541,1.624618649482727,0.0,0.0,0.0,0.0,0
2023-05-12,1.809999942779541,1.809999942779541,1.809999942779541,1.809999942779541,1.624618649482727,0.0,0.0,0.0,0.0,0
2023-05-15,1.809999942779541,1.809999942779541,1.809999942779541,1.809999942779541,1.624618649482727,0.0,0.0,0.0,0.0,0
2023-05-16,1.809999942779541,1.809999942779541,1.809999942779541,1.809999942779541,1.624618649482727,0.0,0.0,0.0,0.0,0
2023-05-17,1.809999942779541,1.809999942779541,1.809999942779541,1.809999942779541,1.624618649482727,0.0,0.0,0.0,0.0,0
2023-05-18,1.809999942779541,1.809999942779541,1.809999942779541,1.809999942779541,1.624618649482727,0.0,0.0,0.0,0.0,0
2023-05-19,1.8040000200271609,1.8040000200271609,1.8040000200271609,1.8040000200271609,1.6192333698272705,0.0,0.0,0.0,0.0,0
2023-05-22,1.8020000457763672,1.8020000457763672,1.8020000457763672,1.8020000457763672,1.6174378395080566,0.0,0.0,0.0,0.0,0
2023-05-23,1.7979999780654907,1.7979999780654907,1.7979999780654907,1.7979999780654907,1.6138478517532349,0.0,0.0,0.0,0.0,0
2023-05-24,1.7979999780654907,1.7979999780654907,1.7979999780654907,1.7979999780654907,1.6138478517532349,0.0,0.0,0.0,0.0,0
2023-05-25,1.7960000038146973,1.7960000038146973,1.7960000038146973,1.7960000038146973,1.6120526790618896,0.0,0.0,0.0,0.0,0
2023-05-26,,,,1.7960000038146973,1.6120526790618896,,,,,1
2023-05-30,1.7940000295639038,1.7940000295639038,1.7940000295639038,1.7940000295639038,1.6102573871612549,0.0,0.0,0.0,0.0,0
2023-05-31,1.7940000295639038,1.7940000295639038,1.7940000295639038,1.7940000295639038,1.6102573871612549,0.0,0.0,0.0,0.0,0
2023-06-01,1.7940000295639038,1.7940000295639038,1.7940000295639038,1.7940000295639038,1.6102573871612549,0.0,0.0,0.0,0.0,0
2023-06-02,1.7940000295639038,1.7940000295639038,1.7940000295639038,1.7940000295639038,1.6102573871612549,0.0,0.0,0.0,0.0,0
2023-06-05,1.7940000295639038,1.7940000295639038,1.7940000295639038,1.7940000295639038,1.6102573871612549,0.0,0.0,0.0,0.0,0
2023-06-06,1.7940000295639038,1.7940000295639038,1.7940000295639038,1.7940000295639038,1.6102573871612549,0.0,0.0,0.0,0.0,0
2023-06-07,1.7940000295639038,1.7940000295639038,1.7940000295639038,1.7940000295639038,1.6102573871612549,0.0,0.0,0.0,0.0,0
2023-06-08,1.7940000295639038,1.7940000295639038,1.7940000295639038,1.7940000295639038,1.6102573871612549,0.0,0.0,0.0,0.0,0
2023-06-09,1.7940000295639038,1.7940000295639038,1.7940000295639038,1.7940000295639038,1.6102573871612549,0.0,0.0,0.0,0.0,0
2023-06-12,1.7940000295639038,1.7940000295639038,1.7940000295639038,1.7940000295639038,1.6102573871612549,0.0,0.0,0.0,0.0,0
2023-06-13,1.7860000133514404,1.7860000133514404,1.7860000133514404,1.7860000133514404,1.603076696395874,0.0,0.0,0.0,0.0,0
2023-06-14,1.7860000133514404,1.7860000133514404,1.7860000133514404,1.7860000133514404,1.603076696395874,0.0,0.0,0.0,0.0,0
2023-06-15,1.7860000133514404,1.7860000133514404,1.7860000133514404,1.7860000133514404,1.603076696395874,0.0,0.0,0.0,0.0,0
2023-06-16,1.7899999618530271,1.7899999618530271,1.7899999618530271,1.7899999618530271,1.6066670417785645,0.0,0.0,0.0,0.0,0
2023-06-20,1.7920000553131104,1.7920000553131104,1.7920000553131104,1.7920000553131104,1.6084624528884888,0.0,0.0,0.0,0.0,0
2023-06-21,1.7920000553131104,1.7920000553131104,1.7920000553131104,1.7920000553131104,1.6084624528884888,0.0,0.0,0.0,0.0,0
2023-06-22,,,,1.7920000553131104,1.6084624528884888,,,,,1
2023-06-23,1.7920000553131104,1.7920000553131104,1.7920000553131104,1.7920000553131104,1.6084624528884888,0.0,0.0,0.0,0.0,0
2023-06-26,1.7940000295639038,1.7940000295639038,1.7940000295639038,1.7940000295639038,1.6102573871612549,0.0,0.0,0.0,0.0,0
2023-06-27,1.7940000295639038,1.7940000295639038,1.7940000295639038,1.7940000295639038,1.6102573871612549,0.0,0.0,0.0,0.0,0
2023-06-28,1.7940000295639038,1.7940000295639038,1.7940000295639038,1.7940000295639038,1.6102573871612549,0.0,0.0,0.0,0.0,0
2023-06-29,1.8079999685287476,1.8079999685287476,1.8079999685287476,1.8079999685287476,1.6228232383728027,0.0,0.0,0.0,0.0,0
2023-06-30,1.7999999523162842,1.7999999523162842,1.7999999523162842,1.7999999523162842,1.615642786026001,0.0,0.0,0.0,0.0,0
2023-07-03,1.7999999523162842,1.7999999523162842,1.7999999523162842,1.7999999523162842,1.615642786026001,0.0,0.0,0.0,0.0,0
2023-07-05,1.7999999523162842,1.7999999523162842,1.7999999523162842,1.7999999523162842,1.615642786026001,0.0,0.0,0.0,0.0,0
2023-07-06,1.781999945640564,1.781999945640564,1.781999945640564,1.781999945640564,1.612080454826355,0.0,0.014062,0.0,0.0,0
2023-07-07,1.77400004863739,1.77400004863739,1.77400004863739,1.77400004863739,1.604843258857727,0.0,0.0,0.0,0.0,0
2023-07-10,1.7699999809265137,1.7699999809265137,1.7699999809265137,1.7699999809265137,1.6012245416641235,0.0,0.0,0.0,0.0,0
2023-07-11,1.7699999809265137,1.7699999809265137,1.7699999809265137,1.7699999809265137,1.6012245416641235,0.0,0.0,0.0,0.0,0
2023-07-12,1.7699999809265137,1.7699999809265137,1.7699999809265137,1.7699999809265137,1.6012245416641235,0.0,0.0,0.0,0.0,0
2023-07-13,1.77400004863739,1.77400004863739,1.77400004863739,1.77400004863739,1.604843258857727,0.0,0.0,0.0,0.0,0
2023-07-14,1.781999945640564,1.781999945640564,1.781999945640564,1.781999945640564,1.612080454826355,0.0,0.0,0.0,0.0,0
2023-07-17,,,,1.781999945640564,1.612080454826355,,,,,1
2023-07-18,1.7799999713897705,1.7799999713897705,1.7799999713897705,1.7799999713897705,1.6102709770202637,0.0,0.0,0.0,0.0,0
2023-07-19,1.781999945640564,1.781999945640564,1.781999945640564,1.781999945640564,1.612080454826355,0.0,0.0,0.0,0.0,0
2023-07-20,1.781999945640564,1.781999945640564,1.781999945640564,1.781999945640564,1.612080454826355,0.0,0.0,0.0,0.0,0
2023-07-21,1.781999945640564,1.781999945640564,1.781999945640564,1.781999945640564,1.612080454826355,0.0,0.0,0.0,0.0,0
2023-07-24,1.781999945640564,1.781999945640564,1.781999945640564,1.781999945640564,1.612080454826355,0.0,0.0,0.0,0.0,0
2023-07-25,1.781999945640564,1.781999945640564,1.781999945640564,1.781999945640564,1.612080454826355,0.0,0.0,0.0,0.0,0
2023-07-26,1.781999945640564,1.781999945640564,1.781999945640564,1.781999945640564,1.612080454826355,0.0,0.0,0.0,0.0,0
2023-07-27,1.781999945640564,1.781999945640564,1.781999945640564,1.781999945640564,1.612080454826355,0.0,0.0,0.0,0.0,0
2023-07-28,1.781999945640564,1.781999945640564,1.781999945640564,1.781999945640564,1.612080454826355,0.0,0.0,0.0,0.0,0
2023-07-31,1.781999945640564,1.781999945640564,1.781999945640564,1.781999945640564,1.612080454826355,0.0,0.0,0.0,0.0,0
2023-08-01,1.781999945640564,1.781999945640564,1.781999945640564,1.781999945640564,1.612080454826355,0.0,0.0,0.0,0.0,0
2023-08-02,1.781999945640564,1.781999945640564,1.781999945640564,1.781999945640564,1.612080454826355,0.0,0.0,0.0,0.0,0
2023-08-03,1.7799999713897705,1.7799999713897705,1.7799999713897705,1.7799999713897705,1.6102709770202637,0.0,0.0,0.0,0.0,0
2023-08-04,1.7760000228881836,1.7760000228881836,1.7760000228881836,1.7760000228881836,1.6066524982452393,0.0,0.0,0.0,0.0,0
2023-08-07,1.7760000228881836,1.7760000228881836,1.7760000228881836,1.7760000228881836,1.6066524982452393,0.0,0.0,0.0,0.0,0
2023-08-08,1.7760000228881836,1.7760000228881836,1.7760000228881836,1.7760000228881836,1.6066524982452393,0.0,0.0,0.0,0.0,0
2023-08-09,1.7760000228881836,1.7760000228881836,1.7760000228881836,1.7760000228881836,1.6066524982452393,0.0,0.0,0.0,0.0,0
2023-08-10,1.7760000228881836,1.7760000228881836,1.7760000228881836,1.7760000228881836,1.6066524982452393,0.0,0.0,0.0,0.0,0
2023-08-11,1.7760000228881836,1.7760000228881836,1.7760000228881836,1.7760000228881836,1.6066524982452393,0.0,0.0,0.0,0.0,0
2023-08-14,1.7760000228881836,1.7760000228881836,1.7760000228881836,1.7760000228881836,1.6066524982452393,0.0,0.0,0.0,0.0,0
2023-08-15,1.7719999551773071,1.7719999551773071,1.7719999551773071,1.7719999551773071,1.6030337810516355,0.0,0.0,0.0,0.0,0
2023-08-16,1.7699999809265137,1.7699999809265137,1.7699999809265137,1.7699999809265137,1.6012245416641235,0.0,0.0,0.0,0.0,0
2023-08-17,1.7640000581741333,1.7640000581741333,1.7640000581741333,1.7640000581741333,1.595796823501587,0.0,0.0,0.0,0.0,0
2023-08-18,1.7619999647140503,1.7619999647140503,1.7619999647140503,1.7619999647140503,1.5939873456954956,0.0,0.0,0.0,0.0,0
2023-08-21,1.7599999904632568,1.7599999904632568,1.7599999904632568,1.7599999904632568,1.5921781063079834,0.0,0.0,0.0,0.0,0
2023-08-22,1.75600004196167,1.75600004196167,1.75600004196167,1.75600004196167,1.5885595083236694,0.0,0.0,0.0,0.0,0
2023-08-23,1.75600004196167,1.75600004196167,1.75600004196167,1.75600004196167,1.5885595083236694,0.0,0.0,0.0,0.0,0
2023-08-24,1.75600004196167,1.75600004196167,1.75600004196167,1.75600004196167,1.5885595083236694,0.0,0.0,0.0,0.0,0
2023-08-25,1.75600004196167,1.75600004196167,1.75600004196167,1.75600004196167,1.5885595083236694,0.0,0.0,0.0,0.0,0
2023-08-28,1.75600004196167,1.75600004196167,1.75600004196167,1.75600004196167,1.5885595083236694,0.0,0.0,0.0,0.0,0
2023-08-29,1.75600004196167,1.75600004196167,1.75600004196167,1.75600004196167,1.5885595083236694,0.0,0.0,0.0,0.0,0
2023-08-30,1.7599999904632568,1.7599999904632568,1.7599999904632568,1.7599999904632568,1.5921781063079834,0.0,0.0,0.0,0.0,0
2023-08-31,1.7640000581741333,1.7640000581741333,1.7640000581741333,1.7640000581741333,1.595796823501587,0.0,0.0,0.0,0.0,0
2023-09-01,,,,1.7640000581741333,1.595796823501587,,,,,1
2023-09-05,1.7640000581741333,1.7640000581741333,1.7640000581741333,1.7640000581741333,1.595796823501587,0.0,0.0,0.0,0.0,0
2023-09-06,1.7640000581741333,1.7640000581741333,1.7640000581741333,1.7640000581741333,1.595796823501587,0.0,0.0,0.0,0.0,0
2023-09-07,1.7640000581741333,1.7640000581741333,1.7640000581741333,1.7640000581741333,1.595796823501587,0.0,0.0,0.0,0.0,0
2023-09-08,,,,1.7640000581741333,1.595796823501587,,,,,1
2023-09-11,1.7640000581741333,1.7640000581741333,1.7640000581741333,1.7640000581741333,1.595796823501587,0.0,0.0,0.0,0.0,0
2023-09-12,1.7640000581741333,1.7640000581741333,1.7640000581741333,1.7640000581741333,1.595796823501587,0.0,0.0,0.0,0.0,0
2023-09-13,1.7640000581741333,1.7640000581741333,1.7640000581741333,1.7640000581741333,1.595796823501587,0.0,0.0,0.0,0.0,0
2023-09-14,1.7640000581741333,1.7640000581741333,1.7640000581741333,1.7640000581741333,1.595796823501587,0.0,0.0,0.0,0.0,0
2023-09-15,1.7640000581741333,1.7640000581741333,1.7640000581741333,1.7640000581741333,1.595796823501587,0.0,0.0,0.0,0.0,0
2023-09-18,1.7640000581741333,1.7640000581741333,1.7640000581741333,1.7640000581741333,1.595796823501587,0.0,0.0,0.0,0.0,0
2023-09-19,1.7640000581741333,1.7640000581741333,1.7640000581741333,1.7640000581741333,1.595796823501587,0.0,0.0,0.0,0.0,0
2023-09-20,1.7640000581741333,1.7640000581741333,1.7640000581741333,1.7640000581741333,1.595796823501587,0.0,0.0,0.0,0.0,0
2023-09-21,1.7599999904632568,1.7599999904632568,1.7599999904632568,1.7599999904632568,1.5921781063079834,0.0,0.0,0.0,0.0,0
2023-09-22,1.7580000162124634,1.7580000162124634,1.7580000162124634,1.7580000162124634,1.5903688669204712,0.0,0.0,0.0,0.0,0
2023-09-25,1.7580000162124634,1.7580000162124634,1.7580000162124634,1.7580000162124634,1.5903688669204712,0.0,0.0,0.0,0.0,0
2023-09-26,1.753999948501587,1.753999948501587,1.753999948501587,1.753999948501587,1.5867505073547363,0.0,0.0,0.0,0.0,0
2023-09-27,1.753999948501587,1.753999948501587,1.753999948501587,1.753999948501587,1.5867505073547363,0.0,0.0,0.0,0.0,0
2023-09-28,1.7480000257492063,1.7480000257492063,1.7480000257492063,1.7480000257492063,1.5813225507736206,0.0,0.0,0.0,0.0,0
2023-09-29,1.7480000257492063,1.7480000257492063,1.7480000257492063,1.7480000257492063,1.5813225507736206,0.0,0.0,0.0,0.0,0
2023-10-02,,,,1.7480000257492063,1.5813225507736206,,,,,1
2023-10-03,1.746000051498413,1.746000051498413,1.746000051498413,1.746000051498413,1.5795131921768188,0.0,0.0,0.0,0.0,0
2023-10-04,1.7300000190734863,1.7300000190734863,1.7300000190734863,1.7300000190734863,1.5650389194488523,0.0,0.0,0.0,0.0,0
2023-10-05,1.715999960899353,1.715999960899353,1.715999960899353,1.715999960899353,1.565080642700195,0.0,0.014046,0.0,0.0,0
2023-10-06,1.715999960899353,1.715999960899353,1.715999960899353,1.715999960899353,1.565080642700195,0.0,0.0,0.0,0.0,0
2023-10-10,1.718000054359436,1.718000054359436,1.718000054359436,1.718000054359436,1.5669050216674805,0.0,0.0,0.0,0.0,0
2023-10-11,1.72599995136261,1.72599995136261,1.72599995136261,1.72599995136261,1.574200987815857,0.0,0.0,0.0,0.0,0
2023-10-12,1.7280000448226929,1.7280000448226929,1.7280000448226929,1.7280000448226929,1.576025128364563,0.0,0.0,0.0,0.0,0
2023-10-13,1.722000002861023,1.722000002861023,1.722000002861023,1.722000002861023,1.570552945137024,0.0,0.0,0.0,0.0,0
2023-10-16,1.722000002861023,1.722000002861023,1.722000002861023,1.722000002861023,1.570552945137024,0.0,0.0,0.0,0.0,0
2023-10-17,1.722000002861023,1.722000002861023,1.722000002861023,1.722000002861023,1.570552945137024,0.0,0.0,0.0,0.0,0
2023-10-18,1.722000002861023,1.722000002861023,1.722000002861023,1.722000002861023,1.570552945137024,0.0,0.0,0.0,0.0,0
2023-10-19,1.718000054359436,1.718000054359436,1.718000054359436,1.718000054359436,1.5669050216674805,0.0,0.0,0.0,0.0,0
2023-10-20,1.715999960899353,1.715999960899353,1.715999960899353,1.715999960899353,1.565080642700195,0.0,0.0,0.0,0.0,0
2023-10-23,,,,1.715999960899353,1.565080642700195,,,,,1
2023-10-24,1.715999960899353,1.715999960899353,1.715999960899353,1.715999960899353,1.565080642700195,0.0,0.0,0.0,0.0,0
2023-10-25,1.715999960899353,1.715999960899353,1.715999960899353,1.715999960899353,1.565080642700195,0.0,0.0,0.0,0.0,0
2023-10-26,1.715999960899353,1.715999960899353,1.715999960899353,1.715999960899353,1.565080642700195,0.0,0.0,0.0,0.0,0
2023-10-27,1.715999960899353,1.715999960899353,1.715999960899353,1.715999960899353,1.565080642700195,0.0,0.0,0.0,0.0,0
2023-10-30,1.715999960899353,1.715999960899353,1.715999960899353,1.715999960899353,1.565080642700195,0.0,0.0,0.0,0.0,0
2023-10-31,1.715999960899353,1.715999960899353,1.715999960899353,1.715999960899353,1.565080642700195,0.0,0.0,0.0,0.0,0
2023-11-01,1.715999960899353,1.715999960899353,1.715999960899353,1.715999960899353,1.565080642700195,0.0,0.0,0.0,0.0,0
2023-11-02,1.722000002861023,1.722000002861023,1.722000002861023,1.722000002861023,1.570552945137024,0.0,0.0,0.0,0.0,0
2023-11-03,1.7300000190734863,1.7300000190734863,1.7300000190734863,1.7300000190734863,1.577849507331848,0.0,0.0,0.0,0.0,0
2023-11-06,1.7380000352859497,1.7380000352859497,1.7380000352859497,1.7380000352859497,1.5851458311080933,0.0,0.0,0.0,0.0,0
2023-11-07,1.7380000352859497,1.7380000352859497,1.7380000352859497,1.7380000352859497,1.5851458311080933,0.0,0.0,0.0,0.0,0
2023-11-08,1.7400000095367432,1.7400000095367432,1.7400000095367432,1.7400000095367432,1.5869697332382202,0.0,0.0,0.0,0.0,0
2023-11-09,1.74399995803833,1.74399995803833,1.74399995803833,1.74399995803833,1.590618133544922,0.0,0.0,0.0,0.0,0
2023-11-10,1.74399995803833,1.74399995803833,1.74399995803833,1.74399995803833,1.590618133544922,0.0,0.0,0.0,0.0,0
2023-11-13,1.74399995803833,1.74399995803833,1.74399995803833,1.74399995803833,1.590618133544922,0.0,0.0,0.0,0.0,0
2023-11-14,1.74399995803833,1.74399995803833,1.74399995803833,1.74399995803833,1.590618133544922,0.0,0.0,0.0,0.0,0
2023-11-15,1.753999948501587,1.753999948501587,1.753999948501587,1.753999948501587,1.599738836288452,0.0,0.0,0.0,0.0,0
2023-11-16,1.753999948501587,1.753999948501587,1.753999948501587,1.753999948501587,1.599738836288452,0.0,0.0,0.0,0.0,0
2023-11-17,1.753999948501587,1.753999948501587,1.753999948501587,1.753999948501587,1.599738836288452,0.0,0.0,0.0,0.0,0
2023-11-20,1.75600004196167,1.75600004196167,1.75600004196167,1.75600004196167,1.6015626192092896,0.0,0.0,0.0,0.0,0
2023-11-21,1.7599999904632568,1.7599999904632568,1.7599999904632568,1.7599999904632568,1.6052110195159912,0.0,0.0,0.0,0.0,0
2023-11-22,1.7640000581741333,1.7640000581741333,1.7640000581741333,1.7640000581741333,1.608859300613403,0.0,0.0,0.0,0.0,0
2023-11-24,1.7640000581741333,1.7640000581741333,1.7640000581741333,1.7640000581741333,1.608859300613403,0.0,0.0,0.0,0.0,0
2023-11-27,1.7640000581741333,1.7640000581741333,1.7640000581741333,1.7640000581741333,1.608859300613403,0.0,0.0,0.0,0.0,0
2023-11-28,1.7640000581741333,1.7640000581741333,1.7640000581741333,1.7640000581741333,1.608859300613403,0.0,0.0,0.0,0.0,0
2023-11-29,1.7760000228881836,1.7760000228881836,1.7760000228881836,1.7760000228881836,1.619803786277771,0.0,0.0,0.0,0.0,0
2023-11-30,1.7799999713897705,1.7799999713897705,1.7799999713897705,1.7799999713897705,1.623452067375183,0.0,0.0,0.0,0.0,0
2023-12-01,1.7799999713897705,1.7799999713897705,1.7799999713897705,1.7799999713897705,1.623452067375183,0.0,0.0,0.0,0.0,0
2023-12-04,1.7860000133514404,1.7860000133514404,1.7860000133514404,1.7860000133514404,1.6289244890213013,0.0,0.0,0.0,0.0,0
2023-12-05,1.7860000133514404,1.7860000133514404,1.7860000133514404,1.7860000133514404,1.6289244890213013,0.0,0.0,0.0,0.0,0
2023-12-06,1.7920000553131104,1.7920000553131104,1.7920000553131104,1.7920000553131104,1.63439679145813,0.0,0.0,0.0,0.0,0
2023-12-07,1.7999999523162842,1.7999999523162842,1.7999999523162842,1.7999999523162842,1.6416929960250854,0.0,0.0,0.0,0.0,0
2023-12-08,1.7999999523162842,1.7999999523162842,1.7999999523162842,1.7999999523162842,1.6416929960250854,0.0,0.0,0.0,0.0,0
2023-12-11,1.7999999523162842,1.7999999523162842,1.7999999523162842,1.7999999523162842,1.6416929960250854,0.0,0.0,0.0,0.0,0
2023-12-12,1.7999999523162842,1.7999999523162842,1.7999999523162842,1.7999999523162842,1.6416929960250854,0.0,0.0,0.0,0.0,0
2023-12-13,1.7999999523162842,1.7999999523162842,1.7999999523162842,1.7999999523162842,1.6416929960250854,0.0,0.0,0.0,0.0,0
2023-12-14,1.815999984741211,1.815999984741211,1.815999984741211,1.815999984741211,1.6562857627868652,0.0,0.0,0.0,0.0,0
2023-12-15,1.8240000009536743,1.8240000009536743,1.8240000009536743,1.8240000009536743,1.6635822057724,0.0,0.0,0.0,0.0,0
2023-12-18,1.825999975204468,1.825999975204468,1.825999975204468,1.825999975204468,1.6654061079025269,0.0,0.0,0.0,0.0,0
2023-12-19,1.825999975204468,1.825999975204468,1.825999975204468,1.825999975204468,1.6654061079025269,0.0,0.0,0.0,0.0,0
2023-12-20,1.825999975204468,1.825999975204468,1.825999975204468,1.825999975204468,1.6654061079025269,0.0,0.0,0.0,0.0,0
2023-12-21,1.830000042915344,1.830000042915344,1.830000042915344,1.830000042915344,1.6690547466278076,0.0,0.0,0.0,0.0,0
2023-12-22,1.830000042915344,1.830000042915344,1.830000042915344,1.830000042915344,1.6690547466278076,0.0,0.0,0.0,0.0,0
2023-12-26,,,,1.830000042915344,1.6690547466278076,,,,,1
2023-12-27,1.830000042915344,1.830000042915344,1.830000042915344,1.830000042915344,1.6690547466278076,0.0,0.0,0.0,0.0,0
2023-12-28,1.8320000171661377,1.8320000171661377,1.8320000171661377,1.8320000171661377,1.6708786487579346,0.0,0.0,0.0,0.0,0
2023-12-29,1.8359999656677248,1.8359999656677248,1.8359999656677248,1.8359999656677248,1.6745270490646362,0.0,0.0,0.0,0.0,0
2024-01-02,1.8359999656677248,1.8359999656677248,1.8359999656677248,1.8359999656677248,1.6745270490646362,0.0,0.0,0.0,0.0,0
2024-01-03,1.8220000267028809,1.8220000267028809,1.8220000267028809,1.8220000267028809,1.6746087074279783,0.0,0.014089,0.0,0.0,0
2024-01-04,1.8220000267028809,1.8220000267028809,1.8220000267028809,1.8220000267028809,1.6746087074279783,0.0,0.0,0.0,0.0,0
2024-01-05,1.8200000524520872,1.8200000524520872,1.8200000524520872,1.8200000524520872,1.6727705001831057,0.0,0.0,0.0,0.0,0
2024-01-08,1.815999984741211,1.815999984741211,1.815999984741211,1.815999984741211,1.6690940856933594,0.0,0.0,0.0,0.0,0
2024-01-09,1.815999984741211,1.815999984741211,1.815999984741211,1.815999984741211,1.6690940856933594,0.0,0.0,0.0,0.0,0
2024-01-10,1.815999984741211,1.815999984741211,1.815999984741211,1.815999984741211,1.6690940856933594,0.0,0.0,0.0,0.0,0
2024-01-11,1.815999984741211,1.815999984741211,1.815999984741211,1.815999984741211,1.6690940856933594,0.0,0.0,0.0,0.0,0
2024-01-12,1.815999984741211,1.815999984741211,1.815999984741211,1.815999984741211,1.6690940856933594,0.0,0.0,0.0,0.0,0
2024-01-16,1.815999984741211,1.815999984741211,1.815999984741211,1.815999984741211,1.6690940856933594,0.0,0.0,0.0,0.0,0
2024-01-17,1.815999984741211,1.815999984741211,1.815999984741211,1.815999984741211,1.6690940856933594,0.0,0.0,0.0,0.0,0
2024-01-18,1.815999984741211,1.815999984741211,1.815999984741211,1.815999984741211,1.6690940856933594,0.0,0.0,0.0,0.0,0
2024-01-19,1.812000036239624,1.812000036239624,1.812000036239624,1.812000036239624,1.6654175519943235,0.0,0.0,0.0,0.0,0
2024-01-22,1.812000036239624,1.812000036239624,1.812000036239624,1.812000036239624,1.6654175519943235,0.0,0.0,0.0,0.0,0
2024-01-23,1.812000036239624,1.812000036239624,1.812000036239624,1.812000036239624,1.6654175519943235,0.0,0.0,0.0,0.0,0
2024-01-24,1.812000036239624,1.812000036239624,1.812000036239624,1.812000036239624,1.6654175519943235,0.0,0.0,0.0,0.0,0
2024-01-25,1.812000036239624,1.812000036239624,1.812000036239624,1.812000036239624,1.6654175519943235,0.0,0.0,0.0,0.0,0
2024-01-26,1.812000036239624,1.812000036239624,1.812000036239624,1.812000036239624,1.6654175519943235,0.0,0.0,0.0,0.0,0
2024-01-29,1.812000036239624,1.812000036239624,1.812000036239624,1.812000036239624,1.6654175519943235,0.0,0.0,0.0,0.0,0
2024-01-30,1.812000036239624,1.812000036239624,1.812000036239624,1.812000036239624,1.6654175519943235,0.0,0.0,0.0,0.0,0
2024-01-31,1.812000036239624,1.812000036239624,1.812000036239624,1.812000036239624,1.6654175519943235,0.0,0.0,0.0,0.0,0
2024-02-01,1.815999984741211,1.815999984741211,1.815999984741211,1.815999984741211,1.6690940856933594,0.0,0.0,0.0,0.0,0
2024-02-02,1.8200000524520872,1.8200000524520872,1.8200000524520872,1.8200000524520872,1.6727705001831057,0.0,0.0,0.0,0.0,0
2024-02-05,1.8200000524520872,1.8200000524520872,1.8200000524520872,1.8200000524520872,1.6727705001831057,0.0,0.0,0.0,0.0,0
2024-02-06,1.8200000524520872,1.8200000524520872,1.8200000524520872,1.8200000524520872,1.6727705001831057,0.0,0.0,0.0,0.0,0
2024-02-07,1.805999994277954,1.805999994277954,1.805999994277954,1.805999994277954,1.6599029302597046,0.0,0.0,0.0,0.0,0
2024-02-08,1.8079999685287476,1.8079999685287476,1.8079999685287476,1.8079999685287476,1.6617411375045776,0.0,0.0,0.0,0.0,0
2024-02-09,1.8079999685287476,1.8079999685287476,1.8079999685287476,1.8079999685287476,1.6617411375045776,0.0,0.0,0.0,0.0,0
2024-02-12,,,,1.8079999685287476,1.6617411375045776,,,,,1
2024-02-13,,,,1.8079999685287476,1.6617411375045776,,,,,1
2024-02-14,1.8079999685287476,1.8079999685287476,1.8079999685287476,1.8079999685287476,1.6617411375045776,0.0,0.0,0.0,0.0,0
2024-02-15,1.8079999685287476,1.8079999685287476,1.8079999685287476,1.8079999685287476,1.6617411375045776,0.0,0.0,0.0,0.0,0
2024-02-16,1.8079999685287476,1.8079999685287476,1.8079999685287476,1.8079999685287476,1.6617411375045776,0.0,0.0,0.0,0.0,0
2024-02-20,1.8079999685287476,1.8079999685287476,1.8079999685287476,1.8079999685287476,1.6617411375045776,0.0,0.0,0.0,0.0,0
2024-02-21,1.8079999685287476,1.8079999685287476,1.8079999685287476,1.8079999685287476,1.6617411375045776,0.0,0.0,0.0,0.0,0
2024-02-22,1.8079999685287476,1.8079999685287476,1.8079999685287476,1.8079999685287476,1.6617411375045776,0.0,0.0,0.0,0.0,0
2024-02-23,1.8079999685287476,1.8079999685287476,1.8079999685287476,1.8079999685287476,1.6617411375045776,0.0,0.0,0.0,0.0,0
2024-02-26,1.8079999685287476,1.8079999685287476,1.8079999685287476,1.8079999685287476,1.6617411375045776,0.0,0.0,0.0,0.0,0
2024-02-27,1.8079999685287476,1.8079999685287476,1.8079999685287476,1.8079999685287476,1.6617411375045776,0.0,0.0,0.0,0.0,0
2024-02-28,1.8079999685287476,1.8079999685287476,1.8079999685287476,1.8079999685287476,1.6617411375045776,0.0,0.0,0.0,0.0,0
2024-02-29,1.8079999685287476,1.8079999685287476,1.8079999685287476,1.8079999685287476,1.6617411375045776,0.0,0.0,0.0,0.0,0
2024-03-01,1.8079999685287476,1.8079999685287476,1.8079999685287476,1.8079999685287476,1.6617411375045776,0.0,0.0,0.0,0.0,0
2024-03-04,1.812000036239624,1.812000036239624,1.812000036239624,1.812000036239624,1.6654175519943235,0.0,0.0,0.0,0.0,0
2024-03-05,1.812000036239624,1.812000036239624,1.812000036239624,1.812000036239624,1.6654175519943235,0.0,0.0,0.0,0.0,0
2024-03-06,1.812000036239624,1.812000036239624,1.812000036239624,1.812000036239624,1.6654175519943235,0.0,0.0,0.0,0.0,0
2024-03-07,1.815999984741211,1.815999984741211,1.815999984741211,1.815999984741211,1.6690940856933594,0.0,0.0,0.0,0.0,0
2024-03-08,1.8179999589920044,1.8179999589920044,1.8179999589920044,1.8179999589920044,1.6709321737289429,0.0,0.0,0.0,0.0,0
2024-03-11,1.8200000524520872,1.8200000524520872,1.8200000524520872,1.8200000524520872,1.6727705001831057,0.0,0.0,0.0,0.0,0
2024-03-12,1.8200000524520872,1.8200000524520872,1.8200000524520872,1.8200000524520872,1.6727705001831057,0.0,0.0,0.0,0.0,0
2024-03-13,1.8200000524520872,1.8200000524520872,1.8200000524520872,1.8200000524520872,1.6727705001831057,0.0,0.0,0.0,0.0,0
2024-03-14,1.8200000524520872,1.8200000524520872,1.8200000524520872,1.8200000524520872,1.6727705001831057,0.0,0.0,0.0,0.0,0
2024-03-15,1.8200000524520872,1.8200000524520872,1.8200000524520872,1.8200000524520872,1.6727705001831057,0.0,0.0,0.0,0.0,0
2024-03-18,1.8200000524520872,1.8200000524520872,1.8200000524520872,1.8200000524520872,1.6727705001831057,0.0,0.0,0.0,0.0,0
2024-03-19,1.8200000524520872,1.8200000524520872,1.8200000524520872,1.8200000524520872,1.6727705001831057,0.0,0.0,0.0,0.0,0
2024-03-20,1.8200000524520872,1.8200000524520872,1.8200000524520872,1.8200000524520872,1.6727705001831057,0.0,0.0,0.0,0.0,0
2024-03-21,1.8200000524520872,1.8200000524520872,1.8200000524520872,1.8200000524520872,1.6727705001831057,0.0,0.0,0.0,0.0,0
2024-03-22,1.8200000524520872,1.8200000524520872,1.8200000524520872,1.8200000524520872,1.6727705001831057,0.0,0.0,0.0,0.0,0
2024-03-25,1.8320000171661377,1.8320000171661377,1.8320000171661377,1.8320000171661377,1.6837997436523438,0.0,0.0,0.0,0.0,0
2024-03-26,1.830000042915344,1.830000042915344,1.830000042915344,1.830000042915344,1.6819615364074707,0.0,0.0,0.0,0.0,0
2024-03-27,1.830000042915344,1.830000042915344,1.830000042915344,1.830000042915344,1.6819615364074707,0.0,0.0,0.0,0.0,0
2024-03-28,1.830000042915344,1.830000042915344,1.830000042915344,1.830000042915344,1.6819615364074707,0.0,0.0,0.0,0.0,0
2024-04-01,,,,1.830000042915344,1.6819615364074707,,,,,1
2024-04-02,1.8279999494552612,1.8279999494552612,1.8279999494552612,1.8279999494552612,1.6801234483718872,0.0,0.0,0.0,0.0,0
2024-04-03,1.8079999685287476,1.8079999685287476,1.8079999685287476,1.8079999685287476,1.674612283706665,0.0,0.01405,0.0,0.0,0
2024-04-04,,,,1.8079999685287476,1.674612283706665,,,,,1
2024-04-05,1.8079999685287476,1.8079999685287476,1.8079999685287476,1.8079999685287476,1.674612283706665,0.0,0.0,0.0,0.0,0
2024-04-08,1.8079999685287476,1.8079999685287476,1.8079999685287476,1.8079999685287476,1.674612283706665,0.0,0.0,0.0,0.0,0
2024-04-09,1.805999994277954,1.805999994277954,1.805999994277954,1.805999994277954,1.6727596521377563,0.0,0.0,0.0,0.0,0
2024-04-10,1.805999994277954,1.805999994277954,1.805999994277954,1.805999994277954,1.6727596521377563,0.0,0.0,0.0,0.0,0
2024-04-11,1.7979999780654907,1.7979999780654907,1.7979999780654907,1.7979999780654907,1.6653501987457275,0.0,0.0,0.0,0.0,0
2024-04-12,1.7960000038146973,1.7960000038146973,1.7960000038146973,1.7960000038146973,1.6634975671768188,0.0,0.0,0.0,0.0,0
2024-04-15,1.7960000038146973,1.7960000038146973,1.7960000038146973,1.7960000038146973,1.6634975671768188,0.0,0.0,0.0,0.0,0
2024-04-16,1.7940000295639038,1.7940000295639038,1.7940000295639038,1.7940000295639038,1.6616451740264893,0.0,0.0,0.0,0.0,0
2024-04-17,1.7899999618530271,1.7899999618530271,1.7899999618530271,1.7899999618530271,1.6579402685165403,0.0,0.0,0.0,0.0,0
2024-04-18,1.7899999618530271,1.7899999618530271,1.7899999618530271,1.7899999618530271,1.6579402685165403,0.0,0.0,0.0,0.0,0
2024-04-19,1.7899999618530271,1.7899999618530271,1.7899999618530271,1.7899999618530271,1.6579402685165403,0.0,0.0,0.0,0.0,0
2024-04-22,1.7899999618530271,1.7899999618530271,1.7899999618530271,1.7899999618530271,1.6579402685165403,0.0,0.0,0.0,0.0,0
2024-04-23,1.7899999618530271,1.7899999618530271,1.7899999618530271,1.7899999618530271,1.6579402685165403,0.0,0.0,0.0,0.0,0
2024-04-24,1.7899999618530271,1.7899999618530271,1.7899999618530271,1.7899999618530271,1.6579402685165403,0.0,0.0,0.0,0.0,0
2024-04-25,1.7899999618530271,1.7899999618530271,1.7899999618530271,1.7899999618530271,1.6579402685165403,0.0,0.0,0.0,0.0,0
2024-04-26,1.7899999618530271,1.7899999618530271,1.7899999618530271,1.7899999618530271,1.6579402685165403,0.0,0.0,0.0,0.0,0
2024-04-29,1.7899999618530271,1.7899999618530271,1.7899999618530271,1.7899999618530271,1.6579402685165403,0.0,0.0,0.0,0.0,0
2024-04-30,1.7899999618530271,1.7899999618530271,1.7899999618530271,1.7899999618530271,1.6579402685165403,0.0,0.0,0.0,0.0,0
2024-05-01,,,,1.7899999618530271,1.6579402685165403,,,,,1
2024-05-02,1.7899999618530271,1.7899999618530271,1.7899999618530271,1.7899999618530271,1.6579402685165403,0.0,0.0,0.0,0.0,0
2024-05-03,1.7899999618530271,1.7899999618530271,1.7899999618530271,1.7899999618530271,1.6579402685165403,0.0,0.0,0.0,0.0,0
2024-05-06,1.7920000553131104,1.7920000553131104,1.7920000553131104,1.7920000553131104,1.65979266166687,0.0,0.0,0.0,0.0,0
2024-05-07,1.7960000038146973,1.7960000038146973,1.7960000038146973,1.7960000038146973,1.6634975671768188,0.0,0.0,0.0,0.0,0
2024-05-08,1.7979999780654907,1.7979999780654907,1.7979999780654907,1.7979999780654907,1.6653501987457275,0.0,0.0,0.0,0.0,0
2024-05-09,1.7979999780654907,1.7979999780654907,1.7979999780654907,1.7979999780654907,1.6653501987457275,0.0,0.0,0.0,0.0,0
2024-05-10,1.7979999780654907,1.7979999780654907,1.7979999780654907,1.7979999780654907,1.6653501987457275,0.0,0.0,0.0,0.0,0
2024-05-13,1.7979999780654907,1.7979999780654907,1.7979999780654907,1.7979999780654907,1.6653501987457275,0.0,0.0,0.0,0.0,0
2024-05-14,1.7979999780654907,1.7979999780654907,1.7979999780654907,1.7979999780654907,1.6653501987457275,0.0,0.0,0.0,0.0,0
2024-05-15,,,,1.7979999780654907,1.6653501987457275,,,,,1
2024-05-16,1.809999942779541,1.809999942779541,1.809999942779541,1.809999942779541,1.6764647960662842,0.0,0.0,0.0,0.0,0
2024-05-17,1.809999942779541,1.809999942779541,1.809999942779541,1.809999942779541,1.6764647960662842,0.0,0.0,0.0,0.0,0
2024-05-20,1.809999942779541,1.809999942779541,1.809999942779541,1.809999942779541,1.6764647960662842,0.0,0.0,0.0,0.0,0
2024-05-21,1.809999942779541,1.809999942779541,1.809999942779541,1.809999942779541,1.6764647960662842,0.0,0.0,0.0,0.0,0
2024-05-22,1.809999942779541,1.809999942779541,1.809999942779541,1.809999942779541,1.6764647960662842,0.0,0.0,0.0,0.0,0
2024-05-23,1.809999942779541,1.809999942779541,1.809999942779541,1.809999942779541,1.6764647960662842,0.0,0.0,0.0,0.0,0
2024-05-24,1.809999942779541,1.809999942779541,1.809999942779541,1.809999942779541,1.6764647960662842,0.0,0.0,0.0,0.0,0
2024-05-28,1.809999942779541,1.809999942779541,1.809999942779541,1.809999942779541,1.6764647960662842,0.0,0.0,0.0,0.0,0
2024-05-29,1.809999942779541,1.809999942779541,1.809999942779541,1.809999942779541,1.6764647960662842,0.0,0.0,0.0,0.0,0
2024-05-30,1.809999942779541,1.809999942779541,1.809999942779541,1.809999942779541,1.6764647960662842,0.0,0.0,0.0,0.0,0
2024-05-31,1.809999942779541,1.809999942779541,1.809999942779541,1.809999942779541,1.6764647960662842,0.0,0.0,0.0,0.0,0
2024-06-03,1.809999942779541,1.809999942779541,1.809999942779541,1.809999942779541,1.6764647960662842,0.0,0.0,0.0,0.0,0
2024-06-04,1.812000036239624,1.812000036239624,1.812000036239624,1.812000036239624,1.6783171892166138,0.0,0.0,0.0,0.0,0
2024-06-05,1.8179999589920044,1.8179999589920044,1.8179999589920044,1.8179999589920044,1.683874487876892,0.0,0.0,0.0,0.0,0
2024-06-06,1.8200000524520872,1.8200000524520872,1.8200000524520872,1.8200000524520872,1.6857271194458008,0.0,0.0,0.0,0.0,0
2024-06-07,1.8220000267028809,1.8220000267028809,1.8220000267028809,1.8220000267028809,1.6875795125961304,0.0,0.0,0.0,0.0,0
2024-06-10,,,,1.8220000267028809,1.6875795125961304,,,,,1
2024-06-11,1.812000036239624,1.812000036239624,1.812000036239624,1.812000036239624,1.6783171892166138,0.0,0.0,0.0,0.0,0
2024-06-12,1.812000036239624,1.812000036239624,1.812000036239624,1.812000036239624,1.6783171892166138,0.0,0.0,0.0,0.0,0
2024-06-13,1.815999984741211,1.815999984741211,1.815999984741211,1.815999984741211,1.6820220947265625,0.0,0.0,0.0,0.0,0
2024-06-14,1.8200000524520872,1.8200000524520872,1.8200000524520872,1.8200000524520872,1.6857271194458008,0.0,0.0,0.0,0.0,0
2024-06-17,1.8240000009536743,1.8240000009536743,1.8240000009536743,1.8240000009536743,1.68943190574646,0.0,0.0,0.0,0.0,0
2024-06-18,1.8240000009536743,1.8240000009536743,1.8240000009536743,1.8240000009536743,1.68943190574646,0.0,0.0,0.0,0.0,0
2024-06-20,1.8240000009536743,1.8240000009536743,1.8240000009536743,1.8240000009536743,1.68943190574646,0.0,0.0,0.0,0.0,0
2024-06-21,1.8240000009536743,1.8240000009536743,1.8240000009536743,1.8240000009536743,1.68943190574646,0.0,0.0,0.0,0.0,0
2024-06-24,1.8240000009536743,1.8240000009536743,1.8240000009536743,1.8240000009536743,1.68943190574646,0.0,0.0,0.0,0.0,0
2024-06-25,1.8240000009536743,1.8240000009536743,1.8240000009536743,1.8240000009536743,1.68943190574646,0.0,0.0,0.0,0.0,0
2024-06-26,1.8240000009536743,1.8240000009536743,1.8240000009536743,1.8240000009536743,1.68943190574646,0.0,0.0,0.0,0.0,0
2024-06-27,1.8240000009536743,1.8240000009536743,1.8240000009536743,1.8240000009536743,1.68943190574646,0.0,0.0,0.0,0.0,0
2024-06-28,1.8240000009536743,1.8240000009536743,1.8240000009536743,1.8240000009536743,1.68943190574646,0.0,0.0,0.0,0.0,0
2024-07-01,,,,1.8240000009536743,1.68943190574646,,,,,1
2024-07-02,1.8240000009536743,1.8240000009536743,1.8240000009536743,1.8240000009536743,1.68943190574646,0.0,0.0,0.0,0.0,0
2024-07-03,1.809000015258789,1.809000015258789,1.809000015258789,1.809000015258789,1.6897701025009155,0.0,0.015362,0.0,0.0,0
2024-07-05,1.809000015258789,1.809000015258789,1.809000015258789,1.809000015258789,1.6897701025009155,0.0,0.0,0.0,0.0,0
2024-07-08,1.809999942779541,1.809999942779541,1.809999942779541,1.809999942779541,1.690704107284546,0.0,0.0,0.0,0.0,0
2024-07-09,1.8140000104904177,1.8140000104904177,1.8140000104904177,1.8140000104904177,1.6944403648376465,0.0,0.0,0.0,0.0,0
2024-07-10,1.8140000104904177,1.8140000104904177,1.8140000104904177,1.8140000104904177,1.6944403648376465,0.0,0.0,0.0,0.0,0
2024-07-11,1.8140000104904177,1.8140000104904177,1.8140000104904177,1.8140000104904177,1.6944403648376465,0.0,0.0,0.0,0.0,0
2024-07-12,1.8220000267028809,1.8220000267028809,1.8220000267028809,1.8220000267028809,1.7019132375717163,0.0,0.0,0.0,0.0,0
2024-07-15,1.8240000009536743,1.8240000009536743,1.8240000009536743,1.8240000009536743,1.7037813663482666,0.0,0.0,0.0,0.0,0
2024-07-16,1.8240000009536743,1.8240000009536743,1.8240000009536743,1.8240000009536743,1.7037813663482666,0.0,0.0,0.0,0.0,0
2024-07-17,1.8339999914169312,1.8339999914169312,1.8339999914169312,1.8339999914169312,1.7131222486495972,0.0,0.0,0.0,0.0,0
2024-07-18,1.8339999914169312,1.8339999914169312,1.8339999914169312,1.8339999914169312,1.7131222486495972,0.0,0.0,0.0,0.0,0
2024-07-19,1.8339999914169312,1.8339999914169312,1.8339999914169312,1.8339999914169312,1.7131222486495972,0.0,0.0,0.0,0.0,0
2024-07-22,1.8339999914169312,1.8339999914169312,1.8339999914169312,1.8339999914169312,1.7131222486495972,0.0,0.0,0.0,0.0,0
2024-07-23,1.8339999914169312,1.8339999914169312,1.8339999914169312,1.8339999914169312,1.7131222486495972,0.0,0.0,0.0,0.0,0
2024-07-24,1.8339999914169312,1.8339999914169312,1.8339999914169312,1.8339999914169312,1.7131222486495972,0.0,0.0,0.0,0.0,0
2024-07-25,1.8339999914169312,1.8339999914169312,1.8339999914169312,1.8339999914169312,1.7131222486495972,0.0,0.0,0.0,0.0,0
2024-07-26,1.8339999914169312,1.8339999914169312,1.8339999914169312,1.8339999914169312,1.7131222486495972,0.0,0.0,0.0,0.0,0
2024-07-29,1.8339999914169312,1.8339999914169312,1.8339999914169312,1.8339999914169312,1.7131222486495972,0.0,0.0,0.0,0.0,0
2024-07-30,1.8339999914169312,1.8339999914169312,1.8339999914169312,1.8339999914169312,1.7131222486495972,0.0,0.0,0.0,0.0,0
2024-07-31,1.8359999656677248,1.8359999656677248,1.8359999656677248,1.8359999656677248,1.714990496635437,0.0,0.0,0.0,0.0,0
2024-08-01,1.8420000076293943,1.8420000076293943,1.8420000076293943,1.8420000076293943,1.720594882965088,0.0,0.0,0.0,0.0,0
2024-08-02,1.868000030517578,1.868000030517578,1.868000030517578,1.868000030517578,1.7448813915252686,0.0,0.0,0.0,0.0,0
2024-08-05,1.868000030517578,1.868000030517578,1.868000030517578,1.868000030517578,1.7448813915252686,0.0,0.0,0.0,0.0,0
2024-08-06,1.868000030517578,1.868000030517578,1.868000030517578,1.868000030517578,1.7448813915252686,0.0,0.0,0.0,0.0,0
2024-08-07,1.868000030517578,1.868000030517578,1.868000030517578,1.868000030517578,1.7448813915252686,0.0,0.0,0.0,0.0,0
2024-08-08,1.868000030517578,1.868000030517578,1.868000030517578,1.868000030517578,1.7448813915252686,0.0,0.0,0.0,0.0,0
2024-08-09,1.866000056266785,1.866000056266785,1.866000056266785,1.866000056266785,1.7430132627487185,0.0,0.0,0.0,0.0,0
2024-08-12,1.866000056266785,1.866000056266785,1.866000056266785,1.866000056266785,1.7430132627487185,0.0,0.0,0.0,0.0,0
2024-08-13,1.866000056266785,1.866000056266785,1.866000056266785,1.866000056266785,1.7430132627487185,0.0,0.0,0.0,0.0,0
2024-08-14,1.866000056266785,1.866000056266785,1.866000056266785,1.866000056266785,1.7430132627487185,0.0,0.0,0.0,0.0,0
2024-08-15,1.866000056266785,1.866000056266785,1.866000056266785,1.866000056266785,1.7430132627487185,0.0,0.0,0.0,0.0,0
2024-08-16,1.866000056266785,1.866000056266785,1.866000056266785,1.866000056266785,1.7430132627487185,0.0,0.0,0.0,0.0,0
2024-08-19,1.866000056266785,1.866000056266785,1.866000056266785,1.866000056266785,1.7430132627487185,0.0,0.0,0.0,0.0,0
2024-08-20,1.866000056266785,1.866000056266785,1.866000056266785,1.866000056266785,1.7430132627487185,0.0,0.0,0.0,0.0,0
2024-08-21,1.866000056266785,1.866000056266785,1.866000056266785,1.866000056266785,1.7430132627487185,0.0,0.0,0.0,0.0,0
2024-08-22,1.868000030517578,1.868000030517578,1.868000030517578,1.868000030517578,1.7448813915252686,0.0,0.0,0.0,0.0,0
2024-08-23,1.868000030517578,1.868000030517578,1.868000030517578,1.868000030517578,1.7448813915252686,0.0,0.0,0.0,0.0,0
2024-08-26,1.868000030517578,1.868000030517578,1.868000030517578,1.868000030517578,1.7448813915252686,0.0,0.0,0.0,0.0,0
2024-08-27,1.868000030517578,1.868000030517578,1.868000030517578,1.868000030517578,1.7448813915252686,0.0,0.0,0.0,0.0,0
2024-08-28,1.868000030517578,1.868000030517578,1.868000030517578,1.868000030517578,1.7448813915252686,0.0,0.0,0.0,0.0,0
2024-08-29,1.868000030517578,1.868000030517578,1.868000030517578,1.868000030517578,1.7448813915252686,0.0,0.0,0.0,0.0,0
2024-08-30,1.868000030517578,1.868000030517578,1.868000030517578,1.868000030517578,1.7448813915252686,0.0,0.0,0.0,0.0,0
2024-09-03,1.868000030517578,1.868000030517578,1.868000030517578,1.868000030517578,1.7448813915252686,0.0,0.0,0.0,0.0,0
2024-09-04,1.868000030517578,1.868000030517578,1.868000030517578,1.868000030517578,1.7448813915252686,0.0,0.0,0.0,0.0,0
2024-09-05,1.868000030517578,1.868000030517578,1.868000030517578,1.868000030517578,1.7448813915252686,0.0,0.0,0.0,0.0,0
2024-09-06,,,,1.868000030517578,1.7448813915252686,,,,,1
2024-09-09,1.871999979019165,1.871999979019165,1.871999979019165,1.871999979019165,1.7486177682876587,0.0,0.0,0.0,0.0,0
2024-09-10,1.8919999599456787,1.8919999599456787,1.8919999599456787,1.8919999599456787,1.7672994136810305,5000.0,0.0,0.0,0.0,0
2024-09-11,1.8919999599456787,1.8919999599456787,1.8919999599456787,1.8919999599456787,1.7672994136810305,0.0,0.0,0.0,0.0,0
2024-09-12,1.8919999599456787,1.8919999599456787,1.8919999599456787,1.8919999599456787,1.7672994136810305,0.0,0.0,0.0,0.0,0
2024-09-13,1.8919999599456787,1.8919999599456787,1.8919999599456787,1.8919999599456787,1.7672994136810305,0.0,0.0,0.0,0.0,0
2024-09-16,1.8919999599456787,1.8919999599456787,1.8919999599456787,1.8919999599456787,1.7672994136810305,0.0,0.0,0.0,0.0,0
2024-09-17,1.8960000276565552,1.8960000276565552,1.8960000276565552,1.8960000276565552,1.77103590965271,0.0,0.0,0.0,0.0,0
2024-09-18,,,,1.8960000276565552,1.77103590965271,,,,,1
2024-09-19,1.8960000276565552,1.8960000276565552,1.8960000276565552,1.8960000276565552,1.77103590965271,0.0,0.0,0.0,0.0,0
2024-09-20,1.8960000276565552,1.8960000276565552,1.8960000276565552,1.8960000276565552,1.77103590965271,0.0,0.0,0.0,0.0,0
2024-09-23,1.8960000276565552,1.8960000276565552,1.8960000276565552,1.8960000276565552,1.77103590965271,0.0,0.0,0.0,0.0,0
2024-09-24,1.8960000276565552,1.8960000276565552,1.8960000276565552,1.8960000276565552,1.77103590965271,0.0,0.0,0.0,0.0,0
2024-09-25,1.8960000276565552,1.8960000276565552,1.8960000276565552,1.8960000276565552,1.77103590965271,0.0,0.0,0.0,0.0,0
2024-09-26,1.8960000276565552,1.8960000276565552,1.8960000276565552,1.8960000276565552,1.77103590965271,0.0,0.0,0.0,0.0,0
2024-09-27,1.8960000276565552,1.8960000276565552,1.8960000276565552,1.8960000276565552,1.77103590965271,0.0,0.0,0.0,0.0,0
2024-09-30,1.8960000276565552,1.8960000276565552,1.8960000276565552,1.8960000276565552,1.77103590965271,0.0,0.0,0.0,0.0,0
2024-10-01,,,,1.8960000276565552,1.77103590965271,,,,,1
2024-10-02,1.8960000276565552,1.8960000276565552,1.8960000276565552,1.8960000276565552,1.77103590965271,0.0,0.0,0.0,0.0,0
2024-10-03,1.878000020980835,1.878000020980835,1.878000020980835,1.878000020980835,1.7686381340026855,0.0,0.015454,0.0,0.0,0
2024-10-04,1.8899999856948853,1.8899999856948853,1.8899999856948853,1.8899999856948853,1.7799391746520996,0.0,0.0,0.0,0.0,0
2024-10-07,1.883999943733215,1.883999943733215,1.883999943733215,1.883999943733215,1.774288535118103,0.0,0.0,0.0,0.0,0
2024-10-08,1.878000020980835,1.878000020980835,1.878000020980835,1.878000020980835,1.7686381340026855,0.0,0.0,0.0,0.0,0
2024-10-09,1.878000020980835,1.878000020980835,1.878000020980835,1.878000020980835,1.7686381340026855,0.0,0.0,0.0,0.0,0
2024-10-10,1.878000020980835,1.878000020980835,1.878000020980835,1.878000020980835,1.7686381340026855,0.0,0.0,0.0,0.0,0
2024-10-11,,,,1.878000020980835,1.7686381340026855,,,,,1
2024-10-15,1.8760000467300415,1.8760000467300415,1.8760000467300415,1.8760000467300415,1.7667547464370728,0.0,0.0,0.0,0.0,0
2024-10-16,1.8760000467300415,1.8760000467300415,1.8760000467300415,1.8760000467300415,1.7667547464370728,0.0,0.0,0.0,0.0,0
2024-10-17,1.8760000467300415,1.8760000467300415,1.8760000467300415,1.8760000467300415,1.7667547464370728,0.0,0.0,0.0,0.0,0
2024-10-18,1.8760000467300415,1.8760000467300415,1.8760000467300415,1.8760000467300415,1.7667547464370728,0.0,0.0,0.0,0.0,0
2024-10-21,1.8760000467300415,1.8760000467300415,1.8760000467300415,1.8760000467300415,1.7667547464370728,0.0,0.0,0.0,0.0,0
2024-10-22,1.868000030517578,1.868000030517578,1.868000030517578,1.868000030517578,1.7592203617095947,0.0,0.0,0.0,0.0,0
2024-10-23,1.866000056266785,1.866000056266785,1.866000056266785,1.866000056266785,1.757336974143982,0.0,0.0,0.0,0.0,0
2024-10-24,1.8639999628067017,1.8639999628067017,1.8639999628067017,1.8639999628067017,1.7554532289505005,0.0,0.0,0.0,0.0,0
2024-10-25,1.8639999628067017,1.8639999628067017,1.8639999628067017,1.8639999628067017,1.7554532289505005,0.0,0.0,0.0,0.0,0
2024-10-28,1.8639999628067017,1.8639999628067017,1.8639999628067017,1.8639999628067017,1.7554532289505005,0.0,0.0,0.0,0.0,0
2024-10-29,1.8600000143051147,1.8600000143051147,1.8600000143051147,1.8600000143051147,1.7516862154006958,0.0,0.0,0.0,0.0,0
2024-10-30,1.8600000143051147,1.8600000143051147,1.8600000143051147,1.8600000143051147,1.7516862154006958,0.0,0.0,0.0,0.0,0
2024-10-31,1.8600000143051147,1.8600000143051147,1.8600000143051147,1.8600000143051147,1.7516862154006958,0.0,0.0,0.0,0.0,0
2024-11-01,1.8600000143051147,1.8600000143051147,1.8600000143051147,1.8600000143051147,1.7516862154006958,0.0,0.0,0.0,0.0,0
2024-11-04,1.8580000400543213,1.8580000400543213,1.8580000400543213,1.8580000400543213,1.749802827835083,0.0,0.0,0.0,0.0,0
2024-11-05,1.8580000400543213,1.8580000400543213,1.8580000400543213,1.8580000400543213,1.749802827835083,0.0,0.0,0.0,0.0,0
2024-11-06,1.8580000400543213,1.8580000400543213,1.8580000400543213,1.8580000400543213,1.749802827835083,0.0,0.0,0.0,0.0,0
2024-11-07,1.8539999723434448,1.8539999723434448,1.8539999723434448,1.8539999723434448,1.7460356950759888,0.0,0.0,0.0,0.0,0
2024-11-08,1.8539999723434448,1.8539999723434448,1.8539999723434448,1.8539999723434448,1.7460356950759888,0.0,0.0,0.0,0.0,0
2024-11-12,1.8539999723434448,1.8539999723434448,1.8539999723434448,1.8539999723434448,1.7460356950759888,0.0,0.0,0.0,0.0,0
2024-11-13,1.8539999723434448,1.8539999723434448,1.8539999723434448,1.8539999723434448,1.7460356950759888,0.0,0.0,0.0,0.0,0
2024-11-14,1.8519999980926511,1.8519999980926511,1.8519999980926511,1.8519999980926511,1.7441524267196655,0.0,0.0,0.0,0.0,0
2024-11-15,1.8519999980926511,1.8519999980926511,1.8519999980926511,1.8519999980926511,1.7441524267196655,0.0,0.0,0.0,0.0,0
2024-11-18,1.8519999980926511,1.8519999980926511,1.8519999980926511,1.8519999980926511,1.7441524267196655,0.0,0.0,0.0,0.0,0
2024-11-19,1.8519999980926511,1.8519999980926511,1.8519999980926511,1.8519999980926511,1.7441524267196655,0.0,0.0,0.0,0.0,0
2024-11-20,1.8519999980926511,1.8519999980926511,1.8519999980926511,1.8519999980926511,1.7441524267196655,0.0,0.0,0.0,0.0,0
2024-11-21,1.8519999980926511,1.8519999980926511,1.8519999980926511,1.8519999980926511,1.7441524267196655,0.0,0.0,0.0,0.0,0
2024-11-22,1.8519999980926511,1.8519999980926511,1.8519999980926511,1.8519999980926511,1.7441524267196655,0.0,0.0,0.0,0.0,0
2024-11-25,1.8519999980926511,1.8519999980926511,1.8519999980926511,1.8519999980926511,1.7441524267196655,0.0,0.0,0.0,0.0,0
2024-11-26,1.8519999980926511,1.8519999980926511,1.8519999980926511,1.8519999980926511,1.7441524267196655,0.0,0.0,0.0,0.0,0
2024-11-27,1.8519999980926511,1.8519999980926511,1.8519999980926511,1.8519999980926511,1.7441524267196655,0.0,0.0,0.0,0.0,0
2024-11-29,1.8519999980926511,1.8519999980926511,1.8519999980926511,1.8519999980926511,1.7441524267196655,0.0,0.0,0.0,0.0,0
2024-12-02,1.8559999465942385,1.8559999465942385,1.8559999465942385,1.8559999465942385,1.7479190826416016,0.0,0.0,0.0,0.0,0
2024-12-03,1.8559999465942385,1.8559999465942385,1.8559999465942385,1.8559999465942385,1.7479190826416016,0.0,0.0,0.0,0.0,0
2024-12-04,1.8559999465942385,1.8559999465942385,1.8559999465942385,1.8559999465942385,1.7479190826416016,0.0,0.0,0.0,0.0,0
2024-12-05,1.8559999465942385,1.8559999465942385,1.8559999465942385,1.8559999465942385,1.7479190826416016,0.0,0.0,0.0,0.0,0
2024-12-06,1.8559999465942385,1.8559999465942385,1.8559999465942385,1.8559999465942385,1.7479190826416016,0.0,0.0,0.0,0.0,0
2024-12-09,1.8580000400543213,1.8580000400543213,1.8580000400543213,1.8580000400543213,1.749802827835083,0.0,0.0,0.0,0.0,0
2024-12-10,1.8580000400543213,1.8580000400543213,1.8580000400543213,1.8580000400543213,1.749802827835083,0.0,0.0,0.0,0.0,0
2024-12-11,1.8580000400543213,1.8580000400543213,1.8580000400543213,1.8580000400543213,1.749802827835083,0.0,0.0,0.0,0.0,0
2024-12-12,1.8580000400543213,1.8580000400543213,1.8580000400543213,1.8580000400543213,1.749802827835083,0.0,0.0,0.0,0.0,0
2024-12-13,1.8580000400543213,1.8580000400543213,1.8580000400543213,1.8580000400543213,1.749802827835083,0.0,0.0,0.0,0.0,0
2024-12-16,1.8580000400543213,1.8580000400543213,1.8580000400543213,1.8580000400543213,1.749802827835083,0.0,0.0,0.0,0.0,0
2024-12-17,1.8580000400543213,1.8580000400543213,1.8580000400543213,1.8580000400543213,1.749802827835083,0.0,0.0,0.0,0.0,0
2024-12-18,1.8580000400543213,1.8580000400543213,1.8580000400543213,1.8580000400543213,1.749802827835083,0.0,0.0,0.0,0.0,0
2024-12-19,1.8519999980926511,1.8519999980926511,1.8519999980926511,1.8519999980926511,1.7441524267196655,0.0,0.0,0.0,0.0,0
2024-12-20,1.8459999561309817,1.8459999561309817,1.8459999561309817,1.8459999561309817,1.7385015487670898,0.0,0.0,0.0,0.0,0
2024-12-23,1.8459999561309817,1.8459999561309817,1.8459999561309817,1.8459999561309817,1.7385015487670898,0.0,0.0,0.0,0.0,0
2024-12-24,1.843999981880188,1.843999981880188,1.843999981880188,1.843999981880188,1.7366180419921875,0.0,0.0,0.0,0.0,0
2024-12-26,,,,1.843999981880188,1.7366180419921875,,,,,1
2024-12-27,1.8459999561309817,1.8459999561309817,1.8459999561309817,1.8459999561309817,1.7385015487670898,0.0,0.0,0.0,0.0,0
2024-12-30,1.8459999561309817,1.8459999561309817,1.8459999561309817,1.8459999561309817,1.7385015487670898,0.0,0.0,0.0,0.0,0
2024-12-31,1.8459999561309817,1.8459999561309817,1.8459999561309817,1.8459999561309817,1.7385015487670898,0.0,0.0,0.0,0.0,0
2025-01-02,1.8459999561309817,1.8459999561309817,1.8459999561309817,1.8459999561309817,1.7385015487670898,0.0,0.0,0.0,0.0,0
2025-01-03,1.830999970436096,1.830999970436096,1.830999970436096,1.830999970436096,1.7389070987701416,0.0,0.015427,0.0,0.0,0
2025-01-06,1.830999970436096,1.830999970436096,1.830999970436096,1.830999970436096,1.7389070987701416,0.0,0.0,0.0,0.0,0
2025-01-07,1.830999970436096,1.830999970436096,1.830999970436096,1.830999970436096,1.7389070987701416,0.0,0.0,0.0,0.0,0
2025-01-08,1.830999970436096,1.830999970436096,1.830999970436096,1.830999970436096,1.7389070987701416,0.0,0.0,0.0,0.0,0
2025-01-09,1.830999970436096,1.830999970436096,1.830999970436096,1.830999970436096,1.7389070987701416,0.0,0.0,0.0,0.0,0
2025-01-10,1.830999970436096,1.830999970436096,1.830999970436096,1.830999970436096,1.7389070987701416,0.0,0.0,0.0,0.0,0
2025-01-13,1.825999975204468,1.825999975204468,1.825999975204468,1.825999975204468,1.7341585159301758,0.0,0.0,0.0,0.0,0
2025-01-14,1.8240000009536743,1.8240000009536743,1.8240000009536743,1.8240000009536743,1.7322591543197632,0.0,0.0,0.0,0.0,0
2025-01-15,1.8240000009536743,1.8240000009536743,1.8240000009536743,1.8240000009536743,1.7322591543197632,0.0,0.0,0.0,0.0,0
2025-01-16,1.8240000009536743,1.8240000009536743,1.8240000009536743,1.8240000009536743,1.7322591543197632,0.0,0.0,0.0,0.0,0
2025-01-17,1.8240000009536743,1.8240000009536743,1.8240000009536743,1.8240000009536743,1.7322591543197632,0.0,0.0,0.0,0.0,0
2025-01-21,1.8240000009536743,1.8240000009536743,1.8240000009536743,1.8240000009536743,1.7322591543197632,0.0,0.0,0.0,0.0,0
2025-01-22,1.825999975204468,1.825999975204468,1.825999975204468,1.825999975204468,1.7341585159301758,0.0,0.0,0.0,0.0,0
2025-01-23,1.825999975204468,1.825999975204468,1.825999975204468,1.825999975204468,1.7341585159301758,0.0,0.0,0.0,0.0,0
2025-01-24,1.825999975204468,1.825999975204468,1.825999975204468,1.825999975204468,1.7341585159301758,0.0,0.0,0.0,0.0,0
2025-01-27,1.825999975204468,1.825999975204468,1.825999975204468,1.825999975204468,1.7341585159301758,0.0,0.0,0.0,0.0,0
2025-01-28,1.830000042915344,1.830000042915344,1.830000042915344,1.830000042915344,1.73795747756958,0.0,0.0,0.0,0.0,0
2025-01-29,,,,1.830000042915344,1.73795747756958,,,,,1
2025-01-30,,,,1.830000042915344,1.73795747756958,,,,,1
2025-01-31,,,,1.830000042915344,1.73795747756958,,,,,1
2025-02-03,1.8320000171661377,1.8320000171661377,1.8320000171661377,1.8320000171661377,1.7398567199707031,0.0,0.0,0.0,0.0,0
2025-02-04,1.8320000171661377,1.8320000171661377,1.8320000171661377,1.8320000171661377,1.7398567199707031,0.0,0.0,0.0,0.0,0
2025-02-05,1.8339999914169312,1.8339999914169312,1.8339999914169312,1.8339999914169312,1.7417562007904053,0.0,0.0,0.0,0.0,0
2025-02-06,1.8420000076293943,1.8420000076293943,1.8420000076293943,1.8420000076293943,1.7493538856506348,0.0,0.0,0.0,0.0,0
2025-02-07,1.8420000076293943,1.8420000076293943,1.8420000076293943,1.8420000076293943,1.7493538856506348,0.0,0.0,0.0,0.0,0
2025-02-10,1.8420000076293943,1.8420000076293943,1.8420000076293943,1.8420000076293943,1.7493538856506348,0.0,0.0,0.0,0.0,0
2025-02-11,1.8420000076293943,1.8420000076293943,1.8420000076293943,1.8420000076293943,1.7493538856506348,0.0,0.0,0.0,0.0,0
2025-02-12,1.8420000076293943,1.8420000076293943,1.8420000076293943,1.8420000076293943,1.7493538856506348,0.0,0.0,0.0,0.0,0
2025-02-13,1.8420000076293943,1.8420000076293943,1.8420000076293943,1.8420000076293943,1.7493538856506348,0.0,0.0,0.0,0.0,0
2025-02-14,1.8420000076293943,1.8420000076293943,1.8420000076293943,1.8420000076293943,1.7493538856506348,0.0,0.0,0.0,0.0,0
2025-02-18,1.8420000076293943,1.8420000076293943,1.8420000076293943,1.8420000076293943,1.7493538856506348,0.0,0.0,0.0,0.0,0
2025-02-19,1.8420000076293943,1.8420000076293943,1.8420000076293943,1.8420000076293943,1.7493538856506348,0.0,0.0,0.0,0.0,0
2025-02-20,1.8420000076293943,1.8420000076293943,1.8420000076293943,1.8420000076293943,1.7493538856506348,0.0,0.0,0.0,0.0,0
2025-02-21,1.8420000076293943,1.8420000076293943,1.8420000076293943,1.8420000076293943,1.7493538856506348,0.0,0.0,0.0,0.0,0
2025-02-24,1.8420000076293943,1.8420000076293943,1.8420000076293943,1.8420000076293943,1.7493538856506348,0.0,0.0,0.0,0.0,0
2025-02-25,1.843999981880188,1.843999981880188,1.843999981880188,1.843999981880188,1.7512532472610474,0.0,0.0,0.0,0.0,0
2025-02-26,1.8519999980926511,1.8519999980926511,1.8519999980926511,1.8519999980926511,1.7588508129119873,0.0,0.0,0.0,0.0,0
2025-02-27,1.8559999465942385,1.8559999465942385,1.8559999465942385,1.8559999465942385,1.762649655342102,0.0,0.0,0.0,0.0,0
2025-02-28,1.8559999465942385,1.8559999465942385,1.8559999465942385,1.8559999465942385,1.762649655342102,0.0,0.0,0.0,0.0,0
2025-03-03,1.8580000400543213,1.8580000400543213,1.8580000400543213,1.8580000400543213,1.7645491361618042,0.0,0.0,0.0,0.0,0
2025-03-04,1.8639999628067017,1.8639999628067017,1.8639999628067017,1.8639999628067017,1.770247220993042,0.0,0.0,0.0,0.0,0
2025-03-05,1.8639999628067017,1.8639999628067017,1.8639999628067017,1.8639999628067017,1.770247220993042,0.0,0.0,0.0,0.0,0
2025-03-06,1.8639999628067017,1.8639999628067017,1.8639999628067017,1.8639999628067017,1.770247220993042,0.0,0.0,0.0,0.0,0
2025-03-07,1.8639999628067017,1.8639999628067017,1.8639999628067017,1.8639999628067017,1.770247220993042,0.0,0.0,0.0,0.0,0
2025-03-10,1.8639999628067017,1.8639999628067017,1.8639999628067017,1.8639999628067017,1.770247220993042,0.0,0.0,0.0,0.0,0
2025-03-11,1.8639999628067017,1.8639999628067017,1.8639999628067017,1.8639999628067017,1.770247220993042,0.0,0.0,0.0,0.0,0
2025-03-12,1.8639999628067017,1.8639999628067017,1.8639999628067017,1.8639999628067017,1.770247220993042,0.0,0.0,0.0,0.0,0
2025-03-13,1.8639999628067017,1.8639999628067017,1.8639999628067017,1.8639999628067017,1.770247220993042,0.0,0.0,0.0,0.0,0
2025-03-14,1.8639999628067017,1.8639999628067017,1.8639999628067017,1.8639999628067017,1.770247220993042,0.0,0.0,0.0,0.0,0
2025-03-17,1.8639999628067017,1.8639999628067017,1.8639999628067017,1.8639999628067017,1.770247220993042,0.0,0.0,0.0,0.0,0
2025-03-18,1.8639999628067017,1.8639999628067017,1.8639999628067017,1.8639999628067017,1.770247220993042,0.0,0.0,0.0,0.0,0
2025-03-19,1.8639999628067017,1.8639999628067017,1.8639999628067017,1.8639999628067017,1.770247220993042,0.0,0.0,0.0,0.0,0
2025-03-20,1.8639999628067017,1.8639999628067017,1.8639999628067017,1.8639999628067017,1.770247220993042,0.0,0.0,0.0,0.0,0
2025-03-21,1.8639999628067017,1.8639999628067017,1.8639999628067017,1.8639999628067017,1.770247220993042,0.0,0.0,0.0,0.0,0
2025-03-24,1.8760000467300415,1.8760000467300415,1.8760000467300415,1.8760000467300415,1.781643629074097,0.0,0.0,0.0,0.0,0
2025-03-25,1.8700000047683716,1.8700000047683716,1.8700000047683716,1.8700000047683716,1.7759454250335691,0.0,0.0,0.0,0.0,0
2025-03-26,1.8700000047683716,1.8700000047683716,1.8700000047683716,1.8700000047683716,1.7759454250335691,0.0,0.0,0.0,0.0,0
2025-03-27,1.8700000047683716,1.8700000047683716,1.8700000047683716,1.8700000047683716,1.7759454250335691,0.0,0.0,0.0,0.0,0
2025-03-28,1.8700000047683716,1.8700000047683716,1.8700000047683716,1.8700000047683716,1.7759454250335691,0.0,0.0,0.0,0.0,0
2025-03-31,1.8700000047683716,1.8700000047683716,1.8700000047683716,1.8700000047683716,1.7759454250335691,0.0,0.0,0.0,0.0,0
2025-04-01,1.8550000190734863,1.8550000190734863,1.8550000190734863,1.8550000190734863,1.7763487100601196,0.0,0.015421,0.0,0.0,0
2025-04-02,1.8550000190734863,1.8550000190734863,1.8550000190734863,1.8550000190734863,1.7763487100601196,0.0,0.0,0.0,0.0,0
2025-04-03,1.8550000190734863,1.8550000190734863,1.8550000190734863,1.8550000190734863,1.7763487100601196,0.0,0.0,0.0,0.0,0
2025-04-04,,,,1.8550000190734863,1.7763487100601196,,,,,1
2025-04-07,1.8550000190734863,1.8550000190734863,1.8550000190734863,1.8550000190734863,1.7763487100601196,0.0,0.0,0.0,0.0,0
2025-04-08,1.8550000190734863,1.8550000190734863,1.8550000190734863,1.8550000190734863,1.7763487100601196,0.0,0.0,0.0,0.0,0
2025-04-09,1.8459999561309817,1.8459999561309817,1.8459999561309817,1.8459999561309817,1.7677303552627563,0.0,0.0,0.0,0.0,0
2025-04-10,1.812000036239624,1.812000036239624,1.812000036239624,1.812000036239624,1.7351720333099363,0.0,0.0,0.0,0.0,0
2025-04-11,1.825999975204468,1.825999975204468,1.825999975204468,1.825999975204468,1.7485781908035278,0.0,0.0,0.0,0.0,0
2025-04-14,1.825999975204468,1.825999975204468,1.825999975204468,1.825999975204468,1.7485781908035278,0.0,0.0,0.0,0.0,0
2025-04-15,1.825999975204468,1.825999975204468,1.825999975204468,1.825999975204468,1.7485781908035278,0.0,0.0,0.0,0.0,0
2025-04-16,1.8279999494552612,1.8279999494552612,1.8279999494552612,1.8279999494552612,1.750493407249451,0.0,0.0,0.0,0.0,0
2025-04-17,1.8320000171661377,1.8320000171661377,1.8320000171661377,1.8320000171661377,1.7543238401412964,0.0,0.0,0.0,0.0,0
2025-04-21,,,,1.8320000171661377,1.7543238401412964,,,,,1
2025-04-22,1.8320000171661377,1.8320000171661377,1.8320000171661377,1.8320000171661377,1.7543238401412964,0.0,0.0,0.0,0.0,0
2025-04-23,1.8320000171661377,1.8320000171661377,1.8320000171661377,1.8320000171661377,1.7543238401412964,0.0,0.0,0.0,0.0,0
2025-04-24,1.8320000171661377,1.8320000171661377,1.8320000171661377,1.8320000171661377,1.7543238401412964,0.0,0.0,0.0,0.0,0
2025-04-25,1.8380000591278076,1.8380000591278076,1.8380000591278076,1.8380000591278076,1.7600696086883545,0.0,0.0,0.0,0.0,0
2025-04-28,1.8459999561309817,1.8459999561309817,1.8459999561309817,1.8459999561309817,1.7677303552627563,0.0,0.0,0.0,0.0,0
2025-04-29,1.850000023841858,1.850000023841858,1.850000023841858,1.850000023841858,1.7715606689453125,0.0,0.0,0.0,0.0,0
2025-04-30,1.8539999723434448,1.8539999723434448,1.8539999723434448,1.8539999723434448,1.7753909826278689,0.0,0.0,0.0,0.0,0
2025-05-01,,,,1.8539999723434448,1.7753909826278689,,,,,1
2025-05-02,1.8539999723434448,1.8539999723434448,1.8539999723434448,1.8539999723434448,1.7753909826278689,0.0,0.0,0.0,0.0,0
2025-05-05,,,,1.8539999723434448,1.7753909826278689,,,,,1
2025-05-06,1.8539999723434448,1.8539999723434448,1.8539999723434448,1.8539999723434448,1.7753909826278689,0.0,0.0,0.0,0.0,0
2025-05-07,1.8539999723434448,1.8539999723434448,1.8539999723434448,1.8539999723434448,1.7753909826278689,0.0,0.0,0.0,0.0,0
2025-05-08,1.8539999723434448,1.8539999723434448,1.8539999723434448,1.8539999723434448,1.7753909826278689,0.0,0.0,0.0,0.0,0
2025-05-09,1.8539999723434448,1.8539999723434448,1.8539999723434448,1.8539999723434448,1.7753909826278689,0.0,0.0,0.0,0.0,0
2025-05-12,1.8539999723434448,1.8539999723434448,1.8539999723434448,1.8539999723434448,1.7753909826278689,0.0,0.0,0.0,0.0,0
2025-05-13,1.8539999723434448,1.8539999723434448,1.8539999723434448,1.8539999723434448,1.7753909826278689,0.0,0.0,0.0,0.0,0
2025-05-14,1.8539999723434448,1.8539999723434448,1.8539999723434448,1.8539999723434448,1.7753909826278689,0.0,0.0,0.0,0.0,0
2025-05-15,1.850000023841858,1.850000023841858,1.850000023841858,1.850000023841858,1.7715606689453125,0.0,0.0,0.0,0.0,0
2025-05-16,1.850000023841858,1.850000023841858,1.850000023841858,1.850000023841858,1.7715606689453125,0.0,0.0,0.0,0.0,0
2025-05-19,1.850000023841858,1.850000023841858,1.850000023841858,1.850000023841858,1.7715606689453125,0.0,0.0,0.0,0.0,0
2025-05-20,1.850000023841858,1.850000023841858,1.850000023841858,1.850000023841858,1.7715606689453125,0.0,0.0,0.0,0.0,0
2025-05-21,1.850000023841858,1.850000023841858,1.850000023841858,1.850000023841858,1.7715606689453125,0.0,0.0,0.0,0.0,0
2025-05-22,1.850000023841858,1.850000023841858,1.850000023841858,1.850000023841858,1.7715606689453125,0.0,0.0,0.0,0.0,0
2025-05-23,1.850000023841858,1.850000023841858,1.850000023841858,1.850000023841858,1.7715606689453125,0.0,0.0,0.0,0.0,0
2025-05-27,1.850000023841858,1.850000023841858,1.850000023841858,1.850000023841858,1.7715606689453125,0.0,0.0,0.0,0.0,0
2025-05-28,1.850000023841858,1.850000023841858,1.850000023841858,1.850000023841858,1.7715606689453125,0.0,0.0,0.0,0.0,0
2025-05-29,1.850000023841858,1.850000023841858,1.850000023841858,1.850000023841858,1.7715606689453125,400.0,0.0,0.0,0.0,0
2025-05-30,1.850000023841858,1.850000023841858,1.850000023841858,1.850000023841858,1.7715606689453125,0.0,0.0,0.0,0.0,0
2025-06-02,1.8519999980926511,1.8519999980926511,1.8519999980926511,1.8519999980926511,1.7734758853912354,0.0,0.0,0.0,0.0,0
2025-06-03,1.8519999980926511,1.8519999980926511,1.8519999980926511,1.8519999980926511,1.7734758853912354,0.0,0.0,0.0,0.0,0
2025-06-04,1.8519999980926511,1.8519999980926511,1.8519999980926511,1.8519999980926511,1.7734758853912354,0.0,0.0,0.0,0.0,0
2025-06-05,1.8700000047683716,1.8760000467300415,1.8700000047683716,1.8760000467300415,1.7964582443237305,15200.0,0.0,0.0,0.0,0
2025-06-06,1.8760000467300415,1.8760000467300415,1.8760000467300415,1.8760000467300415,1.7964582443237305,0.0,0.0,0.0,0.0,0
2025-06-09,1.871999979019165,1.871999979019165,1.871999979019165,1.871999979019165,1.7926279306411743,0.0,0.0,0.0,0.0,0
2025-06-10,1.871999979019165,1.871999979019165,1.871999979019165,1.871999979019165,1.7926279306411743,0.0,0.0,0.0,0.0,0
2025-06-11,1.8739999532699585,1.8739999532699585,1.8739999532699585,1.8739999532699585,1.7945430278778076,0.0,0.0,0.0,0.0,0
2025-06-12,1.8739999532699585,1.8739999532699585,1.8739999532699585,1.8739999532699585,1.7945430278778076,0.0,0.0,0.0,0.0,0
2025-06-13,1.8739999532699585,1.8739999532699585,1.8739999532699585,1.8739999532699585,1.7945430278778076,0.0,0.0,0.0,0.0,0
2025-06-16,1.8739999532699585,1.8739999532699585,1.8739999532699585,1.8739999532699585,1.7945430278778076,0.0,0.0,0.0,0.0,0
2025-06-17,1.8739999532699585,1.8739999532699585,1.8739999532699585,1.8739999532699585,1.7945430278778076,0.0,0.0,0.0,0.0,0
2025-06-18,1.8739999532699585,1.8739999532699585,1.8739999532699585,1.8739999532699585,1.7945430278778076,0.0,0.0,0.0,0.0,0
2025-06-20,1.8739999532699585,1.8739999532699585,1.8739999532699585,1.8739999532699585,1.7945430278778076,0.0,0.0,0.0,0.0,0
2025-06-23,1.8739999532699585,1.8739999532699585,1.8739999532699585,1.8739999532699585,1.7945430278778076,0.0,0.0,0.0,0.0,0
2025-06-24,1.8739999532699585,1.8739999532699585,1.8739999532699585,1.8739999532699585,1.7945430278778076,0.0,0.0,0.0,0.0,0
2025-06-25,1.8739999532699585,1.8739999532699585,1.8739999532699585,1.8739999532699585,1.7945430278778076,0.0,0.0,0.0,0.0,0
2025-06-26,1.8739999532699585,1.8739999532699585,1.8739999532699585,1.8739999532699585,1.7945430278778076,0.0,0.0,0.0,0.0,0
2025-06-27,1.8739999532699585,1.8739999532699585,1.8739999532699585,1.8739999532699585,1.7945430278778076,0.0,0.0,0.0,0.0,0
2025-06-30,1.8739999532699585,1.8739999532699585,1.8739999532699585,1.8739999532699585,1.7945430278778076,0.0,0.0,0.0,0.0,0
2025-07-01,,,,1.8739999532699585,1.7945430278778076,,,,,1
2025-07-02,1.8589999675750732,1.8589999675750732,1.8589999675750732,1.8589999675750732,1.7948201894760132,0.0,0.015287,0.0,0.0,0
2025-07-03,1.8589999675750732,1.8589999675750732,1.8589999675750732,1.8589999675750732,1.7948201894760132,0.0,0.0,0.0,0.0,0
2025-07-07,1.881999969482422,1.881999969482422,1.881999969482422,1.881999969482422,1.817026138305664,0.0,0.0,0.0,0.0,0
2025-07-08,1.878000020980835,1.878000020980835,1.878000020980835,1.878000020980835,1.813164234161377,0.0,0.0,0.0,0.0,0
2025-07-09,1.8760000467300415,1.8760000467300415,1.8760000467300415,1.8760000467300415,1.8112332820892336,0.0,0.0,0.0,0.0,0
2025-07-10,1.8760000467300415,1.8760000467300415,1.8760000467300415,1.8760000467300415,1.8112332820892336,0.0,0.0,0.0,0.0,0
2025-07-11,1.8760000467300415,1.8760000467300415,1.8760000467300415,1.8760000467300415,1.8112332820892336,0.0,0.0,0.0,0.0,0
2025-07-14,1.8760000467300415,1.8760000467300415,1.8760000467300415,1.8760000467300415,1.8112332820892336,0.0,0.0,0.0,0.0,0
2025-07-15,1.8760000467300415,1.8760000467300415,1.8760000467300415,1.8760000467300415,1.8112332820892336,0.0,0.0,0.0,0.0,0
2025-07-16,1.8760000467300415,1.8760000467300415,1.8760000467300415,1.8760000467300415,1.8112332820892336,0.0,0.0,0.0,0.0,0
2025-07-17,1.8760000467300415,1.8760000467300415,1.8760000467300415,1.8760000467300415,1.8112332820892336,0.0,0.0,0.0,0.0,0
2025-07-18,1.8760000467300415,1.8760000467300415,1.8760000467300415,1.8760000467300415,1.8112332820892336,0.0,0.0,0.0,0.0,0
2025-07-21,1.8760000467300415,1.8760000467300415,1.8760000467300415,1.8760000467300415,1.8112332820892336,0.0,0.0,0.0,0.0,0
2025-07-22,1.8760000467300415,1.8760000467300415,1.8760000467300415,1.8760000467300415,1.8112332820892336,0.0,0.0,0.0,0.0,0
2025-07-23,1.8580000400543213,1.8580000400543213,1.8580000400543213,1.8580000400543213,1.793854832649231,0.0,0.0,0.0,0.0,0
2025-07-24,1.8580000400543213,1.8580000400543213,1.8580000400543213,1.8580000400543213,1.793854832649231,0.0,0.0,0.0,0.0,0
2025-07-25,1.8580000400543213,1.8580000400543213,1.8580000400543213,1.8580000400543213,1.793854832649231,0.0,0.0,0.0,0.0,0
2025-07-28,1.8580000400543213,1.8580000400543213,1.8580000400543213,1.8580000400543213,1.793854832649231,0.0,0.0,0.0,0.0,0
2025-07-29,1.8580000400543213,1.8580000400543213,1.8580000400543213,1.8580000400543213,1.793854832649231,0.0,0.0,0.0,0.0,0
2025-07-30,1.8639999628067017,1.8639999628067017,1.8639999628067017,1.8639999628067017,1.799647569656372,0.0,0.0,0.0,0.0,0
2025-07-31,1.8639999628067017,1.8639999628067017,1.8639999628067017,1.8639999628067017,1.799647569656372,0.0,0.0,0.0,0.0,0
2025-08-01,1.8639999628067017,1.8639999628067017,1.8639999628067017,1.8639999628067017,1.799647569656372,0.0,0.0,0.0,0.0,0
2025-08-04,1.8700000047683716,1.8700000047683716,1.8700000047683716,1.8700000047683716,1.8054404258728027,0.0,0.0,0.0,0.0,0
2025-08-05,1.8739999532699585,1.8739999532699585,1.8739999532699585,1.8739999532699585,1.8093023300170896,0.0,0.0,0.0,0.0,0
2025-08-06,1.8739999532699585,1.8739999532699585,1.8739999532699585,1.8739999532699585,1.8093023300170896,0.0,0.0,0.0,0.0,0
2025-08-07,1.8760000467300415,1.8760000467300415,1.8760000467300415,1.8760000467300415,1.8112332820892336,0.0,0.0,0.0,0.0,0
2025-08-08,1.8760000467300415,1.8760000467300415,1.8760000467300415,1.8760000467300415,1.8112332820892336,0.0,0.0,0.0,0.0,0
2025-08-11,1.8760000467300415,1.8760000467300415,1.8760000467300415,1.8760000467300415,1.8112332820892336,0.0,0.0,0.0,0.0,0
2025-08-12,1.8760000467300415,1.8760000467300415,1.8760000467300415,1.8760000467300415,1.8112332820892336,0.0,0.0,0.0,0.0,0
2025-08-13,1.8799999952316284,1.8799999952316284,1.8799999952316284,1.8799999952316284,1.8150951862335205,0.0,0.0,0.0,0.0,0
2025-08-14,1.8860000371932983,1.8860000371932983,1.8860000371932983,1.8860000371932983,1.8208881616592407,0.0,0.0,0.0,0.0,0
2025-08-15,1.8860000371932983,1.8860000371932983,1.8860000371932983,1.8860000371932983,1.8208881616592407,0.0,0.0,0.0,0.0,0
2025-08-18,1.8860000371932983,1.8860000371932983,1.8860000371932983,1.8860000371932983,1.8208881616592407,0.0,0.0,0.0,0.0,0
2025-08-19,1.8860000371932983,1.8860000371932983,1.8860000371932983,1.8860000371932983,1.8208881616592407,0.0,0.0,0.0,0.0,0
2025-08-20,1.8860000371932983,1.8860000371932983,1.8860000371932983,1.8860000371932983,1.8208881616592407,0.0,0.0,0.0,0.0,0
2025-08-21,1.8860000371932983,1.8860000371932983,1.8860000371932983,1.8860000371932983,1.8208881616592407,0.0,0.0,0.0,0.0,0
2025-08-22,1.8860000371932983,1.8860000371932983,1.8860000371932983,1.8860000371932983,1.8208881616592407,0.0,0.0,0.0,0.0,0
2025-08-25,1.888000011444092,1.888000011444092,1.888000011444092,1.888000011444092,1.8228189945220947,0.0,0.0,0.0,0.0,0
2025-08-26,1.888000011444092,1.888000011444092,1.888000011444092,1.888000011444092,1.8228189945220947,0.0,0.0,0.0,0.0,0
2025-08-27,1.888000011444092,1.888000011444092,1.888000011444092,1.888000011444092,1.8228189945220947,0.0,0.0,0.0,0.0,0
2025-08-28,1.8919999599456787,1.8919999599456787,1.8919999599456787,1.8919999599456787,1.8266807794570925,0.0,0.0,0.0,0.0,0
2025-08-29,1.8919999599456787,1.8919999599456787,1.8919999599456787,1.8919999599456787,1.8266807794570925,0.0,0.0,0.0,0.0,0
2025-09-02,1.8919999599456787,1.8919999599456787,1.8919999599456787,1.8919999599456787,1.8266807794570925,0.0,0.0,0.0,0.0,0
2025-09-03,1.8919999599456787,1.8919999599456787,1.8919999599456787,1.8919999599456787,1.8266807794570925,0.0,0.0,0.0,0.0,0
2025-09-04,1.8919999599456787,1.8919999599456787,1.8919999599456787,1.8919999599456787,1.8266807794570925,0.0,0.0,0.0,0.0,0
2025-09-05,1.8919999599456787,1.8919999599456787,1.8919999599456787,1.8919999599456787,1.8266807794570925,0.0,0.0,0.0,0.0,0
2025-09-08,1.9019999504089355,1.9019999504089355,1.9019999504089355,1.9019999504089355,1.8363356590270996,0.0,0.0,0.0,0.0,0
2025-09-09,1.906000018119812,1.906000018119812,1.906000018119812,1.906000018119812,1.8401975631713867,0.0,0.0,0.0,0.0,0
2025-09-10,1.906000018119812,1.906000018119812,1.906000018119812,1.906000018119812,1.8401975631713867,0.0,0.0,0.0,0.0,0
2025-09-11,1.906000018119812,1.906000018119812,1.906000018119812,1.906000018119812,1.8401975631713867,0.0,0.0,0.0,0.0,0
2025-09-12,1.9079999923706057,1.9079999923706057,1.9079999923706057,1.9079999923706057,1.8421285152435305,0.0,0.0,0.0,0.0,0
2025-09-15,1.9079999923706057,1.9079999923706057,1.9079999923706057,1.9079999923706057,1.8421285152435305,0.0,0.0,0.0,0.0,0
2025-09-16,1.909999966621399,1.909999966621399,1.909999966621399,1.909999966621399,1.8440595865249632,0.0,0.0,0.0,0.0,0
2025-09-17,1.9119999408721924,1.9119999408721924,1.9119999408721924,1.9119999408721924,1.8459904193878176,0.0,0.0,0.0,0.0,0
2025-09-18,1.9119999408721924,1.9119999408721924,1.9119999408721924,1.9119999408721924,1.8459904193878176,0.0,0.0,0.0,0.0,0
2025-09-19,1.9119999408721924,1.9119999408721924,1.9119999408721924,1.9119999408721924,1.8459904193878176,0.0,0.0,0.0,0.0,0
2025-09-22,1.9119999408721924,1.9119999408721924,1.9119999408721924,1.9119999408721924,1.8459904193878176,0.0,0.0,0.0,0.0,0
2025-09-23,1.9119999408721924,1.9119999408721924,1.9119999408721924,1.9119999408721924,1.8459904193878176,0.0,0.0,0.0,0.0,0
2025-09-24,1.9119999408721924,1.9119999408721924,1.9119999408721924,1.9119999408721924,1.8459904193878176,0.0,0.0,0.0,0.0,0
2025-09-25,1.9119999408721924,1.9119999408721924,1.9119999408721924,1.9119999408721924,1.8459904193878176,0.0,0.0,0.0,0.0,0
2025-09-26,1.9119999408721924,1.9119999408721924,1.9119999408721924,1.9119999408721924,1.8459904193878176,0.0,0.0,0.0,0.0,0
2025-09-29,1.9119999408721924,1.9119999408721924,1.9119999408721924,1.9119999408721924,1.8459904193878176,0.0,0.0,0.0,0.0,0
2025-09-30,1.9119999408721924,1.9119999408721924,1.9119999408721924,1.9119999408721924,1.8459904193878176,0.0,0.0,0.0,0.0,0
2025-10-01,,,,1.9119999408721924,1.8459904193878176,,,,,1
2025-10-02,1.8949999809265137,1.8949999809265137,1.8949999809265137,1.8949999809265137,1.8457021713256836,0.0,0.016704,0.0,0.0,0
2025-10-03,1.8949999809265137,1.8949999809265137,1.8949999809265137,1.8949999809265137,1.8457021713256836,0.0,0.0,0.0,0.0,0
2025-10-06,1.8949999809265137,1.8949999809265137,1.8949999809265137,1.8949999809265137,1.8457021713256836,0.0,0.0,0.0,0.0,0
2025-10-07,,,,1.8949999809265137,1.8457021713256836,,,,,1
2025-10-08,1.8949999809265137,1.8949999809265137,1.8949999809265137,1.8949999809265137,1.8457021713256836,0.0,0.0,0.0,0.0,0
2025-10-09,1.8949999809265137,1.8949999809265137,1.8949999809265137,1.8949999809265137,1.8457021713256836,0.0,0.0,0.0,0.0,0
2025-10-10,1.8980000019073489,1.8980000019073489,1.8980000019073489,1.8980000019073489,1.8486241102218628,0.0,0.0,0.0,0.0,0
2025-10-14,1.9019999504089355,1.9019999504089355,1.9019999504089355,1.9019999504089355,1.852519989013672,0.0,0.0,0.0,0.0,0
2025-10-15,1.906000018119812,1.906000018119812,1.906000018119812,1.906000018119812,1.8564159870147705,0.0,0.0,0.0,0.0,0
2025-10-16,1.906000018119812,1.906000018119812,1.906000018119812,1.906000018119812,1.8564159870147705,0.0,0.0,0.0,0.0,0
2025-10-17,1.909999966621399,1.909999966621399,1.909999966621399,1.909999966621399,1.8603118658065796,0.0,0.0,0.0,0.0,0
2025-10-20,1.909999966621399,1.909999966621399,1.909999966621399,1.909999966621399,1.8603118658065796,0.0,0.0,0.0,0.0,0
2025-10-21,1.909999966621399,1.909999966621399,1.909999966621399,1.909999966621399,1.8603118658065796,0.0,0.0,0.0,0.0,0
2025-10-22,1.9119999408721924,1.9119999408721924,1.9119999408721924,1.9119999408721924,1.8622597455978391,0.0,0.0,0.0,0.0,0
2025-10-23,1.9119999408721924,1.9119999408721924,1.9119999408721924,1.9119999408721924,1.8622597455978391,0.0,0.0,0.0,0.0,0
2025-10-24,,,,1.9119999408721924,1.8622597455978391,,,,,1
2025-10-27,1.9119999408721924,1.9119999408721924,1.9119999408721924,1.9119999408721924,1.8622597455978391,0.0,0.0,0.0,0.0,0
2025-10-28,1.9140000343322752,1.9140000343322752,1.9140000343322752,1.9140000343322752,1.864207983016968,0.0,0.0,0.0,0.0,0
2025-10-29,,,,1.9140000343322752,1.864207983016968,,,,,1
2025-10-30,1.9140000343322752,1.9140000343322752,1.9140000343322752,1.9140000343322752,1.864207983016968,0.0,0.0,0.0,0.0,0
2025-10-31,1.9140000343322752,1.9140000343322752,1.9140000343322752,1.9140000343322752,1.864207983016968,0.0,0.0,0.0,0.0,0
2025-11-03,1.9140000343322752,1.9140000343322752,1.9140000343322752,1.9140000343322752,1.864207983016968,0.0,0.0,0.0,0.0,0
2025-11-04,1.9140000343322752,1.9140000343322752,1.9140000343322752,1.9140000343322752,1.864207983016968,0.0,0.0,0.0,0.0,0
2025-11-05,1.9140000343322752,1.9140000343322752,1.9140000343322752,1.9140000343322752,1.864207983016968,0.0,0.0,0.0,0.0,0
2025-11-06,1.909999966621399,1.909999966621399,1.909999966621399,1.909999966621399,1.8603118658065796,0.0,0.0,0.0,0.0,0
2025-11-07,1.909999966621399,1.909999966621399,1.909999966621399,1.909999966621399,1.8603118658065796,0.0,0.0,0.0,0.0,0
2025-11-10,1.906000018119812,1.906000018119812,1.906000018119812,1.906000018119812,1.8564159870147705,0.0,0.0,0.0,0.0,0
2025-11-12,1.9119999408721924,1.9119999408721924,1.9119999408721924,1.9119999408721924,1.8622597455978391,0.0,0.0,0.0,0.0,0
2025-11-13,1.9119999408721924,1.9119999408721924,1.9119999408721924,1.9119999408721924,1.8622597455978391,0.0,0.0,0.0,0.0,0
2025-11-14,1.9119999408721924,1.9119999408721924,1.9119999408721924,1.9119999408721924,1.8622597455978391,0.0,0.0,0.0,0.0,0
2025-11-17,1.9119999408721924,1.9119999408721924,1.9119999408721924,1.9119999408721924,1.8622597455978391,0.0,0.0,0.0,0.0,0
2025-11-18,1.9119999408721924,1.9119999408721924,1.9119999408721924,1.9119999408721924,1.8622597455978391,0.0,0.0,0.0,0.0,0
2025-11-19,1.909999966621399,1.909999966621399,1.909999966621399,1.909999966621399,1.8603118658065796,0.0,0.0,0.0,0.0,0
2025-11-20,1.909999966621399,1.909999966621399,1.909999966621399,1.909999966621399,1.8603118658065796,0.0,0.0,0.0,0.0,0
2025-11-21,1.909999966621399,1.909999966621399,1.909999966621399,1.909999966621399,1.8603118658065796,0.0,0.0,0.0,0.0,0
2025-11-24,1.909999966621399,1.909999966621399,1.909999966621399,1.909999966621399,1.8603118658065796,0.0,0.0,0.0,0.0,0
2025-11-25,1.909999966621399,1.909999966621399,1.909999966621399,1.909999966621399,1.8603118658065796,0.0,0.0,0.0,0.0,0
2025-11-26,1.9140000343322752,1.9140000343322752,1.9140000343322752,1.9140000343322752,1.864207983016968,0.0,0.0,0.0,0.0,0
2025-11-28,1.9160000085830688,1.9160000085830688,1.9160000085830688,1.9160000085830688,1.866155743598938,0.0,0.0,0.0,0.0,0
2025-12-01,1.9160000085830688,1.9160000085830688,1.9160000085830688,1.9160000085830688,1.866155743598938,0.0,0.0,0.0,0.0,0
2025-12-02,1.9160000085830688,1.9160000085830688,1.9160000085830688,1.9160000085830688,1.866155743598938,0.0,0.0,0.0,0.0,0
2025-12-03,1.9160000085830688,1.9160000085830688,1.9160000085830688,1.9160000085830688,1.866155743598938,0.0,0.0,0.0,0.0,0
2025-12-04,1.9160000085830688,1.9160000085830688,1.9160000085830688,1.9160000085830688,1.866155743598938,0.0,0.0,0.0,0.0,0
2025-12-05,1.9160000085830688,1.9160000085830688,1.9160000085830688,1.9160000085830688,1.866155743598938,0.0,0.0,0.0,0.0,0
2025-12-08,1.9160000085830688,1.9160000085830688,1.9160000085830688,1.9160000085830688,1.866155743598938,0.0,0.0,0.0,0.0,0
2025-12-09,1.9140000343322752,1.9140000343322752,1.9140000343322752,1.9140000343322752,1.864207983016968,0.0,0.0,0.0,0.0,0
2025-12-10,1.9140000343322752,1.9140000343322752,1.9140000343322752,1.9140000343322752,1.864207983016968,0.0,0.0,0.0,0.0,0
2025-12-11,1.9140000343322752,1.9140000343322752,1.9140000343322752,1.9140000343322752,1.864207983016968,0.0,0.0,0.0,0.0,0
2025-12-12,1.9160000085830688,1.9160000085830688,1.9160000085830688,1.9160000085830688,1.866155743598938,200.0,0.0,0.0,0.0,0
2025-12-15,1.9160000085830688,1.9160000085830688,1.9160000085830688,1.9160000085830688,1.866155743598938,0.0,0.0,0.0,0.0,0
2025-12-16,1.9160000085830688,1.9160000085830688,1.9160000085830688,1.9160000085830688,1.866155743598938,0.0,0.0,0.0,0.0,0
2025-12-17,1.9160000085830688,1.9160000085830688,1.9160000085830688,1.9160000085830688,1.866155743598938,0.0,0.0,0.0,0.0,0
2025-12-18,1.9160000085830688,1.9160000085830688,1.9160000085830688,1.9160000085830688,1.866155743598938,0.0,0.0,0.0,0.0,0
2025-12-19,1.9160000085830688,1.9160000085830688,1.9160000085830688,1.9160000085830688,1.866155743598938,0.0,0.0,0.0,0.0,0
2025-12-22,1.9160000085830688,1.9160000085830688,1.9160000085830688,1.9160000085830688,1.866155743598938,0.0,0.0,0.0,0.0,0
2025-12-23,1.9160000085830688,1.9160000085830688,1.9160000085830688,1.9160000085830688,1.866155743598938,0.0,0.0,0.0,0.0,0
2025-12-24,1.9160000085830688,1.9160000085830688,1.9160000085830688,1.9160000085830688,1.866155743598938,0.0,0.0,0.0,0.0,0
2025-12-26,,,,1.9160000085830688,1.866155743598938,,,,,1
2025-12-29,1.9160000085830688,1.9160000085830688,1.9160000085830688,1.9160000085830688,1.866155743598938,0.0,0.0,0.0,0.0,0
2025-12-30,1.9160000085830688,1.9160000085830688,1.9160000085830688,1.9160000085830688,1.866155743598938,0.0,0.0,0.0,0.0,0
2025-12-31,1.9160000085830688,1.9160000085830688,1.9160000085830688,1.9160000085830688,1.866155743598938,0.0,0.0,0.0,0.0,0
2026-01-02,1.9160000085830688,1.9160000085830688,1.9160000085830688,1.9160000085830688,1.866155743598938,0.0,0.0,0.0,0.0,0
2026-01-05,1.89900004863739,1.89900004863739,1.89900004863739,1.89900004863739,1.865860104560852,0.0,0.016699,0.0,0.0,0
2026-01-06,1.9079999923706057,1.9079999923706057,1.9079999923706057,1.9079999923706057,1.8747029304504397,1400.0,0.0,0.0,0.0,0
2026-01-07,1.906000018119812,1.906000018119812,1.906000018119812,1.906000018119812,1.872738003730774,0.0,0.0,0.0,0.0,0
2026-01-08,1.906000018119812,1.906000018119812,1.906000018119812,1.906000018119812,1.872738003730774,0.0,0.0,0.0,0.0,0
2026-01-09,1.906000018119812,1.906000018119812,1.906000018119812,1.906000018119812,1.872738003730774,0.0,0.0,0.0,0.0,0
2026-01-12,1.9040000438690183,1.9040000438690183,1.9040000438690183,1.9040000438690183,1.8707728385925293,0.0,0.0,0.0,0.0,0
2026-01-13,1.9040000438690183,1.9040000438690183,1.9040000438690183,1.9040000438690183,1.8707728385925293,0.0,0.0,0.0,0.0,0
2026-01-14,1.9040000438690183,1.9040000438690183,1.9040000438690183,1.9040000438690183,1.8707728385925293,0.0,0.0,0.0,0.0,0
2026-01-15,1.9040000438690183,1.9040000438690183,1.9040000438690183,1.9040000438690183,1.8707728385925293,0.0,0.0,0.0,0.0,0
2026-01-16,1.9040000438690183,1.9040000438690183,1.9040000438690183,1.9040000438690183,1.8707728385925293,0.0,0.0,0.0,0.0,0
2026-01-20,1.9019999504089355,1.9019999504089355,1.9019999504089355,1.9019999504089355,1.868807673454285,0.0,0.0,0.0,0.0,0
2026-01-21,1.899999976158142,1.899999976158142,1.899999976158142,1.899999976158142,1.86684250831604,0.0,0.0,0.0,0.0,0
2026-01-22,1.899999976158142,1.899999976158142,1.899999976158142,1.899999976158142,1.86684250831604,0.0,0.0,0.0,0.0,0
2026-01-23,1.899999976158142,1.899999976158142,1.899999976158142,1.899999976158142,1.86684250831604,0.0,0.0,0.0,0.0,0
2026-01-26,1.899999976158142,1.899999976158142,1.899999976158142,1.899999976158142,1.86684250831604,0.0,0.0,0.0,0.0,0
2026-01-27,1.899999976158142,1.899999976158142,1.899999976158142,1.899999976158142,1.86684250831604,0.0,0.0,0.0,0.0,0
2026-01-28,1.899999976158142,1.899999976158142,1.899999976158142,1.899999976158142,1.86684250831604,0.0,0.0,0.0,0.0,0
2026-01-29,1.899999976158142,1.899999976158142,1.899999976158142,1.899999976158142,1.86684250831604,4000.0,0.0,0.0,0.0,0
2026-01-30,1.899999976158142,1.899999976158142,1.899999976158142,1.899999976158142,1.86684250831604,0.0,0.0,0.0,0.0,0
2026-02-02,1.899999976158142,1.899999976158142,1.899999976158142,1.899999976158142,1.86684250831604,0.0,0.0,0.0,0.0,0
2026-02-03,1.899999976158142,1.899999976158142,1.899999976158142,1.899999976158142,1.86684250831604,0.0,0.0,0.0,0.0,0
2026-02-04,1.899999976158142,1.899999976158142,1.899999976158142,1.899999976158142,1.86684250831604,0.0,0.0,0.0,0.0,0
2026-02-05,1.906000018119812,1.906000018119812,1.906000018119812,1.906000018119812,1.872738003730774,50000.0,0.0,0.0,0.0,0
2026-02-06,1.9160000085830688,1.9160000085830688,1.9160000085830688,1.9160000085830688,1.8825633525848389,6600.0,0.0,0.0,0.0,0
2026-02-09,1.9140000343322752,1.9140000343322752,1.9140000343322752,1.9140000343322752,1.8805984258651731,0.0,0.0,0.0,0.0,0
2026-02-10,1.9140000343322752,1.9140000343322752,1.9140000343322752,1.9140000343322752,1.8805984258651731,0.0,0.0,0.0,0.0,0
2026-02-11,1.9140000343322752,1.9140000343322752,1.9140000343322752,1.9140000343322752,1.8805984258651731,0.0,0.0,0.0,0.0,0
2026-02-12,1.9140000343322752,1.9140000343322752,1.9140000343322752,1.9140000343322752,1.8805984258651731,0.0,0.0,0.0,0.0,0
2026-02-13,1.9140000343322752,1.9140000343322752,1.9140000343322752,1.9140000343322752,1.8805984258651731,0.0,0.0,0.0,0.0,0
2026-02-17,,,,1.9140000343322752,1.8805984258651731,,,,,1
2026-02-18,,,,1.9140000343322752,1.8805984258651731,,,,,1
2026-02-19,,,,1.9140000343322752,1.8805984258651731,,,,,1
2026-02-20,1.9179999828338623,1.9179999828338623,1.9179999828338623,1.9179999828338623,1.8845285177230835,0.0,0.0,0.0,0.0,0
2026-02-23,1.9179999828338623,1.9179999828338623,1.9179999828338623,1.9179999828338623,1.8845285177230835,0.0,0.0,0.0,0.0,0
2026-02-24,1.919999957084656,1.919999957084656,1.919999957084656,1.919999957084656,1.8864935636520384,0.0,0.0,0.0,0.0,0
2026-02-25,1.9220000505447388,1.9220000505447388,1.9220000505447388,1.9220000505447388,1.8884587287902832,0.0,0.0,0.0,0.0,0
2026-02-26,1.9220000505447388,1.9220000505447388,1.9220000505447388,1.9220000505447388,1.8884587287902832,0.0,0.0,0.0,0.0,0
2026-02-27,1.9220000505447388,1.9220000505447388,1.9220000505447388,1.9220000505447388,1.8884587287902832,0.0,0.0,0.0,0.0,0
2026-03-02,1.9259999990463257,1.9259999990463257,1.9259999990463257,1.9259999990463257,1.8923888206481936,0.0,0.0,0.0,0.0,0
2026-03-03,1.9259999990463257,1.9259999990463257,1.9259999990463257,1.9259999990463257,1.8923888206481936,0.0,0.0,0.0,0.0,0
2026-03-04,1.9220000505447388,1.9220000505447388,1.9220000505447388,1.9220000505447388,1.8884587287902832,0.0,0.0,0.0,0.0,0
2026-03-05,1.9160000085830688,1.9160000085830688,1.9160000085830688,1.9160000085830688,1.8825633525848389,0.0,0.0,0.0,0.0,0
2026-03-06,,,,1.9160000085830688,1.8825633525848389,,,,,1
2026-03-09,1.9160000085830688,1.9160000085830688,1.9160000085830688,1.9160000085830688,1.8825633525848389,0.0,0.0,0.0,0.0,0
2026-03-10,1.9160000085830688,1.9160000085830688,1.9160000085830688,1.9160000085830688,1.8825633525848389,0.0,0.0,0.0,0.0,0
2026-03-11,1.9140000343322752,1.9140000343322752,1.9140000343322752,1.9140000343322752,1.8805984258651731,0.0,0.0,0.0,0.0,0
2026-03-12,1.9079999923706057,1.9079999923706057,1.9079999923706057,1.9079999923706057,1.8747029304504397,0.0,0.0,0.0,0.0,0
2026-03-13,1.9040000438690183,1.9040000438690183,1.9040000438690183,1.9040000438690183,1.8707728385925293,0.0,0.0,0.0,0.0,0
2026-03-16,1.9040000438690183,1.9040000438690183,1.9040000438690183,1.9040000438690183,1.8707728385925293,0.0,0.0,0.0,0.0,0
2026-03-17,1.9040000438690183,1.9040000438690183,1.9040000438690183,1.9040000438690183,1.8707728385925293,0.0,0.0,0.0,0.0,0
2026-03-18,1.9040000438690183,1.9040000438690183,1.9040000438690183,1.9040000438690183,1.8707728385925293,0.0,0.0,0.0,0.0,0
2026-03-19,1.9040000438690183,1.9040000438690183,1.9040000438690183,1.9040000438690183,1.8707728385925293,0.0,0.0,0.0,0.0,0
2026-03-20,1.9040000438690183,1.9040000438690183,1.9040000438690183,1.9040000438690183,1.8707728385925293,0.0,0.0,0.0,0.0,0
2026-03-23,1.8899999856948853,1.8899999856948853,1.8899999856948853,1.8899999856948853,1.857017159461975,0.0,0.0,0.0,0.0,0
2026-03-24,1.8899999856948853,1.8899999856948853,1.8899999856948853,1.8899999856948853,1.857017159461975,0.0,0.0,0.0,0.0,0
2026-03-25,1.8899999856948853,1.8899999856948853,1.8899999856948853,1.8899999856948853,1.857017159461975,0.0,0.0,0.0,0.0,0
2026-03-26,1.8899999856948853,1.8899999856948853,1.8899999856948853,1.8899999856948853,1.857017159461975,0.0,0.0,0.0,0.0,0
2026-03-27,1.8860000371932983,1.8860000371932983,1.8860000371932983,1.8860000371932983,1.8530869483947752,89800.0,0.0,0.0,0.0,0
2026-03-30,1.8860000371932983,1.8860000371932983,1.8860000371932983,1.8860000371932983,1.8530869483947752,0.0,0.0,0.0,0.0,0
2026-03-31,1.8899999856948853,1.8899999856948853,1.8899999856948853,1.8899999856948853,1.857017159461975,0.0,0.0,0.0,0.0,0
2026-04-01,1.883999943733215,1.883999943733215,1.883999943733215,1.883999943733215,1.8675124645233152,100000.0,0.016588,0.0,0.0,0
2026-04-02,1.883999943733215,1.883999943733215,1.883999943733215,1.883999943733215,1.8675124645233152,0.0,0.0,0.0,0.0,0
2026-04-03,,,,1.883999943733215,1.8675124645233152,,,,,1
2026-04-06,,,,1.883999943733215,1.8675124645233152,,,,,1
2026-04-07,,,,1.883999943733215,1.8675124645233152,,,,,1
2026-04-08,1.883999943733215,1.883999943733215,1.883999943733215,1.883999943733215,1.8675124645233152,0.0,0.0,0.0,0.0,0
2026-04-09,1.883999943733215,1.883999943733215,1.883999943733215,1.883999943733215,1.8675124645233152,0.0,0.0,0.0,0.0,0
2026-04-10,1.8860000371932983,1.8860000371932983,1.8860000371932983,1.8860000371932983,1.8694950342178345,0.0,0.0,0.0,0.0,0
2026-04-13,1.8860000371932983,1.8860000371932983,1.8860000371932983,1.8860000371932983,1.8694950342178345,0.0,0.0,0.0,0.0,0
2026-04-14,1.888000011444092,1.888000011444092,1.888000011444092,1.888000011444092,1.871477484703064,0.0,0.0,0.0,0.0,0
2026-04-15,1.8919999599456787,1.8919999599456787,1.8919999599456787,1.8919999599456787,1.875442385673523,0.0,0.0,0.0,0.0,0
2026-04-16,1.8919999599456787,1.8919999599456787,1.8919999599456787,1.8919999599456787,1.875442385673523,0.0,0.0,0.0,0.0,0
2026-04-17,1.8919999599456787,1.8919999599456787,1.8919999599456787,1.8919999599456787,1.875442385673523,0.0,0.0,0.0,0.0,0
2026-04-20,1.8940000534057615,1.8940000534057615,1.8940000534057615,1.8940000534057615,1.8774250745773315,0.0,0.0,0.0,0.0,0
2026-04-21,1.8960000276565552,1.8960000276565552,1.8960000276565552,1.8960000276565552,1.879407525062561,0.0,0.0,0.0,0.0,0
2026-04-22,1.8960000276565552,1.8960000276565552,1.8960000276565552,1.8960000276565552,1.879407525062561,0.0,0.0,0.0,0.0,0
2026-04-23,1.8960000276565552,1.8960000276565552,1.8960000276565552,1.8960000276565552,1.879407525062561,0.0,0.0,0.0,0.0,0
2026-04-24,1.8960000276565552,1.8960000276565552,1.8960000276565552,1.8960000276565552,1.879407525062561,0.0,0.0,0.0,0.0,0
2026-04-27,1.8960000276565552,1.8960000276565552,1.8960000276565552,1.8960000276565552,1.879407525062561,0.0,0.0,0.0,0.0,0
2026-04-28,1.8960000276565552,1.8960000276565552,1.8960000276565552,1.8960000276565552,1.879407525062561,0.0,0.0,0.0,0.0,0
2026-04-29,1.8960000276565552,1.8960000276565552,1.8960000276565552,1.8960000276565552,1.879407525062561,0.0,0.0,0.0,0.0,0
2026-04-30,1.8919999599456787,1.8919999599456787,1.8919999599456787,1.8919999599456787,1.875442385673523,0.0,0.0,0.0,0.0,0
2026-05-01,,,,1.8919999599456787,1.875442385673523,,,,,1
2026-05-04,1.8919999599456787,1.8919999599456787,1.8919999599456787,1.8919999599456787,1.875442385673523,0.0,0.0,0.0,0.0,0
2026-05-05,1.888000011444092,1.888000011444092,1.888000011444092,1.888000011444092,1.871477484703064,0.0,0.0,0.0,0.0,0
2026-05-06,1.8940000534057615,1.8940000534057615,1.8940000534057615,1.8940000534057615,1.8774250745773315,171600.0,0.0,0.0,0.0,0
2026-05-07,1.8960000276565552,1.8960000276565552,1.8960000276565552,1.8960000276565552,1.879407525062561,0.0,0.0,0.0,0.0,0
2026-05-08,1.8960000276565552,1.8960000276565552,1.8960000276565552,1.8960000276565552,1.879407525062561,0.0,0.0,0.0,0.0,0
2026-05-11,1.8960000276565552,1.8960000276565552,1.8960000276565552,1.8960000276565552,1.879407525062561,0.0,0.0,0.0,0.0,0
2026-05-12,1.8960000276565552,1.8960000276565552,1.8960000276565552,1.8960000276565552,1.879407525062561,0.0,0.0,0.0,0.0,0
2026-05-13,1.8960000276565552,1.8960000276565552,1.8960000276565552,1.8960000276565552,1.879407525062561,600.0,0.0,0.0,0.0,0
2026-05-14,1.8940000534057615,1.8940000534057615,1.8940000534057615,1.8940000534057615,1.8774250745773315,0.0,0.0,0.0,0.0,0
2026-05-15,1.8940000534057615,1.8940000534057615,1.8940000534057615,1.8940000534057615,1.8774250745773315,0.0,0.0,0.0,0.0,0
2026-05-18,1.888000011444092,1.888000011444092,1.888000011444092,1.888000011444092,1.871477484703064,0.0,0.0,0.0,0.0,0
2026-05-19,1.883999943733215,1.883999943733215,1.883999943733215,1.883999943733215,1.8675124645233152,0.0,0.0,0.0,0.0,0
2026-05-20,1.8799999952316284,1.8799999952316284,1.8799999952316284,1.8799999952316284,1.863547444343567,0.0,0.0,0.0,0.0,0
2026-05-21,1.8799999952316284,1.8799999952316284,1.8799999952316284,1.8799999952316284,1.863547444343567,0.0,0.0,0.0,0.0,0
2026-05-22,1.8799999952316284,1.8799999952316284,1.8799999952316284,1.8799999952316284,1.863547444343567,0.0,0.0,0.0,0.0,0
2026-05-26,1.881999969482422,1.881999969482422,1.881999969482422,1.881999969482422,1.865530014038086,0.0,0.0,0.0,0.0,0
2026-05-27,1.8860000371932983,1.8860000371932983,1.8860000371932983,1.8860000371932983,1.8694950342178345,0.0,0.0,0.0,0.0,0
2026-05-28,1.888000011444092,1.888000011444092,1.888000011444092,1.888000011444092,1.871477484703064,0.0,0.0,0.0,0.0,0
2026-05-29,1.8899999856948853,1.8899999856948853,1.8899999856948853,1.8899999856948853,1.8734599351882937,0.0,0.0,0.0,0.0,0
2026-06-01,1.8919999599456787,1.8919999599456787,1.8919999599456787,1.8919999599456787,1.875442385673523,0.0,0.0,0.0,0.0,0
2026-06-02,1.8940000534057615,1.8940000534057615,1.8940000534057615,1.8940000534057615,1.8774250745773315,0.0,0.0,0.0,0.0,0
2026-06-03,1.8940000534057615,1.8940000534057615,1.8940000534057615,1.8940000534057615,1.8774250745773315,0.0,0.0,0.0,0.0,0
2026-06-04,1.8940000534057615,1.8940000534057615,1.8940000534057615,1.8940000534057615,1.8774250745773315,0.0,0.0,0.0,0.0,0
2026-06-05,1.8940000534057615,1.8940000534057615,1.8940000534057615,1.8940000534057615,1.8774250745773315,0.0,0.0,0.0,0.0,0
2026-06-08,1.8919999599456787,1.8919999599456787,1.8919999599456787,1.8919999599456787,1.875442385673523,0.0,0.0,0.0,0.0,0
2026-06-09,1.8899999856948853,1.8899999856948853,1.8899999856948853,1.8899999856948853,1.8734599351882937,0.0,0.0,0.0,0.0,0
2026-06-10,1.8899999856948853,1.8899999856948853,1.8899999856948853,1.8899999856948853,1.8734599351882937,0.0,0.0,0.0,0.0,0
2026-06-11,1.8899999856948853,1.8899999856948853,1.8899999856948853,1.8899999856948853,1.8734599351882937,0.0,0.0,0.0,0.0,0
2026-06-12,1.8940000534057615,1.8940000534057615,1.8940000534057615,1.8940000534057615,1.8774250745773315,0.0,0.0,0.0,0.0,0
2026-06-15,1.8940000534057615,1.8940000534057615,1.8940000534057615,1.8940000534057615,1.8774250745773315,0.0,0.0,0.0,0.0,0
2026-06-16,1.8940000534057615,1.8940000534057615,1.8940000534057615,1.8940000534057615,1.8774250745773315,0.0,0.0,0.0,0.0,0
2026-06-17,1.8940000534057615,1.8940000534057615,1.8940000534057615,1.8940000534057615,1.8774250745773315,0.0,0.0,0.0,0.0,0
2026-06-18,1.8940000534057615,1.8940000534057615,1.8940000534057615,1.8940000534057615,1.8774250745773315,0.0,0.0,0.0,0.0,0
2026-06-22,1.8940000534057615,1.8940000534057615,1.8940000534057615,1.8940000534057615,1.8774250745773315,0.0,0.0,0.0,0.0,0
2026-06-23,1.8940000534057615,1.8940000534057615,1.8940000534057615,1.8940000534057615,1.8774250745773315,0.0,0.0,0.0,0.0,0
2026-06-24,1.8940000534057615,1.8940000534057615,1.8940000534057615,1.8940000534057615,1.8774250745773315,0.0,0.0,0.0,0.0,0
2026-06-25,1.8940000534057615,1.8940000534057615,1.8940000534057615,1.8940000534057615,1.8774250745773315,0.0,0.0,0.0,0.0,0
2026-06-26,1.8940000534057615,1.8940000534057615,1.8940000534057615,1.8940000534057615,1.8774250745773315,0.0,0.0,0.0,0.0,0
2026-06-29,1.8940000534057615,1.8940000534057615,1.8940000534057615,1.8940000534057615,1.8774250745773315,0.0,0.0,0.0,0.0,0
2026-06-30,1.8940000534057615,1.8940000534057615,1.8940000534057615,1.8940000534057615,1.8774250745773315,0.0,0.0,0.0,0.0,0
2026-07-01,,,,1.8940000534057615,1.8774250745773315,,,,,1
2026-07-02,1.888000011444092,1.888000011444092,1.888000011444092,1.888000011444092,1.888000011444092,0.0,0.016575,0.0,0.0,0
2026-07-06,1.8760000467300415,1.8760000467300415,1.8760000467300415,1.8760000467300415,1.8760000467300415,0.0,0.0,0.0,0.0,0
2026-07-07,1.8760000467300415,1.8760000467300415,1.8760000467300415,1.8760000467300415,1.8760000467300415,0.0,0.0,0.0,0.0,0
2026-07-08,1.8739999532699585,1.8739999532699585,1.8739999532699585,1.8739999532699585,1.8739999532699585,0.0,0.0,0.0,0.0,0
2026-07-09,1.8700000047683716,1.8700000047683716,1.8700000047683716,1.8700000047683716,1.8700000047683716,15000.0,0.0,0.0,0.0,0
2026-07-10,1.8700000047683716,1.8700000047683716,1.8700000047683716,1.8700000047683716,1.8700000047683716,0.0,0.0,0.0,0.0,0
2026-07-13,1.8700000047683716,1.8700000047683716,1.8700000047683716,1.8700000047683716,1.8700000047683716,0.0,0.0,0.0,0.0,0
2026-07-14,1.868000030517578,1.868000030517578,1.868000030517578,1.868000030517578,1.868000030517578,0.0,0.0,0.0,0.0,0
2026-07-15,1.868000030517578,1.868000030517578,1.868000030517578,1.868000030517578,1.868000030517578,0.0,0.0,0.0,0.0,0
2026-07-16,1.868000030517578,1.868000030517578,1.868000030517578,1.868000030517578,1.868000030517578,0.0,0.0,0.0,0.0,0
2026-07-17,1.868000030517578,1.868000030517578,1.868000030517578,1.868000030517578,1.868000030517578,0.0,0.0,0.0,0.0,0
2026-07-20,1.868000030517578,1.868000030517578,1.868000030517578,1.868000030517578,1.868000030517578,0.0,0.0,0.0,0.0,0
2026-07-21,1.868000030517578,1.868000030517578,1.868000030517578,1.868000030517578,1.868000030517578,0.0,0.0,0.0,0.0,0
2026-07-22,1.868000030517578,1.868000030517578,1.868000030517578,1.868000030517578,1.868000030517578,0.0,0.0,0.0,0.0,0
2026-07-23,1.866000056266785,1.866000056266785,1.866000056266785,1.866000056266785,1.866000056266785,0.0,0.0,0.0,0.0,0
2026-07-24,1.861999988555908,1.861999988555908,1.861999988555908,1.861999988555908,1.861999988555908,0.0,0.0,0.0,0.0,0
2026-07-27,1.861999988555908,1.861999988555908,1.861999988555908,1.861999988555908,1.861999988555908,0.0,0.0,0.0,0.0,0
2026-07-28,1.861999988555908,1.861999988555908,1.861999988555908,1.861999988555908,1.861999988555908,0.0,0.0,0.0,0.0,0
2026-07-29,1.861999988555908,1.861999988555908,1.861999988555908,1.861999988555908,1.861999988555908,0.0,0.0,0.0,0.0,0
2026-07-30,1.861999988555908,1.861999988555908,1.861999988555908,1.861999988555908,1.861999988555908,0.0,0.0,0.0,0.0,0
2026-07-31,1.861999988555908,1.861999988555908,1.861999988555908,1.861999988555908,1.861999988555908,0.0,0.0,0.0,0.0,0
2026-08-03,1.8600000143051147,1.8600000143051147,1.8600000143051147,1.8600000143051147,1.8600000143051147,0.0,0.0,0.0,0.0,0
2026-08-04,1.8600000143051147,1.8600000143051147,1.8600000143051147,1.8600000143051147,1.8600000143051147,0.0,0.0,0.0,0.0,0
2026-08-05,1.861999988555908,1.861999988555908,1.861999988555908,1.861999988555908,1.861999988555908,0.0,0.0,0.0,0.0,0
2026-08-06,1.861999988555908,1.861999988555908,1.861999988555908,1.861999988555908,1.861999988555908,0.0,0.0,0.0,0.0,0
2026-08-07,1.861999988555908,1.861999988555908,1.861999988555908,1.861999988555908,1.861999988555908,0.0,0.0,0.0,0.0,0
2026-08-10,1.861999988555908,1.861999988555908,1.861999988555908,1.861999988555908,1.861999988555908,0.0,0.0,0.0,0.0,0
2026-08-11,1.861999988555908,1.861999988555908,1.861999988555908,1.861999988555908,1.861999988555908,0.0,0.0,0.0,0.0,0
2026-08-12,1.861999988555908,1.861999988555908,1.861999988555908,1.861999988555908,1.861999988555908,0.0,0.0,0.0,0.0,0
2026-08-13,1.861999988555908,1.861999988555908,1.861999988555908,1.861999988555908,1.861999988555908,0.0,0.0,0.0,0.0,0
2026-08-14,1.861999988555908,1.861999988555908,1.861999988555908,1.861999988555908,1.861999988555908,0.0,0.0,0.0,0.0,0
2026-08-17,1.861999988555908,1.861999988555908,1.861999988555908,1.861999988555908,1.861999988555908,0.0,0.0,0.0,0.0,0
2026-08-18,1.861999988555908,1.861999988555908,1.861999988555908,1.861999988555908,1.861999988555908,0.0,0.0,0.0,0.0,0
2026-08-19,1.861999988555908,1.861999988555908,1.861999988555908,1.861999988555908,1.861999988555908,0.0,0.0,0.0,0.0,0
2026-08-20,1.861999988555908,1.861999988555908,1.861999988555908,1.861999988555908,1.861999988555908,0.0,0.0,0.0,0.0,0
2026-08-21,1.861999988555908,1.861999988555908,1.861999988555908,1.861999988555908,1.861999988555908,0.0,0.0,0.0,0.0,0
2026-08-24,1.861999988555908,1.861999988555908,1.861999988555908,1.861999988555908,1.861999988555908,0.0,0.0,0.0,0.0,0
2026-08-25,1.861999988555908,1.861999988555908,1.861999988555908,1.861999988555908,1.861999988555908,0.0,0.0,0.0,0.0,0
2026-08-26,1.866000056266785,1.866000056266785,1.866000056266785,1.866000056266785,1.866000056266785,0.0,0.0,0.0,0.0,0
2026-08-27,1.866000056266785,1.866000056266785,1.866000056266785,1.866000056266785,1.866000056266785,0.0,0.0,0.0,0.0,0
2026-08-28,1.8700000047683716,1.8700000047683716,1.8639999628067017,1.8639999628067017,1.8639999628067017,17000.0,0.0,0.0,0.0,0
2026-08-31,1.8639999628067017,1.8639999628067017,1.8639999628067017,1.8639999628067017,1.8639999628067017,0.0,0.0,0.0,0.0,0
2026-09-01,1.861999988555908,1.861999988555908,1.861999988555908,1.861999988555908,1.861999988555908,0.0,0.0,0.0,0.0,0
2026-09-02,1.8580000400543213,1.8580000400543213,1.8580000400543213,1.8580000400543213,1.8580000400543213,0.0,0.0,0.0,0.0,0
2026-09-03,1.8580000400543213,1.8580000400543213,1.8580000400543213,1.8580000400543213,1.8580000400543213,0.0,0.0,0.0,0.0,0
2026-09-04,1.8580000400543213,1.8580000400543213,1.8580000400543213,1.8580000400543213,1.8580000400543213,0.0,0.0,0.0,0.0,0
