date,Open,High,Low,Close,Adj Close,Volume,Dividends,Stock Splits,Capital Gains,flag
2021-08-02,16.200000762939453,16.200000762939453,16.190000534057617,16.190000534057617,13.773943901062012,39600.0,0.0,0.0,0.0,0
2021-08-03,16.209999084472656,16.25,16.209999084472656,16.219999313354492,13.799466133117676,6998.0,0.0,0.0,0.0,0
2021-08-04,16.229999542236328,16.25,16.229999542236328,16.229999542236328,13.80797290802002,45800.0,0.0,0.0,0.0,0
2021-08-05,16.270000457763672,16.270000457763672,16.239999771118164,16.270000457763672,13.842005729675291,85800.0,0.0,0.0,0.0,0
2021-08-06,16.260000228881836,16.260000228881836,16.219999313354492,16.239999771118164,13.816483497619627,34230.0,0.0,0.0,0.0,0
2021-08-09,16.190000534057617,16.219999313354492,16.190000534057617,16.209999084472656,13.790959358215332,36000.0,0.0,0.0,0.0,0
2021-08-10,16.15999984741211,16.200000762939453,16.15999984741211,16.200000762939453,13.782450675964355,4400.0,0.0,0.0,0.0,0
2021-08-11,16.170000076293945,16.170000076293945,16.170000076293945,16.170000076293945,13.756929397583008,0.0,0.0,0.0,0.0,0
2021-08-12,16.209999084472656,16.209999084472656,16.18000030517578,16.200000762939453,13.782450675964355,10809.0,0.0,0.0,0.0,0
2021-08-13,16.219999313354492,16.219999313354492,16.209999084472656,16.219999313354492,13.799466133117676,39902.0,0.0,0.0,0.0,0
2021-08-16,16.239999771118164,16.280000686645508,16.239999771118164,16.270000457763672,13.842005729675291,39800.0,0.0,0.0,0.0,0
2021-08-17,16.270000457763672,16.31999969482422,16.270000457763672,16.31999969482422,13.884543418884276,151435.0,0.0,0.0,0.0,0
2021-08-18,16.280000686645508,16.309999465942383,16.280000686645508,16.309999465942383,13.876036643981934,14200.0,0.0,0.0,0.0,0
2021-08-19,16.34000015258789,16.350000381469727,16.299999237060547,16.350000381469727,13.910064697265623,424695.0,0.0,0.0,0.0,0
2021-08-20,16.309999465942383,16.350000381469727,16.309999465942383,16.34000015258789,13.901558876037598,20400.0,0.0,0.0,0.0,0
2021-08-23,16.299999237060547,16.31999969482422,16.299999237060547,16.31999969482422,13.884543418884276,4200.0,0.0,0.0,0.0,0
2021-08-24,16.31999969482422,16.350000381469727,16.31999969482422,16.31999969482422,13.884543418884276,78200.0,0.0,0.0,0.0,0
2021-08-25,16.280000686645508,16.299999237060547,16.280000686645508,16.299999237060547,13.867526054382324,868.0,0.0,0.0,0.0,0
2021-08-26,16.309999465942383,16.309999465942383,16.309999465942383,16.309999465942383,13.876036643981934,0.0,0.0,0.0,0.0,0
2021-08-27,16.31999969482422,16.31999969482422,16.31999969482422,16.31999969482422,13.884543418884276,0.0,0.0,0.0,0.0,0
2021-08-30,16.329999923706055,16.34000015258789,16.329999923706055,16.34000015258789,13.901558876037598,3000.0,0.0,0.0,0.0,0
2021-08-31,16.31999969482422,16.3799991607666,16.31999969482422,16.350000381469727,13.910064697265623,23400.0,0.0,0.0,0.0,0
2021-09-01,16.34000015258789,16.34000015258789,16.34000015258789,16.34000015258789,13.901558876037598,0.0,0.0,0.0,0.0,0
2021-09-02,16.31999969482422,16.350000381469727,16.31999969482422,16.350000381469727,13.910064697265623,11000.0,0.0,0.0,0.0,0
2021-09-03,16.360000610351562,16.360000610351562,16.329999923706055,16.329999923706055,13.893051147460938,16340.0,0.0,0.0,0.0,0
2021-09-07,16.34000015258789,16.350000381469727,16.31999969482422,16.34000015258789,13.901558876037598,99707.0,0.0,0.0,0.0,0
2021-09-08,16.329999923706055,16.329999923706055,16.329999923706055,16.329999923706055,13.893051147460938,9000.0,0.0,0.0,0.0,0
2021-09-09,16.329999923706055,16.3700008392334,16.329999923706055,16.350000381469727,13.910064697265623,36600.0,0.0,0.0,0.0,0
2021-09-10,16.3700008392334,16.3700008392334,16.3700008392334,16.3700008392334,13.927082061767578,9805.0,0.0,0.0,0.0,0
2021-09-13,16.360000610351562,16.360000610351562,16.360000610351562,16.360000610351562,13.918574333190918,0.0,0.0,0.0,0.0,0
2021-09-14,16.3799991607666,16.3799991607666,16.350000381469727,16.350000381469727,13.910064697265623,3040.0,0.0,0.0,0.0,0
2021-09-15,16.399999618530273,16.399999618530273,16.399999618530273,16.399999618530273,13.952606201171877,0.0,0.0,0.0,0.0,0
2021-09-16,16.3799991607666,16.399999618530273,16.350000381469727,16.350000381469727,13.910064697265623,51200.0,0.0,0.0,0.0,0
2021-09-17,16.31999969482422,16.360000610351562,16.31999969482422,16.360000610351562,13.918574333190918,10279.0,0.0,0.0,0.0,0
2021-09-20,16.350000381469727,16.350000381469727,16.34000015258789,16.329999923706055,13.893051147460938,5227.0,0.0,0.0,0.0,0
2021-09-21,16.31999969482422,16.31999969482422,16.290000915527344,16.290000915527344,13.85902214050293,76552.0,0.0,0.0,0.0,0
2021-09-22,,,,16.290000915527344,13.85902214050293,,,,,1
2021-09-23,16.31999969482422,16.31999969482422,16.31999969482422,16.31999969482422,13.884543418884276,0.0,0.0,0.0,0.0,0
2021-09-24,16.280000686645508,16.280000686645508,16.280000686645508,16.280000686645508,13.850513458251951,0.0,0.0,0.0,0.0,0
2021-09-27,16.239999771118164,16.25,16.229999542236328,16.229999542236328,13.80797290802002,152650.0,0.0,0.0,0.0,0
2021-09-28,16.229999542236328,16.229999542236328,16.200000762939453,16.200000762939453,13.782450675964355,4251.0,0.0,0.0,0.0,0
2021-09-29,16.15999984741211,16.15999984741211,16.15999984741211,16.15999984741211,13.748421669006348,0.0,0.0,0.0,0.0,0
2021-09-30,16.200000762939453,16.200000762939453,16.15999984741211,16.15999984741211,13.748421669006348,8531.0,0.0,0.0,0.0,0
2021-10-01,,,,16.15999984741211,13.748421669006348,,,,,1
2021-10-04,16.059999465942383,16.110000610351562,16.030000686645508,16.100000381469727,13.799849510192873,5000.0,0.12,0.0,0.0,0
2021-10-05,16.079999923706055,16.079999923706055,16.020000457763672,16.030000686645508,13.739850997924805,238996.0,0.0,0.0,0.0,0
2021-10-06,16.040000915527344,16.040000915527344,16.040000915527344,16.040000915527344,13.748421669006348,0.0,0.0,0.0,0.0,0
2021-10-07,16.010000228881836,16.010000228881836,16.0,16.020000457763672,13.731279373168944,3315.0,0.0,0.0,0.0,0
2021-10-08,16.0,16.010000228881836,15.960000038146973,15.989999771118164,13.70556354522705,123030.0,0.0,0.0,0.0,0
2021-10-12,15.90999984741211,15.90999984741211,15.869999885559082,15.880000114440918,13.611278533935549,43427.0,0.0,0.0,0.0,0
2021-10-13,,,,15.880000114440918,13.611278533935549,,,,,1
2021-10-14,,,,15.880000114440918,13.611278533935549,,,,,1
2021-10-15,15.9399995803833,16.010000228881836,15.9399995803833,16.010000228881836,13.722705841064451,3462.0,0.0,0.0,0.0,0
2021-10-18,16.0,16.0,15.93000030517578,15.93000030517578,13.65413761138916,10328.0,0.0,0.0,0.0,0
2021-10-19,15.949999809265137,16.0,15.949999809265137,15.979999542236328,13.69699001312256,3019.0,0.0,0.0,0.0,0
2021-10-20,15.970000267028809,15.979999542236328,15.93000030517578,15.979999542236328,13.69699001312256,3270.0,0.0,0.0,0.0,0
2021-10-21,15.920000076293944,15.970000267028809,15.90999984741211,15.970000267028809,13.688422203063965,36413.0,0.0,0.0,0.0,0
2021-10-22,15.93000030517578,15.949999809265137,15.75,15.949999809265137,13.67127799987793,15000.0,0.0,0.0,0.0,0
2021-10-25,15.960000038146973,15.989999771118164,15.960000038146973,15.979999542236328,13.69699001312256,14433.0,0.0,0.0,0.0,0
2021-10-26,15.949999809265137,16.0,15.949999809265137,16.0,13.714137077331545,12800.0,0.0,0.0,0.0,0
2021-10-27,16.0,16.0,16.0,16.0,13.714137077331545,0.0,0.0,0.0,0.0,0
2021-10-28,16.010000228881836,16.049999237060547,16.0,16.0,13.714137077331545,51691.0,0.0,0.0,0.0,0
2021-10-29,16.020000457763672,16.020000457763672,15.960000038146973,15.960000038146973,13.679849624633787,67400.0,0.0,0.0,0.0,0
2021-11-01,15.979999542236328,16.030000686645508,15.979999542236328,16.030000686645508,13.739850997924805,20805.0,0.0,0.0,0.0,0
2021-11-02,16.030000686645508,16.030000686645508,15.979999542236328,15.979999542236328,13.69699001312256,10400.0,0.0,0.0,0.0,0
2021-11-03,15.989999771118164,16.059999465942383,15.989999771118164,16.059999465942383,13.76556396484375,53427.0,0.0,0.0,0.0,0
2021-11-04,16.020000457763672,16.020000457763672,16.0,16.010000228881836,13.722705841064451,2000.0,0.0,0.0,0.0,0
2021-11-05,16.020000457763672,16.049999237060547,16.020000457763672,16.049999237060547,13.75699234008789,28693.0,0.0,0.0,0.0,0
2021-11-08,16.059999465942383,16.059999465942383,16.059999465942383,16.059999465942383,13.76556396484375,0.0,0.0,0.0,0.0,0
2021-11-09,16.06999969482422,16.06999969482422,16.030000686645508,16.030000686645508,13.739850997924805,8483.0,0.0,0.0,0.0,0
2021-11-10,16.040000915527344,16.040000915527344,16.040000915527344,16.040000915527344,13.748421669006348,0.0,0.0,0.0,0.0,0
2021-11-12,16.020000457763672,16.020000457763672,15.979999542236328,16.010000228881836,13.722705841064451,159200.0,0.0,0.0,0.0,0
2021-11-15,15.989999771118164,16.030000686645508,15.989999771118164,16.030000686645508,13.739850997924805,1600.0,0.0,0.0,0.0,0
2021-11-16,16.0,16.0,16.0,16.0,13.714137077331545,0.0,0.0,0.0,0.0,0
2021-11-17,16.0,16.0,15.970000267028809,15.979999542236328,13.69699001312256,13296.0,0.0,0.0,0.0,0
2021-11-18,16.059999465942383,16.06999969482422,16.020000457763672,16.049999237060547,13.75699234008789,11433.0,0.0,0.0,0.0,0
2021-11-19,16.09000015258789,16.09000015258789,16.09000015258789,16.09000015258789,13.791277885437012,0.0,0.0,0.0,0.0,0
2021-11-22,16.06999969482422,16.110000610351562,16.06999969482422,16.100000381469727,13.799849510192873,3205.0,0.0,0.0,0.0,0
2021-11-23,16.030000686645508,16.030000686645508,16.030000686645508,16.030000686645508,13.739850997924805,0.0,0.0,0.0,0.0,0
2021-11-24,16.040000915527344,16.049999237060547,16.0,16.040000915527344,13.748421669006348,2800.0,0.0,0.0,0.0,0
2021-11-26,16.0,16.059999465942383,16.0,16.059999465942383,13.76556396484375,2000.0,0.0,0.0,0.0,0
2021-11-29,16.059999465942383,16.059999465942383,16.059999465942383,16.059999465942383,13.76556396484375,0.0,0.0,0.0,0.0,0
2021-11-30,16.100000381469727,16.100000381469727,16.049999237060547,16.100000381469727,13.799849510192873,9400.0,0.0,0.0,0.0,0
2021-12-01,16.079999923706055,16.079999923706055,16.079999923706055,16.079999923706055,13.782705307006836,0.0,0.0,0.0,0.0,0
2021-12-02,16.079999923706055,16.1200008392334,16.059999465942383,16.059999465942383,13.76556396484375,33200.0,0.0,0.0,0.0,0
2021-12-03,16.110000610351562,16.110000610351562,16.06999969482422,16.09000015258789,13.791277885437012,101492.0,0.0,0.0,0.0,0
2021-12-06,16.110000610351562,16.15999984741211,16.110000610351562,16.1299991607666,13.8255615234375,15504.0,0.0,0.0,0.0,0
2021-12-07,16.09000015258789,16.149999618530273,16.09000015258789,16.139999389648438,13.834135055541992,115692.0,0.0,0.0,0.0,0
2021-12-08,16.110000610351562,16.110000610351562,16.110000610351562,16.110000610351562,13.808420181274414,0.0,0.0,0.0,0.0,0
2021-12-09,16.100000381469727,16.100000381469727,16.100000381469727,16.100000381469727,13.799849510192873,0.0,0.0,0.0,0.0,0
2021-12-10,16.110000610351562,16.110000610351562,16.110000610351562,16.110000610351562,13.808420181274414,0.0,0.0,0.0,0.0,0
2021-12-13,16.09000015258789,16.100000381469727,16.09000015258789,16.100000381469727,13.799849510192873,12622.0,0.0,0.0,0.0,0
2021-12-14,16.15999984741211,16.15999984741211,16.15999984741211,16.15999984741211,13.851275444030762,0.0,0.0,0.0,0.0,0
2021-12-15,16.18000030517578,16.18000030517578,16.1299991607666,16.15999984741211,13.851275444030762,33200.0,0.0,0.0,0.0,0
2021-12-16,16.15999984741211,16.15999984741211,16.15999984741211,16.15999984741211,13.851275444030762,0.0,0.0,0.0,0.0,0
2021-12-17,16.149999618530273,16.149999618530273,16.149999618530273,16.149999618530273,13.842702865600586,0.0,0.0,0.0,0.0,0
2021-12-20,16.18000030517578,16.190000534057617,16.149999618530273,16.18000030517578,13.868420600891112,61200.0,0.0,0.0,0.0,0
2021-12-21,16.1299991607666,16.1299991607666,16.1299991607666,16.1299991607666,13.8255615234375,0.0,0.0,0.0,0.0,0
2021-12-22,16.1299991607666,16.1299991607666,16.1299991607666,16.1299991607666,13.8255615234375,0.0,0.0,0.0,0.0,0
2021-12-23,16.1299991607666,16.1299991607666,16.1299991607666,16.1299991607666,13.8255615234375,0.0,0.0,0.0,0.0,0
2021-12-27,,,,16.1299991607666,13.8255615234375,,,,,1
2021-12-28,16.149999618530273,16.149999618530273,16.1299991607666,16.149999618530273,13.842702865600586,13800.0,0.0,0.0,0.0,0
2021-12-29,16.149999618530273,16.149999618530273,16.149999618530273,16.149999618530273,13.842702865600586,0.0,0.0,0.0,0.0,0
2021-12-30,16.1200008392334,16.1200008392334,16.1200008392334,16.1200008392334,13.81699275970459,0.0,0.0,0.0,0.0,0
2021-12-31,16.149999618530273,16.149999618530273,16.149999618530273,16.149999618530273,13.842702865600586,200.0,0.0,0.0,0.0,0
2022-01-03,16.149999618530273,16.149999618530273,16.09000015258789,16.110000610351562,13.808420181274414,102800.0,0.0,0.0,0.0,0
2022-01-04,16.0,16.0,15.899999618530272,15.93000030517578,13.75660514831543,302600.0,0.12,0.0,0.0,0
2022-01-05,15.880000114440918,15.949999809265137,15.869999885559082,15.949999809265137,13.77387809753418,156408.0,0.0,0.0,0.0,0
2022-01-06,15.899999618530272,15.899999618530272,15.859999656677246,15.859999656677246,13.696155548095703,17400.0,0.0,0.0,0.0,0
2022-01-07,15.859999656677246,15.859999656677246,15.81999969482422,15.81999969482422,13.661615371704102,26894.0,0.0,0.0,0.0,0
2022-01-10,15.8100004196167,15.8100004196167,15.8100004196167,15.8100004196167,13.652979850769045,0.0,0.0,0.0,0.0,0
2022-01-11,15.8100004196167,15.8100004196167,15.8100004196167,15.8100004196167,13.652979850769045,0.0,0.0,0.0,0.0,0
2022-01-12,15.800000190734863,15.829999923706056,15.800000190734863,15.8100004196167,13.652979850769045,61400.0,0.0,0.0,0.0,0
2022-01-13,15.770000457763672,15.770000457763672,15.75,15.770000457763672,13.618436813354492,56443.0,0.0,0.0,0.0,0
2022-01-14,15.720000267028809,15.739999771118164,15.720000267028809,15.729999542236328,13.583892822265623,90800.0,0.0,0.0,0.0,0
2022-01-18,15.600000381469728,15.600000381469728,15.600000381469728,15.600000381469728,13.471631050109863,0.0,0.0,0.0,0.0,0
2022-01-19,15.600000381469728,15.600000381469728,15.529999732971191,15.539999961853027,13.41981601715088,22400.0,0.0,0.0,0.0,0
2022-01-20,15.600000381469728,15.640000343322754,15.600000381469728,15.609999656677246,13.480263710021973,10400.0,0.0,0.0,0.0,0
2022-01-21,15.699999809265137,15.699999809265137,15.640000343322754,15.640000343322754,13.50617218017578,8056.0,0.0,0.0,0.0,0
2022-01-24,15.65999984741211,15.65999984741211,15.65999984741211,15.65999984741211,13.523443222045898,0.0,0.0,0.0,0.0,0
2022-01-25,15.68000030517578,15.68000030517578,15.649999618530272,15.68000030517578,13.540716171264648,1200.0,0.0,0.0,0.0,0
2022-01-26,15.640000343322754,15.640000343322754,15.640000343322754,15.640000343322754,13.50617218017578,0.0,0.0,0.0,0.0,0
2022-01-27,15.609999656677246,15.609999656677246,15.5600004196167,15.5600004196167,13.43708610534668,4000.0,0.0,0.0,0.0,0
2022-01-28,15.600000381469728,15.609999656677246,15.579999923706056,15.600000381469728,13.471631050109863,32639.0,0.0,0.0,0.0,0
2022-01-31,15.609999656677246,15.609999656677246,15.609999656677246,15.609999656677246,13.480263710021973,0.0,0.0,0.0,0.0,0
2022-02-01,,,,15.609999656677246,13.480263710021973,,,,,1
2022-02-02,,,,15.609999656677246,13.480263710021973,,,,,1
2022-02-03,,,,15.609999656677246,13.480263710021973,,,,,1
2022-02-04,15.649999618530272,15.649999618530272,15.5600004196167,15.59000015258789,13.462995529174805,25400.0,0.0,0.0,0.0,0
2022-02-07,15.550000190734863,15.550000190734863,15.479999542236328,15.520000457763672,13.402544975280762,17860.0,0.0,0.0,0.0,0
2022-02-08,15.5,15.5,15.5,15.5,13.385272979736328,0.0,0.0,0.0,0.0,0
2022-02-09,15.489999771118164,15.489999771118164,15.449999809265137,15.460000038146973,13.35072898864746,28000.0,0.0,0.0,0.0,0
2022-02-10,15.470000267028809,15.5,15.470000267028809,15.5,13.385272979736328,7914.0,0.0,0.0,0.0,0
2022-02-11,15.43000030517578,15.4399995803833,15.390000343322754,15.4399995803833,13.333457946777344,47800.0,0.0,0.0,0.0,0
2022-02-14,15.399999618530272,15.470000267028809,15.399999618530272,15.470000267028809,13.359365463256836,54400.0,0.0,0.0,0.0,0
2022-02-15,15.449999809265137,15.449999809265137,15.399999618530272,15.399999618530272,13.298914909362791,25400.0,0.0,0.0,0.0,0
2022-02-16,15.399999618530272,15.399999618530272,15.359999656677246,15.390000343322754,13.290279388427734,28600.0,0.0,0.0,0.0,0
2022-02-17,15.399999618530272,15.420000076293944,15.399999618530272,15.420000076293944,13.316187858581545,13200.0,0.0,0.0,0.0,0
2022-02-18,15.399999618530272,15.4399995803833,15.399999618530272,15.420000076293944,13.316187858581545,17000.0,0.0,0.0,0.0,0
2022-02-22,15.460000038146973,15.460000038146973,15.460000038146973,15.460000038146973,13.35072898864746,5800.0,0.0,0.0,0.0,0
2022-02-23,15.4399995803833,15.4399995803833,15.399999618530272,15.399999618530272,13.298914909362791,260000.0,0.0,0.0,0.0,0
2022-02-24,15.40999984741211,15.4399995803833,15.369999885559082,15.380000114440918,13.281645774841309,119318.0,0.0,0.0,0.0,0
2022-02-25,15.369999885559082,15.369999885559082,15.369999885559082,15.369999885559082,13.2730073928833,0.0,0.0,0.0,0.0,0
2022-02-28,15.34000015258789,15.34000015258789,15.34000015258789,15.34000015258789,13.247100830078123,0.0,0.0,0.0,0.0,0
2022-03-01,15.399999618530272,15.399999618530272,15.369999885559082,15.399999618530272,13.298914909362791,22600.0,0.0,0.0,0.0,0
2022-03-02,15.4399995803833,15.449999809265137,15.399999618530272,15.449999809265137,13.342092514038086,179400.0,0.0,0.0,0.0,0
2022-03-03,15.399999618530272,15.399999618530272,15.34000015258789,15.359999656677246,13.264373779296877,22200.0,0.0,0.0,0.0,0
2022-03-04,15.359999656677246,15.380000114440918,15.34000015258789,15.390000343322754,13.290279388427734,11811.0,0.0,0.0,0.0,0
2022-03-07,15.399999618530272,15.420000076293944,15.350000381469728,15.350000381469728,13.2557373046875,106625.0,0.0,0.0,0.0,0
2022-03-08,15.300000190734863,15.300000190734863,15.25,15.25,13.169381141662598,49200.0,0.0,0.0,0.0,0
2022-03-09,15.199999809265137,15.25,15.170000076293944,15.170000076293944,13.100295066833496,11006.0,0.0,0.0,0.0,0
2022-03-10,15.199999809265137,15.199999809265137,15.199999809265137,15.199999809265137,13.126201629638672,0.0,0.0,0.0,0.0,0
2022-03-11,15.130000114440918,15.149999618530272,15.119999885559082,15.149999618530272,13.083023071289062,14599.0,0.0,0.0,0.0,0
2022-03-14,15.100000381469728,15.100000381469728,15.079999923706056,15.079999923706056,13.022574424743652,32058800.0,0.0,0.0,0.0,0
2022-03-15,15.079999923706056,15.079999923706056,14.880000114440918,14.899999618530272,12.867133140563965,21523983.0,0.0,0.0,0.0,0
2022-03-16,14.899999618530272,14.899999618530272,14.829999923706056,14.859999656677246,12.83259105682373,12800.0,0.0,0.0,0.0,0
2022-03-17,14.9399995803833,14.979999542236328,14.9399995803833,14.979999542236328,12.936219215393066,22212.0,0.0,0.0,0.0,0
2022-03-18,15.010000228881836,15.010000228881836,15.010000228881836,15.010000228881836,12.962124824523926,0.0,0.0,0.0,0.0,0
2022-03-21,15.020000457763672,15.09000015258789,15.020000457763672,15.029999732971191,12.979394912719728,10056.0,0.0,0.0,0.0,0
2022-03-22,14.989999771118164,14.989999771118164,14.93000030517578,14.9399995803833,12.901674270629885,15310.0,0.0,0.0,0.0,0
2022-03-23,14.920000076293944,14.920000076293944,14.920000076293944,14.920000076293944,12.884406089782717,0.0,0.0,0.0,0.0,0
2022-03-24,14.989999771118164,15.029999732971191,14.989999771118164,15.0,12.953490257263184,67400.0,0.0,0.0,0.0,0
2022-03-25,14.949999809265137,14.949999809265137,14.949999809265137,14.949999809265137,12.910308837890623,0.0,0.0,0.0,0.0,0
2022-03-28,14.949999809265137,14.949999809265137,14.880000114440918,14.880000114440918,12.849862098693848,14800.0,0.0,0.0,0.0,0
2022-03-29,14.9399995803833,14.9399995803833,14.880000114440918,14.949999809265137,12.910308837890623,4400.0,0.0,0.0,0.0,0
2022-03-30,14.989999771118164,15.09000015258789,14.989999771118164,15.09000015258789,13.031208992004396,11000.0,0.0,0.0,0.0,0
2022-03-31,15.09000015258789,15.130000114440918,15.06999969482422,15.079999923706056,13.022574424743652,6965.0,0.0,0.0,0.0,0
2022-04-01,14.979999542236328,14.979999542236328,14.979999542236328,14.979999542236328,13.03127384185791,0.0,0.11,0.0,0.0,0
2022-04-04,14.9399995803833,14.9399995803833,14.9399995803833,14.9399995803833,12.99647617340088,0.0,0.0,0.0,0.0,0
2022-04-05,,,,14.9399995803833,12.99647617340088,,,,,1
2022-04-06,14.899999618530272,14.899999618530272,14.850000381469728,14.859999656677246,12.926881790161133,13200.0,0.0,0.0,0.0,0
2022-04-07,14.329999923706056,14.90999984741211,14.329999923706056,14.90999984741211,12.970380783081056,95800.0,0.0,0.0,0.0,0
2022-04-08,14.890000343322754,14.890000343322754,14.890000343322754,14.890000343322754,12.952980995178224,0.0,0.0,0.0,0.0,0
2022-04-11,14.760000228881836,14.760000228881836,14.760000228881836,14.760000228881836,12.839892387390137,0.0,0.0,0.0,0.0,0
2022-04-12,14.729999542236328,14.729999542236328,14.729999542236328,14.729999542236328,12.813796043395996,0.0,0.0,0.0,0.0,0
2022-04-13,14.739999771118164,14.789999961853027,14.050000190734863,14.050000190734863,12.222256660461426,15600.0,0.0,0.0,0.0,0
2022-04-14,14.81999969482422,14.84000015258789,14.789999961853027,14.789999961853027,12.86599063873291,11000.0,0.0,0.0,0.0,0
2022-04-18,,,,14.789999961853027,12.86599063873291,,,,,1
2022-04-19,14.720000267028809,14.729999542236328,14.670000076293944,14.670000076293944,12.761600494384766,61600.0,0.0,0.0,0.0,0
2022-04-20,14.600000381469728,14.600000381469728,14.600000381469728,14.600000381469728,12.70070743560791,0.0,0.0,0.0,0.0,0
2022-04-21,14.699999809265137,14.699999809265137,14.649999618530272,14.649999618530272,12.744203567504885,2200.0,0.0,0.0,0.0,0
2022-04-22,14.600000381469728,14.640000343322754,14.59000015258789,14.59000015258789,12.692007064819336,222600.0,0.0,0.0,0.0,0
2022-04-25,14.619999885559082,14.619999885559082,14.619999885559082,14.619999885559082,12.718106269836426,0.0,0.0,0.0,0.0,0
2022-04-26,14.630000114440918,14.630000114440918,14.630000114440918,14.630000114440918,12.726804733276367,0.0,0.0,0.0,0.0,0
2022-04-27,14.670000076293944,14.68000030517578,14.670000076293944,14.670000076293944,12.761600494384766,40000.0,0.0,0.0,0.0,0
2022-04-28,14.84000015258789,14.84000015258789,14.59000015258789,14.609999656677246,12.709407806396484,21625.0,0.0,0.0,0.0,0
2022-04-29,14.619999885559082,14.619999885559082,14.600000381469728,14.619999885559082,12.718106269836426,101439.0,0.0,0.0,0.0,0
2022-05-02,,,,14.619999885559082,12.718106269836426,,,,,1
2022-05-03,14.539999961853027,14.539999961853027,14.5,14.510000228881836,12.622413635253906,3420.0,0.0,0.0,0.0,0
2022-05-04,14.5,14.5,14.5,14.5,12.61371612548828,0.0,0.0,0.0,0.0,0
2022-05-05,14.56999969482422,14.56999969482422,14.56999969482422,14.56999969482422,12.67461109161377,0.0,0.0,0.0,0.0,0
2022-05-06,14.5,14.5,14.5,14.5,12.61371612548828,0.0,0.0,0.0,0.0,0
2022-05-09,,,,14.5,12.61371612548828,,,,,1
2022-05-10,14.460000038146973,14.460000038146973,14.460000038146973,14.460000038146973,12.578920364379885,0.0,0.0,0.0,0.0,0
2022-05-11,14.470000267028809,14.470000267028809,14.43000030517578,14.470000267028809,12.58761978149414,104800.0,0.0,0.0,0.0,0
2022-05-12,14.5,14.5,14.5,14.5,12.61371612548828,800.0,0.0,0.0,0.0,0
2022-05-13,14.470000267028809,14.470000267028809,14.470000267028809,14.470000267028809,12.58761978149414,0.0,0.0,0.0,0.0,0
2022-05-16,14.43000030517578,14.479999542236328,14.43000030517578,14.479999542236328,12.596318244934082,600.0,0.0,0.0,0.0,0
2022-05-17,14.43000030517578,14.489999771118164,14.43000030517578,14.479999542236328,12.596318244934082,101200.0,0.0,0.0,0.0,0
2022-05-18,14.449999809265137,14.449999809265137,14.399999618530272,14.449999809265137,12.570220947265623,3399.0,0.0,0.0,0.0,0
2022-05-19,14.449999809265137,14.5,14.449999809265137,14.460000038146973,12.578920364379885,18800.0,0.0,0.0,0.0,0
2022-05-20,14.470000267028809,14.470000267028809,14.470000267028809,14.470000267028809,12.58761978149414,0.0,0.0,0.0,0.0,0
2022-05-23,14.489999771118164,14.550000190734863,14.489999771118164,14.550000190734863,12.657212257385254,73016.0,0.0,0.0,0.0,0
2022-05-24,14.529999732971191,14.579999923706056,14.529999732971191,14.579999923706056,12.683306694030762,86618.0,0.0,0.0,0.0,0
2022-05-25,14.579999923706056,14.579999923706056,14.579999923706056,14.579999923706056,12.683306694030762,0.0,0.0,0.0,0.0,0
2022-05-26,14.649999618530272,14.649999618530272,14.649999618530272,14.649999618530272,12.744203567504885,0.0,0.0,0.0,0.0,0
2022-05-27,14.720000267028809,14.75,14.720000267028809,14.75,12.831192016601562,347213.0,0.0,0.0,0.0,0
2022-05-31,14.68000030517578,14.68000030517578,14.68000030517578,14.68000030517578,12.770298957824709,0.0,0.0,0.0,0.0,0
2022-06-01,14.6899995803833,14.6899995803833,14.630000114440918,14.68000030517578,12.770298957824709,27000.0,0.0,0.0,0.0,0
2022-06-02,14.670000076293944,14.670000076293944,14.59000015258789,14.59000015258789,12.692007064819336,7476.0,0.0,0.0,0.0,0
2022-06-03,,,,14.59000015258789,12.692007064819336,,,,,1
2022-06-06,14.579999923706056,14.6899995803833,14.579999923706056,14.59000015258789,12.692007064819336,9000.0,0.0,0.0,0.0,0
2022-06-07,14.579999923706056,14.609999656677246,14.539999961853027,14.609999656677246,12.709407806396484,9400.0,0.0,0.0,0.0,0
2022-06-08,14.579999923706056,14.630000114440918,14.579999923706056,14.609999656677246,12.709407806396484,20014.0,0.0,0.0,0.0,0
2022-06-09,14.640000343322754,14.640000343322754,14.56999969482422,14.579999923706056,12.683306694030762,3000.0,0.0,0.0,0.0,0
2022-06-10,14.550000190734863,14.630000114440918,14.550000190734863,14.5600004196167,12.665911674499512,20607.0,0.0,0.0,0.0,0
2022-06-13,14.449999809265137,14.449999809265137,14.369999885559082,14.399999618530272,12.526724815368652,15200.0,0.0,0.0,0.0,0
2022-06-14,14.270000457763672,14.270000457763672,14.199999809265137,14.25,12.396238327026367,83200.0,0.0,0.0,0.0,0
2022-06-15,14.239999771118164,14.239999771118164,14.239999771118164,14.239999771118164,12.38753890991211,0.0,0.0,0.0,0.0,0
2022-06-16,14.260000228881836,14.31999969482422,14.260000228881836,14.270000457763672,12.413640022277832,10218.0,0.0,0.0,0.0,0
2022-06-17,14.300000190734863,14.300000190734863,14.300000190734863,14.300000190734863,12.439735412597656,0.0,0.0,0.0,0.0,0
2022-06-21,14.329999923706056,14.329999923706056,14.289999961853027,14.289999961853027,12.431034088134766,4200.0,0.0,0.0,0.0,0
2022-06-22,14.289999961853027,14.350000381469728,14.289999961853027,14.350000381469728,12.48322868347168,20626.0,0.0,0.0,0.0,0
2022-06-23,14.350000381469728,14.350000381469728,14.350000381469728,14.369999885559082,12.500628471374512,9200.0,0.0,0.0,0.0,0
2022-06-24,14.380000114440918,14.380000114440918,14.359999656677246,14.390000343322754,12.518027305603027,231600.0,0.0,0.0,0.0,0
2022-06-27,14.5,14.5,14.359999656677246,14.399999618530272,12.526724815368652,6400.0,0.0,0.0,0.0,0
2022-06-28,14.369999885559082,14.369999885559082,14.369999885559082,14.369999885559082,12.500628471374512,0.0,0.0,0.0,0.0,0
2022-06-29,14.369999885559082,14.369999885559082,14.369999885559082,14.369999885559082,12.500628471374512,0.0,0.0,0.0,0.0,0
2022-06-30,14.350000381469728,14.350000381469728,14.350000381469728,14.350000381469728,12.48322868347168,0.0,0.0,0.0,0.0,0
2022-07-01,,,,14.350000381469728,12.48322868347168,,,,,1
2022-07-05,14.390000343322754,14.449999809265137,14.390000343322754,14.43000030517578,12.552821159362791,69723.0,0.0,0.0,0.0,0
2022-07-06,14.329999923706056,14.329999923706056,14.329999923706056,14.329999923706056,12.561588287353516,0.0,0.11,0.0,0.0,0
2022-07-07,14.300000190734863,14.300000190734863,14.239999771118164,14.300000190734863,12.53529167175293,75724.0,0.0,0.0,0.0,0
2022-07-08,14.260000228881836,14.260000228881836,14.260000228881836,14.260000228881836,12.500228881835938,0.0,0.0,0.0,0.0,0
2022-07-11,14.18000030517578,14.18000030517578,14.18000030517578,14.18000030517578,12.430099487304688,0.0,0.0,0.0,0.0,0
2022-07-12,14.279999732971191,14.279999732971191,14.279999732971191,14.279999732971191,12.5177583694458,11800.0,0.0,0.0,0.0,0
2022-07-13,14.25,14.25,14.25,14.25,12.491459846496582,0.0,0.0,0.0,0.0,0
2022-07-14,14.25,14.25,14.25,14.25,12.491459846496582,0.0,0.0,0.0,0.0,0
2022-07-15,14.239999771118164,14.239999771118164,14.239999771118164,14.239999771118164,12.482696533203123,200.0,0.0,0.0,0.0,0
2022-07-18,14.1899995803833,14.1899995803833,14.1899995803833,14.1899995803833,12.43886375427246,0.0,0.0,0.0,0.0,0
2022-07-19,14.1899995803833,14.1899995803833,14.1899995803833,14.1899995803833,12.43886375427246,0.0,0.0,0.0,0.0,0
2022-07-20,14.130000114440918,14.18000030517578,14.130000114440918,14.18000030517578,12.430099487304688,1800.0,0.0,0.0,0.0,0
2022-07-21,14.119999885559082,14.130000114440918,14.119999885559082,14.130000114440918,12.386268615722656,2200.0,0.0,0.0,0.0,0
2022-07-22,14.25,14.270000457763672,14.210000038146973,14.270000457763672,12.508993148803713,106190.0,0.0,0.0,0.0,0
2022-07-25,14.34000015258789,14.34000015258789,14.3100004196167,14.3100004196167,12.544058799743652,5005.0,0.0,0.0,0.0,0
2022-07-26,14.359999656677246,14.359999656677246,14.359999656677246,14.359999656677246,12.587886810302734,0.0,0.0,0.0,0.0,0
2022-07-27,14.350000381469728,14.350000381469728,14.350000381469728,14.350000381469728,12.579120635986328,200.0,0.0,0.0,0.0,0
2022-07-28,14.350000381469728,14.350000381469728,14.350000381469728,14.350000381469728,12.579120635986328,0.0,0.0,0.0,0.0,0
2022-07-29,14.449999809265137,14.449999809265137,14.4399995803833,14.4399995803833,12.65801239013672,11200.0,0.0,0.0,0.0,0
2022-08-01,14.470000267028809,14.479999542236328,14.4399995803833,14.470000267028809,12.684313774108888,51000.0,0.0,0.0,0.0,0
2022-08-02,14.510000228881836,14.510000228881836,14.510000228881836,14.510000228881836,12.719374656677246,0.0,0.0,0.0,0.0,0
2022-08-03,14.420000076293944,14.420000076293944,14.420000076293944,14.420000076293944,12.640482902526855,0.0,0.0,0.0,0.0,0
2022-08-04,14.449999809265137,14.449999809265137,14.449999809265137,14.449999809265137,12.66677951812744,0.0,0.0,0.0,0.0,0
2022-08-05,14.470000267028809,14.470000267028809,14.470000267028809,14.470000267028809,12.684313774108888,0.0,0.0,0.0,0.0,0
2022-08-08,14.399999618530272,14.399999618530272,14.399999618530272,14.399999618530272,12.622949600219728,0.0,0.0,0.0,0.0,0
2022-08-09,14.43000030517578,14.43000030517578,14.380000114440918,14.380000114440918,12.60541820526123,7000.0,0.0,0.0,0.0,0
2022-08-10,14.350000381469728,14.350000381469728,14.350000381469728,14.350000381469728,12.579120635986328,0.0,0.0,0.0,0.0,0
2022-08-11,14.4399995803833,14.550000190734863,14.4399995803833,14.550000190734863,12.754440307617188,53000.0,0.0,0.0,0.0,0
2022-08-12,14.390000343322754,14.390000343322754,14.390000343322754,14.390000343322754,12.614184379577637,200.0,0.0,0.0,0.0,0
2022-08-15,14.390000343322754,14.390000343322754,14.390000343322754,14.390000343322754,12.614184379577637,3200.0,0.0,0.0,0.0,0
2022-08-16,14.470000267028809,14.470000267028809,14.470000267028809,14.470000267028809,12.684313774108888,0.0,0.0,0.0,0.0,0
2022-08-17,14.229999542236328,14.449999809265137,14.229999542236328,14.399999618530272,12.622949600219728,4400.0,0.0,0.0,0.0,0
2022-08-18,14.4399995803833,14.4399995803833,14.4399995803833,14.4399995803833,12.65801239013672,0.0,0.0,0.0,0.0,0
2022-08-19,14.4399995803833,14.4399995803833,14.4399995803833,14.4399995803833,12.65801239013672,0.0,0.0,0.0,0.0,0
2022-08-22,14.3100004196167,14.359999656677246,14.3100004196167,14.359999656677246,12.587886810302734,10800.0,0.0,0.0,0.0,0
2022-08-23,14.329999923706056,14.329999923706056,14.329999923706056,14.329999923706056,12.561588287353516,0.0,0.0,0.0,0.0,0
2022-08-24,14.279999732971191,14.279999732971191,14.279999732971191,14.279999732971191,12.5177583694458,0.0,0.0,0.0,0.0,0
2022-08-25,14.279999732971191,14.279999732971191,14.279999732971191,14.279999732971191,12.5177583694458,0.0,0.0,0.0,0.0,0
2022-08-26,14.359999656677246,14.369999885559082,14.359999656677246,14.359999656677246,12.587886810302734,4800.0,0.0,0.0,0.0,0
2022-08-29,14.359999656677246,14.359999656677246,14.31999969482422,14.31999969482422,12.55282211303711,14000.0,0.0,0.0,0.0,0
2022-08-30,14.289999961853027,14.359999656677246,14.289999961853027,14.3100004196167,12.544058799743652,6400.0,0.0,0.0,0.0,0
2022-08-31,14.34000015258789,14.34000015258789,14.34000015258789,14.34000015258789,12.570355415344238,0.0,0.0,0.0,0.0,0
2022-09-01,14.260000228881836,14.260000228881836,14.260000228881836,14.260000228881836,12.500228881835938,0.0,0.0,0.0,0.0,0
2022-09-02,14.260000228881836,14.260000228881836,14.260000228881836,14.260000228881836,12.500228881835938,0.0,0.0,0.0,0.0,0
2022-09-06,14.260000228881836,14.260000228881836,14.260000228881836,14.260000228881836,12.500228881835938,0.0,0.0,0.0,0.0,0
2022-09-07,14.1899995803833,14.199999809265137,14.1899995803833,14.199999809265137,12.4476318359375,622.0,0.0,0.0,0.0,0
2022-09-08,14.199999809265137,14.210000038146973,14.199999809265137,14.210000038146973,12.45639705657959,3400.0,0.0,0.0,0.0,0
2022-09-09,14.210000038146973,14.210000038146973,14.210000038146973,14.210000038146973,12.45639705657959,20000.0,0.0,0.0,0.0,0
2022-09-12,,,,14.210000038146973,12.45639705657959,,,,,1
2022-09-13,14.170000076293944,14.170000076293944,14.170000076293944,14.170000076293944,12.42133331298828,0.0,0.0,0.0,0.0,0
2022-09-14,14.079999923706056,14.079999923706056,14.079999923706056,14.079999923706056,12.34244155883789,0.0,0.0,0.0,0.0,0
2022-09-15,14.079999923706056,14.079999923706056,14.079999923706056,14.079999923706056,12.34244155883789,0.0,0.0,0.0,0.0,0
2022-09-16,14.079999923706056,14.079999923706056,14.079999923706056,14.079999923706056,12.34244155883789,0.0,0.0,0.0,0.0,0
2022-09-19,14.079999923706056,14.079999923706056,14.079999923706056,14.079999923706056,12.34244155883789,0.0,0.0,0.0,0.0,0
2022-09-20,14.100000381469728,14.100000381469728,14.100000381469728,14.100000381469728,12.359973907470703,0.0,0.0,0.0,0.0,0
2022-09-21,14.06999969482422,14.06999969482422,14.06999969482422,14.06999969482422,12.333673477172852,0.0,0.0,0.0,0.0,0
2022-09-22,14.039999961853027,14.039999961853027,13.979999542236328,14.010000228881836,12.281078338623049,101826.0,0.0,0.0,0.0,0
2022-09-23,13.90999984741211,13.970000267028809,13.90999984741211,13.970000267028809,12.246016502380373,32200.0,0.0,0.0,0.0,0
2022-09-26,13.859999656677246,13.859999656677246,13.859999656677246,13.859999656677246,12.149590492248535,0.0,0.0,0.0,0.0,0
2022-09-27,13.81999969482422,13.81999969482422,13.81999969482422,13.81999969482422,12.114524841308594,0.0,0.0,0.0,0.0,0
2022-09-28,13.6899995803833,13.6899995803833,13.6899995803833,13.6899995803833,12.000569343566896,0.0,0.0,0.0,0.0,0
2022-09-29,13.779999732971191,13.779999732971191,13.710000038146973,13.760000228881836,12.061929702758787,157200.0,0.0,0.0,0.0,0
2022-09-30,13.720000267028809,13.720000267028809,13.720000267028809,13.720000267028809,12.02686595916748,0.0,0.0,0.0,0.0,0
2022-10-03,13.770000457763672,13.770000457763672,13.770000457763672,13.770000457763672,12.070695877075195,0.0,0.0,0.0,0.0,0
2022-10-04,,,,13.770000457763672,12.070695877075195,,,,,1
2022-10-05,13.869999885559082,13.90999984741211,13.8100004196167,13.8100004196167,12.10576057434082,77200.0,0.0,0.0,0.0,0
2022-10-06,13.649999618530272,13.649999618530272,13.649999618530272,13.649999618530272,12.061577796936035,0.0,0.11,0.0,0.0,0
2022-10-07,13.600000381469728,13.600000381469728,13.59000015258789,13.59000015258789,12.00856113433838,7800.0,0.0,0.0,0.0,0
2022-10-11,13.56999969482422,13.56999969482422,13.479999542236328,13.479999542236328,11.911362648010254,45800.0,0.0,0.0,0.0,0
2022-10-12,13.479999542236328,13.5,13.479999542236328,13.489999771118164,11.920198440551758,44000.0,0.0,0.0,0.0,0
2022-10-13,13.489999771118164,13.489999771118164,13.489999771118164,13.489999771118164,11.920198440551758,0.0,0.0,0.0,0.0,0
2022-10-14,13.390000343322754,13.390000343322754,13.390000343322754,13.390000343322754,11.831832885742188,0.0,0.0,0.0,0.0,0
2022-10-17,13.420000076293944,13.420000076293944,13.329999923706056,13.420000076293944,11.858343124389648,4800.0,0.0,0.0,0.0,0
2022-10-18,13.420000076293944,13.43000030517578,13.369999885559082,13.43000030517578,11.867177963256836,8800.0,0.0,0.0,0.0,0
2022-10-19,13.359999656677246,13.359999656677246,13.359999656677246,13.359999656677246,11.805325508117676,0.0,0.0,0.0,0.0,0
2022-10-20,13.25,13.34000015258789,13.25,13.34000015258789,11.787652969360352,800.0,0.0,0.0,0.0,0
2022-10-21,13.289999961853027,13.289999961853027,13.289999961853027,13.270000457763672,11.725797653198242,7400.0,0.0,0.0,0.0,0
2022-10-24,13.18000030517578,13.289999961853027,13.18000030517578,13.270000457763672,11.725797653198242,7322.0,0.0,0.0,0.0,0
2022-10-25,13.140000343322754,13.199999809265137,13.140000343322754,13.199999809265137,11.663944244384766,24200.0,0.0,0.0,0.0,0
2022-10-26,13.170000076293944,13.289999961853027,13.170000076293944,13.279999732971191,11.734634399414062,16200.0,0.0,0.0,0.0,0
2022-10-27,13.279999732971191,13.34000015258789,13.260000228881836,13.260000228881836,11.716962814331056,50200.0,0.0,0.0,0.0,0
2022-10-28,13.300000190734863,13.300000190734863,13.300000190734863,13.300000190734863,11.752309799194336,7600.0,0.0,0.0,0.0,0
2022-10-31,13.210000038146973,13.210000038146973,13.210000038146973,13.210000038146973,11.67278003692627,0.0,0.0,0.0,0.0,0
2022-11-01,13.270000457763672,13.270000457763672,13.270000457763672,13.270000457763672,11.725797653198242,0.0,0.0,0.0,0.0,0
2022-11-02,13.270000457763672,13.270000457763672,13.270000457763672,13.270000457763672,11.725797653198242,0.0,0.0,0.0,0.0,0
2022-11-03,13.279999732971191,13.279999732971191,13.279999732971191,13.279999732971191,11.734634399414062,8600.0,0.0,0.0,0.0,0
2022-11-04,13.279999732971191,13.279999732971191,13.279999732971191,13.25,11.708125114440918,3200.0,0.0,0.0,0.0,0
2022-11-07,13.359999656677246,13.359999656677246,13.170000076293944,13.170000076293944,11.63743495941162,2400.0,0.0,0.0,0.0,0
2022-11-08,13.239999771118164,13.239999771118164,13.239999771118164,13.239999771118164,11.699288368225098,0.0,0.0,0.0,0.0,0
2022-11-09,13.279999732971191,13.279999732971191,13.1899995803833,13.1899995803833,11.655106544494627,38650.0,0.0,0.0,0.0,0
2022-11-10,13.329999923706056,13.329999923706056,13.260000228881836,13.260000228881836,11.716962814331056,6600.0,0.0,0.0,0.0,0
2022-11-14,13.399999618530272,13.479999542236328,13.399999618530272,13.479999542236328,11.911362648010254,12000.0,0.0,0.0,0.0,0
2022-11-15,13.5600004196167,13.5600004196167,13.5600004196167,13.5600004196167,11.98205280303955,0.0,0.0,0.0,0.0,0
2022-11-16,13.579999923706056,13.579999923706056,13.579999923706056,13.579999923706056,11.999726295471191,0.0,0.0,0.0,0.0,0
2022-11-17,13.579999923706056,13.65999984741211,13.579999923706056,13.579999923706056,11.999726295471191,16400.0,0.0,0.0,0.0,0
2022-11-18,13.579999923706056,13.579999923706056,13.579999923706056,13.579999923706056,11.999726295471191,0.0,0.0,0.0,0.0,0
2022-11-21,13.520000457763672,13.619999885559082,13.520000457763672,13.619999885559082,12.035067558288574,3146.0,0.0,0.0,0.0,0
2022-11-22,13.5,13.609999656677246,13.5,13.579999923706056,11.999726295471191,21400.0,0.0,0.0,0.0,0
2022-11-23,13.520000457763672,13.529999732971191,13.520000457763672,13.529999732971191,11.955541610717772,13200.0,0.0,0.0,0.0,0
2022-11-25,13.68000030517578,13.68000030517578,13.68000030517578,13.68000030517578,12.08808708190918,0.0,0.0,0.0,0.0,0
2022-11-28,13.640000343322754,13.789999961853027,13.640000343322754,13.789999961853027,12.18528652191162,103400.0,0.0,0.0,0.0,0
2022-11-29,13.770000457763672,13.770000457763672,13.770000457763672,13.770000457763672,12.167613983154297,100000.0,0.0,0.0,0.0,0
2022-11-30,13.6899995803833,13.770000457763672,13.6899995803833,13.770000457763672,12.167613983154297,5600.0,0.0,0.0,0.0,0
2022-12-01,13.859999656677246,13.859999656677246,13.760000228881836,13.859999656677246,12.247139930725098,3000.0,0.0,0.0,0.0,0
2022-12-02,13.859999656677246,13.90999984741211,13.81999969482422,13.899999618530272,12.28248691558838,5800.0,0.0,0.0,0.0,0
2022-12-05,13.850000381469728,13.850000381469728,13.850000381469728,13.850000381469728,12.238306045532228,0.0,0.0,0.0,0.0,0
2022-12-06,13.920000076293944,13.920000076293944,13.920000076293944,13.920000076293944,12.300159454345703,0.0,0.0,0.0,0.0,0
2022-12-07,13.829999923706056,13.859999656677246,13.829999923706056,13.829999923706056,12.220632553100586,12200.0,0.0,0.0,0.0,0
2022-12-08,13.90999984741211,13.90999984741211,13.90999984741211,13.90999984741211,12.291325569152832,0.0,0.0,0.0,0.0,0
2022-12-09,14.010000228881836,14.010000228881836,14.010000228881836,14.010000228881836,12.379685401916504,0.0,0.0,0.0,0.0,0
2022-12-12,13.949999809265137,13.949999809265137,13.949999809265137,13.949999809265137,12.326667785644531,0.0,0.0,0.0,0.0,0
2022-12-13,13.90999984741211,13.90999984741211,13.90999984741211,13.90999984741211,12.291325569152832,0.0,0.0,0.0,0.0,0
2022-12-14,14.010000228881836,14.010000228881836,14.0,14.0,12.370849609375,400.0,0.0,0.0,0.0,0
2022-12-15,14.0,14.0,13.9399995803833,13.9399995803833,12.317831993103027,10200.0,0.0,0.0,0.0,0
2022-12-16,13.920000076293944,13.920000076293944,13.920000076293944,13.920000076293944,12.300159454345703,0.0,0.0,0.0,0.0,0
2022-12-19,13.93000030517578,13.93000030517578,13.93000030517578,13.93000030517578,12.308996200561523,0.0,0.0,0.0,0.0,0
2022-12-20,13.869999885559082,13.869999885559082,13.869999885559082,13.869999885559082,12.25597858428955,0.0,0.0,0.0,0.0,0
2022-12-21,13.90999984741211,13.90999984741211,13.90999984741211,13.90999984741211,12.291325569152832,0.0,0.0,0.0,0.0,0
2022-12-22,13.920000076293944,13.920000076293944,13.920000076293944,13.920000076293944,12.300159454345703,0.0,0.0,0.0,0.0,0
2022-12-23,13.979999542236328,13.979999542236328,13.979999542236328,13.979999542236328,12.353178024291992,2000.0,0.0,0.0,0.0,0
2022-12-27,,,,13.979999542236328,12.353178024291992,,,,,1
2022-12-28,13.880000114440918,13.880000114440918,13.880000114440918,13.880000114440918,12.264813423156738,366600.0,0.0,0.0,0.0,0
2022-12-29,13.880000114440918,13.880000114440918,13.880000114440918,13.869999885559082,12.25597858428955,14800.0,0.0,0.0,0.0,0
2022-12-30,13.789999961853027,13.979999542236328,13.789999961853027,13.899999618530272,12.28248691558838,901.0,0.0,0.0,0.0,0
2023-01-03,13.899999618530272,13.899999618530272,13.899999618530272,13.899999618530272,12.28248691558838,472.0,0.0,0.0,0.0,0
2023-01-04,13.84000015258789,13.859999656677246,13.789999961853027,13.859999656677246,12.344834327697754,17400.0,0.11,0.0,0.0,0
2023-01-05,13.760000228881836,13.880000114440918,13.760000228881836,13.779999732971191,12.273579597473145,4813.0,0.0,0.0,0.0,0
2023-01-06,13.869999885559082,13.869999885559082,13.869999885559082,13.869999885559082,12.353741645812988,0.0,0.0,0.0,0.0,0
2023-01-09,13.989999771118164,13.989999771118164,13.989999771118164,13.989999771118164,12.46062183380127,0.0,0.0,0.0,0.0,0
2023-01-10,14.020000457763672,14.020000457763672,13.90999984741211,14.020000457763672,12.48734188079834,96000.0,0.0,0.0,0.0,0
2023-01-11,13.960000038146973,13.960000038146973,13.960000038146973,13.960000038146973,12.433900833129885,0.0,0.0,0.0,0.0,0
2023-01-12,14.029999732971191,14.029999732971191,14.010000228881836,14.0,12.469528198242188,600.0,0.0,0.0,0.0,0
2023-01-13,14.0,14.020000457763672,13.970000267028809,14.020000457763672,12.48734188079834,10800.0,0.0,0.0,0.0,0
2023-01-17,14.06999969482422,14.06999969482422,14.06999969482422,14.06999969482422,12.53187656402588,0.0,0.0,0.0,0.0,0
2023-01-18,14.100000381469728,14.100000381469728,14.029999732971191,14.029999732971191,12.496249198913574,8200.0,0.0,0.0,0.0,0
2023-01-19,14.140000343322754,14.199999809265137,14.140000343322754,14.199999809265137,12.64766788482666,981.0,0.0,0.0,0.0,0
2023-01-20,14.109999656677246,14.199999809265137,14.109999656677246,14.15999984741211,12.612040519714355,5800.0,0.0,0.0,0.0,0
2023-01-23,,,,14.15999984741211,12.612040519714355,,,,,1
2023-01-24,,,,14.15999984741211,12.612040519714355,,,,,1
2023-01-25,,,,14.15999984741211,12.612040519714355,,,,,1
2023-01-26,14.18000030517578,14.18000030517578,14.0600004196167,14.18000030517578,12.629852294921877,16539.0,0.0,0.0,0.0,0
2023-01-27,14.140000343322754,14.140000343322754,14.140000343322754,14.140000343322754,12.594225883483888,0.0,0.0,0.0,0.0,0
2023-01-30,14.18000030517578,14.18000030517578,14.18000030517578,14.18000030517578,12.629852294921877,3000.0,0.0,0.0,0.0,0
2023-01-31,14.140000343322754,14.1899995803833,14.130000114440918,14.18000030517578,12.629852294921877,19200.0,0.0,0.0,0.0,0
2023-02-01,14.1899995803833,14.1899995803833,14.1899995803833,14.1899995803833,12.638757705688477,0.0,0.0,0.0,0.0,0
2023-02-02,14.199999809265137,14.300000190734863,14.199999809265137,14.210000038146973,12.656571388244627,163000.0,0.0,0.0,0.0,0
2023-02-03,14.31999969482422,14.31999969482422,14.31999969482422,14.31999969482422,12.754547119140623,0.0,0.0,0.0,0.0,0
2023-02-06,14.31999969482422,14.31999969482422,14.119999885559082,14.220000267028809,12.665478706359863,9000.0,0.0,0.0,0.0,0
2023-02-07,14.18000030517578,14.18000030517578,14.100000381469728,14.100000381469728,12.558598518371582,813.0,0.0,0.0,0.0,0
2023-02-08,14.100000381469728,14.18000030517578,14.100000381469728,14.18000030517578,12.629852294921877,3000.0,0.0,0.0,0.0,0
2023-02-09,14.06999969482422,14.1899995803833,14.06999969482422,14.1899995803833,12.638757705688477,21400.0,0.0,0.0,0.0,0
2023-02-10,14.15999984741211,14.15999984741211,14.100000381469728,14.100000381469728,12.558598518371582,588.0,0.0,0.0,0.0,0
2023-02-13,14.0,14.020000457763672,14.0,14.020000457763672,12.48734188079834,58800.0,0.0,0.0,0.0,0
2023-02-14,14.100000381469728,14.100000381469728,14.100000381469728,14.100000381469728,12.558598518371582,0.0,0.0,0.0,0.0,0
2023-02-15,13.989999771118164,13.989999771118164,13.989999771118164,13.989999771118164,12.46062183380127,0.0,0.0,0.0,0.0,0
2023-02-16,14.0,14.0,14.0,14.0,12.469528198242188,0.0,0.0,0.0,0.0,0
2023-02-17,13.9399995803833,13.9399995803833,13.9399995803833,13.9399995803833,12.416089057922363,0.0,0.0,0.0,0.0,0
2023-02-21,13.970000267028809,14.0,13.960000038146973,13.960000038146973,12.433900833129885,11377.0,0.0,0.0,0.0,0
2023-02-22,13.899999618530272,13.949999809265137,13.899999618530272,13.949999809265137,12.424994468688965,7301.0,0.0,0.0,0.0,0
2023-02-23,13.9399995803833,13.9399995803833,13.9399995803833,13.9399995803833,12.416089057922363,0.0,0.0,0.0,0.0,0
2023-02-24,13.890000343322754,13.890000343322754,13.890000343322754,13.890000343322754,12.371556282043455,16000.0,0.0,0.0,0.0,0
2023-02-27,13.880000114440918,13.880000114440918,13.880000114440918,13.880000114440918,12.362648010253906,0.0,0.0,0.0,0.0,0
2023-02-28,13.960000038146973,13.960000038146973,13.960000038146973,13.960000038146973,12.433900833129885,0.0,0.0,0.0,0.0,0
2023-03-01,13.859999656677246,13.859999656677246,13.859999656677246,13.880000114440918,12.362648010253906,2400.0,0.0,0.0,0.0,0
2023-03-02,13.850000381469728,13.859999656677246,13.850000381469728,13.859999656677246,12.344834327697754,2000.0,0.0,0.0,0.0,0
2023-03-03,13.850000381469728,13.850000381469728,13.850000381469728,13.850000381469728,12.33592700958252,0.0,0.0,0.0,0.0,0
2023-03-06,13.979999542236328,13.979999542236328,13.979999542236328,13.979999542236328,12.451715469360352,0.0,0.0,0.0,0.0,0
2023-03-07,13.979999542236328,13.979999542236328,13.979999542236328,13.979999542236328,12.451715469360352,0.0,0.0,0.0,0.0,0
2023-03-08,13.899999618530272,13.899999618530272,13.899999618530272,13.899999618530272,12.38046169281006,0.0,0.0,0.0,0.0,0
2023-03-09,13.920000076293944,13.920000076293944,13.920000076293944,13.920000076293944,12.398275375366213,0.0,0.0,0.0,0.0,0
2023-03-10,13.949999809265137,14.010000228881836,13.93000030517578,14.010000228881836,12.478436470031738,21000.0,0.0,0.0,0.0,0
2023-03-13,13.989999771118164,13.989999771118164,13.989999771118164,13.989999771118164,12.46062183380127,0.0,0.0,0.0,0.0,0
2023-03-14,14.079999923706056,14.079999923706056,14.079999923706056,14.079999923706056,12.54078483581543,0.0,0.0,0.0,0.0,0
2023-03-15,14.119999885559082,14.119999885559082,14.119999885559082,14.119999885559082,12.57641315460205,0.0,0.0,0.0,0.0,0
2023-03-16,14.109999656677246,14.109999656677246,14.109999656677246,14.109999656677246,12.56750202178955,0.0,0.0,0.0,0.0,0
2023-03-17,14.130000114440918,14.130000114440918,14.130000114440918,14.130000114440918,12.58531665802002,0.0,0.0,0.0,0.0,0
2023-03-20,14.149999618530272,14.149999618530272,14.149999618530272,14.149999618530272,12.603131294250488,0.0,0.0,0.0,0.0,0
2023-03-21,14.18000030517578,14.18000030517578,14.18000030517578,14.18000030517578,12.629852294921877,0.0,0.0,0.0,0.0,0
2023-03-22,14.119999885559082,14.119999885559082,14.039999961853027,14.039999961853027,12.505157470703123,11800.0,0.0,0.0,0.0,0
2023-03-23,14.260000228881836,14.260000228881836,14.260000228881836,14.260000228881836,12.701107025146484,1000.0,0.0,0.0,0.0,0
2023-03-24,14.3100004196167,14.3100004196167,14.289999961853027,14.300000190734863,12.736735343933104,25600.0,0.0,0.0,0.0,0
2023-03-27,14.3100004196167,14.3100004196167,14.3100004196167,14.3100004196167,12.745641708374023,0.0,0.0,0.0,0.0,0
2023-03-28,14.210000038146973,14.210000038146973,14.210000038146973,14.210000038146973,12.656571388244627,0.0,0.0,0.0,0.0,0
2023-03-29,14.170000076293944,14.170000076293944,14.170000076293944,14.170000076293944,12.620943069458008,0.0,0.0,0.0,0.0,0
2023-03-30,14.18000030517578,14.18000030517578,14.18000030517578,14.18000030517578,12.629852294921877,0.0,0.0,0.0,0.0,0
2023-03-31,14.15999984741211,14.15999984741211,14.100000381469728,14.100000381469728,12.558598518371582,5494.0,0.0,0.0,0.0,0
2023-04-03,14.149999618530272,14.149999618530272,14.140000343322754,14.140000343322754,12.69325065612793,616.0,0.11,0.0,0.0,0
2023-04-04,14.1899995803833,14.1899995803833,14.1899995803833,14.1899995803833,12.73813247680664,0.0,0.0,0.0,0.0,0
2023-04-05,,,,14.1899995803833,12.73813247680664,,,,,1
2023-04-06,14.279999732971191,14.279999732971191,14.279999732971191,14.279999732971191,12.818926811218262,0.0,0.0,0.0,0.0,0
2023-04-07,,,,14.279999732971191,12.818926811218262,,,,,1
2023-04-10,,,,14.279999732971191,12.818926811218262,,,,,1
2023-04-11,14.220000267028809,14.220000267028809,14.220000267028809,14.220000267028809,12.76506519317627,0.0,0.0,0.0,0.0,0
2023-04-12,14.220000267028809,14.220000267028809,14.220000267028809,14.220000267028809,12.76506519317627,3800.0,0.0,0.0,0.0,0
2023-04-13,14.119999885559082,14.119999885559082,14.119999885559082,14.119999885559082,12.675297737121582,0.0,0.0,0.0,0.0,0
2023-04-14,14.140000343322754,14.140000343322754,14.140000343322754,14.140000343322754,12.69325065612793,20600.0,0.0,0.0,0.0,0
2023-04-17,14.079999923706056,14.079999923706056,14.079999923706056,14.079999923706056,12.63938808441162,20200.0,0.0,0.0,0.0,0
2023-04-18,14.079999923706056,14.079999923706056,14.079999923706056,14.079999923706056,12.63938808441162,0.0,0.0,0.0,0.0,0
2023-04-19,14.079999923706056,14.079999923706056,14.079999923706056,14.079999923706056,12.63938808441162,0.0,0.0,0.0,0.0,0
2023-04-20,14.079999923706056,14.130000114440918,14.079999923706056,14.130000114440918,12.684270858764648,6200.0,0.0,0.0,0.0,0
2023-04-21,14.130000114440918,14.130000114440918,14.130000114440918,14.130000114440918,12.684270858764648,0.0,0.0,0.0,0.0,0
2023-04-24,14.130000114440918,14.130000114440918,14.130000114440918,14.130000114440918,12.684270858764648,0.0,0.0,0.0,0.0,0
2023-04-25,14.079999923706056,14.079999923706056,14.079999923706056,14.079999923706056,12.63938808441162,0.0,0.0,0.0,0.0,0
2023-04-26,14.260000228881836,14.260000228881836,14.260000228881836,14.260000228881836,12.800972938537598,0.0,0.0,0.0,0.0,0
2023-04-27,14.15999984741211,14.15999984741211,14.15999984741211,14.15999984741211,12.711204528808594,0.0,0.0,0.0,0.0,0
2023-04-28,14.199999809265137,14.199999809265137,14.079999923706056,14.199999809265137,12.747114181518556,51600.0,0.0,0.0,0.0,0
2023-05-01,,,,14.199999809265137,12.747114181518556,,,,,1
2023-05-02,14.1899995803833,14.1899995803833,14.1899995803833,14.1899995803833,12.73813247680664,0.0,0.0,0.0,0.0,0
2023-05-03,14.220000267028809,14.220000267028809,14.220000267028809,14.220000267028809,12.76506519317627,0.0,0.0,0.0,0.0,0
2023-05-04,14.210000038146973,14.34000015258789,14.210000038146973,14.34000015258789,12.87278652191162,1000.0,0.0,0.0,0.0,0
2023-05-05,14.199999809265137,14.210000038146973,14.199999809265137,14.210000038146973,12.756088256835938,1400.0,0.0,0.0,0.0,0
2023-05-08,14.289999961853027,14.289999961853027,14.289999961853027,14.289999961853027,12.82790184020996,0.0,0.0,0.0,0.0,0
2023-05-09,14.239999771118164,14.239999771118164,14.239999771118164,14.239999771118164,12.78302001953125,0.0,0.0,0.0,0.0,0
2023-05-10,14.199999809265137,14.199999809265137,14.199999809265137,14.199999809265137,12.747114181518556,0.0,0.0,0.0,0.0,0
2023-05-11,14.25,14.25,14.25,14.25,12.791993141174316,0.0,0.0,0.0,0.0,0
2023-05-12,14.25,14.25,14.25,14.25,12.791993141174316,2800.0,0.0,0.0,0.0,0
2023-05-15,14.149999618530272,14.270000457763672,14.149999618530272,14.270000457763672,12.80994987487793,7200.0,0.0,0.0,0.0,0
2023-05-16,14.229999542236328,14.229999542236328,14.170000076293944,14.170000076293944,12.720179557800291,501.0,0.0,0.0,0.0,0
2023-05-17,14.170000076293944,14.170000076293944,14.170000076293944,14.170000076293944,12.720179557800291,0.0,0.0,0.0,0.0,0
2023-05-18,14.170000076293944,14.170000076293944,14.0600004196167,14.0600004196167,12.62143611907959,800.0,0.0,0.0,0.0,0
2023-05-19,14.109999656677246,14.109999656677246,14.079999923706056,14.079999923706056,12.63938808441162,4000.0,0.0,0.0,0.0,0
2023-05-22,14.100000381469728,14.100000381469728,14.010000228881836,14.06999969482422,12.630412101745604,1576.0,0.0,0.0,0.0,0
2023-05-23,14.010000228881836,14.010000228881836,14.010000228881836,14.010000228881836,12.57655143737793,0.0,0.0,0.0,0.0,0
2023-05-24,14.050000190734863,14.050000190734863,14.050000190734863,14.050000190734863,12.612457275390623,0.0,0.0,0.0,0.0,0
2023-05-25,14.06999969482422,14.06999969482422,14.06999969482422,14.06999969482422,12.630412101745604,200.0,0.0,0.0,0.0,0
2023-05-26,,,,14.06999969482422,12.630412101745604,,,,,1
2023-05-30,14.079999923706056,14.079999923706056,14.06999969482422,14.06999969482422,12.630412101745604,4000.0,0.0,0.0,0.0,0
2023-05-31,14.050000190734863,14.050000190734863,14.050000190734863,14.050000190734863,12.612457275390623,1000.0,0.0,0.0,0.0,0
2023-06-01,13.93000030517578,14.130000114440918,13.93000030517578,14.050000190734863,12.612457275390623,25800.0,0.0,0.0,0.0,0
2023-06-02,14.0600004196167,14.0600004196167,14.0600004196167,14.0600004196167,12.62143611907959,0.0,0.0,0.0,0.0,0
2023-06-05,14.039999961853027,14.039999961853027,14.039999961853027,14.039999961853027,12.603483200073242,0.0,0.0,0.0,0.0,0
2023-06-06,14.119999885559082,14.119999885559082,14.119999885559082,14.119999885559082,12.675297737121582,0.0,0.0,0.0,0.0,0
2023-06-07,14.119999885559082,14.119999885559082,14.119999885559082,14.119999885559082,12.675297737121582,0.0,0.0,0.0,0.0,0
2023-06-08,14.010000228881836,14.010000228881836,14.010000228881836,14.010000228881836,12.57655143737793,0.0,0.0,0.0,0.0,0
2023-06-09,14.100000381469728,14.100000381469728,14.100000381469728,14.100000381469728,12.657342910766602,0.0,0.0,0.0,0.0,0
2023-06-12,14.010000228881836,14.010000228881836,14.010000228881836,14.010000228881836,12.57655143737793,0.0,0.0,0.0,0.0,0
2023-06-13,14.119999885559082,14.119999885559082,14.010000228881836,14.010000228881836,12.57655143737793,88000.0,0.0,0.0,0.0,0
2023-06-14,14.09000015258789,14.09000015258789,14.09000015258789,14.09000015258789,12.648365020751951,0.0,0.0,0.0,0.0,0
2023-06-15,14.010000228881836,14.06999969482422,14.010000228881836,14.06999969482422,12.630412101745604,47600.0,0.0,0.0,0.0,0
2023-06-16,14.119999885559082,14.119999885559082,14.050000190734863,14.050000190734863,12.612457275390623,6000.0,0.0,0.0,0.0,0
2023-06-20,14.010000228881836,14.010000228881836,14.010000228881836,14.010000228881836,12.57655143737793,0.0,0.0,0.0,0.0,0
2023-06-21,14.140000343322754,14.140000343322754,14.140000343322754,14.140000343322754,12.69325065612793,0.0,0.0,0.0,0.0,0
2023-06-22,,,,14.140000343322754,12.69325065612793,,,,,1
2023-06-23,14.010000228881836,14.010000228881836,14.0,14.0,12.567575454711914,6600.0,0.0,0.0,0.0,0
2023-06-26,14.149999618530272,14.149999618530272,14.149999618530272,14.149999618530272,12.702226638793944,0.0,0.0,0.0,0.0,0
2023-06-27,14.039999961853027,14.039999961853027,14.039999961853027,14.039999961853027,12.603483200073242,0.0,0.0,0.0,0.0,0
2023-06-28,14.039999961853027,14.039999961853027,14.039999961853027,14.039999961853027,12.603483200073242,0.0,0.0,0.0,0.0,0
2023-06-29,14.050000190734863,14.050000190734863,14.050000190734863,14.050000190734863,12.612457275390623,0.0,0.0,0.0,0.0,0
2023-06-30,14.109999656677246,14.109999656677246,14.109999656677246,14.109999656677246,12.666318893432615,0.0,0.0,0.0,0.0,0
2023-07-03,13.989999771118164,13.989999771118164,13.989999771118164,13.989999771118164,12.558597564697266,0.0,0.0,0.0,0.0,0
2023-07-05,14.100000381469728,14.100000381469728,14.100000381469728,14.100000381469728,12.657342910766602,0.0,0.0,0.0,0.0,0
2023-07-06,13.850000381469728,13.850000381469728,13.850000381469728,13.850000381469728,12.530678749084473,0.0,0.11,0.0,0.0,0
2023-07-07,13.850000381469728,13.869999885559082,13.850000381469728,13.850000381469728,12.530678749084473,15400.0,0.0,0.0,0.0,0
2023-07-10,13.859999656677246,13.859999656677246,13.779999732971191,13.779999732971191,12.46734619140625,6600.0,0.0,0.0,0.0,0
2023-07-11,13.880000114440918,13.880000114440918,13.84000015258789,13.84000015258789,12.521632194519045,4400.0,0.0,0.0,0.0,0
2023-07-12,13.84000015258789,13.84000015258789,13.84000015258789,13.84000015258789,12.521632194519045,0.0,0.0,0.0,0.0,0
2023-07-13,13.880000114440918,13.880000114440918,13.880000114440918,13.880000114440918,12.557822227478027,0.0,0.0,0.0,0.0,0
2023-07-14,14.039999961853027,14.039999961853027,14.039999961853027,14.039999961853027,12.702580451965332,0.0,0.0,0.0,0.0,0
2023-07-17,,,,14.039999961853027,12.702580451965332,,,,,1
2023-07-18,13.93000030517578,13.93000030517578,13.93000030517578,13.93000030517578,12.60305881500244,0.0,0.0,0.0,0.0,0
2023-07-19,13.93000030517578,13.93000030517578,13.93000030517578,13.93000030517578,12.60305881500244,0.0,0.0,0.0,0.0,0
2023-07-20,14.039999961853027,14.039999961853027,14.0,14.0,12.666391372680664,800.0,0.0,0.0,0.0,0
2023-07-21,14.020000457763672,14.020000457763672,14.020000457763672,14.020000457763672,12.684483528137209,0.0,0.0,0.0,0.0,0
2023-07-24,14.020000457763672,14.020000457763672,14.020000457763672,14.020000457763672,12.684483528137209,0.0,0.0,0.0,0.0,0
2023-07-25,13.989999771118164,13.989999771118164,13.989999771118164,13.989999771118164,12.657341957092283,0.0,0.0,0.0,0.0,0
2023-07-26,13.970000267028809,13.970000267028809,13.970000267028809,13.970000267028809,12.639246940612791,0.0,0.0,0.0,0.0,0
2023-07-27,13.869999885559082,13.869999885559082,13.869999885559082,13.869999885559082,12.548773765563965,0.0,0.0,0.0,0.0,0
2023-07-28,13.869999885559082,13.869999885559082,13.869999885559082,13.869999885559082,12.548773765563965,4000.0,0.0,0.0,0.0,0
2023-07-31,13.9399995803833,13.9399995803833,13.9399995803833,13.9399995803833,12.612105369567873,0.0,0.0,0.0,0.0,0
2023-08-01,13.970000267028809,13.970000267028809,13.970000267028809,13.970000267028809,12.639246940612791,0.0,0.0,0.0,0.0,0
2023-08-02,13.949999809265137,13.949999809265137,13.899999618530272,13.899999618530272,12.575915336608888,800.0,0.0,0.0,0.0,0
2023-08-03,13.789999961853027,13.8100004196167,13.789999961853027,13.789999961853027,12.476394653320312,180600.0,0.0,0.0,0.0,0
2023-08-04,13.850000381469728,13.850000381469728,13.75,13.75,12.440205574035645,978.0,0.0,0.0,0.0,0
2023-08-07,13.81999969482422,13.81999969482422,13.81999969482422,13.81999969482422,12.503538131713867,0.0,0.0,0.0,0.0,0
2023-08-08,13.829999923706056,13.829999923706056,13.829999923706056,13.829999923706056,12.512581825256348,0.0,0.0,0.0,0.0,0
2023-08-09,13.949999809265137,13.949999809265137,13.949999809265137,13.949999809265137,12.621150970458984,0.0,0.0,0.0,0.0,0
2023-08-10,13.970000267028809,13.970000267028809,13.970000267028809,13.970000267028809,12.639246940612791,1600.0,0.0,0.0,0.0,0
2023-08-11,13.949999809265137,13.949999809265137,13.93000030517578,13.93000030517578,12.60305881500244,4200.0,0.0,0.0,0.0,0
2023-08-14,13.989999771118164,13.989999771118164,13.770000457763672,13.770000457763672,12.458300590515137,5000.0,0.0,0.0,0.0,0
2023-08-15,13.770000457763672,13.869999885559082,13.770000457763672,13.859999656677246,12.53972625732422,6800.0,0.0,0.0,0.0,0
2023-08-16,13.850000381469728,13.850000381469728,13.850000381469728,13.850000381469728,12.530678749084473,0.0,0.0,0.0,0.0,0
2023-08-17,13.720000267028809,13.720000267028809,13.710000038146973,13.710000038146973,12.404011726379396,1800.0,0.0,0.0,0.0,0
2023-08-18,13.710000038146973,13.710000038146973,13.710000038146973,13.710000038146973,12.404011726379396,0.0,0.0,0.0,0.0,0
2023-08-21,13.760000228881836,13.760000228881836,13.760000228881836,13.760000228881836,12.44925308227539,0.0,0.0,0.0,0.0,0
2023-08-22,13.739999771118164,13.739999771118164,13.739999771118164,13.739999771118164,12.431156158447266,0.0,0.0,0.0,0.0,0
2023-08-23,13.65999984741211,13.65999984741211,13.65999984741211,13.65999984741211,12.35877799987793,0.0,0.0,0.0,0.0,0
2023-08-24,13.800000190734863,13.800000190734863,13.800000190734863,13.800000190734863,12.485443115234377,0.0,0.0,0.0,0.0,0
2023-08-25,13.800000190734863,13.800000190734863,13.75,13.75,12.440205574035645,800.0,0.0,0.0,0.0,0
2023-08-28,13.75,13.75,13.75,13.75,12.440205574035645,0.0,0.0,0.0,0.0,0
2023-08-29,13.760000228881836,13.800000190734863,13.760000228881836,13.800000190734863,12.485443115234377,11618.0,0.0,0.0,0.0,0
2023-08-30,13.8100004196167,13.8100004196167,13.8100004196167,13.8100004196167,12.494489669799805,0.0,0.0,0.0,0.0,0
2023-08-31,13.84000015258789,13.84000015258789,13.84000015258789,13.84000015258789,12.521632194519045,0.0,0.0,0.0,0.0,0
2023-09-01,,,,13.84000015258789,12.521632194519045,,,,,1
2023-09-05,13.84000015258789,13.84000015258789,13.84000015258789,13.84000015258789,12.521632194519045,0.0,0.0,0.0,0.0,0
2023-09-06,13.770000457763672,13.770000457763672,13.770000457763672,13.770000457763672,12.458300590515137,0.0,0.0,0.0,0.0,0
2023-09-07,13.75,13.75,13.75,13.75,12.440205574035645,0.0,0.0,0.0,0.0,0
2023-09-08,,,,13.75,12.440205574035645,,,,,1
2023-09-11,13.859999656677246,13.859999656677246,13.859999656677246,13.859999656677246,12.53972625732422,0.0,0.0,0.0,0.0,0
2023-09-12,13.84000015258789,13.84000015258789,13.84000015258789,13.84000015258789,12.521632194519045,0.0,0.0,0.0,0.0,0
2023-09-13,13.829999923706056,13.829999923706056,13.829999923706056,13.829999923706056,12.512581825256348,400.0,0.0,0.0,0.0,0
2023-09-14,13.880000114440918,13.880000114440918,13.880000114440918,13.880000114440918,12.557822227478027,0.0,0.0,0.0,0.0,0
2023-09-15,13.8100004196167,13.8100004196167,13.8100004196167,13.8100004196167,12.494489669799805,3600.0,0.0,0.0,0.0,0
2023-09-18,13.81999969482422,13.81999969482422,13.81999969482422,13.81999969482422,12.503538131713867,0.0,0.0,0.0,0.0,0
2023-09-19,13.81999969482422,13.81999969482422,13.81999969482422,13.81999969482422,12.503538131713867,0.0,0.0,0.0,0.0,0
2023-09-20,13.81999969482422,13.81999969482422,13.81999969482422,13.81999969482422,12.503538131713867,0.0,0.0,0.0,0.0,0
2023-09-21,13.770000457763672,13.770000457763672,13.770000457763672,13.770000457763672,12.458300590515137,0.0,0.0,0.0,0.0,0
2023-09-22,13.649999618530272,13.649999618530272,13.649999618530272,13.649999618530272,12.34972858428955,0.0,0.0,0.0,0.0,0
2023-09-25,13.649999618530272,13.649999618530272,13.649999618530272,13.649999618530272,12.34972858428955,0.0,0.0,0.0,0.0,0
2023-09-26,13.649999618530272,13.649999618530272,13.649999618530272,13.649999618530272,12.34972858428955,0.0,0.0,0.0,0.0,0
2023-09-27,13.600000381469728,13.600000381469728,13.600000381469728,13.600000381469728,12.30449390411377,0.0,0.0,0.0,0.0,0
2023-09-28,13.600000381469728,13.600000381469728,13.600000381469728,13.619999885559082,12.322587966918944,21600.0,0.0,0.0,0.0,0
2023-09-29,13.619999885559082,13.699999809265137,13.59000015258789,13.699999809265137,12.394967079162598,50400.0,0.0,0.0,0.0,0
2023-10-02,,,,13.699999809265137,12.394967079162598,,,,,1
2023-10-03,13.68000030517578,13.68000030517578,13.68000030517578,13.68000030517578,12.376873016357422,0.0,0.0,0.0,0.0,0
2023-10-04,13.579999923706056,13.579999923706056,13.579999923706056,13.579999923706056,12.28639793395996,0.0,0.0,0.0,0.0,0
2023-10-05,13.390000343322754,13.390000343322754,13.390000343322754,13.390000343322754,12.213428497314451,0.0,0.11,0.0,0.0,0
2023-10-06,13.5,13.5,13.5,13.5,12.313761711120604,0.0,0.0,0.0,0.0,0
2023-10-10,13.529999732971191,13.529999732971191,13.529999732971191,13.529999732971191,12.341124534606934,0.0,0.0,0.0,0.0,0
2023-10-11,13.470000267028809,13.470000267028809,13.470000267028809,13.470000267028809,12.286398887634276,0.0,0.0,0.0,0.0,0
2023-10-12,13.520000457763672,13.520000457763672,13.520000457763672,13.520000457763672,12.332003593444824,0.0,0.0,0.0,0.0,0
2023-10-13,13.470000267028809,13.529999732971191,13.470000267028809,13.529999732971191,12.341124534606934,48800.0,0.0,0.0,0.0,0
2023-10-16,13.529999732971191,13.529999732971191,13.529999732971191,13.529999732971191,12.341124534606934,0.0,0.0,0.0,0.0,0
2023-10-17,13.4399995803833,13.539999961853027,13.4399995803833,13.539999961853027,12.350249290466309,58800.0,0.0,0.0,0.0,0
2023-10-18,13.460000038146973,13.460000038146973,13.399999618530272,13.399999618530272,12.222548484802246,8800.0,0.0,0.0,0.0,0
2023-10-19,13.399999618530272,13.399999618530272,13.399999618530272,13.399999618530272,12.222548484802246,0.0,0.0,0.0,0.0,0
2023-10-20,13.399999618530272,13.399999618530272,13.380000114440918,13.380000114440918,12.204306602478027,400.0,0.0,0.0,0.0,0
2023-10-23,,,,13.380000114440918,12.204306602478027,,,,,1
2023-10-24,13.470000267028809,13.470000267028809,13.470000267028809,13.470000267028809,12.286398887634276,0.0,0.0,0.0,0.0,0
2023-10-25,13.449999809265137,13.449999809265137,13.449999809265137,13.449999809265137,12.268155097961426,0.0,0.0,0.0,0.0,0
2023-10-26,13.4399995803833,13.4399995803833,13.4399995803833,13.4399995803833,12.259035110473633,0.0,0.0,0.0,0.0,0
2023-10-27,13.380000114440918,13.380000114440918,13.380000114440918,13.380000114440918,12.204306602478027,0.0,0.0,0.0,0.0,0
2023-10-30,13.390000343322754,13.399999618530272,13.390000343322754,13.399999618530272,12.222548484802246,5200.0,0.0,0.0,0.0,0
2023-10-31,13.5,13.5,13.5,13.5,12.313761711120604,1200.0,0.0,0.0,0.0,0
2023-11-01,13.460000038146973,13.460000038146973,13.460000038146973,13.460000038146973,12.277276039123535,0.0,0.0,0.0,0.0,0
2023-11-02,13.479999542236328,13.479999542236328,13.479999542236328,13.479999542236328,12.295517921447754,0.0,0.0,0.0,0.0,0
2023-11-03,13.600000381469728,13.600000381469728,13.600000381469728,13.600000381469728,12.404976844787598,21800.0,0.0,0.0,0.0,0
2023-11-06,13.600000381469728,13.600000381469728,13.600000381469728,13.600000381469728,12.404976844787598,0.0,0.0,0.0,0.0,0
2023-11-07,13.600000381469728,13.600000381469728,13.600000381469728,13.600000381469728,12.404976844787598,0.0,0.0,0.0,0.0,0
2023-11-08,13.600000381469728,13.600000381469728,13.600000381469728,13.600000381469728,12.404976844787598,0.0,0.0,0.0,0.0,0
2023-11-09,13.630000114440918,13.720000267028809,13.630000114440918,13.710000038146973,12.505308151245115,26200.0,0.0,0.0,0.0,0
2023-11-10,13.670000076293944,13.670000076293944,13.670000076293944,13.670000076293944,12.468823432922363,0.0,0.0,0.0,0.0,0
2023-11-13,13.649999618530272,13.649999618530272,13.649999618530272,13.649999618530272,12.450580596923828,0.0,0.0,0.0,0.0,0
2023-11-14,13.5600004196167,13.600000381469728,13.5600004196167,13.600000381469728,12.404976844787598,34200.0,0.0,0.0,0.0,0
2023-11-15,13.68000030517578,13.739999771118164,13.68000030517578,13.739999771118164,12.532672882080078,13800.0,0.0,0.0,0.0,0
2023-11-16,13.760000228881836,13.760000228881836,13.760000228881836,13.760000228881836,12.550917625427246,0.0,0.0,0.0,0.0,0
2023-11-17,13.739999771118164,13.739999771118164,13.739999771118164,13.739999771118164,12.532672882080078,2800.0,0.0,0.0,0.0,0
2023-11-20,13.739999771118164,13.739999771118164,13.739999771118164,13.739999771118164,12.532672882080078,0.0,0.0,0.0,0.0,0
2023-11-21,13.720000267028809,13.789999961853027,13.720000267028809,13.789999961853027,12.578280448913574,5779.0,0.0,0.0,0.0,0
2023-11-22,13.800000190734863,13.800000190734863,13.800000190734863,13.800000190734863,12.58740234375,0.0,0.0,0.0,0.0,0
2023-11-24,13.75,13.859999656677246,13.75,13.81999969482422,12.60564422607422,3400.0,0.0,0.0,0.0,0
2023-11-27,13.710000038146973,13.710000038146973,13.710000038146973,13.710000038146973,12.505308151245115,0.0,0.0,0.0,0.0,0
2023-11-28,13.850000381469728,13.850000381469728,13.850000381469728,13.850000381469728,12.633008003234863,0.0,0.0,0.0,0.0,0
2023-11-29,13.890000343322754,13.960000038146973,13.890000343322754,13.920000076293944,12.696857452392578,35600.0,0.0,0.0,0.0,0
2023-11-30,13.899999618530272,13.899999618530272,13.899999618530272,13.899999618530272,12.678614616394045,0.0,0.0,0.0,0.0,0
2023-12-01,13.949999809265137,13.949999809265137,13.949999809265137,13.949999809265137,12.724220275878906,0.0,0.0,0.0,0.0,0
2023-12-04,14.0,14.039999961853027,13.949999809265137,14.039999961853027,12.806312561035156,2000.0,0.0,0.0,0.0,0
2023-12-05,14.06999969482422,14.06999969482422,14.0,14.0,12.76982879638672,6800.0,0.0,0.0,0.0,0
2023-12-06,14.010000228881836,14.010000228881836,14.010000228881836,14.010000228881836,12.778947830200195,0.0,0.0,0.0,0.0,0
2023-12-07,14.100000381469728,14.100000381469728,14.0600004196167,14.100000381469728,12.861041069030762,4000.0,0.0,0.0,0.0,0
2023-12-08,14.06999969482422,14.06999969482422,14.06999969482422,14.06999969482422,12.8336763381958,0.0,0.0,0.0,0.0,0
2023-12-11,14.119999885559082,14.119999885559082,14.119999885559082,14.119999885559082,12.879283905029297,0.0,0.0,0.0,0.0,0
2023-12-12,14.0,14.0,14.0,14.0,12.76982879638672,0.0,0.0,0.0,0.0,0
2023-12-13,14.039999961853027,14.039999961853027,14.039999961853027,14.039999961853027,12.806312561035156,0.0,0.0,0.0,0.0,0
2023-12-14,14.25,14.25,14.25,14.25,12.997859954833984,0.0,0.0,0.0,0.0,0
2023-12-15,14.239999771118164,14.300000190734863,14.229999542236328,14.279999732971191,13.025224685668944,3400.0,0.0,0.0,0.0,0
2023-12-18,14.359999656677246,14.359999656677246,14.359999656677246,14.359999656677246,13.098196029663086,0.0,0.0,0.0,0.0,0
2023-12-19,14.329999923706056,14.329999923706056,14.329999923706056,14.329999923706056,13.070829391479492,0.0,0.0,0.0,0.0,0
2023-12-20,14.300000190734863,14.300000190734863,14.300000190734863,14.300000190734863,13.043466567993164,275.0,0.0,0.0,0.0,0
2023-12-21,14.289999961853027,14.300000190734863,14.289999961853027,14.300000190734863,13.043466567993164,31972.0,0.0,0.0,0.0,0
2023-12-22,14.300000190734863,14.300000190734863,14.300000190734863,14.300000190734863,13.043466567993164,0.0,0.0,0.0,0.0,0
2023-12-26,,,,14.300000190734863,13.043466567993164,,,,,1
2023-12-27,14.399999618530272,14.399999618530272,14.399999618530272,14.399999618530272,13.13468074798584,0.0,0.0,0.0,0.0,0
2023-12-28,14.329999923706056,14.329999923706056,14.329999923706056,14.329999923706056,13.070829391479492,0.0,0.0,0.0,0.0,0
2023-12-29,14.359999656677246,14.359999656677246,14.359999656677246,14.359999656677246,13.098196029663086,0.0,0.0,0.0,0.0,0
2024-01-02,14.359999656677246,14.359999656677246,14.359999656677246,14.359999656677246,13.098196029663086,0.0,0.0,0.0,0.0,0
2024-01-03,14.1899995803833,14.239999771118164,14.1899995803833,14.220000267028809,13.0706205368042,5200.0,0.11,0.0,0.0,0
2024-01-04,14.220000267028809,14.220000267028809,14.220000267028809,14.220000267028809,13.0706205368042,0.0,0.0,0.0,0.0,0
2024-01-05,14.119999885559082,14.119999885559082,14.119999885559082,14.119999885559082,12.978702545166016,0.0,0.0,0.0,0.0,0
2024-01-08,14.0600004196167,14.100000381469728,14.0600004196167,14.100000381469728,12.960319519042969,6200.0,0.0,0.0,0.0,0
2024-01-09,14.149999618530272,14.149999618530272,14.149999618530272,14.149999618530272,13.006275177001951,0.0,0.0,0.0,0.0,0
2024-01-10,14.140000343322754,14.149999618530272,14.140000343322754,14.149999618530272,13.006275177001951,55000.0,0.0,0.0,0.0,0
2024-01-11,14.140000343322754,14.149999618530272,14.100000381469728,14.149999618530272,13.006275177001951,54000.0,0.0,0.0,0.0,0
2024-01-12,14.149999618530272,14.149999618530272,14.149999618530272,14.149999618530272,13.006275177001951,0.0,0.0,0.0,0.0,0
2024-01-16,14.15999984741211,14.270000457763672,14.15999984741211,14.229999542236328,13.079811096191406,1600.0,0.0,0.0,0.0,0
2024-01-17,14.220000267028809,14.220000267028809,14.130000114440918,14.149999618530272,13.006275177001951,10252.0,0.0,0.0,0.0,0
2024-01-18,14.079999923706056,14.09000015258789,14.079999923706056,14.079999923706056,12.941935539245604,21738.0,0.0,0.0,0.0,0
2024-01-19,14.079999923706056,14.079999923706056,14.079999923706056,14.079999923706056,12.941935539245604,0.0,0.0,0.0,0.0,0
2024-01-22,14.149999618530272,14.149999618530272,14.149999618530272,14.149999618530272,13.006275177001951,2335.0,0.0,0.0,0.0,0
2024-01-23,14.06999969482422,14.15999984741211,14.06999969482422,14.06999969482422,12.932743072509766,6800.0,0.0,0.0,0.0,0
2024-01-24,14.079999923706056,14.079999923706056,14.079999923706056,14.079999923706056,12.941935539245604,0.0,0.0,0.0,0.0,0
2024-01-25,14.079999923706056,14.079999923706056,14.079999923706056,14.079999923706056,12.941935539245604,0.0,0.0,0.0,0.0,0
2024-01-26,14.09000015258789,14.09000015258789,14.09000015258789,14.09000015258789,12.951127052307127,0.0,0.0,0.0,0.0,0
2024-01-29,14.100000381469728,14.100000381469728,14.100000381469728,14.100000381469728,12.960319519042969,1800.0,0.0,0.0,0.0,0
2024-01-30,14.109999656677246,14.18000030517578,14.109999656677246,14.18000030517578,13.033852577209473,14800.0,0.0,0.0,0.0,0
2024-01-31,14.220000267028809,14.220000267028809,14.220000267028809,14.220000267028809,13.0706205368042,5800.0,0.0,0.0,0.0,0
2024-02-01,14.229999542236328,14.239999771118164,14.229999542236328,14.239999771118164,13.089003562927246,8800.0,0.0,0.0,0.0,0
2024-02-02,14.300000190734863,14.31999969482422,14.239999771118164,14.239999771118164,13.089003562927246,8200.0,0.0,0.0,0.0,0
2024-02-05,14.300000190734863,14.300000190734863,14.199999809265137,14.199999809265137,13.052234649658203,520.0,0.0,0.0,0.0,0
2024-02-06,14.1899995803833,14.1899995803833,14.1899995803833,14.1899995803833,13.043045043945312,0.0,0.0,0.0,0.0,0
2024-02-07,14.140000343322754,14.140000343322754,14.140000343322754,14.140000343322754,12.997085571289062,0.0,0.0,0.0,0.0,0
2024-02-08,14.210000038146973,14.210000038146973,14.210000038146973,14.210000038146973,13.061427116394045,0.0,0.0,0.0,0.0,0
2024-02-09,14.199999809265137,14.199999809265137,14.199999809265137,14.199999809265137,13.052234649658203,0.0,0.0,0.0,0.0,0
2024-02-12,,,,14.199999809265137,13.052234649658203,,,,,1
2024-02-13,,,,14.199999809265137,13.052234649658203,,,,,1
2024-02-14,14.100000381469728,14.100000381469728,14.100000381469728,14.100000381469728,12.960319519042969,0.0,0.0,0.0,0.0,0
2024-02-15,14.100000381469728,14.119999885559082,14.119999885559082,14.119999885559082,12.978702545166016,5200.0,0.0,0.0,0.0,0
2024-02-16,14.119999885559082,14.119999885559082,14.119999885559082,14.119999885559082,12.978702545166016,0.0,0.0,0.0,0.0,0
2024-02-20,14.109999656677246,14.149999618530272,14.100000381469728,14.140000343322754,12.997085571289062,5400.0,0.0,0.0,0.0,0
2024-02-21,14.140000343322754,14.140000343322754,14.140000343322754,14.140000343322754,12.997085571289062,0.0,0.0,0.0,0.0,0
2024-02-22,14.149999618530272,14.149999618530272,14.09000015258789,14.09000015258789,12.951127052307127,1400.0,0.0,0.0,0.0,0
2024-02-23,14.09000015258789,14.149999618530272,14.079999923706056,14.09000015258789,12.951127052307127,6974.0,0.0,0.0,0.0,0
2024-02-26,14.130000114440918,14.130000114440918,14.130000114440918,14.130000114440918,12.987893104553224,0.0,0.0,0.0,0.0,0
2024-02-27,14.18000030517578,14.18000030517578,14.18000030517578,14.18000030517578,13.033852577209473,200.0,0.0,0.0,0.0,0
2024-02-28,14.18000030517578,14.199999809265137,14.18000030517578,14.18000030517578,13.033852577209473,800.0,0.0,0.0,0.0,0
2024-02-29,14.18000030517578,14.18000030517578,14.109999656677246,14.109999656677246,12.969510078430176,4400.0,0.0,0.0,0.0,0
2024-03-01,14.140000343322754,14.18000030517578,14.140000343322754,14.18000030517578,13.033852577209473,45800.0,0.0,0.0,0.0,0
2024-03-04,14.270000457763672,14.270000457763672,14.270000457763672,14.270000457763672,13.1165771484375,0.0,0.0,0.0,0.0,0
2024-03-05,14.239999771118164,14.239999771118164,14.239999771118164,14.239999771118164,13.089003562927246,0.0,0.0,0.0,0.0,0
2024-03-06,14.239999771118164,14.239999771118164,14.239999771118164,14.239999771118164,13.089003562927246,0.0,0.0,0.0,0.0,0
2024-03-07,14.239999771118164,14.239999771118164,14.239999771118164,14.239999771118164,13.089003562927246,0.0,0.0,0.0,0.0,0
2024-03-08,14.239999771118164,14.279999732971191,14.239999771118164,14.289999961853027,13.134961128234863,2691.0,0.0,0.0,0.0,0
2024-03-11,14.300000190734863,14.300000190734863,14.300000190734863,14.300000190734863,13.144152641296388,3200.0,0.0,0.0,0.0,0
2024-03-12,14.300000190734863,14.300000190734863,14.300000190734863,14.300000190734863,13.144152641296388,0.0,0.0,0.0,0.0,0
2024-03-13,14.289999961853027,14.289999961853027,14.289999961853027,14.289999961853027,13.134961128234863,0.0,0.0,0.0,0.0,0
2024-03-14,14.18000030517578,14.289999961853027,14.18000030517578,14.289999961853027,13.134961128234863,3600.0,0.0,0.0,0.0,0
2024-03-15,14.199999809265137,14.220000267028809,14.18000030517578,14.18000030517578,13.033852577209473,6000.0,0.0,0.0,0.0,0
2024-03-18,14.229999542236328,14.229999542236328,14.109999656677246,14.109999656677246,12.969510078430176,400.0,0.0,0.0,0.0,0
2024-03-19,14.109999656677246,14.109999656677246,14.109999656677246,14.109999656677246,12.969510078430176,0.0,0.0,0.0,0.0,0
2024-03-20,14.15999984741211,14.15999984741211,14.15999984741211,14.15999984741211,13.015469551086426,0.0,0.0,0.0,0.0,0
2024-03-21,14.170000076293944,14.25,14.170000076293944,14.25,13.09819507598877,243173.0,0.0,0.0,0.0,0
2024-03-22,14.18000030517578,14.18000030517578,14.18000030517578,14.18000030517578,13.033852577209473,0.0,0.0,0.0,0.0,0
2024-03-25,14.199999809265137,14.279999732971191,14.199999809265137,14.279999732971191,13.12576961517334,11400.0,0.0,0.0,0.0,0
2024-03-26,14.279999732971191,14.279999732971191,14.279999732971191,14.279999732971191,13.12576961517334,0.0,0.0,0.0,0.0,0
2024-03-27,14.260000228881836,14.279999732971191,14.260000228881836,14.279999732971191,13.12576961517334,12000.0,0.0,0.0,0.0,0
2024-03-28,14.279999732971191,14.279999732971191,14.279999732971191,14.279999732971191,13.12576961517334,0.0,0.0,0.0,0.0,0
2024-04-01,,,,14.279999732971191,13.12576961517334,,,,,1
2024-04-02,14.1899995803833,14.1899995803833,14.1899995803833,14.1899995803833,13.043045043945312,0.0,0.0,0.0,0.0,0
2024-04-03,14.149999618530272,14.149999618530272,14.149999618530272,14.149999618530272,13.107887268066406,0.0,0.11,0.0,0.0,0
2024-04-04,,,,14.149999618530272,13.107887268066406,,,,,1
2024-04-05,14.06999969482422,14.079999923706056,14.06999969482422,14.079999923706056,13.043044090270996,32400.0,0.0,0.0,0.0,0
2024-04-08,14.039999961853027,14.039999961853027,14.039999961853027,14.039999961853027,13.005990982055664,2400.0,0.0,0.0,0.0,0
2024-04-09,14.140000343322754,14.140000343322754,14.140000343322754,14.140000343322754,13.098625183105469,0.0,0.0,0.0,0.0,0
2024-04-10,14.0600004196167,14.06999969482422,14.0600004196167,14.06999969482422,13.033780097961426,20826.0,0.0,0.0,0.0,0
2024-04-11,13.979999542236328,14.079999923706056,13.979999542236328,14.079999923706056,13.043044090270996,1600.0,0.0,0.0,0.0,0
2024-04-12,13.960000038146973,13.960000038146973,13.960000038146973,13.960000038146973,12.93188190460205,0.0,0.0,0.0,0.0,0
2024-04-15,13.899999618530272,14.100000381469728,14.100000381469728,14.09000015258789,13.052308082580566,4000.0,0.0,0.0,0.0,0
2024-04-16,14.039999961853027,14.039999961853027,14.039999961853027,14.039999961853027,13.005990982055664,0.0,0.0,0.0,0.0,0
2024-04-17,13.899999618530272,14.0,13.899999618530272,14.0,12.968936920166016,7000.0,0.0,0.0,0.0,0
2024-04-18,14.0,14.0,14.0,14.0,12.968936920166016,0.0,0.0,0.0,0.0,0
2024-04-19,13.979999542236328,14.020000457763672,13.960000038146973,13.960000038146973,12.93188190460205,11200.0,0.0,0.0,0.0,0
2024-04-22,13.93000030517578,14.0,13.93000030517578,14.0,12.968936920166016,4081.0,0.0,0.0,0.0,0
2024-04-23,13.970000267028809,13.970000267028809,13.970000267028809,13.970000267028809,12.941143989562988,0.0,0.0,0.0,0.0,0
2024-04-24,13.970000267028809,13.970000267028809,13.970000267028809,13.970000267028809,12.941143989562988,0.0,0.0,0.0,0.0,0
2024-04-25,13.970000267028809,13.970000267028809,13.970000267028809,13.970000267028809,12.941143989562988,0.0,0.0,0.0,0.0,0
2024-04-26,13.970000267028809,13.970000267028809,13.970000267028809,13.970000267028809,12.941143989562988,0.0,0.0,0.0,0.0,0
2024-04-29,13.979999542236328,13.979999542236328,13.970000267028809,13.979999542236328,12.95040798187256,5200.0,0.0,0.0,0.0,0
2024-04-30,14.050000190734863,14.050000190734863,14.050000190734863,14.050000190734863,13.015254020690918,0.0,0.0,0.0,0.0,0
2024-05-01,,,,14.050000190734863,13.015254020690918,,,,,1
2024-05-02,13.9399995803833,13.9399995803833,13.9399995803833,13.9399995803833,12.913354873657228,0.0,0.0,0.0,0.0,0
2024-05-03,14.0600004196167,14.0600004196167,14.0600004196167,14.0600004196167,13.024518013000488,0.0,0.0,0.0,0.0,0
2024-05-06,14.119999885559082,14.119999885559082,14.020000457763672,14.119999885559082,13.080098152160645,1200.0,0.0,0.0,0.0,0
2024-05-07,14.109999656677246,14.119999885559082,14.100000381469728,14.100000381469728,13.061573028564451,19600.0,0.0,0.0,0.0,0
2024-05-08,14.170000076293944,14.170000076293944,14.170000076293944,14.170000076293944,13.126415252685549,0.0,0.0,0.0,0.0,0
2024-05-09,14.149999618530272,14.149999618530272,14.149999618530272,14.149999618530272,13.107887268066406,0.0,0.0,0.0,0.0,0
2024-05-10,14.0600004196167,14.0600004196167,14.0600004196167,14.0600004196167,13.024518013000488,0.0,0.0,0.0,0.0,0
2024-05-13,14.170000076293944,14.170000076293944,14.170000076293944,14.170000076293944,13.126415252685549,0.0,0.0,0.0,0.0,0
2024-05-14,14.15999984741211,14.15999984741211,14.15999984741211,14.15999984741211,13.11715316772461,0.0,0.0,0.0,0.0,0
2024-05-15,,,,14.15999984741211,13.11715316772461,,,,,1
2024-05-16,14.130000114440918,14.130000114440918,14.130000114440918,14.130000114440918,13.089361190795898,0.0,0.0,0.0,0.0,0
2024-05-17,14.119999885559082,14.119999885559082,14.119999885559082,14.119999885559082,13.080098152160645,0.0,0.0,0.0,0.0,0
2024-05-20,14.210000038146973,14.210000038146973,14.100000381469728,14.15999984741211,13.11715316772461,1400.0,0.0,0.0,0.0,0
2024-05-21,14.1899995803833,14.1899995803833,14.1899995803833,14.1899995803833,13.144943237304688,0.0,0.0,0.0,0.0,0
2024-05-22,14.1899995803833,14.1899995803833,14.1899995803833,14.1899995803833,13.144943237304688,0.0,0.0,0.0,0.0,0
2024-05-23,14.229999542236328,14.229999542236328,14.229999542236328,14.229999542236328,13.181997299194336,0.0,0.0,0.0,0.0,0
2024-05-24,14.149999618530272,14.149999618530272,14.149999618530272,14.149999618530272,13.107887268066406,0.0,0.0,0.0,0.0,0
2024-05-28,14.15999984741211,14.15999984741211,14.15999984741211,14.15999984741211,13.11715316772461,0.0,0.0,0.0,0.0,0
2024-05-29,14.1899995803833,14.1899995803833,14.1899995803833,14.170000076293944,13.126415252685549,7200.0,0.0,0.0,0.0,0
2024-05-30,14.079999923706056,14.079999923706056,14.079999923706056,14.079999923706056,13.043044090270996,0.0,0.0,0.0,0.0,0
2024-05-31,14.239999771118164,14.239999771118164,14.130000114440918,14.130000114440918,13.089361190795898,24200.0,0.0,0.0,0.0,0
2024-06-03,14.149999618530272,14.149999618530272,14.149999618530272,14.149999618530272,13.107887268066406,800.0,0.0,0.0,0.0,0
2024-06-04,14.300000190734863,14.300000190734863,14.170000076293944,14.289999961853027,13.237578392028809,2400.0,0.0,0.0,0.0,0
2024-06-05,14.25,14.25,14.25,14.25,13.20052433013916,0.0,0.0,0.0,0.0,0
2024-06-06,14.229999542236328,14.229999542236328,14.229999542236328,14.229999542236328,13.181997299194336,0.0,0.0,0.0,0.0,0
2024-06-07,14.350000381469728,14.350000381469728,14.350000381469728,14.350000381469728,13.293160438537598,0.0,0.0,0.0,0.0,0
2024-06-10,,,,14.350000381469728,13.293160438537598,,,,,1
2024-06-11,14.25,14.25,14.25,14.25,13.20052433013916,0.0,0.0,0.0,0.0,0
2024-06-12,14.15999984741211,14.289999961853027,14.15999984741211,14.289999961853027,13.237578392028809,3200.0,0.0,0.0,0.0,0
2024-06-13,14.210000038146973,14.210000038146973,14.210000038146973,14.210000038146973,13.163469314575195,0.0,0.0,0.0,0.0,0
2024-06-14,14.220000267028809,14.220000267028809,14.220000267028809,14.220000267028809,13.172735214233398,0.0,0.0,0.0,0.0,0
2024-06-17,14.300000190734863,14.300000190734863,14.300000190734863,14.300000190734863,13.246841430664062,0.0,0.0,0.0,0.0,0
2024-06-18,14.300000190734863,14.350000381469728,14.289999961853027,14.300000190734863,13.246841430664062,5400.0,0.0,0.0,0.0,0
2024-06-20,14.25,14.25,14.25,14.25,13.20052433013916,6000.0,0.0,0.0,0.0,0
2024-06-21,14.270000457763672,14.270000457763672,14.270000457763672,14.270000457763672,13.219050407409668,0.0,0.0,0.0,0.0,0
2024-06-24,14.31999969482422,14.31999969482422,14.31999969482422,14.31999969482422,13.265368461608888,0.0,0.0,0.0,0.0,0
2024-06-25,14.31999969482422,14.359999656677246,14.229999542236328,14.229999542236328,13.181997299194336,15200.0,0.0,0.0,0.0,0
2024-06-26,14.229999542236328,14.229999542236328,14.229999542236328,14.229999542236328,13.181997299194336,0.0,0.0,0.0,0.0,0
2024-06-27,14.229999542236328,14.229999542236328,14.229999542236328,14.229999542236328,13.181997299194336,0.0,0.0,0.0,0.0,0
2024-06-28,14.210000038146973,14.210000038146973,14.210000038146973,14.210000038146973,13.163469314575195,0.0,0.0,0.0,0.0,0
2024-07-01,,,,14.210000038146973,13.163469314575195,,,,,1
2024-07-02,14.260000228881836,14.260000228881836,14.260000228881836,14.260000228881836,13.209787368774414,0.0,0.0,0.0,0.0,0
2024-07-03,14.15999984741211,14.15999984741211,14.15999984741211,14.15999984741211,13.228470802307127,0.0,0.12,0.0,0.0,0
2024-07-05,14.220000267028809,14.220000267028809,14.220000267028809,14.220000267028809,13.284525871276855,0.0,0.0,0.0,0.0,0
2024-07-08,14.149999618530272,14.210000038146973,14.149999618530272,14.210000038146973,13.275182723999023,10200.0,0.0,0.0,0.0,0
2024-07-09,14.170000076293944,14.289999961853027,14.170000076293944,14.279999732971191,13.340577125549316,4600.0,0.0,0.0,0.0,0
2024-07-10,14.199999809265137,14.199999809265137,14.199999809265137,14.199999809265137,13.265839576721191,0.0,0.0,0.0,0.0,0
2024-07-11,14.289999961853027,14.289999961853027,14.289999961853027,14.289999961853027,13.349920272827148,0.0,0.0,0.0,0.0,0
2024-07-12,14.300000190734863,14.300000190734863,14.229999542236328,14.229999542236328,13.293867111206056,1200.0,0.0,0.0,0.0,0
2024-07-15,14.369999885559082,14.369999885559082,14.369999885559082,14.369999885559082,13.424657821655272,0.0,0.0,0.0,0.0,0
2024-07-16,14.329999923706056,14.329999923706056,14.329999923706056,14.329999923706056,13.387289047241213,0.0,0.0,0.0,0.0,0
2024-07-17,14.329999923706056,14.380000114440918,14.31999969482422,14.31999969482422,13.37794589996338,240185.0,0.0,0.0,0.0,0
2024-07-18,14.390000343322754,14.390000343322754,14.3100004196167,14.3100004196167,13.368605613708496,11000.0,0.0,0.0,0.0,0
2024-07-19,14.300000190734863,14.300000190734863,14.300000190734863,14.300000190734863,13.359262466430664,0.0,0.0,0.0,0.0,0
2024-07-22,14.380000114440918,14.380000114440918,14.380000114440918,14.380000114440918,13.434000015258787,0.0,0.0,0.0,0.0,0
2024-07-23,14.380000114440918,14.380000114440918,14.329999923706056,14.329999923706056,13.387289047241213,1409.0,0.0,0.0,0.0,0
2024-07-24,14.329999923706056,14.329999923706056,14.329999923706056,14.329999923706056,13.387289047241213,0.0,0.0,0.0,0.0,0
2024-07-25,14.369999885559082,14.369999885559082,14.369999885559082,14.369999885559082,13.424657821655272,1000.0,0.0,0.0,0.0,0
2024-07-26,14.31999969482422,14.31999969482422,14.31999969482422,14.31999969482422,13.37794589996338,0.0,0.0,0.0,0.0,0
2024-07-29,14.3100004196167,14.3100004196167,14.3100004196167,14.3100004196167,13.368605613708496,0.0,0.0,0.0,0.0,0
2024-07-30,14.31999969482422,14.31999969482422,14.31999969482422,14.31999969482422,13.37794589996338,1400.0,0.0,0.0,0.0,0
2024-07-31,14.34000015258789,14.350000381469728,14.34000015258789,14.350000381469728,13.405973434448242,1692.0,0.0,0.0,0.0,0
2024-08-01,14.420000076293944,14.5,14.5,14.5,13.546104431152344,2800.0,0.0,0.0,0.0,0
2024-08-02,14.489999771118164,14.489999771118164,14.489999771118164,14.489999771118164,13.536761283874512,0.0,0.0,0.0,0.0,0
2024-08-05,14.520000457763672,14.550000190734863,14.520000457763672,14.550000190734863,13.592816352844238,9937.0,0.0,0.0,0.0,0
2024-08-06,14.520000457763672,14.5600004196167,14.5,14.5600004196167,13.602157592773438,4400.0,0.0,0.0,0.0,0
2024-08-07,14.449999809265137,14.449999809265137,14.449999809265137,14.449999809265137,13.499393463134766,0.0,0.0,0.0,0.0,0
2024-08-08,14.420000076293944,14.420000076293944,14.420000076293944,14.420000076293944,13.47136688232422,0.0,0.0,0.0,0.0,0
2024-08-09,14.539999961853027,14.539999961853027,14.539999961853027,14.539999961853027,13.583474159240724,0.0,0.0,0.0,0.0,0
2024-08-12,14.5600004196167,14.5600004196167,14.5600004196167,14.5600004196167,13.602157592773438,0.0,0.0,0.0,0.0,0
2024-08-13,14.470000267028809,14.470000267028809,14.470000267028809,14.470000267028809,13.518078804016112,0.0,0.0,0.0,0.0,0
2024-08-14,14.479999542236328,14.479999542236328,14.479999542236328,14.479999542236328,13.527419090270996,0.0,0.0,0.0,0.0,0
2024-08-15,14.5,14.5,14.5,14.5,13.546104431152344,0.0,0.0,0.0,0.0,0
2024-08-16,14.5600004196167,14.5600004196167,14.5600004196167,14.5600004196167,13.602157592773438,0.0,0.0,0.0,0.0,0
2024-08-19,14.520000457763672,14.520000457763672,14.520000457763672,14.520000457763672,13.564790725708008,0.0,0.0,0.0,0.0,0
2024-08-20,14.5600004196167,14.5600004196167,14.5600004196167,14.5600004196167,13.602157592773438,800.0,0.0,0.0,0.0,0
2024-08-21,14.59000015258789,14.59000015258789,14.59000015258789,14.59000015258789,13.630183219909668,0.0,0.0,0.0,0.0,0
2024-08-22,14.5600004196167,14.630000114440918,14.5600004196167,14.619999885559082,13.658209800720217,27018.0,0.0,0.0,0.0,0
2024-08-23,14.600000381469728,14.600000381469728,14.539999961853027,14.539999961853027,13.583474159240724,8200.0,0.0,0.0,0.0,0
2024-08-26,14.640000343322754,14.640000343322754,14.640000343322754,14.640000343322754,13.676894187927246,0.0,0.0,0.0,0.0,0
2024-08-27,14.59000015258789,14.59000015258789,14.59000015258789,14.59000015258789,13.630183219909668,0.0,0.0,0.0,0.0,0
2024-08-28,14.59000015258789,14.640000343322754,14.59000015258789,14.640000343322754,13.676894187927246,3742.0,0.0,0.0,0.0,0
2024-08-29,14.59000015258789,14.59000015258789,14.59000015258789,14.59000015258789,13.630183219909668,0.0,0.0,0.0,0.0,0
2024-08-30,14.59000015258789,14.59000015258789,14.59000015258789,14.59000015258789,13.630183219909668,0.0,0.0,0.0,0.0,0
2024-09-03,14.630000114440918,14.630000114440918,14.630000114440918,14.630000114440918,13.667551040649414,0.0,0.0,0.0,0.0,0
2024-09-04,14.56999969482422,14.56999969482422,14.56999969482422,14.56999969482422,13.611498832702637,3800.0,0.0,0.0,0.0,0
2024-09-05,14.609999656677246,14.609999656677246,14.609999656677246,14.619999885559082,13.658209800720217,200.0,0.0,0.0,0.0,0
2024-09-06,,,,14.619999885559082,13.658209800720217,,,,,1
2024-09-09,14.600000381469728,14.75,14.600000381469728,14.720000267028809,13.751631736755373,2800.0,0.0,0.0,0.0,0
2024-09-10,14.710000038146973,14.710000038146973,14.710000038146973,14.710000038146973,13.742289543151855,0.0,0.0,0.0,0.0,0
2024-09-11,14.739999771118164,14.850000381469728,14.720000267028809,14.850000381469728,13.873080253601074,80400.0,0.0,0.0,0.0,0
2024-09-12,14.84000015258789,14.84000015258789,14.84000015258789,14.84000015258789,13.86373805999756,0.0,0.0,0.0,0.0,0
2024-09-13,14.84000015258789,14.84000015258789,14.84000015258789,14.84000015258789,13.86373805999756,1000.0,0.0,0.0,0.0,0
2024-09-16,14.84000015258789,14.84000015258789,14.84000015258789,14.84000015258789,13.86373805999756,1000.0,0.0,0.0,0.0,0
2024-09-17,14.890000343322754,14.890000343322754,14.890000343322754,14.890000343322754,13.910449028015137,0.0,0.0,0.0,0.0,0
2024-09-18,,,,14.890000343322754,13.910449028015137,,,,,1
2024-09-19,14.84000015258789,14.84000015258789,14.84000015258789,14.84000015258789,13.86373805999756,0.0,0.0,0.0,0.0,0
2024-09-20,14.8100004196167,14.8100004196167,14.8100004196167,14.8100004196167,13.83570957183838,305.0,0.0,0.0,0.0,0
2024-09-23,14.859999656677246,14.859999656677246,14.829999923706056,14.829999923706056,13.854395866394045,633.0,0.0,0.0,0.0,0
2024-09-24,14.81999969482422,14.84000015258789,14.75,14.75,13.779659271240234,19200.0,0.0,0.0,0.0,0
2024-09-25,14.760000228881836,14.760000228881836,14.760000228881836,14.760000228881836,13.789000511169434,344.0,0.0,0.0,0.0,0
2024-09-26,14.800000190734863,14.800000190734863,14.800000190734863,14.800000190734863,13.826369285583496,0.0,0.0,0.0,0.0,0
2024-09-27,14.729999542236328,14.729999542236328,14.729999542236328,14.729999542236328,13.760973930358888,2000.0,0.0,0.0,0.0,0
2024-09-30,14.829999923706056,14.829999923706056,14.829999923706056,14.829999923706056,13.854395866394045,0.0,0.0,0.0,0.0,0
2024-10-01,,,,14.829999923706056,13.854395866394045,,,,,1
2024-10-02,14.869999885559082,14.869999885559082,14.75,14.75,13.779659271240234,16000.0,0.0,0.0,0.0,0
2024-10-03,14.729999542236328,14.729999542236328,14.65999984741211,14.670000076293944,13.817334175109863,38000.0,0.12,0.0,0.0,0
2024-10-04,14.670000076293944,14.920000076293944,14.59000015258789,14.760000228881836,13.90210247039795,166600.0,0.0,0.0,0.0,0
2024-10-07,14.760000228881836,14.760000228881836,14.5600004196167,14.59000015258789,13.741984367370604,116812.0,0.0,0.0,0.0,0
2024-10-08,14.579999923706056,14.579999923706056,14.460000038146973,14.5600004196167,13.713727951049805,9800.0,0.0,0.0,0.0,0
2024-10-09,14.5600004196167,14.5600004196167,14.5600004196167,14.5600004196167,13.713727951049805,0.0,0.0,0.0,0.0,0
2024-10-10,14.470000267028809,14.5,14.470000267028809,14.5,13.657214164733888,7400.0,0.0,0.0,0.0,0
2024-10-11,,,,14.5,13.657214164733888,,,,,1
2024-10-15,14.489999771118164,14.489999771118164,14.489999771118164,14.489999771118164,13.64779567718506,0.0,0.0,0.0,0.0,0
2024-10-16,14.5,14.5,14.5,14.5,13.657214164733888,0.0,0.0,0.0,0.0,0
2024-10-17,14.619999885559082,14.619999885559082,14.619999885559082,14.619999885559082,13.770237922668455,0.0,0.0,0.0,0.0,0
2024-10-18,14.520000457763672,14.520000457763672,14.520000457763672,14.520000457763672,13.676053047180176,0.0,0.0,0.0,0.0,0
2024-10-21,14.56999969482422,14.56999969482422,14.539999961853027,14.539999961853027,13.694890022277832,1000.0,0.0,0.0,0.0,0
2024-10-22,14.520000457763672,14.520000457763672,14.390000343322754,14.390000343322754,13.553607940673828,19400.0,0.0,0.0,0.0,0
2024-10-23,14.489999771118164,14.489999771118164,14.449999809265137,14.449999809265137,13.61012077331543,1468.0,0.0,0.0,0.0,0
2024-10-24,14.449999809265137,14.449999809265137,14.449999809265137,14.449999809265137,13.61012077331543,0.0,0.0,0.0,0.0,0
2024-10-25,14.5,14.5,14.5,14.5,13.657214164733888,600.0,0.0,0.0,0.0,0
2024-10-28,14.5,14.5,14.399999618530272,14.399999618530272,13.563026428222656,8600.0,0.0,0.0,0.0,0
2024-10-29,14.449999809265137,14.449999809265137,14.449999809265137,14.449999809265137,13.61012077331543,4200.0,0.0,0.0,0.0,0
2024-10-30,14.359999656677246,14.359999656677246,14.359999656677246,14.359999656677246,13.525351524353027,0.0,0.0,0.0,0.0,0
2024-10-31,14.359999656677246,14.359999656677246,14.359999656677246,14.359999656677246,13.525351524353027,0.0,0.0,0.0,0.0,0
2024-11-01,14.359999656677246,14.449999809265137,14.359999656677246,14.369999885559082,13.534771919250488,4200.0,0.0,0.0,0.0,0
2024-11-04,14.420000076293944,14.420000076293944,14.420000076293944,14.420000076293944,13.581865310668944,0.0,0.0,0.0,0.0,0
2024-11-05,14.369999885559082,14.369999885559082,14.369999885559082,14.369999885559082,13.534771919250488,0.0,0.0,0.0,0.0,0
2024-11-06,14.350000381469728,14.4399995803833,14.350000381469728,14.4399995803833,13.600700378417969,99000.0,0.0,0.0,0.0,0
2024-11-07,14.390000343322754,14.390000343322754,14.300000190734863,14.300000190734863,13.468839645385742,9100.0,0.0,0.0,0.0,0
2024-11-08,14.449999809265137,14.449999809265137,14.380000114440918,14.380000114440918,13.544190406799316,38600.0,0.0,0.0,0.0,0
2024-11-12,14.5,14.5,14.5,14.5,13.657214164733888,0.0,0.0,0.0,0.0,0
2024-11-13,14.449999809265137,14.449999809265137,14.329999923706056,14.329999923706056,13.497095108032228,14800.0,0.0,0.0,0.0,0
2024-11-14,14.329999923706056,14.329999923706056,14.329999923706056,14.329999923706056,13.497095108032228,0.0,0.0,0.0,0.0,0
2024-11-15,14.399999618530272,14.399999618530272,14.399999618530272,14.399999618530272,13.563026428222656,0.0,0.0,0.0,0.0,0
2024-11-18,14.399999618530272,14.399999618530272,14.3100004196167,14.329999923706056,13.497095108032228,20200.0,0.0,0.0,0.0,0
2024-11-19,14.329999923706056,14.329999923706056,14.329999923706056,14.329999923706056,13.497095108032228,0.0,0.0,0.0,0.0,0
2024-11-20,14.399999618530272,14.399999618530272,14.329999923706056,14.329999923706056,13.497095108032228,13000.0,0.0,0.0,0.0,0
2024-11-21,14.329999923706056,14.329999923706056,14.329999923706056,14.329999923706056,13.497095108032228,0.0,0.0,0.0,0.0,0
2024-11-22,14.329999923706056,14.329999923706056,14.329999923706056,14.329999923706056,13.497095108032228,0.0,0.0,0.0,0.0,0
2024-11-25,14.43000030517578,14.43000030517578,14.369999885559082,14.380000114440918,13.544190406799316,20600.0,0.0,0.0,0.0,0
2024-11-26,14.359999656677246,14.4399995803833,14.350000381469728,14.359999656677246,13.525351524353027,24000.0,0.0,0.0,0.0,0
2024-11-27,14.359999656677246,14.420000076293944,14.359999656677246,14.420000076293944,13.581865310668944,5400.0,0.0,0.0,0.0,0
2024-11-29,14.43000030517578,14.43000030517578,14.43000030517578,14.43000030517578,13.591282844543455,0.0,0.0,0.0,0.0,0
2024-12-02,14.5,14.5600004196167,14.4399995803833,14.539999961853027,13.694890022277832,4000.0,0.0,0.0,0.0,0
2024-12-03,14.550000190734863,14.550000190734863,14.550000190734863,14.550000190734863,13.704309463500977,0.0,0.0,0.0,0.0,0
2024-12-04,14.550000190734863,14.550000190734863,14.550000190734863,14.550000190734863,13.704309463500977,0.0,0.0,0.0,0.0,0
2024-12-05,14.550000190734863,14.579999923706056,14.529999732971191,14.579999923706056,13.732563972473145,23400.0,0.0,0.0,0.0,0
2024-12-06,14.550000190734863,14.550000190734863,14.550000190734863,14.550000190734863,13.704309463500977,0.0,0.0,0.0,0.0,0
2024-12-09,14.510000228881836,14.550000190734863,14.510000228881836,14.550000190734863,13.704309463500977,2600.0,0.0,0.0,0.0,0
2024-12-10,14.550000190734863,14.550000190734863,14.550000190734863,14.550000190734863,13.704309463500977,0.0,0.0,0.0,0.0,0
2024-12-11,14.449999809265137,14.449999809265137,14.449999809265137,14.449999809265137,13.61012077331543,0.0,0.0,0.0,0.0,0
2024-12-12,14.399999618530272,14.399999618530272,14.399999618530272,14.399999618530272,13.563026428222656,9000.0,0.0,0.0,0.0,0
2024-12-13,14.399999618530272,14.399999618530272,14.399999618530272,14.399999618530272,13.563026428222656,0.0,0.0,0.0,0.0,0
2024-12-16,14.460000038146973,14.460000038146973,14.460000038146973,14.460000038146973,13.619539260864258,0.0,0.0,0.0,0.0,0
2024-12-17,14.4399995803833,14.4399995803833,14.4399995803833,14.4399995803833,13.600700378417969,0.0,0.0,0.0,0.0,0
2024-12-18,14.4399995803833,14.4399995803833,14.34000015258789,14.34000015258789,13.506514549255373,7400.0,0.0,0.0,0.0,0
2024-12-19,14.34000015258789,14.380000114440918,14.34000015258789,14.359999656677246,13.525351524353027,1000.0,0.0,0.0,0.0,0
2024-12-20,14.229999542236328,14.229999542236328,14.229999542236328,14.229999542236328,13.402907371520996,4434.0,0.0,0.0,0.0,0
2024-12-23,14.3100004196167,14.3100004196167,14.3100004196167,14.3100004196167,13.47825813293457,0.0,0.0,0.0,0.0,0
2024-12-24,14.31999969482422,14.31999969482422,14.31999969482422,14.31999969482422,13.487676620483398,0.0,0.0,0.0,0.0,0
2024-12-26,,,,14.31999969482422,13.487676620483398,,,,,1
2024-12-27,14.300000190734863,14.300000190734863,14.300000190734863,14.300000190734863,13.468839645385742,0.0,0.0,0.0,0.0,0
2024-12-30,14.210000038146973,14.300000190734863,14.199999809265137,14.220000267028809,13.393489837646484,12153.0,0.0,0.0,0.0,0
2024-12-31,14.260000228881836,14.260000228881836,14.260000228881836,14.260000228881836,13.431163787841797,0.0,0.0,0.0,0.0,0
2025-01-02,14.380000114440918,14.380000114440918,14.380000114440918,14.380000114440918,13.544190406799316,0.0,0.0,0.0,0.0,0
2025-01-03,14.270000457763672,14.270000457763672,14.270000457763672,14.270000457763672,13.553689002990724,0.0,0.12,0.0,0.0,0
2025-01-06,14.239999771118164,14.239999771118164,14.239999771118164,14.239999771118164,13.525193214416504,0.0,0.0,0.0,0.0,0
2025-01-07,14.210000038146973,14.210000038146973,14.210000038146973,14.210000038146973,13.496700286865234,0.0,0.0,0.0,0.0,0
2025-01-08,14.210000038146973,14.220000267028809,14.210000038146973,14.220000267028809,13.506197929382324,32000.0,0.0,0.0,0.0,0
2025-01-09,14.239999771118164,14.239999771118164,14.239999771118164,14.239999771118164,13.525193214416504,0.0,0.0,0.0,0.0,0
2025-01-10,14.119999885559082,14.170000076293944,14.119999885559082,14.119999885559082,13.411216735839844,5600.0,0.0,0.0,0.0,0
2025-01-13,14.199999809265137,14.199999809265137,14.100000381469728,14.100000381469728,13.392221450805664,4000.0,0.0,0.0,0.0,0
2025-01-14,14.149999618530272,14.149999618530272,14.06999969482422,14.06999969482422,13.363727569580078,2600.0,0.0,0.0,0.0,0
2025-01-15,14.079999923706056,14.079999923706056,14.079999923706056,14.079999923706056,13.373225212097168,0.0,0.0,0.0,0.0,0
2025-01-16,14.239999771118164,14.239999771118164,14.239999771118164,14.239999771118164,13.525193214416504,0.0,0.0,0.0,0.0,0
2025-01-17,14.239999771118164,14.239999771118164,14.239999771118164,14.239999771118164,13.525193214416504,0.0,0.0,0.0,0.0,0
2025-01-21,14.279999732971191,14.279999732971191,14.279999732971191,14.279999732971191,13.563186645507812,0.0,0.0,0.0,0.0,0
2025-01-22,14.300000190734863,14.300000190734863,14.300000190734863,14.300000190734863,13.582182884216309,3448.0,0.0,0.0,0.0,0
2025-01-23,14.300000190734863,14.300000190734863,14.300000190734863,14.300000190734863,13.582182884216309,0.0,0.0,0.0,0.0,0
2025-01-24,14.199999809265137,14.199999809265137,14.199999809265137,14.199999809265137,13.487201690673828,0.0,0.0,0.0,0.0,0
2025-01-27,14.350000381469728,14.350000381469728,14.350000381469728,14.350000381469728,13.62967300415039,800.0,0.0,0.0,0.0,0
2025-01-28,14.350000381469728,14.350000381469728,14.350000381469728,14.350000381469728,13.62967300415039,0.0,0.0,0.0,0.0,0
2025-01-29,,,,14.350000381469728,13.62967300415039,,,,,1
2025-01-30,,,,14.350000381469728,13.62967300415039,,,,,1
2025-01-31,,,,14.350000381469728,13.62967300415039,,,,,1
2025-02-03,14.380000114440918,14.380000114440918,14.380000114440918,14.380000114440918,13.65816593170166,0.0,0.0,0.0,0.0,0
2025-02-04,14.359999656677246,14.359999656677246,14.359999656677246,14.359999656677246,13.639169692993164,0.0,0.0,0.0,0.0,0
2025-02-05,14.380000114440918,14.380000114440918,14.380000114440918,14.380000114440918,13.65816593170166,0.0,0.0,0.0,0.0,0
2025-02-06,14.34000015258789,14.34000015258789,14.34000015258789,14.34000015258789,13.6201753616333,0.0,0.0,0.0,0.0,0
2025-02-07,14.34000015258789,14.34000015258789,14.34000015258789,14.34000015258789,13.6201753616333,0.0,0.0,0.0,0.0,0
2025-02-10,14.420000076293944,14.420000076293944,14.399999618530272,14.399999618530272,13.677162170410156,7200.0,0.0,0.0,0.0,0
2025-02-11,14.399999618530272,14.399999618530272,14.399999618530272,14.399999618530272,13.677162170410156,0.0,0.0,0.0,0.0,0
2025-02-12,14.399999618530272,14.399999618530272,14.289999961853027,14.289999961853027,13.572684288024902,6200.0,0.0,0.0,0.0,0
2025-02-13,14.25,14.25,14.25,14.25,13.53469181060791,0.0,0.0,0.0,0.0,0
2025-02-14,14.300000190734863,14.380000114440918,14.300000190734863,14.380000114440918,13.65816593170166,3400.0,0.0,0.0,0.0,0
2025-02-18,14.300000190734863,14.300000190734863,14.300000190734863,14.300000190734863,13.582182884216309,0.0,0.0,0.0,0.0,0
2025-02-19,14.279999732971191,14.300000190734863,14.260000228881836,14.289999961853027,13.572684288024902,47800.0,0.0,0.0,0.0,0
2025-02-20,14.289999961853027,14.289999961853027,14.289999961853027,14.289999961853027,13.572684288024902,400.0,0.0,0.0,0.0,0
2025-02-21,14.399999618530272,14.399999618530272,14.399999618530272,14.399999618530272,13.677162170410156,0.0,0.0,0.0,0.0,0
2025-02-24,14.399999618530272,14.399999618530272,14.399999618530272,14.399999618530272,13.677162170410156,0.0,0.0,0.0,0.0,0
2025-02-25,14.470000267028809,14.470000267028809,14.34000015258789,14.34000015258789,13.6201753616333,4800.0,0.0,0.0,0.0,0
2025-02-26,14.390000343322754,14.390000343322754,14.390000343322754,14.390000343322754,13.66766357421875,0.0,0.0,0.0,0.0,0
2025-02-27,14.479999542236328,14.479999542236328,14.420000076293944,14.43000030517578,13.70565700531006,800.0,0.0,0.0,0.0,0
2025-02-28,14.4399995803833,14.4399995803833,14.4399995803833,14.4399995803833,13.715153694152832,0.0,0.0,0.0,0.0,0
2025-03-03,14.489999771118164,14.489999771118164,14.489999771118164,14.489999771118164,13.76264476776123,0.0,0.0,0.0,0.0,0
2025-03-04,14.5,14.630000114440918,14.5,14.5,13.77214241027832,4885.0,0.0,0.0,0.0,0
2025-03-05,14.479999542236328,14.479999542236328,14.470000267028809,14.470000267028809,13.743648529052734,2800.0,0.0,0.0,0.0,0
2025-03-06,14.579999923706056,14.579999923706056,14.5600004196167,14.5600004196167,13.829130172729492,5000.0,0.0,0.0,0.0,0
2025-03-07,14.43000030517578,14.43000030517578,14.43000030517578,14.43000030517578,13.70565700531006,950.0,0.0,0.0,0.0,0
2025-03-10,14.539999961853027,14.539999961853027,14.539999961853027,14.539999961853027,13.810133934020996,0.0,0.0,0.0,0.0,0
2025-03-11,14.579999923706056,14.579999923706056,14.579999923706056,14.579999923706056,13.848126411437988,0.0,0.0,0.0,0.0,0
2025-03-12,14.539999961853027,14.5600004196167,14.539999961853027,14.5600004196167,13.829130172729492,12400.0,0.0,0.0,0.0,0
2025-03-13,14.520000457763672,14.520000457763672,14.520000457763672,14.520000457763672,13.791139602661133,0.0,0.0,0.0,0.0,0
2025-03-14,14.460000038146973,14.460000038146973,14.460000038146973,14.460000038146973,13.734150886535645,0.0,0.0,0.0,0.0,0
2025-03-17,14.479999542236328,14.479999542236328,14.479999542236328,14.479999542236328,13.753146171569824,0.0,0.0,0.0,0.0,0
2025-03-18,14.479999542236328,14.479999542236328,14.479999542236328,14.479999542236328,13.753146171569824,0.0,0.0,0.0,0.0,0
2025-03-19,14.449999809265137,14.449999809265137,14.420000076293944,14.420000076293944,13.696158409118652,8400.0,0.0,0.0,0.0,0
2025-03-20,14.5,14.5,14.5,14.5,13.77214241027832,0.0,0.0,0.0,0.0,0
2025-03-21,14.5,14.5,14.5,14.5,13.77214241027832,0.0,0.0,0.0,0.0,0
2025-03-24,14.449999809265137,14.449999809265137,14.449999809265137,14.449999809265137,13.724651336669922,0.0,0.0,0.0,0.0,0
2025-03-25,14.510000228881836,14.510000228881836,14.510000228881836,14.510000228881836,13.78164005279541,0.0,0.0,0.0,0.0,0
2025-03-26,14.520000457763672,14.520000457763672,14.520000457763672,14.520000457763672,13.791139602661133,200.0,0.0,0.0,0.0,0
2025-03-27,14.390000343322754,14.390000343322754,14.390000343322754,14.390000343322754,13.66766357421875,0.0,0.0,0.0,0.0,0
2025-03-28,14.449999809265137,14.449999809265137,14.449999809265137,14.449999809265137,13.724651336669922,0.0,0.0,0.0,0.0,0
2025-03-31,14.449999809265137,14.520000457763672,14.449999809265137,14.520000457763672,13.791139602661133,6200.0,0.0,0.0,0.0,0
2025-04-01,14.479999542236328,14.479999542236328,14.399999618530272,14.399999618530272,13.791138648986816,2400.0,0.12,0.0,0.0,0
2025-04-02,14.5,14.510000228881836,14.5,14.510000228881836,13.896488189697266,578.0,0.0,0.0,0.0,0
2025-04-03,14.539999961853027,14.539999961853027,14.539999961853027,14.539999961853027,13.925219535827637,200.0,0.0,0.0,0.0,0
2025-04-04,,,,14.539999961853027,13.925219535827637,,,,,1
2025-04-07,14.40999984741211,14.420000076293944,14.40999984741211,14.420000076293944,13.810293197631836,14400.0,0.0,0.0,0.0,0
2025-04-08,14.270000457763672,14.399999618530272,14.270000457763672,14.270000457763672,13.66663646697998,3600.0,0.0,0.0,0.0,0
2025-04-09,14.329999923706056,14.329999923706056,14.329999923706056,14.329999923706056,13.72409725189209,0.0,0.0,0.0,0.0,0
2025-04-10,14.079999923706056,14.079999923706056,14.079999923706056,14.079999923706056,13.484668731689451,0.0,0.0,0.0,0.0,0
2025-04-11,14.170000076293944,14.170000076293944,14.170000076293944,14.170000076293944,13.570863723754885,0.0,0.0,0.0,0.0,0
2025-04-14,14.18000030517578,14.18000030517578,14.039999961853027,14.039999961853027,13.446359634399414,11800.0,0.0,0.0,0.0,0
2025-04-15,14.149999618530272,14.149999618530272,14.149999618530272,14.149999618530272,13.55171012878418,0.0,0.0,0.0,0.0,0
2025-04-16,14.25,14.25,14.25,14.25,13.647480010986328,0.0,0.0,0.0,0.0,0
2025-04-17,14.25,14.25,14.25,14.25,13.647480010986328,17000.0,0.0,0.0,0.0,0
2025-04-21,,,,14.25,13.647480010986328,,,,,1
2025-04-22,14.329999923706056,14.329999923706056,14.229999542236328,14.229999542236328,13.628326416015623,800.0,0.0,0.0,0.0,0
2025-04-23,14.3100004196167,14.3100004196167,14.3100004196167,14.3100004196167,13.704944610595703,0.0,0.0,0.0,0.0,0
2025-04-24,14.350000381469728,14.350000381469728,14.350000381469728,14.350000381469728,13.743253707885742,0.0,0.0,0.0,0.0,0
2025-04-25,14.350000381469728,14.350000381469728,14.350000381469728,14.350000381469728,13.743253707885742,0.0,0.0,0.0,0.0,0
2025-04-28,14.449999809265137,14.449999809265137,14.449999809265137,14.449999809265137,13.839024543762209,0.0,0.0,0.0,0.0,0
2025-04-29,14.34000015258789,14.34000015258789,14.34000015258789,14.34000015258789,13.733675956726074,11000.0,0.0,0.0,0.0,0
2025-04-30,14.380000114440918,14.380000114440918,14.380000114440918,14.380000114440918,13.771985054016112,36200.0,0.0,0.0,0.0,0
2025-05-01,,,,14.380000114440918,13.771985054016112,,,,,1
2025-05-02,14.4399995803833,14.4399995803833,14.4399995803833,14.4399995803833,13.829445838928224,0.0,0.0,0.0,0.0,0
2025-05-05,,,,14.4399995803833,13.829445838928224,,,,,1
2025-05-06,14.4399995803833,14.4399995803833,14.270000457763672,14.270000457763672,13.66663646697998,14400.0,0.0,0.0,0.0,0
2025-05-07,14.270000457763672,14.270000457763672,14.270000457763672,14.270000457763672,13.66663646697998,0.0,0.0,0.0,0.0,0
2025-05-08,14.5,14.5,14.329999923706056,14.34000015258789,13.733675956726074,121800.0,0.0,0.0,0.0,0
2025-05-09,14.43000030517578,14.43000030517578,14.43000030517578,14.43000030517578,13.819870948791504,0.0,0.0,0.0,0.0,0
2025-05-12,14.43000030517578,14.43000030517578,14.43000030517578,14.43000030517578,13.819870948791504,0.0,0.0,0.0,0.0,0
2025-05-13,14.4399995803833,14.4399995803833,14.4399995803833,14.4399995803833,13.829445838928224,4000.0,0.0,0.0,0.0,0
2025-05-14,14.4399995803833,14.4399995803833,14.4399995803833,14.4399995803833,13.829445838928224,0.0,0.0,0.0,0.0,0
2025-05-15,14.40999984741211,14.40999984741211,14.40999984741211,14.40999984741211,13.800714492797852,0.0,0.0,0.0,0.0,0
2025-05-16,14.369999885559082,14.369999885559082,14.369999885559082,14.369999885559082,13.762406349182127,0.0,0.0,0.0,0.0,0
2025-05-19,14.43000030517578,14.43000030517578,14.43000030517578,14.43000030517578,13.819870948791504,0.0,0.0,0.0,0.0,0
2025-05-20,14.520000457763672,14.520000457763672,14.470000267028809,14.470000267028809,13.858180046081545,800.0,0.0,0.0,0.0,0
2025-05-21,14.460000038146973,14.510000228881836,14.460000038146973,14.489999771118164,13.87733268737793,37000.0,0.0,0.0,0.0,0
2025-05-22,14.4399995803833,14.4399995803833,14.4399995803833,14.4399995803833,13.829445838928224,0.0,0.0,0.0,0.0,0
2025-05-23,14.5,14.5,14.5,14.5,13.886911392211914,0.0,0.0,0.0,0.0,0
2025-05-27,14.5,14.510000228881836,14.5,14.510000228881836,13.896488189697266,8800.0,0.0,0.0,0.0,0
2025-05-28,14.510000228881836,14.510000228881836,14.510000228881836,14.510000228881836,13.896488189697266,0.0,0.0,0.0,0.0,0
2025-05-29,14.449999809265137,14.579999923706056,14.449999809265137,14.579999923706056,13.963528633117676,24800.0,0.0,0.0,0.0,0
2025-05-30,14.489999771118164,14.630000114440918,14.489999771118164,14.630000114440918,14.01141357421875,48400.0,0.0,0.0,0.0,0
2025-06-02,14.649999618530272,14.649999618530272,14.520000457763672,14.529999732971191,13.915641784667969,1600.0,0.0,0.0,0.0,0
2025-06-03,14.510000228881836,14.5600004196167,14.510000228881836,14.510000228881836,13.896488189697266,7400.0,0.0,0.0,0.0,0
2025-06-04,14.510000228881836,14.510000228881836,14.510000228881836,14.510000228881836,13.896488189697266,0.0,0.0,0.0,0.0,0
2025-06-05,14.65999984741211,14.93000030517578,14.600000381469728,14.68000030517578,14.05929946899414,143000.0,0.0,0.0,0.0,0
2025-06-06,14.68000030517578,14.68000030517578,14.68000030517578,14.68000030517578,14.05929946899414,0.0,0.0,0.0,0.0,0
2025-06-09,14.609999656677246,14.609999656677246,14.609999656677246,14.609999656677246,13.99225902557373,0.0,0.0,0.0,0.0,0
2025-06-10,14.649999618530272,14.649999618530272,14.649999618530272,14.649999618530272,14.03056812286377,0.0,0.0,0.0,0.0,0
2025-06-11,14.68000030517578,14.68000030517578,14.68000030517578,14.68000030517578,14.05929946899414,0.0,0.0,0.0,0.0,0
2025-06-12,14.550000190734863,14.550000190734863,14.550000190734863,14.550000190734863,13.934796333312988,0.0,0.0,0.0,0.0,0
2025-06-13,14.609999656677246,14.609999656677246,14.609999656677246,14.609999656677246,13.99225902557373,0.0,0.0,0.0,0.0,0
2025-06-16,14.75,14.75,14.75,14.75,14.126340866088867,0.0,0.0,0.0,0.0,0
2025-06-17,14.600000381469728,14.710000038146973,14.600000381469728,14.710000038146973,14.088030815124512,40600.0,0.0,0.0,0.0,0
2025-06-18,14.729999542236328,14.729999542236328,14.729999542236328,14.729999542236328,14.107185363769531,0.0,0.0,0.0,0.0,0
2025-06-20,14.600000381469728,14.600000381469728,14.600000381469728,14.600000381469728,13.982683181762695,0.0,0.0,0.0,0.0,0
2025-06-23,14.609999656677246,14.609999656677246,14.609999656677246,14.609999656677246,13.99225902557373,0.0,0.0,0.0,0.0,0
2025-06-24,14.779999732971191,14.779999732971191,14.779999732971191,14.779999732971191,14.155072212219238,0.0,0.0,0.0,0.0,0
2025-06-25,14.65999984741211,14.65999984741211,14.65999984741211,14.699999809265137,14.07845401763916,200.0,0.0,0.0,0.0,0
2025-06-26,14.699999809265137,14.699999809265137,14.699999809265137,14.699999809265137,14.07845401763916,0.0,0.0,0.0,0.0,0
2025-06-27,14.789999961853027,14.800000190734863,14.789999961853027,14.800000190734863,14.17422580718994,6800.0,0.0,0.0,0.0,0
2025-06-30,14.9399995803833,14.9399995803833,14.800000190734863,14.850000381469728,14.222111701965332,10400.0,0.0,0.0,0.0,0
2025-07-01,,,,14.850000381469728,14.222111701965332,,,,,1
2025-07-02,14.75,14.75,14.75,14.75,14.241422653198242,26000.0,0.12,0.0,0.0,0
2025-07-03,14.75,14.75,14.75,14.75,14.241422653198242,0.0,0.0,0.0,0.0,0
2025-07-07,14.710000038146973,14.710000038146973,14.710000038146973,14.710000038146973,14.202799797058104,0.0,0.0,0.0,0.0,0
2025-07-08,14.699999809265137,14.699999809265137,14.600000381469728,14.600000381469728,14.09659481048584,4000.0,0.0,0.0,0.0,0
2025-07-09,14.649999618530272,14.649999618530272,14.649999618530272,14.649999618530272,14.144869804382324,0.0,0.0,0.0,0.0,0
2025-07-10,14.699999809265137,14.800000190734863,14.699999809265137,14.710000038146973,14.202799797058104,9800.0,0.0,0.0,0.0,0
2025-07-11,14.600000381469728,14.649999618530272,14.600000381469728,14.649999618530272,14.144869804382324,43000.0,0.0,0.0,0.0,0
2025-07-14,14.68000030517578,14.68000030517578,14.68000030517578,14.68000030517578,14.173835754394531,0.0,0.0,0.0,0.0,0
2025-07-15,14.6899995803833,14.6899995803833,14.65999984741211,14.6899995803833,14.183489799499512,18200.0,0.0,0.0,0.0,0
2025-07-16,14.6899995803833,14.6899995803833,14.6899995803833,14.6899995803833,14.183489799499512,0.0,0.0,0.0,0.0,0
2025-07-17,14.6899995803833,14.6899995803833,14.6899995803833,14.6899995803833,14.183489799499512,3400.0,0.0,0.0,0.0,0
2025-07-18,14.5600004196167,14.5600004196167,14.5600004196167,14.5600004196167,14.05797290802002,0.0,0.0,0.0,0.0,0
2025-07-21,14.699999809265137,14.720000267028809,14.579999923706056,14.720000267028809,14.212456703186035,7600.0,0.0,0.0,0.0,0
2025-07-22,14.739999771118164,14.739999771118164,14.739999771118164,14.739999771118164,14.231766700744627,26995.0,0.0,0.0,0.0,0
2025-07-23,14.770000457763672,14.770000457763672,14.770000457763672,14.770000457763672,14.260733604431152,0.0,0.0,0.0,0.0,0
2025-07-24,14.770000457763672,14.770000457763672,14.619999885559082,14.770000457763672,14.260733604431152,9400.0,0.0,0.0,0.0,0
2025-07-25,14.760000228881836,14.760000228881836,14.760000228881836,14.760000228881836,14.25107765197754,0.0,0.0,0.0,0.0,0
2025-07-28,14.760000228881836,14.760000228881836,14.760000228881836,14.760000228881836,14.25107765197754,0.0,0.0,0.0,0.0,0
2025-07-29,14.760000228881836,14.770000457763672,14.760000228881836,14.770000457763672,14.260733604431152,7200.0,0.0,0.0,0.0,0
2025-07-30,14.68000030517578,14.68000030517578,14.68000030517578,14.68000030517578,14.173835754394531,0.0,0.0,0.0,0.0,0
2025-07-31,14.8100004196167,14.8100004196167,14.8100004196167,14.8100004196167,14.29935359954834,0.0,0.0,0.0,0.0,0
2025-08-01,14.800000190734863,14.800000190734863,14.649999618530272,14.68000030517578,14.173835754394531,20600.0,0.0,0.0,0.0,0
2025-08-04,14.850000381469728,14.850000381469728,14.850000381469728,14.81999969482422,14.30900764465332,7200.0,0.0,0.0,0.0,0
2025-08-05,14.739999771118164,14.890000343322754,14.739999771118164,14.890000343322754,14.376595497131348,5800.0,0.0,0.0,0.0,0
2025-08-06,14.880000114440918,14.880000114440918,14.75,14.75,14.241422653198242,42800.0,0.0,0.0,0.0,0
2025-08-07,14.899999618530272,14.899999618530272,14.899999618530272,14.899999618530272,14.386249542236328,0.0,0.0,0.0,0.0,0
2025-08-08,14.899999618530272,14.899999618530272,14.739999771118164,14.800000190734863,14.289697647094728,13200.0,0.0,0.0,0.0,0
2025-08-11,14.800000190734863,14.880000114440918,14.800000190734863,14.869999885559082,14.357284545898438,19200.0,0.0,0.0,0.0,0
2025-08-12,14.880000114440918,14.880000114440918,14.880000114440918,14.880000114440918,14.366939544677734,0.0,0.0,0.0,0.0,0
2025-08-13,14.890000343322754,14.890000343322754,14.890000343322754,14.890000343322754,14.376595497131348,400.0,0.0,0.0,0.0,0
2025-08-14,14.920000076293944,14.920000076293944,14.899999618530272,14.920000076293944,14.405560493469238,113200.0,0.0,0.0,0.0,0
2025-08-15,14.779999732971191,14.779999732971191,14.779999732971191,14.779999732971191,14.270387649536133,0.0,0.0,0.0,0.0,0
2025-08-18,14.850000381469728,14.850000381469728,14.850000381469728,14.850000381469728,14.337974548339844,0.0,0.0,0.0,0.0,0
2025-08-19,14.850000381469728,14.850000381469728,14.670000076293944,14.729999542236328,14.222110748291016,14000.0,0.0,0.0,0.0,0
2025-08-20,14.850000381469728,14.859999656677246,14.800000190734863,14.859999656677246,14.347628593444824,22400.0,0.0,0.0,0.0,0
2025-08-21,14.880000114440918,14.880000114440918,14.880000114440918,14.880000114440918,14.366939544677734,0.0,0.0,0.0,0.0,0
2025-08-22,14.869999885559082,14.869999885559082,14.869999885559082,14.869999885559082,14.357284545898438,17800.0,0.0,0.0,0.0,0
2025-08-25,14.890000343322754,14.890000343322754,14.890000343322754,14.890000343322754,14.376595497131348,0.0,0.0,0.0,0.0,0
2025-08-26,14.890000343322754,14.890000343322754,14.890000343322754,14.890000343322754,14.376595497131348,200.0,0.0,0.0,0.0,0
2025-08-27,14.869999885559082,14.869999885559082,14.800000190734863,14.800000190734863,14.289697647094728,13800.0,0.0,0.0,0.0,0
2025-08-28,14.989999771118164,14.989999771118164,14.979999542236328,14.979999542236328,14.463491439819336,1800.0,0.0,0.0,0.0,0
2025-08-29,14.890000343322754,14.890000343322754,14.890000343322754,14.890000343322754,14.376595497131348,0.0,0.0,0.0,0.0,0
2025-09-02,14.890000343322754,14.899999618530272,14.8100004196167,14.890000343322754,14.376595497131348,6400.0,0.0,0.0,0.0,0
2025-09-03,14.899999618530272,14.899999618530272,14.890000343322754,14.890000343322754,14.376595497131348,800.0,0.0,0.0,0.0,0
2025-09-04,14.890000343322754,14.890000343322754,14.729999542236328,14.729999542236328,14.222110748291016,151400.0,0.0,0.0,0.0,0
2025-09-05,14.890000343322754,14.890000343322754,14.890000343322754,14.890000343322754,14.376595497131348,0.0,0.0,0.0,0.0,0
2025-09-08,14.890000343322754,14.93000030517578,14.84000015258789,14.93000030517578,14.415215492248535,12800.0,0.0,0.0,0.0,0
2025-09-09,14.989999771118164,14.989999771118164,14.899999618530272,14.920000076293944,14.405560493469238,11426.0,0.0,0.0,0.0,0
2025-09-10,14.84000015258789,14.84000015258789,14.84000015258789,14.84000015258789,14.32831859588623,0.0,0.0,0.0,0.0,0
2025-09-11,14.859999656677246,14.989999771118164,14.859999656677246,14.90999984741211,14.395904541015623,10076.0,0.0,0.0,0.0,0
2025-09-12,15.0,15.0,15.0,15.0,14.482802391052246,0.0,0.0,0.0,0.0,0
2025-09-15,15.079999923706056,15.079999923706056,14.920000076293944,14.920000076293944,14.405560493469238,4600.0,0.0,0.0,0.0,0
2025-09-16,14.949999809265137,14.949999809265137,14.949999809265137,14.949999809265137,14.434525489807127,0.0,0.0,0.0,0.0,0
2025-09-17,14.920000076293944,14.920000076293944,14.920000076293944,14.920000076293944,14.405560493469238,1600.0,0.0,0.0,0.0,0
2025-09-18,14.899999618530272,14.989999771118164,14.850000381469728,14.859999656677246,14.347628593444824,26600.0,0.0,0.0,0.0,0
2025-09-19,14.989999771118164,14.989999771118164,14.989999771118164,14.989999771118164,14.473146438598633,0.0,0.0,0.0,0.0,0
2025-09-22,14.949999809265137,14.949999809265137,14.949999809265137,14.949999809265137,14.434525489807127,0.0,0.0,0.0,0.0,0
2025-09-23,14.9399995803833,14.9399995803833,14.9399995803833,14.9399995803833,14.424870491027832,0.0,0.0,0.0,0.0,0
2025-09-24,14.960000038146973,14.960000038146973,14.960000038146973,14.960000038146973,14.444181442260742,0.0,0.0,0.0,0.0,0
2025-09-25,14.84000015258789,14.84000015258789,14.84000015258789,14.84000015258789,14.32831859588623,0.0,0.0,0.0,0.0,0
2025-09-26,14.949999809265137,14.949999809265137,14.949999809265137,14.949999809265137,14.434525489807127,0.0,0.0,0.0,0.0,0
2025-09-29,14.949999809265137,14.949999809265137,14.949999809265137,14.949999809265137,14.434525489807127,0.0,0.0,0.0,0.0,0
2025-09-30,14.859999656677246,14.859999656677246,14.859999656677246,14.859999656677246,14.347628593444824,0.0,0.0,0.0,0.0,0
2025-10-01,,,,14.859999656677246,14.347628593444824,,,,,1
2025-10-02,14.800000190734863,14.859999656677246,14.800000190734863,14.859999656677246,14.47425365447998,6200.0,0.13,0.0,0.0,0
2025-10-03,14.880000114440918,14.890000343322754,14.880000114440918,14.890000343322754,14.5034761428833,13800.0,0.0,0.0,0.0,0
2025-10-06,14.779999732971191,14.779999732971191,14.779999732971191,14.779999732971191,14.396329879760742,0.0,0.0,0.0,0.0,0
2025-10-07,,,,14.779999732971191,14.396329879760742,,,,,1
2025-10-08,14.779999732971191,14.869999885559082,14.75,14.869999885559082,14.48399543762207,9600.0,0.0,0.0,0.0,0
2025-10-09,14.869999885559082,14.869999885559082,14.869999885559082,14.869999885559082,14.48399543762207,0.0,0.0,0.0,0.0,0
2025-10-10,14.859999656677246,14.859999656677246,14.859999656677246,14.859999656677246,14.47425365447998,0.0,0.0,0.0,0.0,0
2025-10-14,14.850000381469728,14.850000381469728,14.850000381469728,14.850000381469728,14.464513778686523,0.0,0.0,0.0,0.0,0
2025-10-15,14.890000343322754,14.890000343322754,14.84000015258789,14.84000015258789,14.45477294921875,6400.0,0.0,0.0,0.0,0
2025-10-16,14.84000015258789,14.890000343322754,14.84000015258789,14.890000343322754,14.5034761428833,3400.0,0.0,0.0,0.0,0
2025-10-17,14.890000343322754,14.890000343322754,14.890000343322754,14.890000343322754,14.5034761428833,0.0,0.0,0.0,0.0,0
2025-10-20,14.890000343322754,14.890000343322754,14.829999923706056,14.850000381469728,14.464513778686523,56800.0,0.0,0.0,0.0,0
2025-10-21,14.93000030517578,14.93000030517578,14.93000030517578,14.93000030517578,14.542436599731444,2200.0,0.0,0.0,0.0,0
2025-10-22,14.949999809265137,14.949999809265137,14.949999809265137,14.949999809265137,14.561918258666992,0.0,0.0,0.0,0.0,0
2025-10-23,14.970000267028809,14.989999771118164,14.960000038146973,14.949999809265137,14.561918258666992,3999.0,0.0,0.0,0.0,0
2025-10-24,14.881400108337402,14.881400108337402,14.881400108337402,14.881400108337402,14.495099067687988,0.0,0.0,0.0,0.0,0
2025-10-27,14.899999618530272,14.899999618530272,14.899999618530272,14.899999618530272,14.51321506500244,0.0,0.0,0.0,0.0,0
2025-10-28,14.920000076293944,14.920000076293944,14.920000076293944,14.920000076293944,14.532695770263672,0.0,0.0,0.0,0.0,0
2025-10-29,,,,14.920000076293944,14.532695770263672,,,,,1
2025-10-30,14.90999984741211,14.90999984741211,14.829999923706056,14.829999923706056,14.445033073425291,14000.0,0.0,0.0,0.0,0
2025-10-31,14.880000114440918,14.880000114440918,14.880000114440918,14.880000114440918,14.493735313415527,0.0,0.0,0.0,0.0,0
2025-11-03,14.800000190734863,14.90999984741211,14.800000190734863,14.869999885559082,14.48399543762207,2800.0,0.0,0.0,0.0,0
2025-11-04,14.880000114440918,14.880000114440918,14.880000114440918,14.880000114440918,14.493735313415527,9800.0,0.0,0.0,0.0,0
2025-11-05,14.880000114440918,14.880000114440918,14.880000114440918,14.880000114440918,14.493735313415527,114800.0,0.0,0.0,0.0,0
2025-11-06,14.850000381469728,14.850000381469728,14.59000015258789,14.59000015258789,14.211262702941896,169000.0,0.0,0.0,0.0,0
2025-11-07,14.84000015258789,14.869999885559082,14.84000015258789,14.859999656677246,14.47425365447998,601.0,0.0,0.0,0.0,0
2025-11-10,14.880000114440918,14.880000114440918,14.880000114440918,14.880000114440918,14.493735313415527,0.0,0.0,0.0,0.0,0
2025-11-12,14.899999618530272,14.899999618530272,14.899999618530272,14.899999618530272,14.51321506500244,0.0,0.0,0.0,0.0,0
2025-11-13,14.90999984741211,14.93000030517578,14.90999984741211,14.899999618530272,14.51321506500244,600.0,0.0,0.0,0.0,0
2025-11-14,14.84000015258789,14.84000015258789,14.84000015258789,14.84000015258789,14.45477294921875,0.0,0.0,0.0,0.0,0
2025-11-17,14.84000015258789,14.890000343322754,14.84000015258789,14.890000343322754,14.5034761428833,800.0,0.0,0.0,0.0,0
2025-11-18,14.850000381469728,14.869999885559082,14.84000015258789,14.84000015258789,14.45477294921875,5800.0,0.0,0.0,0.0,0
2025-11-19,14.84000015258789,14.84000015258789,14.84000015258789,14.84000015258789,14.45477294921875,0.0,0.0,0.0,0.0,0
2025-11-20,14.869999885559082,14.869999885559082,14.869999885559082,14.869999885559082,14.48399543762207,200.0,0.0,0.0,0.0,0
2025-11-21,14.869999885559082,14.90999984741211,14.850000381469728,14.869999885559082,14.48399543762207,35434.0,0.0,0.0,0.0,0
2025-11-24,14.869999885559082,14.869999885559082,14.869999885559082,14.869999885559082,14.48399543762207,0.0,0.0,0.0,0.0,0
2025-11-25,14.869999885559082,14.93000030517578,14.869999885559082,14.93000030517578,14.542436599731444,0.0,0.0,0.0,0.0,0
2025-11-26,14.899999618530272,14.899999618530272,14.899999618530272,14.899999618530272,14.51321506500244,0.0,0.0,0.0,0.0,0
2025-11-28,14.899999618530272,14.899999618530272,14.899999618530272,14.899999618530272,14.51321506500244,0.0,0.0,0.0,0.0,0
2025-12-01,14.899999618530272,14.899999618530272,14.899999618530272,14.899999618530272,14.51321506500244,0.0,0.0,0.0,0.0,0
2025-12-02,14.93000030517578,14.93000030517578,14.93000030517578,14.93000030517578,14.542436599731444,0.0,0.0,0.0,0.0,0
2025-12-03,14.93000030517578,14.93000030517578,14.93000030517578,14.93000030517578,14.542436599731444,0.0,0.0,0.0,0.0,0
2025-12-04,14.9399995803833,14.9399995803833,14.920000076293944,14.920000076293944,14.532695770263672,14200.0,0.0,0.0,0.0,0
2025-12-05,14.920000076293944,14.920000076293944,14.920000076293944,14.920000076293944,14.532695770263672,0.0,0.0,0.0,0.0,0
2025-12-08,14.859999656677246,14.859999656677246,14.859999656677246,14.859999656677246,14.47425365447998,1200.0,0.0,0.0,0.0,0
2025-12-09,14.880000114440918,14.880000114440918,14.880000114440918,14.880000114440918,14.493735313415527,0.0,0.0,0.0,0.0,0
2025-12-10,14.829999923706056,14.829999923706056,14.829999923706056,14.829999923706056,14.445033073425291,4000.0,0.0,0.0,0.0,0
2025-12-11,14.829999923706056,14.869999885559082,14.859999656677246,14.869999885559082,14.48399543762207,13200.0,0.0,0.0,0.0,0
2025-12-12,14.880000114440918,14.920000076293944,14.880000114440918,14.920000076293944,14.532695770263672,7200.0,0.0,0.0,0.0,0
2025-12-15,14.850000381469728,14.850000381469728,14.850000381469728,14.850000381469728,14.464513778686523,0.0,0.0,0.0,0.0,0
2025-12-16,14.859999656677246,14.920000076293944,14.859999656677246,14.859999656677246,14.47425365447998,15000.0,0.0,0.0,0.0,0
2025-12-17,14.859999656677246,14.859999656677246,14.859999656677246,14.859999656677246,14.47425365447998,0.0,0.0,0.0,0.0,0
2025-12-18,14.880000114440918,14.880000114440918,14.880000114440918,14.880000114440918,14.493735313415527,0.0,0.0,0.0,0.0,0
2025-12-19,14.949999809265137,14.949999809265137,14.949999809265137,14.949999809265137,14.561918258666992,0.0,0.0,0.0,0.0,0
2025-12-22,14.9399995803833,14.9399995803833,14.93000030517578,14.93000030517578,14.542436599731444,5200.0,0.0,0.0,0.0,0
2025-12-23,14.9399995803833,14.9399995803833,14.899999618530272,14.9399995803833,14.552176475524902,7613.0,0.0,0.0,0.0,0
2025-12-24,14.9399995803833,14.9399995803833,14.9399995803833,14.9399995803833,14.552176475524902,0.0,0.0,0.0,0.0,0
2025-12-26,,,,14.9399995803833,14.552176475524902,,,,,1
2025-12-29,14.9399995803833,14.949999809265137,14.920000076293944,14.920000076293944,14.532695770263672,13600.0,0.0,0.0,0.0,0
2025-12-30,14.979999542236328,14.979999542236328,14.979999542236328,14.979999542236328,14.59113883972168,0.0,0.0,0.0,0.0,0
2025-12-31,14.979999542236328,14.979999542236328,14.979999542236328,14.979999542236328,14.59113883972168,0.0,0.0,0.0,0.0,0
2026-01-02,14.970000267028809,14.970000267028809,14.970000267028809,14.970000267028809,14.581398963928224,0.0,0.0,0.0,0.0,0
2026-01-05,15.0,15.0,14.770000457763672,14.770000457763672,14.512619018554688,147000.0,0.13,0.0,0.0,0
2026-01-06,14.869999885559082,14.869999885559082,14.850000381469728,14.850000381469728,14.591224670410156,2000.0,0.0,0.0,0.0,0
2026-01-07,14.850000381469728,14.850000381469728,14.84000015258789,14.84000015258789,14.581398963928224,1200.0,0.0,0.0,0.0,0
2026-01-08,14.829999923706056,14.829999923706056,14.800000190734863,14.800000190734863,14.542096138000488,2200.0,0.0,0.0,0.0,0
2026-01-09,14.84000015258789,14.84000015258789,14.829999923706056,14.829999923706056,14.571573257446287,4000.0,0.0,0.0,0.0,0
2026-01-12,14.829999923706056,14.829999923706056,14.829999923706056,14.829999923706056,14.571573257446287,0.0,0.0,0.0,0.0,0
2026-01-13,14.850000381469728,14.850000381469728,14.800000190734863,14.800000190734863,14.542096138000488,600.0,0.0,0.0,0.0,0
2026-01-14,14.8100004196167,14.850000381469728,14.8100004196167,14.829999923706056,14.571573257446287,4708.0,0.0,0.0,0.0,0
2026-01-15,14.829999923706056,14.829999923706056,14.829999923706056,14.829999923706056,14.571573257446287,0.0,0.0,0.0,0.0,0
2026-01-16,14.869999885559082,14.869999885559082,14.829999923706056,14.829999923706056,14.571573257446287,1400.0,0.0,0.0,0.0,0
2026-01-20,14.81999969482422,14.81999969482422,14.81999969482422,14.81999969482422,14.56174659729004,0.0,0.0,0.0,0.0,0
2026-01-21,14.81999969482422,14.81999969482422,14.789999961853027,14.789999961853027,14.532269477844238,3000.0,0.0,0.0,0.0,0
2026-01-22,14.829999923706056,14.829999923706056,14.81999969482422,14.81999969482422,14.56174659729004,11802.0,0.0,0.0,0.0,0
2026-01-23,14.81999969482422,14.84000015258789,14.81999969482422,14.829999923706056,14.571573257446287,9000.0,0.0,0.0,0.0,0
2026-01-26,14.829999923706056,14.829999923706056,14.829999923706056,14.829999923706056,14.571573257446287,0.0,0.0,0.0,0.0,0
2026-01-27,14.829999923706056,14.850000381469728,14.829999923706056,14.850000381469728,14.591224670410156,3000.0,0.0,0.0,0.0,0
2026-01-28,14.880000114440918,14.880000114440918,14.81999969482422,14.81999969482422,14.56174659729004,6000.0,0.0,0.0,0.0,0
2026-01-29,14.859999656677246,14.859999656677246,14.859999656677246,14.859999656677246,14.60105037689209,0.0,0.0,0.0,0.0,0
2026-01-30,14.829999923706056,14.859999656677246,14.829999923706056,14.859999656677246,14.60105037689209,10600.0,0.0,0.0,0.0,0
2026-02-02,14.899999618530272,14.90999984741211,14.850000381469728,14.850000381469728,14.591224670410156,53600.0,0.0,0.0,0.0,0
2026-02-03,14.869999885559082,14.869999885559082,14.869999885559082,14.869999885559082,14.610876083374023,0.0,0.0,0.0,0.0,0
2026-02-04,14.850000381469728,14.850000381469728,14.850000381469728,14.850000381469728,14.591224670410156,0.0,0.0,0.0,0.0,0
2026-02-05,14.850000381469728,14.90999984741211,14.81999969482422,14.899999618530272,14.640353202819824,261200.0,0.0,0.0,0.0,0
2026-02-06,14.90999984741211,14.989999771118164,14.90999984741211,14.960000038146973,14.699307441711426,150000.0,0.0,0.0,0.0,0
2026-02-09,14.93000030517578,14.93000030517578,14.93000030517578,14.93000030517578,14.66983127593994,32400.0,0.0,0.0,0.0,0
2026-02-10,14.949999809265137,14.949999809265137,14.899999618530272,14.899999618530272,14.640353202819824,39200.0,0.0,0.0,0.0,0
2026-02-11,14.970000267028809,14.970000267028809,14.970000267028809,14.970000267028809,14.70913314819336,0.0,0.0,0.0,0.0,0
2026-02-12,14.979999542236328,14.979999542236328,14.9399995803833,14.9399995803833,14.67965602874756,3000.0,0.0,0.0,0.0,0
2026-02-13,15.0,15.0,15.0,15.0,14.73861026763916,0.0,0.0,0.0,0.0,0
2026-02-17,,,,15.0,14.73861026763916,,,,,1
2026-02-18,,,,15.0,14.73861026763916,,,,,1
2026-02-19,,,,15.0,14.73861026763916,,,,,1
2026-02-20,15.0600004196167,15.0600004196167,14.979999542236328,14.979999542236328,14.718957901000977,21400.0,0.0,0.0,0.0,0
2026-02-23,15.029999732971191,15.029999732971191,15.029999732971191,15.029999732971191,14.76808738708496,0.0,0.0,0.0,0.0,0
2026-02-24,15.0,15.0600004196167,15.0,15.010000228881836,14.748435974121094,2400.0,0.0,0.0,0.0,0
2026-02-25,15.029999732971191,15.029999732971191,15.029999732971191,15.029999732971191,14.76808738708496,0.0,0.0,0.0,0.0,0
2026-02-26,15.06999969482422,15.06999969482422,15.06999969482422,15.06999969482422,14.807390213012695,0.0,0.0,0.0,0.0,0
2026-02-27,15.050000190734863,15.100000381469728,15.050000190734863,15.100000381469728,14.836868286132812,5600.0,0.0,0.0,0.0,0
2026-03-02,15.0600004196167,15.0600004196167,15.0600004196167,15.0600004196167,14.797565460205078,0.0,0.0,0.0,0.0,0
2026-03-03,15.020000457763672,15.020000457763672,15.020000457763672,15.020000457763672,14.758262634277344,0.0,0.0,0.0,0.0,0
2026-03-04,14.989999771118164,14.989999771118164,14.989999771118164,14.989999771118164,14.728784561157228,0.0,0.0,0.0,0.0,0
2026-03-05,15.010000228881836,15.010000228881836,14.93000030517578,14.949999809265137,14.689480781555176,209600.0,0.0,0.0,0.0,0
2026-03-06,14.989999771118164,14.989999771118164,14.989999771118164,14.989999771118164,14.728784561157228,0.0,0.0,0.0,0.0,0
2026-03-09,14.920000076293944,14.920000076293944,14.920000076293944,14.920000076293944,14.660004615783691,0.0,0.0,0.0,0.0,0
2026-03-10,14.979999542236328,14.979999542236328,14.960000038146973,14.970000267028809,14.70913314819336,1800.0,0.0,0.0,0.0,0
2026-03-11,14.970000267028809,14.970000267028809,14.960000038146973,14.970000267028809,14.70913314819336,11800.0,0.0,0.0,0.0,0
2026-03-12,14.93000030517578,14.93000030517578,14.93000030517578,14.93000030517578,14.66983127593994,0.0,0.0,0.0,0.0,0
2026-03-13,14.90999984741211,14.90999984741211,14.899999618530272,14.890000343322754,14.630528450012209,2400.0,0.0,0.0,0.0,0
2026-03-16,14.859999656677246,14.859999656677246,14.859999656677246,14.859999656677246,14.60105037689209,0.0,0.0,0.0,0.0,0
2026-03-17,14.899999618530272,14.899999618530272,14.899999618530272,14.899999618530272,14.640353202819824,0.0,0.0,0.0,0.0,0
2026-03-18,14.949999809265137,14.949999809265137,14.920000076293944,14.949999809265137,14.689480781555176,9200.0,0.0,0.0,0.0,0
2026-03-19,14.90999984741211,14.90999984741211,14.90999984741211,14.90999984741211,14.650178909301758,0.0,0.0,0.0,0.0,0
2026-03-20,14.850000381469728,14.90999984741211,14.850000381469728,14.90999984741211,14.650178909301758,13400.0,0.0,0.0,0.0,0
2026-03-23,14.850000381469728,14.859999656677246,14.779999732971191,14.779999732971191,14.522443771362305,15400.0,0.0,0.0,0.0,0
2026-03-24,14.81999969482422,14.81999969482422,14.760000228881836,14.779999732971191,14.522443771362305,13400.0,0.0,0.0,0.0,0
2026-03-25,14.81999969482422,14.81999969482422,14.81999969482422,14.81999969482422,14.56174659729004,1600.0,0.0,0.0,0.0,0
2026-03-26,14.8100004196167,14.8100004196167,14.8100004196167,14.8100004196167,14.551921844482422,0.0,0.0,0.0,0.0,0
2026-03-27,14.770000457763672,14.829999923706056,14.770000457763672,14.829999923706056,14.571573257446287,90000.0,0.0,0.0,0.0,0
2026-03-30,14.789999961853027,14.789999961853027,14.789999961853027,14.789999961853027,14.532269477844238,0.0,0.0,0.0,0.0,0
2026-03-31,14.81999969482422,14.84000015258789,14.81999969482422,14.84000015258789,14.581398963928224,2400.0,0.0,0.0,0.0,0
2026-04-01,14.760000228881836,14.760000228881836,14.760000228881836,14.760000228881836,14.630961418151855,100600.0,0.13,0.0,0.0,0
2026-04-02,14.75,14.75,14.75,14.75,14.621048927307127,0.0,0.0,0.0,0.0,0
2026-04-03,,,,14.75,14.621048927307127,,,,,1
2026-04-06,,,,14.75,14.621048927307127,,,,,1
2026-04-07,,,,14.75,14.621048927307127,,,,,1
2026-04-08,14.779999732971191,14.779999732971191,14.760000228881836,14.770000457763672,14.640874862670898,207600.0,0.0,0.0,0.0,0
2026-04-09,14.800000190734863,14.800000190734863,14.800000190734863,14.800000190734863,14.670612335205078,0.0,0.0,0.0,0.0,0
2026-04-10,14.8100004196167,14.81999969482422,14.779999732971191,14.81999969482422,14.690436363220217,52200.0,0.0,0.0,0.0,0
2026-04-13,14.75,14.75,14.720000267028809,14.75,14.621048927307127,31800.0,0.0,0.0,0.0,0
2026-04-14,14.81999969482422,14.829999923706056,14.800000190734863,14.8100004196167,14.680524826049805,20200.0,0.0,0.0,0.0,0
2026-04-15,14.869999885559082,14.880000114440918,14.829999923706056,14.869999885559082,14.739999771118164,30800.0,0.0,0.0,0.0,0
2026-04-16,14.869999885559082,14.869999885559082,14.869999885559082,14.869999885559082,14.739999771118164,0.0,0.0,0.0,0.0,0
2026-04-17,14.829999923706056,14.829999923706056,14.829999923706056,14.829999923706056,14.700349807739258,9000.0,0.0,0.0,0.0,0
2026-04-20,14.859999656677246,14.859999656677246,14.859999656677246,14.859999656677246,14.730087280273438,400.0,0.0,0.0,0.0,0
2026-04-21,14.880000114440918,14.880000114440918,14.84000015258789,14.84000015258789,14.710262298583984,11000.0,0.0,0.0,0.0,0
2026-04-22,14.84000015258789,14.84000015258789,14.800000190734863,14.800000190734863,14.670612335205078,390600.0,0.0,0.0,0.0,0
2026-04-23,14.84000015258789,14.84000015258789,14.84000015258789,14.84000015258789,14.710262298583984,0.0,0.0,0.0,0.0,0
2026-04-24,14.84000015258789,14.84000015258789,14.84000015258789,14.84000015258789,14.710262298583984,0.0,0.0,0.0,0.0,0
2026-04-27,14.859999656677246,14.859999656677246,14.859999656677246,14.859999656677246,14.730087280273438,2200.0,0.0,0.0,0.0,0
2026-04-28,14.859999656677246,14.859999656677246,14.859999656677246,14.859999656677246,14.730087280273438,0.0,0.0,0.0,0.0,0
2026-04-29,14.850000381469728,14.850000381469728,14.850000381469728,14.850000381469728,14.720174789428713,0.0,0.0,0.0,0.0,0
2026-04-30,14.789999961853027,14.789999961853027,14.789999961853027,14.789999961853027,14.660698890686035,0.0,0.0,0.0,0.0,0
2026-05-01,,,,14.789999961853027,14.660698890686035,,,,,1
2026-05-04,14.789999961853027,14.829999923706056,14.779999732971191,14.779999732971191,14.650786399841309,75800.0,0.0,0.0,0.0,0
2026-05-05,14.789999961853027,14.800000190734863,14.789999961853027,14.800000190734863,14.670612335205078,156000.0,0.0,0.0,0.0,0
2026-05-06,14.81999969482422,14.890000343322754,14.81999969482422,14.890000343322754,14.759825706481934,428600.0,0.0,0.0,0.0,0
2026-05-07,14.899999618530272,14.899999618530272,14.880000114440918,14.880000114440918,14.74991226196289,20000.0,0.0,0.0,0.0,0
2026-05-08,14.850000381469728,14.869999885559082,14.81999969482422,14.869999885559082,14.739999771118164,10800.0,0.0,0.0,0.0,0
2026-05-11,14.869999885559082,14.869999885559082,14.869999885559082,14.869999885559082,14.739999771118164,39200.0,0.0,0.0,0.0,0
2026-05-12,14.859999656677246,14.859999656677246,14.859999656677246,14.859999656677246,14.730087280273438,0.0,0.0,0.0,0.0,0
2026-05-13,14.84000015258789,14.84000015258789,14.84000015258789,14.84000015258789,14.710262298583984,0.0,0.0,0.0,0.0,0
2026-05-14,14.829999923706056,14.829999923706056,14.800000190734863,14.800000190734863,14.670612335205078,77200.0,0.0,0.0,0.0,0
2026-05-15,14.829999923706056,14.829999923706056,14.760000228881836,14.760000228881836,14.630961418151855,15800.0,0.0,0.0,0.0,0
2026-05-18,14.760000228881836,14.779999732971191,14.739999771118164,14.779999732971191,14.650786399841309,5400.0,0.0,0.0,0.0,0
2026-05-19,14.75,14.75,14.75,14.75,14.621048927307127,0.0,0.0,0.0,0.0,0
2026-05-20,14.729999542236328,14.729999542236328,14.729999542236328,14.729999542236328,14.60122299194336,3400.0,0.0,0.0,0.0,0
2026-05-21,14.710000038146973,14.710000038146973,14.710000038146973,14.710000038146973,14.581398963928224,0.0,0.0,0.0,0.0,0
2026-05-22,14.739999771118164,14.75,14.739999771118164,14.739999771118164,14.611136436462402,241400.0,0.0,0.0,0.0,0
2026-05-26,14.800000190734863,14.800000190734863,14.800000190734863,14.800000190734863,14.670612335205078,0.0,0.0,0.0,0.0,0
2026-05-27,14.829999923706056,14.829999923706056,14.829999923706056,14.829999923706056,14.700349807739258,0.0,0.0,0.0,0.0,0
2026-05-28,14.829999923706056,14.829999923706056,14.829999923706056,14.829999923706056,14.700349807739258,0.0,0.0,0.0,0.0,0
2026-05-29,14.81999969482422,14.81999969482422,14.81999969482422,14.81999969482422,14.690436363220217,0.0,0.0,0.0,0.0,0
2026-06-01,14.850000381469728,14.850000381469728,14.829999923706056,14.829999923706056,14.700349807739258,11800.0,0.0,0.0,0.0,0
2026-06-02,14.880000114440918,14.880000114440918,14.880000114440918,14.880000114440918,14.74991226196289,0.0,0.0,0.0,0.0,0
2026-06-03,14.880000114440918,14.880000114440918,14.829999923706056,14.850000381469728,14.720174789428713,2800.0,0.0,0.0,0.0,0
2026-06-04,14.850000381469728,14.850000381469728,14.800000190734863,14.800000190734863,14.670612335205078,31200.0,0.0,0.0,0.0,0
2026-06-05,14.8100004196167,14.880000114440918,14.8100004196167,14.8100004196167,14.680524826049805,31509.0,0.0,0.0,0.0,0
2026-06-08,14.789999961853027,14.789999961853027,14.789999961853027,14.789999961853027,14.660698890686035,0.0,0.0,0.0,0.0,0
2026-06-09,14.800000190734863,14.800000190734863,14.789999961853027,14.789999961853027,14.660698890686035,8200.0,0.0,0.0,0.0,0
2026-06-10,14.789999961853027,14.789999961853027,14.789999961853027,14.789999961853027,14.660698890686035,0.0,0.0,0.0,0.0,0
2026-06-11,14.81999969482422,14.81999969482422,14.81999969482422,14.81999969482422,14.690436363220217,0.0,0.0,0.0,0.0,0
2026-06-12,14.84000015258789,14.84000015258789,14.84000015258789,14.84000015258789,14.710262298583984,0.0,0.0,0.0,0.0,0
2026-06-15,14.869999885559082,14.869999885559082,14.869999885559082,14.869999885559082,14.739999771118164,0.0,0.0,0.0,0.0,0
2026-06-16,14.880000114440918,14.880000114440918,14.880000114440918,14.880000114440918,14.74991226196289,0.0,0.0,0.0,0.0,0
2026-06-17,14.890000343322754,14.890000343322754,14.890000343322754,14.890000343322754,14.759825706481934,0.0,0.0,0.0,0.0,0
2026-06-18,14.880000114440918,14.890000343322754,14.81999969482422,14.81999969482422,14.690436363220217,13400.0,0.0,0.0,0.0,0
2026-06-22,14.81999969482422,14.859999656677246,14.800000190734863,14.859999656677246,14.730087280273438,131200.0,0.0,0.0,0.0,0
2026-06-23,14.859999656677246,14.859999656677246,14.859999656677246,14.859999656677246,14.730087280273438,0.0,0.0,0.0,0.0,0
2026-06-24,14.850000381469728,14.850000381469728,14.850000381469728,14.850000381469728,14.720174789428713,0.0,0.0,0.0,0.0,0
2026-06-25,14.880000114440918,14.890000343322754,14.850000381469728,14.850000381469728,14.720174789428713,15000.0,0.0,0.0,0.0,0
2026-06-26,14.850000381469728,14.920000076293944,14.850000381469728,14.859999656677246,14.730087280273438,6400.0,0.0,0.0,0.0,0
2026-06-29,14.859999656677246,14.920000076293944,14.859999656677246,14.920000076293944,14.789562225341797,6000.0,0.0,0.0,0.0,0
2026-06-30,14.9399995803833,14.9399995803833,14.869999885559082,14.869999885559082,14.739999771118164,10400.0,0.0,0.0,0.0,0
2026-07-01,,,,14.869999885559082,14.739999771118164,,,,,1
2026-07-02,14.869999885559082,14.869999885559082,14.800000190734863,14.84000015258789,14.84000015258789,89000.0,0.13,0.0,0.0,0
2026-07-06,14.800000190734863,14.800000190734863,14.699999809265137,14.710000038146973,14.710000038146973,28000.0,0.0,0.0,0.0,0
2026-07-07,14.699999809265137,14.720000267028809,14.699999809265137,14.710000038146973,14.710000038146973,19400.0,0.0,0.0,0.0,0
2026-07-08,14.6899995803833,14.6899995803833,14.6899995803833,14.6899995803833,14.6899995803833,0.0,0.0,0.0,0.0,0
2026-07-09,14.609999656677246,14.649999618530272,14.609999656677246,14.649999618530272,14.649999618530272,39000.0,0.0,0.0,0.0,0
2026-07-10,14.65999984741211,14.65999984741211,14.65999984741211,14.65999984741211,14.65999984741211,0.0,0.0,0.0,0.0,0
2026-07-13,14.630000114440918,14.630000114440918,14.630000114440918,14.630000114440918,14.630000114440918,0.0,0.0,0.0,0.0,0
2026-07-14,14.649999618530272,14.649999618530272,14.649999618530272,14.640000343322754,14.640000343322754,1000.0,0.0,0.0,0.0,0
2026-07-15,14.640000343322754,14.640000343322754,14.640000343322754,14.640000343322754,14.640000343322754,0.0,0.0,0.0,0.0,0
2026-07-16,14.640000343322754,14.68000030517578,14.640000343322754,14.68000030517578,14.68000030517578,6400.0,0.0,0.0,0.0,0
2026-07-17,14.65999984741211,14.65999984741211,14.65999984741211,14.65999984741211,14.65999984741211,0.0,0.0,0.0,0.0,0
2026-07-20,14.670000076293944,14.6899995803833,14.670000076293944,14.670000076293944,14.670000076293944,6000.0,0.0,0.0,0.0,0
2026-07-21,14.670000076293944,14.670000076293944,14.670000076293944,14.670000076293944,14.670000076293944,10000.0,0.0,0.0,0.0,0
2026-07-22,14.649999618530272,14.649999618530272,14.649999618530272,14.649999618530272,14.649999618530272,0.0,0.0,0.0,0.0,0
2026-07-23,14.600000381469728,14.630000114440918,14.56999969482422,14.56999969482422,14.56999969482422,7600.0,0.0,0.0,0.0,0
2026-07-24,14.600000381469728,14.600000381469728,14.59000015258789,14.59000015258789,14.59000015258789,800.0,0.0,0.0,0.0,0
2026-07-27,14.600000381469728,14.600000381469728,14.56999969482422,14.56999969482422,14.56999969482422,5800.0,0.0,0.0,0.0,0
2026-07-28,14.600000381469728,14.600000381469728,14.600000381469728,14.600000381469728,14.600000381469728,0.0,0.0,0.0,0.0,0
2026-07-29,14.600000381469728,14.600000381469728,14.600000381469728,14.600000381469728,14.600000381469728,600.0,0.0,0.0,0.0,0
2026-07-30,14.600000381469728,14.600000381469728,14.600000381469728,14.600000381469728,14.600000381469728,0.0,0.0,0.0,0.0,0
2026-07-31,14.59000015258789,14.609999656677246,14.539999961853027,14.550000190734863,14.550000190734863,5007.0,0.0,0.0,0.0,0
2026-08-03,14.59000015258789,14.59000015258789,14.56999969482422,14.56999969482422,14.56999969482422,11200.0,0.0,0.0,0.0,0
2026-08-04,14.59000015258789,14.59000015258789,14.59000015258789,14.59000015258789,14.59000015258789,0.0,0.0,0.0,0.0,0
2026-08-05,14.59000015258789,14.59000015258789,14.59000015258789,14.59000015258789,14.59000015258789,0.0,0.0,0.0,0.0,0
2026-08-06,14.649999618530272,14.649999618530272,14.649999618530272,14.649999618530272,14.649999618530272,0.0,0.0,0.0,0.0,0
2026-08-07,14.619999885559082,14.619999885559082,14.619999885559082,14.619999885559082,14.619999885559082,0.0,0.0,0.0,0.0,0
2026-08-10,14.609999656677246,14.609999656677246,14.609999656677246,14.609999656677246,14.609999656677246,0.0,0.0,0.0,0.0,0
2026-08-11,14.619999885559082,14.619999885559082,14.619999885559082,14.619999885559082,14.619999885559082,0.0,0.0,0.0,0.0,0
2026-08-12,14.630000114440918,14.630000114440918,14.56999969482422,14.59000015258789,14.59000015258789,8800.0,0.0,0.0,0.0,0
2026-08-13,14.640000343322754,14.640000343322754,14.640000343322754,14.640000343322754,14.640000343322754,0.0,0.0,0.0,0.0,0
2026-08-14,14.609999656677246,14.68000030517578,14.59000015258789,14.609999656677246,14.609999656677246,11800.0,0.0,0.0,0.0,0
2026-08-17,14.65999984741211,14.65999984741211,14.65999984741211,14.65999984741211,14.65999984741211,0.0,0.0,0.0,0.0,0
2026-08-18,14.59000015258789,14.59000015258789,14.59000015258789,14.59000015258789,14.59000015258789,0.0,0.0,0.0,0.0,0
2026-08-19,14.699999809265137,14.699999809265137,14.59000015258789,14.59000015258789,14.59000015258789,4600.0,0.0,0.0,0.0,0
2026-08-20,14.59000015258789,14.670000076293944,14.59000015258789,14.609999656677246,14.609999656677246,12000.0,0.0,0.0,0.0,0
2026-08-21,14.640000343322754,14.640000343322754,14.640000343322754,14.640000343322754,14.640000343322754,0.0,0.0,0.0,0.0,0
2026-08-24,14.56999969482422,14.630000114440918,14.56999969482422,14.630000114440918,14.630000114440918,1600.0,0.0,0.0,0.0,0
2026-08-25,14.640000343322754,14.640000343322754,14.640000343322754,14.640000343322754,14.640000343322754,0.0,0.0,0.0,0.0,0
2026-08-26,14.630000114440918,14.640000343322754,14.630000114440918,14.640000343322754,14.640000343322754,23600.0,0.0,0.0,0.0,0
2026-08-27,14.649999618530272,14.649999618530272,14.649999618530272,14.649999618530272,14.649999618530272,0.0,0.0,0.0,0.0,0
2026-08-28,14.649999618530272,14.649999618530272,14.649999618530272,14.649999618530272,14.649999618530272,0.0,0.0,0.0,0.0,0
2026-08-31,14.630000114440918,14.630000114440918,14.579999923706056,14.59000015258789,14.59000015258789,11400.0,0.0,0.0,0.0,0
2026-09-01,14.579999923706056,14.579999923706056,14.579999923706056,14.579999923706056,14.579999923706056,0.0,0.0,0.0,0.0,0
2026-09-02,14.520000457763672,14.520000457763672,14.520000457763672,14.520000457763672,14.520000457763672,0.0,0.0,0.0,0.0,0
2026-09-03,14.56999969482422,14.579999923706056,14.56999969482422,14.56999969482422,14.56999969482422,7000.0,0.0,0.0,0.0,0
2026-09-04,14.550000190734863,14.550000190734863,14.550000190734863,14.550000190734863,14.550000190734863,0.0,0.0,0.0,0.0,0
